,Name,Release Date,Price,Discount,Developer,Publisher,Total Reviews,Positive Reviews,Negative Reviews,Review Sentiment,Genre(s),Genre1,Genre2,Genre3,Year Released,Discount %,Positive Reviews %,Negative Reviews %
0,Counter-Strike 2,2012-08-21,0.0,0.0,Valve,Valve,9769323,8403080,1366243,Mostly Positive,"['Action', 'Free To Play']",Action,Free To Play,,2012.0,,86.0149674649922,13.985032535007798
1,Palworld,2026-07-09,29.99,0.0,Pocketpair,Pocketpair,467020,441183,25837,Very Positive,"['Action', 'Adventure', 'Indie', 'RPG']",Action,Adventure,Indie,2026.0,,94.46768874994646,5.532311250053531
2,Baldur's Gate 3,2023-08-03,59.99,41.99,Larian Studios,Larian Studios,851003,823690,27313,Very Positive,"['Adventure', 'RPG', 'Strategy']",Adventure,RPG,Strategy,2023.0,30.0,96.79049310049436,3.209506899505642
3,Marvel Rivals,2024-12-05,0.0,0.0,NetEase Games,NetEase Games,405604,307886,97718,Mixed,"['Action', 'Free To Play']",Action,Free To Play,,2024.0,,75.9080285204288,24.09197147957121
4,Warframe,2013-03-25,0.0,0.0,Digital Extremes,Digital Extremes,678984,593734,85250,Very Positive,"['Action', 'RPG', 'Free To Play']",Action,RPG,Free To Play,2013.0,,87.44447586393788,12.555524136062116
5,Marvel's Spider-Man 2,2025-01-30,59.99,40.19,Insomniac Games,PlayStation Publishing LLC,42196,34923,7273,Very Positive,"['Action', 'Adventure']",Action,Adventure,,2025.0,33.0,82.76376907763769,17.23623092236231
6,Mistfall Hunter,2026-07-29,24.99,22.49,Bellring Games,Skystone Games,6358,4208,2150,Mixed,"['Action', 'Adventure']",Action,Adventure,,2026.0,10.0,66.18433469644542,33.815665303554574
7,Cyberpunk 2077,2020-12-09,59.99,17.99,CD PROJEKT RED,CD PROJEKT RED,974300,840706,133594,Overwhelmingly Positive,['RPG'],RPG,,,2020.0,70.0,86.28820691778712,13.71179308221287
8,Assassin's Creed Black Flag Resynced,2026-07-09,59.99,0.0,Ubisoft Singapore,Ubisoft,25840,20498,5342,Very Positive,"['Action', 'Adventure']",Action,Adventure,,2026.0,,79.32662538699691,20.673374613003094
9,Apex Legends™,2020-11-04,0.0,0.0,Respawn,Electronic Arts,1061120,718572,342548,Mixed,"['Action', 'Adventure', 'Free To Play']",Action,Adventure,Free To Play,2020.0,,67.71825995174909,32.28174004825091
10,Wuthering Waves,2025-04-28,0.0,0.0,KURO GAMES,KURO GAMES,53714,47293,6421,Very Positive,"['Action', 'Adventure', 'RPG', 'Free To Play']",Action,Adventure,RPG,2025.0,,88.04594705290985,11.954052947090144
11,Shift At Midnight,2026-07-22,9.99,0.0,Bun Muen,Kwalee,6630,5861,769,Overwhelmingly Positive,"['Indie', 'Simulation']",Indie,Simulation,,2026.0,,88.40120663650075,11.598793363499246
12,Halo: Campaign Evolved,2026-07-28,49.99,0.0,Halo Studios,Xbox Game Studios,10524,6700,3824,Mixed,"['Action', 'Adventure']",Action,Adventure,,2026.0,,63.664006081337895,36.335993918662105
13,Dead by Daylight,2016-06-14,19.99,0.0,Behaviour Interactive Inc.,Behaviour Interactive Inc.,924949,725506,199443,Mostly Positive,['Action'],Action,,,2016.0,,78.4374057380461,21.5625942619539
14,MECCHA CHAMELEON,2026-06-09,5.99,0.0,lemorion_1224,lemorion_1224,79907,69688,10219,Very Positive,['Casual'],Casual,,,2026.0,,87.21138323300838,12.788616766991629
15,Street Fighter™ 6,2023-06-01,0.0,0.0,"CAPCOM Co., Ltd.","CAPCOM Co., Ltd.",77887,64281,13606,Mostly Positive,"['Action', 'Adventure']",Action,Adventure,,2023.0,,82.53110275142194,17.46889724857807
16,Marvel’s Spider-Man Remastered,2022-08-12,59.99,23.99,Insomniac Games,PlayStation Publishing LLC,137152,131661,5491,Overwhelmingly Positive,"['Action', 'Adventure', 'Casual']",Action,Adventure,Casual,2022.0,60.0,95.99641273915073,4.003587260849277
17,Tom Clancy's Rainbow Six Siege,2015-12-01,0.0,0.0,Ubisoft Montreal,Ubisoft,1537204,1264299,272905,Mostly Positive,"['Action', 'Free To Play']",Action,Free To Play,,2015.0,,82.24666342268169,17.753336577318297
18,Rust,2018-02-08,39.99,19.99,Facepunch Studios,Facepunch Studios,1387237,1204232,183005,Very Positive,"['Action', 'Adventure', 'Indie', 'Massively Multiplayer']",Action,Adventure,Indie,2018.0,50.0,86.80794990329699,13.192050096703015
19,Battlefield™ 6,2025-10-10,69.99,34.99,Battlefield Studios,Electronic Arts,358735,231675,127060,Mixed,['Action'],Action,,,2025.0,50.0,64.58109746748994,35.418902532510074
20,Dota 2,2013-07-09,0.0,0.0,Valve,Valve,2751732,2218151,533581,Mixed,"['Action', 'Strategy', 'Free To Play']",Action,Strategy,Free To Play,2013.0,,80.60926718154239,19.39073281845761
21,War Thunder,2013-08-15,0.0,0.0,Gaijin Entertainment,Gaijin Network Ltd,898832,575654,323178,Mixed,"['Action', 'Massively Multiplayer', 'Simulation', 'Free To Play']",Action,Massively Multiplayer,Simulation,2013.0,,64.04467130676255,35.95532869323745
22,Grand Theft Auto V Enhanced,2025-03-04,29.99,0.0,Rockstar North,Rockstar Games,211993,174869,37124,Mostly Positive,"['Action', 'Adventure', 'Racing']",Action,Adventure,Racing,2025.0,,82.48810102220357,17.511898977796434
23,Zenless Zone Zero,2026-06-16,0.0,0.0,COGNOSPHERE PTE. LTD.,COGNOSPHERE PTE. LTD.,12521,11006,1515,Very Positive,"['Action', 'Adventure', 'RPG', 'Free To Play']",Action,Adventure,RPG,2026.0,,87.9003274498842,12.099672550115805
24,DragonSword : Awakening,2026-07-22,29.99,0.0,Hound13 Inc.,Hound13 Inc.,7759,6990,769,Very Positive,"['Action', 'Adventure', 'RPG']",Action,Adventure,RPG,2026.0,,90.08892898569403,9.911071014305966
25,Forza Horizon 6,2026-05-18,69.99,0.0,Playground Games,Xbox Game Studios,92145,76782,15363,Mostly Positive,"['Racing', 'Simulation', 'Sports']",Racing,Simulation,Sports,2026.0,,83.32736447989582,16.672635520104183
26,Destiny 2,2019-10-01,0.0,0.0,Bungie,Bungie,660816,518844,141972,Very Positive,"['Action', 'Adventure', 'Free To Play']",Action,Adventure,Free To Play,2019.0,,78.51565337401031,21.484346625989687
27,Cyberpunk 2077: Phantom Liberty,2023-09-25,29.99,17.99,CD PROJEKT RED,CD PROJEKT RED,23564,21226,2338,Very Positive,['RPG'],RPG,,,2023.0,40.0,90.07808521473434,9.92191478526566
28,Where Winds Meet,2025-11-14,0.0,0.0,Everstone Studio,NetEase Games,113778,98511,15267,Very Positive,"['Action', 'Adventure', 'RPG', 'Free To Play']",Action,Adventure,RPG,2025.0,,86.58176448874123,13.418235511258766
29,Schedule I,2025-03-24,0.0,0.0,TVGS,TVGS,310938,304134,6804,Overwhelmingly Positive,"['Action', 'Indie', 'Simulation', 'Strategy']",Action,Indie,Simulation,2025.0,,97.8117824132142,2.18821758678579
30,HELLDIVERS™ 2,2024-02-08,39.99,0.0,Arrowhead Game Studios,PlayStation Publishing LLC,1152987,866778,286209,Very Positive,['Action'],Action,,,2024.0,,75.17673659807093,24.823263401929076
31,The Sims™ 4,2014-09-02,0.0,0.0,Maxis,Electronic Arts,198470,171491,26979,Very Positive,"['Adventure', 'Casual', 'Simulation', 'Free To Play']",Adventure,Casual,Simulation,2014.0,,86.40650979996977,13.593490200030232
32,ELDEN RING,2022-02-24,59.99,0.0,"FromSoftware, Inc.","FromSoftware, Inc.",1147066,1067635,79431,Very Positive,"['Action', 'RPG']",Action,RPG,,2022.0,,93.0752894776761,6.924710522323911
33,The Elder Scrolls® Online,2014-04-04,19.99,4.99,ZeniMax Online Studios,Bethesda Softworks,161216,130439,30777,Mixed,"['Action', 'Adventure', 'Massively Multiplayer', 'RPG']",Action,Adventure,Massively Multiplayer,2014.0,75.0,80.90946308058753,19.090536919412465
34,FINAL FANTASY XIV Online,2014-02-18,0.0,0.0,Square Enix,Square Enix,85316,73820,11496,Very Positive,"['Massively Multiplayer', 'RPG']",Massively Multiplayer,RPG,,2014.0,,86.52538796943129,13.474612030568709
35,Funnel Runners,2026-07-16,14.99,0.0,Supernova Studios LLC,Supernova Studios LLC,2410,2029,381,Very Positive,"['Action', 'Indie', 'Simulation', 'Early Access']",Action,Indie,Simulation,2026.0,,84.19087136929461,15.809128630705393
36,Path of Exile 2,2024-12-06,29.99,0.0,Grinding Gear Games,Grinding Gear Games,224020,167191,56829,Very Positive,"['Action', 'Adventure', 'Massively Multiplayer', 'RPG']",Action,Adventure,Massively Multiplayer,2024.0,,74.63217569859833,25.367824301401658
37,Team Fortress 2,2007-10-10,0.0,0.0,Valve,Valve,1245047,1133121,111926,Very Positive,"['Action', 'Free To Play']",Action,Free To Play,,2007.0,,91.01029920958807,8.989700790411929
38,Fallout 76,2020-04-14,39.99,9.99,Bethesda Game Studios,Bethesda Softworks,140029,100711,39318,Mixed,['RPG'],RPG,,,2020.0,75.0,71.92153054010241,28.078469459897594
39,EA SPORTS™ College Football 27,2026-07-09,0.0,0.0,Tiburon,Electronic Arts,2082,831,1251,Mixed,"['Simulation', 'Sports']",Simulation,Sports,,2026.0,,39.913544668587896,60.086455331412104
40,Black Desert,2017-05-24,9.99,0.99,Pearl Abyss,Pearl Abyss,93776,68959,24817,Mixed,"['Action', 'Adventure', 'Massively Multiplayer', 'RPG']",Action,Adventure,Massively Multiplayer,2017.0,90.0,73.53587271796623,26.464127282033783
41,MapleStory,2012-08-09,0.0,0.0,NEXON Korea Corporation,Nexon America Inc.,15689,9448,6241,Mostly Negative,"['Action', 'Adventure', 'Casual', 'Massively Multiplayer']",Action,Adventure,Casual,2012.0,,60.22053668175155,39.77946331824845
42,Escape from Tarkov,2025-11-15,49.99,0.0,Battlestate Games,Battlestate Games,60101,29358,30743,Mixed,"['Action', 'Massively Multiplayer', 'RPG', 'Simulation']",Action,Massively Multiplayer,RPG,2025.0,,48.84777291559209,51.15222708440791
43,The Mound: Omen of Cthulhu,2026-07-15,29.99,0.0,ACE Team,Nacon,3319,2296,1023,Mostly Positive,"['Action', 'Adventure']",Action,Adventure,,2026.0,,69.17746309129255,30.82253690870744
44,Corsair Cove,2026-07-31,39.99,29.99,Limbic Entertainment,Hooded Horse,1151,1019,132,Very Positive,"['Simulation', 'Strategy']",Simulation,Strategy,,2026.0,25.0,88.53171155516942,11.468288444830582
45,Resident Evil Requiem,2026-02-26,0.0,0.0,"CAPCOM Co., Ltd.","CAPCOM Co., Ltd.",181613,174301,7312,Very Positive,"['Action', 'Adventure']",Action,Adventure,,2026.0,,95.97385649705693,4.026143502943071
46,Monster Hunter Wilds,2025-02-27,69.99,0.0,"CAPCOM Co., Ltd.","CAPCOM Co., Ltd.",326335,160021,166314,Mixed,"['Action', 'Adventure', 'RPG']",Action,Adventure,RPG,2025.0,,49.035806762988955,50.964193237011045
47,Resident Evil 4,2023-03-23,0.0,0.0,"CAPCOM Co., Ltd.","CAPCOM Co., Ltd.",270594,263392,7202,Overwhelmingly Positive,"['Action', 'Adventure']",Action,Adventure,,2023.0,,97.33844800697725,2.661551993022757
48,EA SPORTS FC™ 26,2025-09-25,0.0,0.0,EA Canada,Electronic Arts,98402,49366,49036,Mixed,"['Simulation', 'Sports']",Simulation,Sports,,2025.0,,50.16767951870897,49.832320481291035
49,VRChat,2017-02-01,0.0,0.0,VRChat Inc.,VRChat Inc.,266643,200524,66119,Mostly Positive,"['Adventure', 'Casual', 'Massively Multiplayer', 'Simulation']",Adventure,Casual,Massively Multiplayer,2017.0,,75.2031742817175,24.7968257182825
50,Magic: The Gathering Arena,2023-05-23,0.0,0.0,Wizards of the Coast,Wizards of the Coast,30484,18657,11827,Mixed,"['Strategy', 'Free To Play']",Strategy,Free To Play,,2023.0,,61.20259808424091,38.79740191575909
51,Project Zomboid,2013-11-08,24.99,0.0,The Indie Stone,The Indie Stone,466379,438339,28040,Very Positive,"['Indie', 'RPG', 'Simulation', 'Early Access']",Indie,RPG,Simulation,2013.0,,93.98772243175615,6.012277568243853
52,Avatar Legends: The Fighting Game,2026-07-23,29.99,0.0,Gameplay Group International,"PM Studios, Inc.",2489,2026,463,Very Positive,['Action'],Action,,,2026.0,,81.39815186822017,18.601848131779832
53,Marvel’s Spider-Man: Miles Morales,2022-11-18,49.99,19.99,Insomniac Games,PlayStation Publishing LLC,54490,50809,3681,Very Positive,"['Action', 'Adventure']",Action,Adventure,,2022.0,60.0,93.24463204257663,6.75536795742338
54,DELTARUNE,2025-06-04,0.0,0.0,tobyfox,tobyfox,127782,125400,2382,Overwhelmingly Positive,"['Indie', 'RPG']",Indie,RPG,,2025.0,,98.13588768371132,1.864112316288679
55,DOOM: The Dark Ages,2025-05-14,69.99,23.09,id Software,Bethesda Softworks,43872,38743,5129,Very Positive,['Action'],Action,,,2025.0,67.0,88.3091721371262,11.690827862873816
56,iRacing,2015-01-12,0.0,0.0,iRacing.com Motorsport Simulations,iRacing.com Motorsport Simulations,7432,6339,1093,Mostly Positive,"['Massively Multiplayer', 'Racing', 'Simulation', 'Sports']",Massively Multiplayer,Racing,Simulation,2015.0,,85.29332615715823,14.706673842841766
57,Subnautica 2,2026-05-14,29.99,0.0,Unknown Worlds Entertainment,Unknown Worlds Entertainment,125012,113914,11098,Very Positive,"['Action', 'Adventure', 'Early Access']",Action,Adventure,Early Access,2026.0,,91.12245224458452,8.87754775541548
58,Slay the Spire 2,2026-03-05,24.99,0.0,Mega Crit,Mega Crit,223153,126895,96258,Mixed,"['Indie', 'Strategy', 'Early Access']",Indie,Strategy,Early Access,2026.0,,56.86457273709069,43.1354272629093
59,DRAGON BALL: Sparking! ZERO,2024-10-10,49.99,0.0,"Spike Chunsoft Co., Ltd.",Bandai Namco Entertainment,72015,62519,9496,Mixed,['Action'],Action,,,2024.0,,86.81385822398111,13.186141776018884
60,Call of Duty®: Black Ops III,2015-11-05,59.99,0.0,Treyarch,Activision,231949,197399,34550,Very Positive,"['Action', 'Adventure']",Action,Adventure,,2015.0,,85.10448417540063,14.895515824599373
61,The Elder Scrolls V: Skyrim Special Edition,2016-10-27,39.99,9.99,Bethesda Game Studios,Bethesda Softworks,372630,344446,28184,Overwhelmingly Positive,['RPG'],RPG,,,2016.0,75.0,92.43646512626465,7.563534873735341
62,"Warhammer 40,000: Darktide",2022-11-30,39.99,0.0,Fatshark,Fatshark,137335,98334,39001,Mostly Positive,"['Action', 'Adventure', 'RPG']",Action,Adventure,RPG,2022.0,,71.60155823351658,28.39844176648342
63,Tears of Metal,2026-07-22,24.99,22.49,Paper Cult,Paper Cult,1938,1666,272,Very Positive,"['Action', 'Indie', 'Early Access']",Action,Indie,Early Access,2026.0,10.0,85.96491228070175,14.035087719298245
64,Once Human,2024-07-09,0.0,0.0,Starry Studio,Starry Studio,180182,141198,38984,Very Positive,"['Action', 'Adventure', 'RPG', 'Simulation']",Action,Adventure,RPG,2024.0,,78.36409852260492,21.635901477395077
65,Gamble With Your Friends,2026-05-01,7.99,0.0,TEAM GWYF,TENSTACK,18711,16784,1927,Very Positive,"['Adventure', 'Indie', 'Simulation']",Adventure,Indie,Simulation,2026.0,,89.7012452568008,10.298754743199186
66,"Warhammer 40,000: Space Marine 2",2024-09-09,59.99,0.0,Saber Interactive,Focus Entertainment,220792,185398,35394,Very Positive,"['Action', 'Adventure', 'RPG']",Action,Adventure,RPG,2024.0,,83.96952788144499,16.03047211855502
67,Crimson Desert,2026-03-19,69.99,0.0,Pearl Abyss,Pearl Abyss,166521,139701,26820,Mostly Positive,"['Action', 'Adventure']",Action,Adventure,,2026.0,,83.89392328895454,16.106076711045453
68,LEGO® Batman™: Legacy of the Dark Knight,2026-05-22,69.99,55.99,TT Games,Warner Bros. Games,12972,12422,550,Very Positive,"['Action', 'Adventure']",Action,Adventure,,2026.0,20.0,95.76009867406722,4.239901325932778
69,Call of Duty®: Black Ops II,2012-11-12,39.99,0.0,Treyarch,Activision,49235,42434,6801,Very Positive,['Action'],Action,,,2012.0,,86.18665583426424,13.813344165735758
70,Escape the Backrooms,2025-10-23,9.99,7.99,Fancy Games,Secret Mode,159142,143237,15905,Very Positive,"['Action', 'Indie']",Action,Indie,,2025.0,20.0,90.0057810006158,9.994218999384199
71,Machine Party,2026-07-30,7.99,6.79,Mike Klubnika,Oro Interactive,1541,1370,171,Very Positive,"['Action', 'Indie']",Action,Indie,,2026.0,15.0,88.90330953926022,11.09669046073978
72,007 First Light,2026-05-26,69.99,0.0,IO Interactive A/S,IO Interactive A/S,43267,39606,3661,Very Positive,"['Action', 'Adventure']",Action,Adventure,,2026.0,,91.53858598932212,8.461414010677885
73,ARK: Survival Ascended,2023-10-25,44.99,0.0,Studio Wildcard,Studio Wildcard,114788,68777,46011,Mixed,"['Action', 'Adventure', 'Indie', 'Massively Multiplayer']",Action,Adventure,Indie,2023.0,,59.9165417987943,40.0834582012057
74,Disney Dreamlight Valley,2023-12-05,39.99,27.99,Gameloft,Gameloft,24572,22657,1915,Very Positive,"['Action', 'Adventure', 'Casual', 'RPG']",Action,Adventure,Casual,2023.0,30.0,92.20657659124207,7.793423408757937
75,Ready or Not,2023-12-13,49.99,0.0,VOID Interactive,VOID Interactive,340655,267476,73179,Very Positive,"['Action', 'Adventure', 'Indie']",Action,Adventure,Indie,2023.0,,78.51814886028386,21.481851139716134
76,PUBG: BATTLEGROUNDS,2017-12-21,0.0,0.0,PUBG Corporation,"KRAFTON, Inc.",2739901,1657117,1082784,Mostly Positive,"['Action', 'Adventure', 'Massively Multiplayer', 'Free To Play']",Action,Adventure,Massively Multiplayer,2017.0,,60.4809078868178,39.51909211318219
77,Path of Exile,2013-10-23,0.0,0.0,Grinding Gear Games,Grinding Gear Games,248953,221753,27200,Very Positive,"['Action', 'Adventure', 'Indie', 'Massively Multiplayer']",Action,Adventure,Indie,2013.0,,89.07424292938828,10.925757070611722
78,Arena Breakout: Infinite,2025-09-15,0.0,0.0,Morefun Studios,Morefun Studios,71807,53004,18803,Mostly Positive,"['Action', 'Adventure', 'Massively Multiplayer', 'RPG']",Action,Adventure,Massively Multiplayer,2025.0,,73.81453061679224,26.185469383207767
79,Clair Obscur: Expedition 33,2025-04-24,49.99,39.99,Sandfall Interactive,Kepler Interactive,275089,262152,12937,Very Positive,"['Action', 'RPG']",Action,RPG,,2025.0,20.0,95.2971583741989,4.7028416258011045
80,Grim Dawn,2016-02-25,24.99,0.0,Crate Entertainment,Crate Entertainment,108490,101489,7001,Very Positive,"['Action', 'Adventure', 'Indie', 'RPG']",Action,Adventure,Indie,2016.0,,93.54687067932528,6.453129320674717
81,THE FINALS,2023-12-07,0.0,0.0,Embark Studios,Embark Studios,273691,214291,59400,Mostly Positive,"['Action', 'Free To Play']",Action,Free To Play,,2023.0,,78.29669225513443,21.703307744865562
82,How Many Dudes?,2026-07-30,0.0,0.0,Butterscotch Shenanigans,Butterscotch Shenanigans,1381,1272,109,Very Positive,"['Casual', 'Indie', 'Strategy', 'Free To Play']",Casual,Indie,Strategy,2026.0,,92.10716871832005,7.892831281679942
83,Stellaris,2016-05-09,49.99,0.0,Paradox Development Studio,Paradox Interactive,200910,170354,30556,Mostly Positive,"['Simulation', 'Strategy']",Simulation,Strategy,,2016.0,,84.79120003981883,15.208799960181176
84,RuneScape: Dragonwilds,2025-04-15,29.99,0.0,Jagex Ltd,Jagex Ltd,28592,23205,5387,Very Positive,"['Action', 'Adventure', 'RPG', 'Early Access']",Action,Adventure,RPG,2025.0,,81.15906547285954,18.84093452714046
85,Overwatch®,2023-08-10,0.0,0.0,"Blizzard Entertainment, Inc.","Blizzard Entertainment, Inc.",415627,129576,286051,Mixed,"['Action', 'Free To Play']",Action,Free To Play,,2023.0,,31.176030431131764,68.82396956886824
86,Granblue Fantasy: Relink,2024-01-31,0.0,0.0,"Cygames, Inc.","Cygames, Inc.",54966,49524,5442,Very Positive,"['Action', 'Adventure', 'RPG']",Action,Adventure,RPG,2024.0,,90.09933413382818,9.900665866171815
87,Paralives,2026-05-25,39.99,0.0,Alex Massé and team,Paralives Studio,20319,18348,1971,Very Positive,"['Simulation', 'Early Access']",Simulation,Early Access,,2026.0,,90.29971947438358,9.700280525616419
88,Borderlands 4,2025-09-11,99.99,49.99,Gearbox Software,2K,82168,48105,34063,Mixed,"['Action', 'Adventure', 'RPG']",Action,Adventure,RPG,2025.0,50.0,58.54468892999708,41.45531107000292
89,American Truck Simulator,2016-02-02,0.0,0.0,SCS Software,SCS Software,196994,190752,6242,Overwhelmingly Positive,"['Indie', 'Simulation']",Indie,Simulation,,2016.0,,96.83137557489061,3.168624425109394
90,Sid Meier's Civilization VII,2025-02-10,69.99,34.99,Firaxis Games,2K,58040,28082,29958,Mixed,"['Simulation', 'Strategy']",Simulation,Strategy,,2025.0,50.0,48.383873190902825,51.616126809097175
91,MARVEL Tōkon: Fighting Souls,2026-08-06,59.99,0.0,"ARC SYSTEM WORKS CO., LTD",PlayStation Publishing LLC,0,0,0,"['Action', 'Casual']","['None', 'None', 'None', 'None']",None,None,None,2026.0,,,
92,Squad,2020-09-23,39.99,0.0,Offworld,Offworld,241180,195897,45283,Very Positive,"['Action', 'Indie', 'Massively Multiplayer', 'Strategy']",Action,Indie,Massively Multiplayer,2020.0,,81.22439671614562,18.775603283854384
93,Windrose,2026-04-14,29.99,0.0,Kraken Express,Kraken Express,51467,44838,6629,Very Positive,"['Action', 'Adventure', 'RPG', 'Early Access']",Action,Adventure,RPG,2026.0,,87.11990207317311,12.8800979268269
94,RimWorld,2018-10-17,34.99,0.0,Ludeon Studios,Ludeon Studios,244197,238963,5234,Overwhelmingly Positive,"['Indie', 'Simulation', 'Strategy']",Indie,Simulation,Strategy,2018.0,,97.85664852557566,2.1433514744243376
95,NBA 2K26,2025-09-04,79.99,19.99,Visual Concepts,2K,31772,20430,11342,Mixed,['Sports'],Sports,,,2025.0,75.0,64.30190104494523,35.69809895505476
96,R.E.P.O.,2025-02-26,9.99,6.49,semiwork,semiwork,415456,399037,16419,Very Positive,"['Action', 'Early Access']",Action,Early Access,,2025.0,35.0,96.0479569436956,3.9520430563043982
97,Waterpark Simulator,2026-07-31,0.0,0.0,CayPlay,CayPlay,11566,11117,449,Overwhelmingly Positive,"['Casual', 'Indie', 'Simulation']",Casual,Indie,Simulation,2026.0,,96.117931869272,3.8820681307279963
98,Microsoft Flight Simulator 2024,2024-11-19,69.99,0.0,Asobo Studio,Xbox Game Studios,21438,12601,8837,Mostly Positive,['Simulation'],Simulation,,,2024.0,,58.778803992909786,41.221196007090214
99,theHunter: Call of the Wild™,2017-02-16,19.99,3.99,Expansive Worlds,Avalanche Studios,201320,179332,21988,Very Positive,"['Adventure', 'Simulation', 'Sports']",Adventure,Simulation,Sports,2017.0,80.0,89.07808464136697,10.921915358633022
100,Hearts of Iron IV,2016-06-06,49.99,0.0,Paradox Development Studio,Paradox Interactive,386775,343020,43755,Very Positive,"['Simulation', 'Strategy']",Simulation,Strategy,,2016.0,,88.68722125266628,11.312778747333722
101,The Binding of Isaac: Rebirth,2014-11-04,14.99,0.0,"Nicalis, Inc.","Nicalis, Inc.",439405,425976,13429,Very Positive,['Action'],Action,,,2014.0,,96.94382175896952,3.0561782410304845
102,Red Dead Redemption 2,2019-12-05,59.99,0.0,Rockstar Games,Rockstar Games,904996,836568,68428,Very Positive,"['Action', 'Adventure']",Action,Adventure,,2019.0,,92.43886160822811,7.561138391771897
103,Farming Simulator 25,2024-11-12,29.99,0.0,GIANTS Software,GIANTS Software,56177,48892,7285,Very Positive,['Simulation'],Simulation,,,2024.0,,87.03205938373355,12.967940616266443
104,Crusader Kings III,2020-09-01,49.99,0.0,Paradox Development Studio,Paradox Interactive,145865,130936,14929,Very Positive,"['RPG', 'Simulation', 'Strategy']",RPG,Simulation,Strategy,2020.0,,89.76519384362253,10.234806156377472
105,DRAGON BALL: Sparking! ZERO - Super Limit-Breaking NEO,2026-07-29,34.99,0.0,"Spike Chunsoft Co., Ltd.",Bandai Namco Entertainment,273,173,100,Mixed,['Action'],Action,,,2026.0,,63.369963369963365,36.63003663003663
106,Diablo® IV,2023-10-17,49.99,0.0,"Blizzard Entertainment, Inc.","Blizzard Entertainment, Inc.",74592,48619,25973,Mixed,"['Action', 'Adventure', 'Casual', 'Massively Multiplayer']",Action,Adventure,Casual,2023.0,,65.17991205491207,34.82008794508795
107,Stardew Valley,2016-02-26,14.99,0.0,ConcernedApe,ConcernedApe,1029271,1013621,15650,Overwhelmingly Positive,"['Indie', 'RPG', 'Simulation']",Indie,RPG,Simulation,2016.0,,98.47950636907092,1.520493630929075
108,Split Fiction,2025-03-06,0.0,0.0,Hazelight Studios,Electronic Arts,124863,121058,3805,Very Positive,"['Action', 'Adventure']",Action,Adventure,,2025.0,,96.95266011548658,3.0473398845134265
109,Throne and Liberty,2024-10-01,0.0,0.0,NC,Amazon Game Studios,68640,46082,22558,Mixed,"['Action', 'Adventure', 'Massively Multiplayer', 'RPG']",Action,Adventure,Massively Multiplayer,2024.0,,67.13578088578089,32.86421911421911
110,Beast of Reincarnation,2026-08-03,59.99,0.0,GAME FREAK inc.,Fictions,0,0,0,"['Action', 'Adventure', 'RPG']","['None', 'None', 'None', 'None']",None,None,None,2026.0,,,
111,METAL GEAR SOLID Δ: SNAKE EATER,2025-08-28,69.99,27.99,KONAMI,KONAMI,18651,15595,3056,Mostly Positive,"['Action', 'Adventure']",Action,Adventure,,2025.0,60.0,83.61481958071954,16.385180419280466
112,Umamusume: Pretty Derby,2025-06-24,0.0,0.0,"Cygames, Inc.","Cygames, Inc.",58997,55287,3710,Very Positive,"['Simulation', 'Sports', 'Free To Play']",Simulation,Sports,Free To Play,2025.0,,93.71154465481297,6.288455345187044
113,BeamNG.drive,2015-05-29,24.99,0.0,BeamNG,BeamNG,411165,400096,11069,Very Positive,"['Racing', 'Simulation', 'Early Access']",Racing,Simulation,Early Access,2015.0,,97.3078934247808,2.692106575219194
114,STAR WARS™: The Old Republic™,2011-12-20,0.0,0.0,Broadsword,Electronic Arts,74861,67091,7770,Very Positive,"['Massively Multiplayer', 'RPG', 'Free To Play']",Massively Multiplayer,RPG,Free To Play,2011.0,,89.62076381560492,10.379236184395078
115,Gears of War: E-Day,2026-10-06,69.99,0.0,The Coalition,Xbox Game Studios,0,0,0,"['Action', 'Adventure']","['None', 'None', 'None', 'None']",None,None,None,2026.0,,,
116,Yu-Gi-Oh! Master Duel,2022-01-18,0.0,0.0,KONAMI,KONAMI,100442,71979,28463,Mixed,"['Simulation', 'Strategy', 'Free To Play']",Simulation,Strategy,Free To Play,2022.0,,71.66225284243643,28.33774715756357
117,Dispatch,2025-10-22,29.99,0.0,AdHoc Studio,AdHoc Studio,182647,178148,4499,Overwhelmingly Positive,"['Action', 'Adventure', 'Casual', 'Indie']",Action,Adventure,Casual,2025.0,,97.53677859477573,2.463221405224285
118,Limbus Company,2023-02-26,0.0,0.0,ProjectMoon,ProjectMoon,114987,101286,13701,Very Positive,['Free To Play'],Free To Play,,,2023.0,,88.08474001408855,11.915259985911451
119,The Isle,2015-12-01,19.99,0.0,Afterthought LLC,Afterthought LLC,117605,94257,23348,Mostly Positive,"['Action', 'Adventure', 'Indie', 'Massively Multiplayer']",Action,Adventure,Indie,2015.0,,80.14710258917563,19.85289741082437
120,Mistfall Hunter - Upgrade to Deluxe Edition,2026-07-29,14.99,13.49,Bellring Games,Skystone Games,71,36,35,Mixed,"['Action', 'Adventure']",Action,Adventure,,2026.0,10.0,50.70422535211267,49.29577464788733
121,Heartopia,2026-01-16,0.0,0.0,XD,XD,15268,10077,5191,Mostly Positive,"['Casual', 'Simulation', 'Free To Play']",Casual,Simulation,Free To Play,2026.0,,66.00078595755829,33.99921404244171
122,Street Fighter™ 6 - Year 4 Ultimate Pass,2026-06-05,45.99,0.0,"CAPCOM Co., Ltd.","CAPCOM Co., Ltd.",55,42,13,Mostly Positive,"['Action', 'Adventure']",Action,Adventure,,2026.0,,76.36363636363637,23.636363636363637
123,Dying Light: The Beast,2025-09-18,59.99,39.59,Techland,Techland,70032,60658,9374,Very Positive,"['Action', 'Adventure', 'RPG']",Action,Adventure,RPG,2025.0,34.0,86.61469042723327,13.385309572766735
124,World of Warships,2017-11-15,0.0,0.0,Wargaming Group Limited,Wargaming Group Limited,155928,119210,36718,Mixed,"['Action', 'Massively Multiplayer', 'Simulation', 'Strategy']",Action,Massively Multiplayer,Simulation,2017.0,,76.45195218305885,23.548047816941153
125,ARC Raiders,2025-10-30,39.99,0.0,Embark Studios,Embark Studios,412800,341078,71722,Mixed,['Action'],Action,,,2025.0,,82.62548449612403,17.37451550387597
126,Phasmophobia,2020-09-18,19.99,0.0,Kinetic Games,Kinetic Games,836375,789496,46879,Very Positive,"['Action', 'Indie', 'Early Access']",Action,Indie,Early Access,2020.0,,94.39497832909879,5.605021670901211
127,Season 4 Battlefield Pro - Battlefield™ 6 and REDSEC,2026-07-21,24.99,0.0,Battlefield Studios,Electronic Arts,30,24,6,Positive,['Action'],Action,,,2026.0,,80.0,20.0
128,ICARUS,2021-12-03,34.99,0.0,RocketWerkz,RocketWerkz,66750,49736,17014,Very Positive,"['Action', 'Adventure', 'Simulation']",Action,Adventure,Simulation,2021.0,,74.51086142322097,25.489138576779023
129,Batman™: Arkham Knight,2015-06-23,19.99,0.0,Rocksteady Studios,WB Games,158517,142105,16412,Overwhelmingly Positive,"['Action', 'Adventure']",Action,Adventure,,2015.0,,89.64653633364244,10.353463666357552
130,House Flipper 2,2023-12-14,50.98,36.53,Frozen District,Frozen District,19648,17121,2527,Very Positive,"['Casual', 'Indie', 'Simulation']",Casual,Indie,Simulation,2023.0,28.0,87.13864006514657,12.86135993485342
131,"Warhammer 40,000: Rogue Trader",2023-12-07,49.99,0.0,Owlcat Games,Owlcat Games,46969,41201,5768,Very Positive,"['Action', 'Adventure', 'Indie', 'RPG']",Action,Adventure,Indie,2023.0,,87.7195597095957,12.280440290404309
132,Grim Dawn - Fangs of Asterkarn,2026-07-23,18.99,0.0,Crate Entertainment,Crate Entertainment,1048,791,257,Mostly Positive,"['Action', 'Adventure', 'Indie', 'RPG']",Action,Adventure,Indie,2026.0,,75.47709923664122,24.52290076335878
133,Factorio,2020-08-14,0.0,0.0,Wube Software LTD.,Wube Software LTD.,237597,230934,6663,Overwhelmingly Positive,"['Casual', 'Indie', 'Simulation', 'Strategy']",Casual,Indie,Simulation,2020.0,,97.195671662521,2.8043283374790087
134,Lost Ark,2022-02-11,0.0,0.0,Smilegate RPG,Amazon Game Studios,203233,143114,60119,Mixed,"['Action', 'Adventure', 'Massively Multiplayer', 'RPG']",Action,Adventure,Massively Multiplayer,2022.0,,70.41868200538298,29.581317994617017
135,Battlefield™ REDSEC,2025-10-28,0.0,0.0,Battlefield Studios,Electronic Arts,16511,7372,9139,Mostly Negative,"['Action', 'Free To Play']",Action,Free To Play,,2025.0,,44.64902186421173,55.35097813578827
136,Guild Wars 2®,2022-08-23,0.0,0.0,ArenaNet®,ArenaNet®,29099,25681,3418,Very Positive,"['Adventure', 'Massively Multiplayer', 'RPG', 'Free To Play']",Adventure,Massively Multiplayer,RPG,2022.0,,88.25389188631911,11.746108113680883
137,PEAK,2025-06-16,7.99,0.0,Team PEAK,Aggro Crab,342487,324179,18308,Very Positive,"['Action', 'Adventure', 'Indie']",Action,Adventure,Indie,2025.0,,94.65439564129441,5.345604358705586
138,Sons Of The Forest,2024-02-22,29.99,0.0,Endnight Games Ltd,Newnight ,316441,279835,36606,Very Positive,"['Action', 'Adventure', 'Indie', 'Simulation']",Action,Adventure,Indie,2024.0,,88.43196678053728,11.568033219462711
139,The Witcher 3: Wild Hunt,2015-05-18,39.99,7.99,CD PROJEKT RED,CD PROJEKT RED,891201,856939,34262,Very Positive,['RPG'],RPG,,,2015.0,80.0,96.15552496013807,3.8444750398619396
140,Mount & Blade II: Bannerlord,2022-10-25,49.99,0.0,TaleWorlds Entertainment,TaleWorlds Entertainment,295220,258769,36451,Very Positive,"['Action', 'Indie', 'RPG', 'Simulation']",Action,Indie,RPG,2022.0,,87.6529367929002,12.34706320709979
141,Burglin' Gnomes,2026-06-10,9.99,0.0,Fobri,Fobri,4600,3893,707,Very Positive,"['Action', 'Adventure']",Action,Adventure,,2026.0,,84.6304347826087,15.369565217391305
142,"Sir, We Have an Orc Problem",2026-07-28,9.99,8.99,Mumpitz Games,Mumpitz Games,1987,1724,263,Very Positive,"['Indie', 'Simulation', 'Strategy']",Indie,Simulation,Strategy,2026.0,10.0,86.76396577755409,13.236034222445896
143,Satisfactory,2024-09-10,39.99,0.0,Coffee Stain Studios,Coffee Stain Publishing,277097,269504,7593,Overwhelmingly Positive,"['Adventure', 'Indie', 'Simulation', 'Strategy']",Adventure,Indie,Simulation,2024.0,,97.25980432844817,2.7401956715518394
144,ELDEN RING NIGHTREIGN,2025-05-29,39.99,0.0,"FromSoftware, Inc.","FromSoftware, Inc.",188913,154466,34447,Mostly Positive,"['Action', 'RPG']",Action,RPG,,2025.0,,81.7656804984305,18.234319501569505
145,Fallout 4,2015-11-09,19.99,7.99,Bethesda Game Studios,Bethesda Softworks,427450,347052,80398,Very Positive,['RPG'],RPG,,,2015.0,60.0,81.1912504386478,18.808749561352204
146,Cities: Skylines II,2023-10-24,49.99,0.0,Iceflake Studios,Paradox Interactive,91171,50571,40600,Mostly Positive,['Simulation'],Simulation,,,2023.0,,55.468295839685865,44.531704160314135
147,Destiny 2: Renegades,2025-12-02,19.99,10.99,Bungie,Bungie,2141,1122,1019,Very Negative,"['Action', 'Adventure', 'Free To Play']",Action,Adventure,Free To Play,2025.0,45.0,52.40541802895843,47.59458197104157
148,Barony,2015-06-23,19.99,14.99,Turning Wheel LLC,Turning Wheel LLC,17541,15920,1621,Very Positive,"['Action', 'Adventure', 'Indie', 'RPG']",Action,Adventure,Indie,2015.0,25.0,90.75879368337038,9.24120631662961
149,Palia,2024-03-25,0.0,0.0,Singularity 6 Corporation,Singularity 6 Corporation,43574,37666,5908,Very Positive,"['Adventure', 'Casual', 'Indie', 'RPG']",Adventure,Casual,Indie,2024.0,,86.44145591407721,13.558544085922797
150,Halo: The Master Chief Collection,2019-12-03,39.99,0.0,343 Industries,Xbox Game Studios,261255,240366,20889,Very Positive,['Action'],Action,,,2019.0,,92.00436355285066,7.995636447149337
151,OCTOPATH TRAVELER II,2023-02-24,0.0,0.0,Square Enix,Square Enix,16948,15829,1119,Very Positive,['RPG'],RPG,,,2023.0,,93.39745102666981,6.602548973330187
152,Cat Mail Co.,2026-07-09,0.0,0.0,Maracas Studio,Maracas Studio,5013,4603,410,Very Positive,"['Indie', 'Simulation']",Indie,Simulation,,2026.0,,91.82126471174945,8.178735288250548
153,Arma Reforger,2023-11-16,39.99,0.0,Bohemia Interactive,Bohemia Interactive,55210,44063,11147,Very Positive,"['Action', 'Simulation', 'Strategy']",Action,Simulation,Strategy,2023.0,,79.80981706212643,20.190182937873573
154,Sea of Thieves: 2026 Edition,2020-06-03,39.99,0.0,Rare Ltd,Xbox Game Studios,371966,329755,42211,Very Positive,"['Action', 'Adventure']",Action,Adventure,,2020.0,,88.65191979912143,11.348080200878575
155,EA Play,2020-08-31,0.0,0.0,Electronic Arts,Electronic Arts,10,5,5,Mixed,"['Action', 'Sports']",Action,Sports,,2020.0,,50.0,50.0
156,Echoes of Aincrad,2026-07-09,0.0,0.0,Game Studio Inc.,Bandai Namco Entertainment Inc.,4696,2304,2392,Mixed,"['Action', 'RPG']",Action,RPG,,2026.0,,49.063032367972745,50.936967632027255
157,The Outlast Trials,2024-03-05,39.99,0.0,Red Barrels,Red Barrels,110038,101820,8218,Very Positive,"['Action', 'Adventure', 'Indie']",Action,Adventure,Indie,2024.0,,92.53167087733328,7.468329122666716
158,Hunt: Showdown 1896,2019-08-27,29.99,11.99,Crytek,Crytek,276480,203808,72672,Mostly Positive,['Action'],Action,,,2019.0,60.0,73.71527777777777,26.28472222222222
159,Jurassic World Evolution 3,2025-10-21,59.99,0.0,Frontier Developments,Frontier Developments,12752,11910,842,Overwhelmingly Positive,"['Simulation', 'Strategy']",Simulation,Strategy,,2025.0,,93.39711417816812,6.602885821831869
160,Gothic 1 Remake,2026-06-05,49.99,0.0,Alkimia Interactive,Alkimia Interactive,38328,34091,4237,Very Positive,"['Action', 'RPG']",Action,RPG,,2026.0,,88.94541849300772,11.054581506992276
161,OCTOPATH TRAVELER™,2019-06-07,59.99,17.99,Square Enix,Square Enix,16874,14451,2423,Mostly Positive,['RPG'],RPG,,,2019.0,70.0,85.64063055588478,14.359369444115208
162,Conan Exiles Enhanced,2018-05-08,39.99,0.0,Funcom,Funcom,116987,92436,24551,Mostly Positive,"['Action', 'Adventure', 'Massively Multiplayer', 'RPG']",Action,Adventure,Massively Multiplayer,2018.0,,79.01390752818689,20.98609247181311
163,OPERATOR,2023-08-01,19.99,0.0,VECTOR INTERACTIVE PTY LTD,VECTOR INTERACTIVE PTY LTD,8293,7147,1146,Very Positive,"['Action', 'Indie', 'RPG', 'Simulation']",Action,Indie,RPG,2023.0,,86.18111660436513,13.818883395634874
164,Endacopia,2026-07-27,0.0,0.0,Andyland,Andyland,2101,2085,16,Overwhelmingly Positive,"['Adventure', 'Indie']",Adventure,Indie,,2026.0,,99.23845787720134,0.7615421227986673
165,HITMAN World of Assassination,2022-01-20,0.0,0.0,IO Interactive A/S,IO Interactive A/S,67594,58950,8644,Very Positive,"['Action', 'Adventure']",Action,Adventure,,2022.0,,87.21188271148327,12.788117288516732
166,Sephiria,2026-07-31,0.0,0.0,TEAM HORAY,TEAM HORAY,6973,6518,455,Very Positive,"['Action', 'Adventure', 'Indie', 'RPG']",Action,Adventure,Indie,2026.0,,93.47483149290119,6.525168507098809
167,Torchlight: Infinite,2023-05-09,0.0,0.0,XD,XD,21360,14762,6598,Mixed,"['Action', 'Adventure', 'RPG', 'Free To Play']",Action,Adventure,RPG,2023.0,,69.11048689138578,30.88951310861423
168,Call of Duty®: Modern Warfare® 4,2026-10-22,69.99,0.0,Infinity Ward,Activision,0,0,0,['Action'],"['None', 'None', 'None', 'None']",None,None,None,2026.0,,,
169,Risk of Rain 2,2020-08-11,24.99,0.0,Hopoo Games,Gearbox Publishing,351293,329552,21741,Very Positive,"['Action', 'Indie']",Action,Indie,,2020.0,,93.8111490977617,6.188850902238303
170,7 Days to Die,2024-07-25,44.99,0.0,The Fun Pimps,The Fun Pimps Entertainment LLC,406859,351231,55628,Very Positive,"['Action', 'Adventure', 'Indie', 'RPG']",Action,Adventure,Indie,2024.0,,86.32745005026311,13.672549949736887
171,Red Dead Redemption,2024-10-29,7.99,0.0,Rockstar Games,Rockstar Games,20859,19285,1574,Very Positive,['Action'],Action,,,2024.0,,92.45409655304665,7.5459034469533535
172,Kingdom Come: Deliverance II,2025-02-04,59.99,0.0,Warhorse Studios,Deep Silver,191337,179763,11574,Very Positive,"['Action', 'Adventure', 'RPG']",Action,Adventure,RPG,2025.0,,93.95098700199125,6.049012998008749
173,Total War: WARHAMMER III,2022-02-16,59.99,0.0,CREATIVE ASSEMBLY,SEGA,146509,104011,42498,Very Positive,"['Action', 'Strategy']",Action,Strategy,,2022.0,,70.99290828549782,29.00709171450218
174,Street Fighter™ 6 - Year 4 Character Pass,2026-06-05,29.99,0.0,"CAPCOM Co., Ltd.","CAPCOM Co., Ltd.",61,39,22,Mixed,"['Action', 'Adventure']",Action,Adventure,,2026.0,,63.934426229508205,36.0655737704918
175,The Elder Scrolls IV: Oblivion Remastered,2025-04-22,49.99,34.99,Bethesda Game Studios,Bethesda Softworks,69522,52660,16862,Mixed,['RPG'],RPG,,,2025.0,30.0,75.7458070826501,24.254192917349904
176,Pathogenic,2026-07-16,9.99,0.0,Aberrant Labs,Slug Disco,2825,2638,187,Overwhelmingly Positive,"['Action', 'Indie', 'RPG', 'Simulation']",Action,Indie,RPG,2026.0,,93.38053097345133,6.619469026548673
177,Marathon,2026-03-05,39.99,27.99,Bungie,Bungie,63415,48945,14470,Mostly Positive,['Action'],Action,,,2026.0,30.0,77.18205471891508,22.817945281084917
178,Moonlight Peaks,2026-07-06,0.0,0.0,Little Chicken,XSEED Games,1685,1507,178,Very Positive,"['Casual', 'Indie', 'RPG', 'Simulation']",Casual,Indie,RPG,2026.0,,89.43620178041543,10.56379821958457
179,The First Descendant,2024-06-30,0.0,0.0,"NEXON Games Co., Ltd.",NEXON,111471,64020,47451,Mixed,"['Action', 'Adventure', 'RPG', 'Free To Play']",Action,Adventure,RPG,2024.0,,57.43197782382862,42.56802217617138
180,Starfield,2023-09-05,49.99,39.99,Bethesda Game Studios,Bethesda Softworks,174654,99348,75306,Mixed,['RPG'],RPG,,,2023.0,20.0,56.8827510391975,43.1172489608025
181,SAND: Raiders of Sophie,2026-06-22,24.99,0.0,Hologryph,tinyBuild,12691,6304,6387,Mixed,"['Action', 'Adventure', 'Early Access']",Action,Adventure,Early Access,2026.0,,49.67299661177213,50.32700338822787
182,Digimon Story Time Stranger,2025-10-02,0.0,0.0,Media.Vision Inc.,Bandai Namco Entertainment Inc.,22194,19874,2320,Very Positive,['RPG'],RPG,,,2025.0,,89.54672433991169,10.453275660088313
183,FOR HONOR™,2017-02-13,29.99,0.0,Ubisoft Montreal,Ubisoft,163394,112902,50492,Mixed,['Action'],Action,,,2017.0,,69.09800849480398,30.90199150519603
184,eFootball™,2021-09-29,0.0,0.0,KONAMI,KONAMI,114371,58648,55723,Mixed,"['Simulation', 'Sports', 'Free To Play']",Simulation,Sports,Free To Play,2021.0,,51.27873324531569,48.721266754684315
185,Dinoblade,2026-07-23,19.99,0.0,Team Spino LLC,Team Spino LLC,2059,1857,202,Very Positive,"['Action', 'Indie', 'RPG']",Action,Indie,RPG,2026.0,,90.18941233608548,9.810587663914522
186,Heroes of Might and Magic: Olden Era,2026-04-30,39.99,29.99,Unfrozen,Hooded Horse,21478,18779,2699,Very Positive,"['RPG', 'Strategy', 'Early Access']",RPG,Strategy,Early Access,2026.0,25.0,87.43365304032032,12.566346959679672
187,Resident Evil 7 Biohazard,2017-01-23,0.0,0.0,"CAPCOM Co., Ltd.","CAPCOM Co., Ltd.",125136,119267,5869,Very Positive,"['Action', 'Adventure']",Action,Adventure,,2017.0,,95.30990282572562,4.690097174274389
188,Scrap Mechanic,2026-07-24,28.99,0.0,Axolot Games,Axolot Games,120926,111230,9696,Very Positive,"['Action', 'Adventure', 'Indie', 'Simulation']",Action,Adventure,Indie,2026.0,,91.98187321171626,8.018126788283745
189,Wallpaper Engine,2018-11-16,4.99,0.0,Wallpaper Engine Team,Wallpaper Engine Team,1007143,982672,24471,Very Positive,"['Casual', 'Indie', 'Animation & Modeling', 'Design & Illustration']",Casual,Indie,Animation & Modeling,2018.0,,97.57025566379353,2.4297443362064772
190,RV There Yet?,2025-10-21,7.99,0.0,Nuggets Entertainment,Nuggets Entertainment,83179,75106,8073,Very Positive,"['Action', 'Adventure', 'Indie']",Action,Adventure,Indie,2025.0,,90.29442527561044,9.70557472438957
191,PowerWash Simulator 2,2025-10-23,0.0,0.0,FuturLab,FuturLab,11604,10580,1024,Very Positive,"['Casual', 'Indie', 'Simulation']",Casual,Indie,Simulation,2025.0,,91.17545673905549,8.824543260944502
192,Raft,2022-06-20,19.99,0.0,Redbeet Interactive,Axolot Games,376603,350277,26326,Very Positive,"['Adventure', 'Indie', 'Simulation']",Adventure,Indie,Simulation,2022.0,,93.00961489950956,6.990385100490437
193,MOUSE: P.I. For Hire,2026-04-16,29.99,23.99,Fumi Games,PlaySide,14869,13991,878,Very Positive,"['Action', 'Indie']",Action,Indie,,2026.0,20.0,94.09509718205663,5.9049028179433725
194,Terraria,2011-05-16,9.99,0.0,Re-Logic,Re-Logic,1543154,1502747,40407,Overwhelmingly Positive,"['Action', 'Adventure', 'Indie', 'RPG']",Action,Adventure,Indie,2011.0,,97.38153159049583,2.6184684095041715
195,Half Sword,2026-01-30,0.0,0.0,Half Sword Games,Game Seer Publishing,28136,20168,7968,Mostly Positive,"['Action', 'Adventure', 'Indie', 'Simulation']",Action,Adventure,Indie,2026.0,,71.68040943986352,28.319590560136483
196,Necesse,2025-10-16,14.99,7.49,Fair Games ApS,Fair Games ApS,28125,26113,2012,Very Positive,"['Action', 'Adventure', 'Indie', 'RPG']",Action,Adventure,Indie,2025.0,50.0,92.84622222222222,7.153777777777778
197,Far Far West,2026-04-28,19.99,0.0,Evil Raptor,Fireshine Games,35891,34403,1488,Very Positive,"['Action', 'Adventure', 'Indie', 'Early Access']",Action,Adventure,Indie,2026.0,,95.85411384469644,4.145886155303558
198,Monster Hunter: World,2018-08-08,29.99,0.0,"CAPCOM Co., Ltd.","CAPCOM Co., Ltd.",521237,459626,61611,Very Positive,['Action'],Action,,,2018.0,,88.17984908976148,11.82015091023853
199,Enshrouded,2024-01-24,29.99,0.0,Keen Games GmbH,Keen Games GmbH,104275,89471,14804,Mostly Positive,"['Action', 'Adventure', 'Indie', 'RPG']",Action,Adventure,Indie,2024.0,,85.80292495804363,14.197075041956364
200,Le Mans Ultimate,2025-07-22,39.99,0.0,Studio 397,Studio 397,19315,15255,4060,Mostly Positive,"['Racing', 'Simulation', 'Sports']",Racing,Simulation,Sports,2025.0,,78.9800673052032,21.01993269479679
201,Backyard Baseball,2026-07-09,0.0,0.0,Mega Cat Studios,Playground Productions,1013,803,210,Mostly Positive,"['Action', 'Adventure', 'Casual', 'Indie']",Action,Adventure,Casual,2026.0,,79.2694965449161,20.73050345508391
202,DAVE THE DIVER,2023-06-28,19.99,0.0,MINTROCKET,MINTROCKET,159893,154333,5560,Very Positive,"['Adventure', 'Casual', 'RPG', 'Simulation']",Adventure,Casual,RPG,2023.0,,96.52267453859768,3.477325461402313
203,Brawlhalla,2017-10-17,0.0,0.0,Blue Mammoth Games,Ubisoft,410385,327761,82624,Mixed,"['Action', 'Indie', 'Free To Play']",Action,Indie,Free To Play,2017.0,,79.86671052791891,20.133289472081096
204,Quasimorph,2026-07-31,24.99,16.74,Magnum Scriptum,HypeTrain Digital,6716,5582,1134,Mostly Positive,"['Action', 'Adventure', 'Indie', 'RPG']",Action,Adventure,Indie,2026.0,33.0,83.11494937462776,16.885050625372244
205,Librarian: Tidy Up the Arcane Library!,2026-04-30,5.99,0.0,ArtRising,ArtRising,22818,21587,1231,Very Positive,"['Casual', 'Indie', 'Simulation']",Casual,Indie,Simulation,2026.0,,94.60513629590675,5.39486370409326
206,DayZ,2018-12-13,59.99,0.0,Bohemia Interactive,Bohemia Interactive,466918,363242,103676,Very Positive,"['Action', 'Adventure', 'Massively Multiplayer']",Action,Adventure,Massively Multiplayer,2018.0,,77.79567290187998,22.204327098120014
207,Backrooms: Escape Together,2022-10-18,9.99,0.0,Triiodide Studios,Triiodide Studios,47528,42178,5350,Very Positive,"['Action', 'Adventure', 'Casual', 'Indie']",Action,Adventure,Casual,2022.0,,88.74347752903552,11.256522470964484
208,Dark and Darker,2024-06-07,0.0,0.0,IRONMACE,IRONMACE,84672,55033,29639,Mixed,"['Action', 'RPG', 'Free To Play', 'Early Access']",Action,RPG,Free To Play,2024.0,,64.99551209372638,35.00448790627362
209,Sid Meier’s Civilization® VI,2016-10-20,59.99,5.99,Firaxis Games,2K,377396,324956,52440,Very Positive,['Strategy'],Strategy,,,2016.0,90.0,86.10478118475024,13.895218815249763
210,Bills Must Be Paid,2026-07-29,6.99,4.89,Rike Games,Rike Games,3155,3065,90,Overwhelmingly Positive,"['Action', 'Casual', 'Indie', 'Simulation']",Action,Casual,Indie,2026.0,30.0,97.1473851030111,2.8526148969889067
211,Dead as Disco,2026-05-05,24.99,19.99,"Brain Jar Games, Inc.","Brain Jar Games, Inc.",12495,12131,364,Overwhelmingly Positive,"['Action', 'Indie', 'Early Access']",Action,Indie,Early Access,2026.0,20.0,97.08683473389355,2.9131652661064424
212,Call to Arms - Gates of Hell: Ostfront,2021-06-11,34.99,0.0,Barbedwire Studios,Digitalmindsoft,33445,28482,4963,Very Positive,"['Action', 'Simulation', 'Strategy']",Action,Simulation,Strategy,2021.0,,85.16071161608612,14.839288383913887
213,Tabletop Simulator,2015-06-05,19.99,0.0,Berserk Games,Berserk Games,77117,72843,4274,Very Positive,"['Casual', 'Indie', 'RPG', 'Simulation']",Casual,Indie,RPG,2015.0,,94.45777195689666,5.542228043103337
214,Dying Light 2 Stay Human: Reloaded Edition,2022-02-03,59.99,11.99,Techland,Techland,217720,171583,46137,Mostly Positive,"['Action', 'Adventure', 'RPG']",Action,Adventure,RPG,2022.0,80.0,78.80902076060995,21.190979239390042
215,It Takes Two Friend's Pass,2021-03-25,0.0,0.0,Hazelight Studios,Electronic Arts,266644,254442,12202,Overwhelmingly Positive,"['Action', 'Adventure']",Action,Adventure,,2021.0,,95.42386102818739,4.576138971812604
216,ELDEN RING Shadow of the Erdtree,2024-06-20,39.99,0.0,"FromSoftware, Inc.","FromSoftware, Inc.",104025,73064,30961,Mixed,"['Action', 'RPG']",Action,RPG,,2024.0,,70.2369622686854,29.76303773131459
217,Stellar Blade™,2025-06-11,0.0,0.0,SHIFT UP Corporation,PlayStation Publishing LLC (excluding China),92450,86745,5705,Very Positive,"['Action', 'Adventure', 'RPG']",Action,Adventure,RPG,2025.0,,93.82909680908598,6.170903190914007
218,Kerbal Space Program,2015-04-27,39.99,9.99,Squad,Private Division,145387,138945,6442,Overwhelmingly Positive,"['Indie', 'Simulation']",Indie,Simulation,,2015.0,75.0,95.56906738566721,4.430932614332781
219,Assassin's Creed® Odyssey,2018-10-05,59.99,11.99,Ubisoft Quebec,Ubisoft,186235,165272,20963,Very Positive,"['Action', 'Adventure', 'RPG']",Action,Adventure,RPG,2018.0,80.0,88.74379144629097,11.256208553709024
220,Garry's Mod,2006-11-29,9.99,4.99,Facepunch Studios,Valve,1255935,1216654,39281,Overwhelmingly Positive,"['Casual', 'Indie', 'Simulation']",Casual,Indie,Simulation,2006.0,50.0,96.8723699873003,3.1276300126997016
221,Indiana Jones and the Great Circle,2024-12-08,69.99,41.99,MachineGames,Bethesda Softworks,20143,18202,1941,Very Positive,"['Action', 'Adventure']",Action,Adventure,,2024.0,40.0,90.36389812838208,9.636101871617932
222,Delta Force,2024-12-04,0.0,0.0,Team Jade,TiMi Studio Group,191265,110825,80440,Mixed,"['Action', 'Adventure', 'Massively Multiplayer', 'Free To Play']",Action,Adventure,Massively Multiplayer,2024.0,,57.94316785611586,42.05683214388414
223,Tom Clancy’s The Division® 2,2023-01-12,0.0,0.0,Ubisoft,Ubisoft,35290,27817,7473,Mostly Positive,"['Action', 'Adventure', 'RPG']",Action,Adventure,RPG,2023.0,,78.82402947010485,21.175970529895157
224,Grounded 2,2025-07-29,29.99,0.0,Obsidian Entertainment,Xbox Game Studios,22609,18279,4330,Very Positive,"['Action', 'Adventure', 'Early Access']",Action,Adventure,Early Access,2025.0,,80.84833473395551,19.151665266044496
225,Gray Zone Warfare,2024-04-30,39.99,0.0,"MADFINGER Games, a.s.","MADFINGER Games, a.s.",78101,56466,21635,Mostly Positive,"['Action', 'Massively Multiplayer', 'Simulation', 'Early Access']",Action,Massively Multiplayer,Simulation,2024.0,,72.29869015761642,27.70130984238358
226,Bloons TD 6,2018-12-17,13.99,0.0,Ninja Kiwi,Ninja Kiwi,392195,381180,11015,Overwhelmingly Positive,['Strategy'],Strategy,,,2018.0,,97.1914481316692,2.808551868330805
227,Hell Let Loose: Vietnam,2026-08-13,39.99,35.99,Expression Games,Team17,0,0,0,"['Action', 'Massively Multiplayer', 'Simulation', 'Strategy']","['None', 'None', 'None', 'None']",None,None,None,2026.0,10.0,,
228,Call of Duty®,2022-10-27,69.99,0.0,Treyarch,Activision,778690,455736,322954,Mixed,['Action'],Action,,,2022.0,,58.525985950763456,41.474014049236544
229,Aimlabs,2023-06-16,0.0,0.0,Statespace,Statespace,136572,124411,12161,Mostly Positive,"['Action', 'Adventure', 'Casual', 'Indie']",Action,Adventure,Casual,2023.0,,91.09553934920774,8.904460650792256
230,Valheim,2021-02-02,29.99,0.0,Iron Gate AB,Coffee Stain Publishing,539454,507047,32407,Very Positive,"['Action', 'Adventure', 'Indie', 'RPG']",Action,Adventure,Indie,2021.0,,93.99262958472826,6.007370415271738
231,Cult of the Lamb,2022-08-11,24.99,0.0,Massive Monster,Devolver Digital,126966,121733,5233,Overwhelmingly Positive,"['Action', 'Adventure', 'Indie', 'Strategy']",Action,Adventure,Indie,2022.0,,95.87842414504671,4.121575854953295
232,OCTOPATH TRAVELER 0,2025-12-04,0.0,0.0,Square Enix,Square Enix,3631,2848,783,Very Positive,['RPG'],RPG,,,2025.0,,78.4356926466538,21.564307353346184
233,Age of Empires II: Definitive Edition,2019-11-14,34.99,0.0,World's Edge,Xbox Game Studios,181258,172059,9199,Very Positive,['Strategy'],Strategy,,,2019.0,,94.92491365898333,5.075086341016672
234,Gears 5,2019-09-09,29.99,4.49,The Coalition,Xbox Game Studios,24521,17311,7210,Mostly Positive,"['Action', 'Adventure']",Action,Adventure,,2019.0,85.0,70.59663145874964,29.40336854125036
235,NTE: Neverness to Everness,2026-07-07,0.0,0.0,Hotta Studio,Perfect World Games,4189,3541,648,Very Positive,"['Action', 'Adventure', 'RPG', 'Free To Play']",Action,Adventure,RPG,2026.0,,84.53091429935546,15.469085700644545
236,IdleOn,2025-11-06,0.0,0.0,Lavaflame2,Lavaflame2,29443,22832,6611,Mostly Positive,"['Adventure', 'Casual', 'Indie', 'Massively Multiplayer']",Adventure,Casual,Indie,2025.0,,77.54644567469347,22.453554325306524
237,Train Sim World® 6,2025-09-30,39.99,0.0,Dovetail Games,Dovetail Games - TSW,3920,2972,948,Mostly Positive,['Simulation'],Simulation,,,2025.0,,75.81632653061224,24.183673469387756
238,Abiotic Factor,2025-07-22,34.99,0.0,Deep Field Games,Playstack,57876,55448,2428,Very Positive,"['Action', 'Adventure', 'RPG', 'Simulation']",Action,Adventure,RPG,2025.0,,95.8048241067109,4.1951758932891
239,PRAGMATA,2026-04-16,0.0,0.0,"CAPCOM Co., Ltd.","CAPCOM Co., Ltd.",51259,49514,1745,Very Positive,"['Action', 'Adventure']",Action,Adventure,,2026.0,,96.59571977603933,3.4042802239606704
240,Balatro,2024-02-20,14.99,11.99,LocalThunk,Playstack,196235,192009,4226,Overwhelmingly Positive,"['Casual', 'Indie', 'Strategy']",Casual,Indie,Strategy,2024.0,20.0,97.8464596020078,2.153540397992203
241,The Planet Crafter,2024-04-10,0.0,0.0,Miju Games,Miju Games,72621,69745,2876,Very Positive,['Adventure'],Adventure,,,2024.0,,96.03971303066606,3.9602869693339393
242,FINAL FANTASY VII REMAKE INTERGRADE,2022-06-17,39.99,0.0,Square Enix,Square Enix,50882,44301,6581,Very Positive,"['Action', 'Adventure', 'RPG']",Action,Adventure,RPG,2022.0,,87.06615306002122,12.933846939978775
243,Witchspire,2026-06-10,22.99,0.0,Envar Games,Envar Games,1915,1590,325,Mostly Positive,"['Adventure', 'RPG', 'Early Access']",Adventure,RPG,Early Access,2026.0,,83.02872062663185,16.971279373368144
244,No Man's Sky,2016-08-12,59.99,0.0,Hello Games,Hello Games,413266,351225,62041,Very Positive,"['Action', 'Adventure']",Action,Adventure,,2016.0,,84.98763508248925,15.012364917510757
245,Solarpunk™,2026-06-08,22.99,0.0,Cyberwave,rokaplay,4026,3289,737,Very Positive,"['Adventure', 'Indie', 'Simulation']",Adventure,Indie,Simulation,2026.0,,81.69398907103826,18.30601092896175
246,inZOI,2025-03-27,39.99,0.0,inZOI Studio,"KRAFTON, Inc.",32241,24870,7371,Very Positive,"['Adventure', 'Casual', 'Simulation', 'Early Access']",Adventure,Casual,Simulation,2025.0,,77.13780589932074,22.862194100679258
247,God of War Ragnarök,2024-09-19,59.99,0.0,Santa Monica Studio,PlayStation Publishing LLC,49034,43561,5473,Very Positive,"['Action', 'Adventure', 'RPG']",Action,Adventure,RPG,2024.0,,88.83835705836766,11.161642941632337
248,Hades II,2025-09-25,29.99,0.0,Supergiant Games,Supergiant Games,122130,116900,5230,Overwhelmingly Positive,"['Action', 'Indie', 'RPG']",Action,Indie,RPG,2025.0,,95.71767788422173,4.282322115778269
249,WWE 2K26,2026-03-12,69.99,0.0,Visual Concepts,2K,2979,1618,1361,Mixed,"['Simulation', 'Sports']",Simulation,Sports,,2026.0,,54.313528029540116,45.686471970459884
250,STALZONE,2022-12-09,0.0,0.0,EXBO,EXBO,104901,76049,28852,Mixed,"['Action', 'Massively Multiplayer', 'RPG', 'Free To Play']",Action,Massively Multiplayer,RPG,2022.0,,72.49597239301818,27.504027606981822
251,Age of Wonders 4,2023-05-02,49.99,0.0,Triumph Studios,Paradox Interactive,22845,18572,4273,Mostly Positive,"['RPG', 'Strategy']",RPG,Strategy,,2023.0,,81.29568833442767,18.704311665572334
252,Hell Let Loose,2021-07-27,49.99,12.49,Expression Games,Team17,149017,121849,27168,Mostly Positive,"['Action', 'Indie', 'Massively Multiplayer', 'Simulation']",Action,Indie,Massively Multiplayer,2021.0,75.0,81.7685230544166,18.23147694558339
253,Ghost of Tsushima DIRECTOR'S CUT,2024-05-16,59.99,0.0,Sucker Punch Productions,PlayStation Publishing LLC,94957,89182,5775,Very Positive,"['Action', 'Adventure']",Action,Adventure,,2024.0,,93.91829986204282,6.0817001379571805
254,ZeroSpace,2026-07-20,39.99,0.0,Starlance Studios,Starlance Studios,1026,825,201,Mostly Positive,"['Action', 'Indie', 'Massively Multiplayer', 'RPG']",Action,Indie,Massively Multiplayer,2026.0,,80.4093567251462,19.5906432748538
255,Dead Space,2023-01-27,0.0,0.0,Motive,Electronic Arts,69549,62937,6612,Very Positive,"['Action', 'Adventure']",Action,Adventure,,2023.0,,90.49303368847863,9.506966311521374
256,DRAGON BALL XENOVERSE 2,2016-10-27,19.99,0.0,QLOC,Bandai Namco Entertainment,59141,53126,6015,Very Positive,"['Action', 'Adventure', 'Casual', 'Massively Multiplayer']",Action,Adventure,Casual,2016.0,,89.82939077797128,10.17060922202871
257,NARAKA: BLADEPOINT,2021-08-11,0.0,0.0,24 Entertainment,NetEase Games ,342353,236923,105430,Mixed,"['Action', 'Adventure', 'Massively Multiplayer', 'Free To Play']",Action,Adventure,Massively Multiplayer,2021.0,,69.2043008240033,30.795699175996706
258,Voidling Bound,2026-06-09,0.0,0.0,Hatchery Games,Hatchery Games,3255,3030,225,Very Positive,"['Action', 'Adventure', 'RPG']",Action,Adventure,RPG,2026.0,,93.08755760368663,6.912442396313365
259,S.T.A.L.K.E.R. 2: Heart of Chornobyl,2024-11-20,59.99,0.0,GSC Game World,GSC Game World (worldwide),136516,108328,28188,Mostly Positive,"['Action', 'Adventure', 'RPG']",Action,Adventure,RPG,2024.0,,79.35187084297812,20.648129157021888
260,Tainted Grail: The Fall of Avalon,2025-05-23,0.0,0.0,Questline,Awaken Realms,34520,30294,4226,Very Positive,"['Action', 'Adventure', 'Indie', 'RPG']",Action,Adventure,Indie,2025.0,,87.75782155272306,12.242178447276942
261,Cuphead,2017-09-29,19.99,0.0,Studio MDHR Entertainment Inc.,Studio MDHR Entertainment Inc.,218485,210112,8373,Very Positive,"['Action', 'Indie']",Action,Indie,,2017.0,,96.16770029979175,3.8322997002082526
262,No Rest for the Wicked,2024-04-18,39.99,0.0,Moon Studios GmbH,Moon Studios GmbH,80314,64493,15821,Mostly Positive,"['Action', 'Adventure', 'RPG', 'Early Access']",Action,Adventure,RPG,2024.0,,80.30106830689544,19.698931693104566
263,Mortal Kombat 1,2023-09-19,49.99,0.0,NetherRealm Studios,Warner Bros. Games,48867,35360,13507,Very Positive,['Action'],Action,,,2023.0,,72.35967012503325,27.640329874966746
264,Fishing Planet,2015-08-11,0.0,0.0,Fishing Planet LLC,Fishing Planet LLC,76584,66477,10107,Very Positive,"['Massively Multiplayer', 'Simulation', 'Sports', 'Free To Play']",Massively Multiplayer,Simulation,Sports,2015.0,,86.80272641805077,13.197273581949231
265,Timberborn,2026-03-12,34.99,0.0,Mechanistry,Mechanistry,41097,39390,1707,Overwhelmingly Positive,"['Indie', 'Simulation', 'Strategy']",Indie,Simulation,Strategy,2026.0,,95.84641214687204,4.1535878531279655
266,Sekiro™: Shadows Die Twice - GOTY Edition,2019-03-21,59.99,0.0,"FromSoftware, Inc.",Activision (Excluding Japan and Asia),353373,336612,16761,Very Positive,"['Action', 'Adventure']",Action,Adventure,,2019.0,,95.25685324006079,4.743146759939214
267,Marvel's Spider-Man 2 - Digital Deluxe Upgrade,2025-01-30,69.99,46.89,Insomniac Games,PlayStation Publishing LLC,112,88,24,Mostly Positive,"['Action', 'Adventure']",Action,Adventure,,2025.0,33.0,78.57142857142857,21.428571428571427
268,Assassin’s Creed Shadows,2025-03-19,69.99,0.0,Ubisoft Quebec,Ubisoft,38948,29366,9582,Mixed,"['Action', 'Adventure', 'RPG']",Action,Adventure,RPG,2025.0,,75.39796651946185,24.602033480538154
269,Call of Duty®: Warzone™,2022-11-16,0.0,0.0,Infinity Ward,Activision,50613,15579,35034,Mostly Negative,"['Action', 'Free To Play']",Action,Free To Play,,2022.0,,30.780629482544008,69.21937051745599
270,Planet Zoo,2019-11-05,44.99,0.0,Frontier Developments,Frontier Developments,97127,88381,8746,Very Positive,"['Casual', 'Simulation', 'Strategy']",Casual,Simulation,Strategy,2019.0,,90.99529482018389,9.004705179816117
271,REMATCH,2025-06-19,29.99,14.99,Sloclap,Sloclap,52162,35993,16169,Mostly Positive,"['Action', 'Indie', 'Sports']",Action,Indie,Sports,2025.0,50.0,69.00233886737472,30.997661132625282
272,Scritchy Scratchy,2026-03-18,0.0,0.0,Lunch Money Games,Funday Games,14212,13440,772,Overwhelmingly Positive,"['Casual', 'Indie', 'Simulation']",Casual,Indie,Simulation,2026.0,,94.56797072896144,5.432029271038559
273,Super Battle Golf,2026-02-19,12.99,0.0,Brimstone,Oro Interactive,11105,10345,760,Very Positive,"['Casual', 'Indie', 'Sports']",Casual,Indie,Sports,2026.0,,93.15623592976137,6.843764070238631
274,Call of Duty®: Black Ops 7 - BlackCell (Season 05),2026-07-23,29.99,0.0,Treyarch,Activision,15,14,1,Positive,['Action'],Action,,,2026.0,,93.33333333333333,6.666666666666667
275,KINGDOM HEARTS -HD 1.5+2.5 ReMIX-,2024-06-13,49.99,0.0,Square Enix,Square Enix,11213,9689,1524,Very Positive,"['Action', 'Adventure', 'RPG']",Action,Adventure,RPG,2024.0,,86.40863283688576,13.591367163114242
276,Retro Rewind - Video Store Simulator,2026-03-17,0.0,0.0,Blood Pact Studios,Blood Pact Studios,9670,9263,407,Very Positive,"['Casual', 'Indie', 'Simulation']",Casual,Indie,Simulation,2026.0,,95.79110651499482,4.20889348500517
277,Avatar: Frontiers of Pandora™,2024-06-17,29.99,0.0,Massive Entertainment – A Ubisoft Studio,Ubisoft,15331,11911,3420,Mostly Positive,"['Action', 'Adventure']",Action,Adventure,,2024.0,,77.6922575174483,22.307742482551692
278,hololive Dreams,2026-07-22,0.0,0.0,"QualiArts, Inc.","QualiArts, Inc.",2425,1576,849,Mixed,"['Action', 'Adventure', 'RPG', 'Free To Play']",Action,Adventure,RPG,2026.0,,64.98969072164948,35.01030927835052
279,MONSTER HUNTER RISE,2022-01-12,0.0,0.0,"CAPCOM Co., Ltd.","CAPCOM Co., Ltd.",125269,104439,20830,Very Positive,['Action'],Action,,,2022.0,,83.371783921002,16.628216078997994
280,Left 4 Dead 2,2009-11-16,9.99,0.0,Valve,Valve,1051022,1025018,26004,Overwhelmingly Positive,['Action'],Action,,,2009.0,,97.5258367569851,2.474163243014894
281,Among Us,2018-11-16,4.99,0.0,Innersloth,Innersloth,741982,682586,59396,Very Positive,['Casual'],Casual,,,2018.0,,91.99495405548922,8.005045944510783
282,PGA TOUR 2K25,2025-02-27,0.0,0.0,HB Studios,2K,4646,3217,1429,Mostly Positive,"['RPG', 'Simulation', 'Sports']",RPG,Simulation,Sports,2025.0,,69.24235901851054,30.757640981489452
283,Planet Coaster 2,2024-11-06,49.99,0.0,Frontier Developments,Frontier Developments,14169,10456,3713,Very Positive,"['Simulation', 'Strategy']",Simulation,Strategy,,2024.0,,73.79490436869222,26.205095631307785
284,Resident Evil 2,2019-01-24,0.0,0.0,"CAPCOM Co., Ltd.","CAPCOM Co., Ltd.",219967,213471,6496,Overwhelmingly Positive,['Action'],Action,,,2019.0,,97.04682975173549,2.9531702482645126
285,SMITE 2,2024-08-27,0.0,0.0,Titan Forge Games,Hi-Rez Studios,23050,12641,10409,Mixed,"['Action', 'Adventure', 'Casual', 'Massively Multiplayer']",Action,Adventure,Casual,2024.0,,54.8416485900217,45.15835140997831
286,F1® 25,2025-05-30,0.0,0.0,Codemasters,Electronic Arts,28046,24426,3620,Very Positive,"['Racing', 'Sports']",Racing,Sports,,2025.0,,87.09263353062825,12.907366469371748
287,MY HERO ULTRA RUMBLE,2023-09-28,0.0,0.0,Byking Inc.,Bandai Namco Entertainment,26899,18410,8489,Mostly Positive,"['Action', 'Casual', 'Free To Play']",Action,Casual,Free To Play,2023.0,,68.44120599278783,31.558794007212164
288,Fears to Fathom® - Scratch Creek,2026-06-10,7.99,0.0,Rayll,Rayll Studios,7269,5513,1756,Mostly Positive,"['Adventure', 'Casual', 'Indie']",Adventure,Casual,Indie,2026.0,,75.84261934241299,24.157380657587012
289,Deep Rock Galactic,2020-05-13,29.99,8.99,Ghost Ship Games,Coffee Stain Publishing,378722,367866,10856,Very Positive,['Action'],Action,,,2020.0,70.0,97.13351746135687,2.8664825386431207
290,Cities: Skylines,2015-03-10,29.99,0.0,Colossal Order,Paradox Interactive,291062,270349,20713,Very Positive,"['Simulation', 'Strategy']",Simulation,Strategy,,2015.0,,92.8836467831596,7.116353216840398
291,Granblue Fantasy: Relink - Endless Ragnarok Upgrade Kit (Standard Edition),2026-07-08,29.99,0.0,"Cygames, Inc.","Cygames, Inc.",1189,943,246,Mostly Positive,"['Action', 'Adventure', 'RPG']",Action,Adventure,RPG,2026.0,,79.3103448275862,20.689655172413794
292,Fields of Mistria,2024-08-05,13.99,0.0,NPC Studio,NPC Studio,29208,28528,680,Very Positive,"['Indie', 'RPG', 'Simulation', 'Early Access']",Indie,RPG,Simulation,2024.0,,97.67187072035058,2.3281292796494113
293,STAR WARS Jedi: Survivor™,2023-04-27,0.0,0.0,Respawn,Electronic Arts,85225,60455,24770,Mostly Positive,"['Action', 'Adventure']",Action,Adventure,,2023.0,,70.93575828688765,29.06424171311235
294,RACCOIN: Coin Pusher Roguelike,2026-03-31,11.99,9.59,Doraccoon ,Playstack,4447,3680,767,Very Positive,"['Casual', 'Indie', 'Simulation', 'Strategy']",Casual,Indie,Simulation,2026.0,20.0,82.752417360018,17.24758263998201
295,DEATH STRANDING 2: ON THE BEACH,2026-03-19,69.99,0.0,KOJIMA PRODUCTIONS,PlayStation Publishing LLC,26087,24856,1231,Very Positive,"['Action', 'Adventure']",Action,Adventure,,2026.0,,95.28117453137578,4.718825468624218
296,Wizard101,2008-09-02,0.0,0.0,KingsIsle Entertainment,KingsIsle Entertainment,9454,7811,1643,Mostly Positive,"['Adventure', 'Casual', 'Massively Multiplayer', 'RPG']",Adventure,Casual,Massively Multiplayer,2008.0,,82.62111275650518,17.378887243494816
297,Resident Evil Village,2021-05-06,0.0,0.0,"CAPCOM Co., Ltd.","CAPCOM Co., Ltd.",152225,145568,6657,Overwhelmingly Positive,['Action'],Action,,,2021.0,,95.62686812284447,4.373131877155526
298,Space Engineers,2019-02-28,0.0,0.0,Keen Software House,Keen Software House,137024,121259,15765,Mostly Positive,"['Action', 'Indie', 'Simulation', 'Strategy']",Action,Indie,Simulation,2019.0,,88.49471625408688,11.505283745913125
299,Abyssus,2025-08-12,24.99,14.99,DoubleMoose Games,The Arcade Crew,5393,4580,813,Very Positive,"['Action', 'Adventure', 'Indie']",Action,Adventure,Indie,2025.0,40.0,84.92490265158538,15.075097348414612
300,VEIN,2025-10-24,0.0,0.0,Ramjet Studios,Ramjet Studios,11719,10349,1370,Mostly Positive,"['Action', 'RPG', 'Simulation', 'Early Access']",Action,RPG,Simulation,2025.0,,88.30958272890179,11.690417271098216
301,Grounded,2022-09-27,39.99,0.0,Obsidian Entertainment,Xbox Game Studios,95257,85471,9786,Very Positive,"['Action', 'Adventure']",Action,Adventure,,2022.0,,89.72673924226041,10.273260757739589
302,Mewgenics,2026-02-10,29.99,0.0,Edmund McMillen,Edmund McMillen,52424,47134,5290,Very Positive,"['Adventure', 'Indie', 'RPG', 'Simulation']",Adventure,Indie,RPG,2026.0,,89.90920189226308,10.090798107736914
303,The Binding of Isaac: Repentance,2021-03-31,0.0,0.0,"Nicalis, Inc.","Nicalis, Inc.",13630,11485,2145,Very Positive,"['Action', 'Adventure', 'RPG']",Action,Adventure,RPG,2021.0,,84.2626559060895,15.73734409391049
304,Manor Lords,2024-04-26,39.99,0.0,Slavic Magic,Hooded Horse,89693,75506,14187,Mostly Positive,"['Simulation', 'Strategy', 'Early Access']",Simulation,Strategy,Early Access,2024.0,,84.18271214030081,15.817287859699197
305,GUILTY GEAR -STRIVE-,2021-06-11,39.99,0.0,Arc System Works,Arc System Works,66503,58497,8006,Very Positive,['Action'],Action,,,2021.0,,87.96144534833014,12.03855465166985
306,Call of Duty®: Black Ops 7,2025-11-13,69.99,0.0,Treyarch,Activision,4755,1815,2940,Mostly Negative,['Action'],Action,,,2025.0,,38.170347003154575,61.82965299684543
307,PAYDAY 2,2013-08-13,9.99,0.0,OVERKILL - a Starbreeze Studio.,Starbreeze Entertainment,673946,602155,71791,Very Positive,"['Action', 'RPG']",Action,RPG,,2013.0,,89.34766286913195,10.652337130868052
308,GIRLS' FRONTLINE 2: EXILIUM,2025-02-10,0.0,0.0,"SUNBORN Information Co., Ltd.",Darkwinter Software Limited,3170,2192,978,Very Positive,"['Action', 'Adventure', 'RPG', 'Strategy']",Action,Adventure,RPG,2025.0,,69.14826498422713,30.851735015772867
309,Angels Fall First,2026-07-11,17.99,0.0,Strangely Interactive Ltd,Strangely Interactive Ltd,3941,3230,711,Mostly Positive,"['Action', 'Indie', 'Simulation']",Action,Indie,Simulation,2026.0,,81.95889368180664,18.04110631819335
310,Black Myth: Wukong,2024-08-19,59.99,0.0,Game Science,Game Science,1204272,1162419,41853,Very Positive,"['Action', 'Adventure', 'RPG']",Action,Adventure,RPG,2024.0,,96.52462234445375,3.475377655546255
311,Age of Empires IV: Anniversary Edition,2021-10-28,39.99,0.0,World's Edge,Xbox Game Studios,94958,81407,13551,Very Positive,['Strategy'],Strategy,,,2021.0,,85.72948040186188,14.270519598138124
312,End of Zoe,2017-12-11,14.99,0.0,"CAPCOM Co., Ltd.","CAPCOM Co., Ltd.",1794,1549,245,Mostly Positive,"['Action', 'Adventure']",Action,Adventure,,2017.0,,86.34336677814939,13.656633221850614
313,Holdfast: Nations At War,2020-03-05,19.99,0.0,Anvil Game Studios,Anvil Game Studios,29345,26363,2982,Very Positive,"['Action', 'Indie', 'Massively Multiplayer', 'RPG']",Action,Indie,Massively Multiplayer,2020.0,,89.83813256091328,10.161867439086727
314,The Last of Us™ Part I,2023-03-28,59.99,0.0,Naughty Dog LLC,PlayStation Publishing LLC,107288,90364,16924,Overwhelmingly Positive,"['Action', 'Adventure']",Action,Adventure,,2023.0,,84.22563567220938,15.774364327790618
315,ULTRAKILL,2020-09-03,29.99,22.49,"Arsi ""Hakita"" Patala",New Blood Interactive,239317,233051,6266,Overwhelmingly Positive,"['Action', 'Indie', 'Early Access']",Action,Indie,Early Access,2020.0,25.0,97.38171546526155,2.618284534738443
316,Call of Duty®: Black Ops,2010-11-09,39.99,0.0,Treyarch,Activision,42992,39108,3884,Very Positive,['Action'],Action,,,2010.0,,90.96576107182732,9.034238928172684
317,UNBEATABLE,2025-12-09,27.99,0.0,D-CELL GAMES,Playstack,7197,6650,547,Very Positive,['Adventure'],Adventure,,,2025.0,,92.39961094900653,7.60038905099347
318,Dragon's Dogma 2,2024-03-21,0.0,0.0,"CAPCOM Co., Ltd.","CAPCOM Co., Ltd.",115843,71311,44532,Mostly Positive,"['Action', 'RPG']",Action,RPG,,2024.0,,61.558315996650634,38.441684003349366
319,Leafy Corner,2026-07-30,0.0,0.0,Fireline Games,Fireline Games,869,856,13,Overwhelmingly Positive,"['Casual', 'Indie', 'Simulation']",Casual,Indie,Simulation,2026.0,,98.50402761795168,1.4959723820483315
320,Star Trek Online,2010-02-02,0.0,0.0,Cryptic Studios,Arc Games,21215,16777,4438,Mostly Positive,"['Massively Multiplayer', 'RPG', 'Free To Play']",Massively Multiplayer,RPG,Free To Play,2010.0,,79.08083902898892,20.919160971011078
321,The Last of Us™ Part II Remastered,2025-04-03,49.99,0.0,Naughty Dog LLC,PlayStation Publishing LLC,53574,48733,4841,Very Positive,"['Action', 'Adventure']",Action,Adventure,,2025.0,,90.9639003994475,9.036099600552507
322,STAR WARS Zero Company™,2026-08-27,49.99,0.0,Bit Reactor,Electronic Arts,0,0,0,['Strategy'],"['None', 'None', 'None', 'None']",None,None,None,2026.0,,,
323,World of Sea Battle,2025-10-21,0.0,0.0,Thera Interactive,Thera Interactive,8378,6315,2063,Mostly Positive,"['Action', 'Massively Multiplayer', 'RPG', 'Free To Play']",Action,Massively Multiplayer,RPG,2025.0,,75.37598472189066,24.624015278109333
324,TEKKEN 8,2024-01-25,0.0,0.0,Bandai Namco Studios Inc.,Bandai Namco Entertainment,74028,40926,33102,Mostly Positive,['Action'],Action,,,2024.0,,55.28448695088345,44.71551304911655
325,Teardown,2022-04-21,29.99,0.0,Tuxedo Labs,Tuxedo Labs,134337,128744,5593,Overwhelmingly Positive,"['Action', 'Indie', 'Simulation', 'Strategy']",Action,Indie,Simulation,2022.0,,95.83659006826116,4.163409931738836
326,Undertale,2015-09-15,9.99,2.49,tobyfox,tobyfox,334683,322964,11719,Overwhelmingly Positive,"['Indie', 'RPG']",Indie,RPG,,2015.0,75.0,96.49847766393871,3.5015223360612877
327,SnowRunner,2021-05-17,29.99,0.0,Saber Interactive,Focus Entertainment,55344,49876,5468,Very Positive,"['Adventure', 'Simulation']",Adventure,Simulation,,2021.0,,90.1199768719283,9.880023128071697
328,Overcooked! 2,2018-08-07,24.99,6.24,Ghost Town Games Ltd.,Team17,83453,75462,7991,Very Positive,"['Action', 'Casual', 'Indie']",Action,Casual,Indie,2018.0,75.0,90.42455034570357,9.575449654296431
329,Persona 3 Reload,2024-02-01,0.0,0.0,ATLUS,SEGA,60821,57405,3416,Overwhelmingly Positive,"['Adventure', 'RPG', 'Strategy']",Adventure,RPG,Strategy,2024.0,,94.38351885039707,5.616481149602933
330,DOOM Eternal,2020-03-19,29.99,9.89,id Software,Bethesda Softworks,219598,200086,19512,Very Positive,['Action'],Action,,,2020.0,67.0,91.11467317552983,8.88532682447017
331,Destiny 2: The Edge of Fate,2025-07-15,19.99,7.99,Bungie,Bungie,3968,1038,2930,Very Negative,"['Action', 'Adventure', 'Free To Play']",Action,Adventure,Free To Play,2025.0,60.0,26.159274193548388,73.84072580645162
332,Trailmakers,2019-09-18,24.99,4.99,Flashbulb,Flashbulb,38176,35157,3019,Very Positive,"['Action', 'Adventure', 'Indie', 'Racing']",Action,Adventure,Indie,2019.0,80.0,92.09189019279128,7.908109807208717
333,Chivalry 2,2022-06-12,39.99,7.99,Torn Banner Studios,Tripwire Presents,58321,46117,12204,Mostly Positive,"['Action', 'Massively Multiplayer']",Action,Massively Multiplayer,,2022.0,80.0,79.07443288009465,20.925567119905352
334,Borderlands 3,2020-03-13,59.99,5.99,Gearbox Software,2K,163562,132511,31051,Very Positive,"['Action', 'RPG']",Action,RPG,,2020.0,90.0,81.01576160721929,18.98423839278072
335,Lethal Company,2023-10-23,9.99,0.0,Zeekerss,Zeekerss,510079,494649,15430,Very Positive,"['Action', 'Adventure', 'Indie', 'Early Access']",Action,Adventure,Indie,2023.0,,96.97497838570104,3.0250216142989617
336,Factorio: Space Age,2024-10-21,35.0,0.0,Wube Software LTD.,Wube Software LTD.,6766,6211,555,Very Positive,"['Casual', 'Indie', 'Simulation', 'Strategy']",Casual,Indie,Simulation,2024.0,,91.79722140112327,8.202778598876737
337,MechWarrior 5: Mercenaries,2021-05-26,29.99,7.49,Piranha Games Inc.,Piranha Games Inc.,15653,13266,2387,Very Positive,"['Action', 'Simulation']",Action,Simulation,,2021.0,75.0,84.75052705551651,15.249472944483486
338,Persona5: The Phantom X,2025-06-25,0.0,0.0,ATLUS,SEGA,13236,6745,6491,Mixed,"['Adventure', 'RPG', 'Free To Play']",Adventure,RPG,Free To Play,2025.0,,50.959504381988516,49.040495618011484
339,Dead Cells,2018-08-06,24.99,12.49,Motion Twin,Motion Twin,182318,176923,5395,Overwhelmingly Positive,"['Action', 'Adventure', 'Indie']",Action,Adventure,Indie,2018.0,50.0,97.04088460821202,2.959115391787975
340,Tabletop Tavern,2026-06-11,0.0,0.0,TJ,Frostbloom,1881,1698,183,Very Positive,['Strategy'],Strategy,,,2026.0,,90.27113237639554,9.728867623604467
341,Gunfire Reborn,2021-11-17,19.99,13.99,Gunfire Reborn Studio,Duoyi Games,103544,96415,7129,Very Positive,"['Action', 'Adventure', 'Indie', 'RPG']",Action,Adventure,Indie,2021.0,30.0,93.11500424940122,6.8849957505987796
342,ARK: Survival Evolved,2017-08-27,14.99,0.0,Studio Wildcard,Studio Wildcard,774753,645622,129131,Very Positive,"['Action', 'Adventure', 'Indie', 'Massively Multiplayer']",Action,Adventure,Indie,2017.0,,83.33262342966081,16.667376570339194
343,Bodycam,2024-06-07,33.32,0.0,Reissad Studio,Reissad Studio,44545,33882,10663,Very Positive,"['Action', 'Indie', 'Massively Multiplayer', 'Simulation']",Action,Indie,Massively Multiplayer,2024.0,,76.0624088000898,23.9375911999102
344,Supermarket Simulator,2025-06-19,19.99,0.0,Nokta Games,Nokta Games,83539,76908,6631,Very Positive,"['Casual', 'Indie', 'Simulation']",Casual,Indie,Simulation,2025.0,,92.06239002142712,7.937609978572882
345,Assetto Corsa,2014-12-19,19.99,0.0,Kunos Simulazioni,505 Games,172760,160399,12361,Very Positive,"['Indie', 'Racing', 'Simulation', 'Sports']",Indie,Racing,Simulation,2014.0,,92.84498726557074,7.155012734429265
346,Mina the Hollower,2026-05-28,19.99,0.0,Yacht Club Games,Yacht Club Games,8120,7186,934,Very Positive,"['Action', 'Adventure']",Action,Adventure,,2026.0,,88.49753694581281,11.502463054187192
347,Dirty Business,2026-07-22,0.0,0.0,Plan Dirty Games,Plan Dirty Games,676,522,154,Mostly Positive,"['Simulation', 'Early Access']",Simulation,Early Access,,2026.0,,77.2189349112426,22.781065088757398
348,Company of Heroes 3,2023-02-23,59.99,23.99,Relic Entertainment,Relic Entertainment,39694,22571,17123,Mixed,"['Action', 'Strategy']",Action,Strategy,,2023.0,60.0,56.86249811054568,43.13750188945433
349,Lies of P,2023-09-18,59.99,0.0,NEOWIZ,NEOWIZ,80811,74081,6730,Very Positive,"['Action', 'Adventure', 'RPG']",Action,Adventure,RPG,2023.0,,91.67192585167861,8.328074148321392
350,EA SPORTS™ Madden NFL 27,2026-08-13,69.99,0.0,Tiburon,Electronic Arts,0,0,0,"['Simulation', 'Sports']","['None', 'None', 'None', 'None']",None,None,None,2026.0,,,
351,World of Warships: Legends,2026-05-04,0.0,0.0,Wargaming Group Limited,Wargaming Group Limited,559,364,195,Mixed,"['Action', 'Massively Multiplayer', 'Simulation', 'Strategy']",Action,Massively Multiplayer,Simulation,2026.0,,65.11627906976744,34.883720930232556
352,The Last Caretaker,2025-11-06,0.0,0.0,Channel37 Ltd,Channel37 Ltd,12775,10983,1792,Very Positive,"['Action', 'Adventure', 'Indie', 'Simulation']",Action,Adventure,Indie,2025.0,,85.97260273972603,14.027397260273972
353,EA SPORTS FC™ 27,2026-09-24,69.99,0.0,EA CANADA,Electronic Arts,0,0,0,"['Simulation', 'Sports']","['None', 'None', 'None', 'None']",None,None,None,2026.0,,,
354,Hollow Knight: Silksong,2025-09-04,19.99,0.0,Team Cherry,Team Cherry,417797,373545,44252,Very Positive,"['Action', 'Adventure', 'Indie']",Action,Adventure,Indie,2025.0,,89.40825329047361,10.591746709526397
355,"Warhammer 40,000: Darktide - Skitarii Class",2026-06-23,11.99,0.0,Fatshark,Fatshark,1285,735,550,Mixed,"['Action', 'Adventure', 'RPG']",Action,Adventure,RPG,2026.0,,57.19844357976653,42.80155642023346
356,God of War,2022-01-14,49.99,0.0,Santa Monica Studio,PlayStation Publishing LLC,183251,175825,7426,Overwhelmingly Positive,"['Action', 'Adventure', 'RPG']",Action,Adventure,RPG,2022.0,,95.94763466502229,4.052365334977708
357,DragonSword Awakening - Deluxe Pack,2026-07-22,19.99,0.0,Hound13 Inc.,Hound13 Inc.,52,42,10,Very Positive,"['Action', 'Adventure', 'RPG']",Action,Adventure,RPG,2026.0,,80.76923076923077,19.230769230769234
358,Mount & Blade II: Bannerlord - War Sails,2025-11-26,24.99,0.0,TaleWorlds Entertainment,TaleWorlds Entertainment,5615,2509,3106,Mostly Negative,"['Action', 'Indie', 'RPG', 'Simulation']",Action,Indie,RPG,2025.0,,44.68388245770258,55.31611754229742
359,World of Tanks,2021-04-28,0.0,0.0,Wargaming Group Limited,Wargaming Group Limited,100184,80107,20077,Mixed,"['Action', 'Massively Multiplayer', 'Simulation', 'Free To Play']",Action,Massively Multiplayer,Simulation,2021.0,,79.95987383214884,20.040126167851156
360,Species: Unknown,2025-10-23,0.0,0.0,WanadevStudio,WanadevStudio,10455,9891,564,Very Positive,"['Action', 'Indie', 'Early Access']",Action,Indie,Early Access,2025.0,,94.60545193687231,5.39454806312769
361,Pass the Fear,2026-07-22,18.99,17.09,PlayMud Studio,Paras Games,2244,1718,526,Mostly Positive,"['Action', 'Adventure', 'Casual', 'Indie']",Action,Adventure,Casual,2026.0,10.0,76.55971479500892,23.44028520499109
362,DCS World Steam Edition,2018-03-18,0.0,0.0,Eagle Dynamics SA,Eagle Dynamics SA,40853,34746,6107,Very Positive,"['Simulation', 'Free To Play']",Simulation,Free To Play,,2018.0,,85.05128142364086,14.948718576359141
363,The Incident at Galley House,2026-07-14,19.99,0.0,William Rous,Evil Trout Inc.,2916,2764,152,Overwhelmingly Positive,['Adventure'],Adventure,,,2026.0,,94.78737997256516,5.212620027434842
364,ARMORED CORE™ VI FIRES OF RUBICON™,2023-08-24,59.99,0.0,"FromSoftware, Inc.","FromSoftware, Inc.",85249,78157,7092,Very Positive,['Action'],Action,,,2023.0,,91.6808408309775,8.31915916902251
365,Euro Truck Simulator 2,2012-10-18,0.0,0.0,SCS Software,SCS Software,970097,944002,26095,Overwhelmingly Positive,"['Indie', 'Simulation']",Indie,Simulation,,2012.0,,97.31006280815218,2.689937191847825
366,Company of Heroes 3: Final Stand,2026-07-29,29.99,26.99,Relic Entertainment,Relic Entertainment,727,363,364,Mixed,"['Action', 'Strategy']",Action,Strategy,,2026.0,10.0,49.93122420907841,50.06877579092159
367,The Legend of Heroes: Trails beyond the Horizon,2026-01-15,0.0,0.0,Nihon Falcom,"NIS America, Inc.",700,652,48,Very Positive,"['Action', 'Adventure', 'RPG']",Action,Adventure,RPG,2026.0,,93.14285714285714,6.857142857142858
368,Deep Rock Galactic: Rogue Core,2026-05-20,29.99,23.99,Ghost Ship Games,Ghost Ship Publishing,14927,9018,5909,Mixed,"['Action', 'Early Access']",Action,Early Access,,2026.0,20.0,60.41401487237891,39.585985127621086
369,Denshattack!,2026-07-15,19.99,0.0,Undercoders,Fireshine Games,2429,2386,43,Overwhelmingly Positive,"['Action', 'Adventure']",Action,Adventure,,2026.0,,98.22972416632359,1.7702758336764102
370,Don't Starve Together,2016-04-21,14.99,0.0,Klei Entertainment,Klei Entertainment,540795,513422,27373,Very Positive,"['Action', 'Adventure', 'Indie', 'RPG']",Action,Adventure,Indie,2016.0,,94.9383777586701,5.061622241329894
371,DREDGE,2023-03-30,39.99,19.99,Black Salt Games,Team17,55971,53635,2336,Overwhelmingly Positive,"['Adventure', 'RPG']",Adventure,RPG,,2023.0,50.0,95.82641010523307,4.173589894766932
372,YAPYAP,2026-02-03,9.99,0.0,Maison Bap,Maison Bap,9472,7982,1490,Very Positive,['Action'],Action,,,2026.0,,84.26942567567568,15.730574324324326
373,WorldBox - God Simulator,2021-12-02,19.99,0.0,Maxim Karpenko,Maxim Karpenko,55952,53333,2619,Overwhelmingly Positive,"['Indie', 'Simulation', 'Early Access']",Indie,Simulation,Early Access,2021.0,,95.3192021732914,4.6807978267086074
374,Dune: Awakening,2025-06-10,49.99,0.0,Funcom,Funcom,77789,54983,22806,Mostly Positive,"['Action', 'Adventure', 'Massively Multiplayer', 'RPG']",Action,Adventure,Massively Multiplayer,2025.0,,70.68223013536618,29.31776986463382
375,Fallout: New Vegas,2010-10-19,9.99,4.99,Obsidian Entertainment,Bethesda Softworks,260200,249765,10435,Very Positive,"['Action', 'RPG']",Action,RPG,,2010.0,50.0,95.98962336664104,4.010376633358955
376,War Robots,2018-04-05,0.0,0.0,MY.GAMES,MY.GAMES,30540,18348,12192,Mixed,"['Action', 'Free To Play']",Action,Free To Play,,2018.0,,60.078585461689585,39.921414538310415
377,Two Point Museum,2025-03-04,29.99,0.0,Two Point Studios,SEGA,13019,12416,603,Overwhelmingly Positive,"['Casual', 'Indie', 'Simulation', 'Strategy']",Casual,Indie,Simulation,2025.0,,95.36830785774637,4.6316921422536295
378,DARK SOULS™ III,2016-04-11,59.99,0.0,"FromSoftware, Inc.","FromSoftware, Inc.",438566,413766,24800,Very Positive,['Action'],Action,,,2016.0,,94.34520687878222,5.654793121217787
379,Age of Mythology: Retold,2024-09-04,29.99,0.0,World's Edge,Xbox Game Studios,23231,21018,2213,Very Positive,['Strategy'],Strategy,,,2024.0,,90.47393568938057,9.52606431061943
380,For The King II,2023-11-02,24.99,8.49,IronOak Games,Curve Games,15965,11312,4653,Mostly Positive,"['Adventure', 'Indie', 'RPG', 'Strategy']",Adventure,Indie,RPG,2023.0,66.0,70.85499530222361,29.145004697776383
381,Bellwright,2024-04-23,29.99,0.0,Donkey Crew,Donkey Crew,21137,16968,4169,Mostly Positive,"['Action', 'RPG', 'Simulation', 'Strategy']",Action,RPG,Simulation,2024.0,,80.27629275677721,19.723707243222783
382,Outer Wilds,2020-06-18,24.99,0.0,Mobius Digital,Annapurna Interactive,106123,101456,4667,Very Positive,"['Action', 'Adventure']",Action,Adventure,,2020.0,,95.60227283435259,4.397727165647409
383,The Binding of Isaac: Afterbirth,2015-10-30,10.99,0.0,"Nicalis, Inc.","Nicalis, Inc.",8229,7677,552,Very Positive,"['Action', 'Adventure']",Action,Adventure,,2015.0,,93.2920160408312,6.707983959168794
384,The Adventures of Elliot: The Millennium Tales,2026-06-18,0.0,0.0,Square Enix,Square Enix,2184,1731,453,Very Positive,"['Action', 'Adventure', 'RPG']",Action,Adventure,RPG,2026.0,,79.25824175824175,20.741758241758244
385,Oxygen Not Included,2019-07-30,24.99,0.0,Klei Entertainment,Klei Entertainment,143151,138479,4672,Overwhelmingly Positive,"['Indie', 'Simulation']",Indie,Simulation,,2019.0,,96.73631340332935,3.2636865966706488
386,Witchfire,2024-09-23,39.99,31.99,The Astronauts,The Astronauts,16893,15468,1425,Very Positive,"['Action', 'Early Access']",Action,Early Access,,2024.0,20.0,91.56455336529923,8.435446634700764
387,Slime Rancher 2,2025-09-23,29.99,17.99,Monomi Park,Monomi Park,49435,46727,2708,Very Positive,"['Action', 'Adventure', 'Casual', 'Indie']",Action,Adventure,Casual,2025.0,40.0,94.52209972691413,5.47790027308587
388,Mass Effect™ Legendary Edition,2021-05-14,0.0,0.0,BioWare,Electronic Arts,66458,60599,5859,Very Positive,"['Action', 'RPG']",Action,RPG,,2021.0,,91.18390562460502,8.816094375394986
389,Arma 3,2013-09-12,29.99,0.0,Bohemia Interactive,Bohemia Interactive,297365,268571,28794,Very Positive,"['Action', 'Simulation', 'Strategy']",Action,Simulation,Strategy,2013.0,,90.31695054898861,9.683049451011383
390,Easy Red 2,2020-11-10,8.99,0.0,Marco Amadei,Corvostudio di Amadei Marco,14366,12968,1398,Very Positive,"['Action', 'Indie', 'Simulation', 'Strategy']",Action,Indie,Simulation,2020.0,,90.26868996241126,9.731310037588752
391,Escape from Tarkov - The Unheard Steam Edition Expansion Pack,2026-05-20,0.0,0.0,Battlestate Games,Battlestate Games,124,103,21,Very Positive,"['Action', 'Massively Multiplayer', 'RPG', 'Simulation']",Action,Massively Multiplayer,RPG,2026.0,,83.06451612903226,16.93548387096774
392,Dying Light,2015-01-26,24.99,4.99,Techland,Techland,498931,474745,24186,Very Positive,"['Action', 'Adventure', 'RPG']",Action,Adventure,RPG,2015.0,80.0,95.15243590797124,4.847564092028757
393,Subnautica,2018-01-23,29.99,0.0,Unknown Worlds Entertainment,Unknown Worlds Entertainment,378071,367082,10989,Overwhelmingly Positive,"['Adventure', 'Indie']",Adventure,Indie,,2018.0,,97.09340309095381,2.9065969090461845
394,Terra Invicta,2026-01-05,39.99,19.99,Pavonis Interactive,Hooded Horse,9682,7796,1886,Mostly Positive,"['Simulation', 'Strategy']",Simulation,Strategy,,2026.0,50.0,80.52055360462714,19.479446395372857
395,X4: Foundations,2018-11-30,49.99,9.99,Egosoft,Egosoft,29745,23775,5970,Mostly Positive,"['Action', 'Simulation', 'Strategy']",Action,Simulation,Strategy,2018.0,80.0,79.92939989914272,20.070600100857288
396,Hollow Knight,2017-02-24,14.99,0.0,Team Cherry,Team Cherry,555488,538336,17152,Overwhelmingly Positive,"['Action', 'Adventure', 'Indie']",Action,Adventure,Indie,2017.0,,96.91226453136701,3.0877354686329856
397,Grand Theft Auto: San Andreas – The Definitive Edition,2023-01-19,7.99,0.0,Rockstar Games,Rockstar Games,15651,12495,3156,Very Positive,"['Action', 'Adventure']",Action,Adventure,,2023.0,,79.8351543032394,20.16484569676059
398,Nioh 3,2026-02-05,0.0,0.0,"KOEI TECMO GAMES CO., LTD.","KOEI TECMO GAMES CO., LTD.",18732,14775,3957,Mixed,"['Action', 'RPG']",Action,RPG,,2026.0,,78.87572069186419,21.12427930813581
399,REANIMAL,2026-02-13,0.0,0.0,Tarsier Studios,THQ Nordic,24289,18123,6166,Very Positive,['Adventure'],Adventure,,,2026.0,,74.61402280867883,25.385977191321174
400,Soul Land: Awakening World,2026-06-01,0.0,0.0,37GAMES,37GAMES,349,167,182,Mixed,"['Action', 'Adventure', 'Massively Multiplayer', 'RPG']",Action,Adventure,Massively Multiplayer,2026.0,,47.85100286532951,52.14899713467048
401,Resident Evil 3,2020-04-02,0.0,0.0,"CAPCOM Co., Ltd.","CAPCOM Co., Ltd.",124576,103899,20677,Very Positive,['Action'],Action,,,2020.0,,83.40209992293862,16.597900077061393
402,Fatekeeper,2026-06-02,9.99,0.0,Paraglacial,THQ Nordic,10210,8136,2074,Very Positive,"['Action', 'RPG', 'Early Access']",Action,RPG,Early Access,2026.0,,79.68658178256611,20.313418217433888
403,Barotrauma,2023-03-13,34.99,17.49,FakeFish,Daedalic Entertainment,88702,83394,5308,Very Positive,"['Action', 'Indie', 'Simulation', 'Strategy']",Action,Indie,Simulation,2023.0,50.0,94.0159184685802,5.98408153141981
404,RimWorld - Odyssey,2025-07-11,24.99,0.0,Ludeon Studios,Ludeon Studios,3303,2968,335,Mostly Positive,"['Indie', 'Simulation', 'Strategy']",Indie,Simulation,Strategy,2025.0,,89.85770511656071,10.142294883439297
405,Medieval Dynasty,2021-09-23,34.99,0.0,Render Cube,Toplitz Productions,51806,46825,4981,Very Positive,"['Action', 'Adventure', 'Indie', 'RPG']",Action,Adventure,Indie,2021.0,,90.38528355788905,9.614716442110954
406,Pratfall,2026-04-20,7.99,0.0,Quad Head,Quad Head,2885,2609,276,Very Positive,"['Action', 'Adventure', 'Indie']",Action,Adventure,Indie,2026.0,,90.43327556325823,9.566724436741767
407,Golf With Your Friends,2020-05-19,23.99,2.39,Blacklight Interactive,Team17,74930,65458,9472,Mostly Positive,"['Casual', 'Indie', 'Sports']",Casual,Indie,Sports,2020.0,90.0,87.35886827705859,12.641131722941413
408,METAL GEAR & METAL GEAR 2: Solid Snake,2023-10-24,19.99,0.0,KONAMI,KONAMI,930,782,148,Mostly Positive,['Action'],Action,,,2023.0,,84.08602150537634,15.913978494623656
409,Infinity Nikki,2025-04-28,0.0,0.0,Infold Games,Infold Games,10327,5828,4499,Mostly Positive,"['Action', 'Adventure', 'Casual', 'RPG']",Action,Adventure,Casual,2025.0,,56.43458894160938,43.56541105839062
410,Mafia: The Old Country,2025-08-07,49.99,0.0,Hangar 13,2K,28885,21084,7801,Mostly Positive,"['Action', 'Adventure']",Action,Adventure,,2025.0,,72.99290289077376,27.00709710922624
411,Call of Duty®: Modern Warfare® III,2023-11-10,69.99,0.0,Sledgehammer Games,Activision,19610,8729,10881,Mostly Positive,['Action'],Action,,,2023.0,,44.51300356960735,55.48699643039265
412,Desktop Explorer,2026-07-17,0.0,0.0,Recurring Dream,Recurring Dream,1314,1270,44,Overwhelmingly Positive,"['Adventure', 'Indie', 'Simulation']",Adventure,Indie,Simulation,2026.0,,96.65144596651446,3.34855403348554
413,Jurassic World Evolution 3: Rebirth Expansion,2026-06-16,24.99,0.0,Frontier Developments,Frontier Developments,258,155,103,Mixed,"['Simulation', 'Strategy']",Simulation,Strategy,,2026.0,,60.07751937984496,39.922480620155035
414,The Seven Deadly Sins: Origin,2026-03-16,0.0,0.0,Netmarble F&C,Netmarble,15459,9304,6155,Mixed,"['Action', 'Adventure', 'Massively Multiplayer', 'RPG']",Action,Adventure,Massively Multiplayer,2026.0,,60.185005498415165,39.81499450158484
415,The Forest,2018-04-30,19.99,0.0,Endnight Games Ltd,Endnight Games Ltd,679799,649427,30372,Very Positive,"['Action', 'Adventure', 'Indie', 'Simulation']",Action,Adventure,Indie,2018.0,,95.53220878524388,4.467791214756126
416,Esoteric Ebb,2026-03-03,24.99,0.0,Christoffer Bodegård,Raw Fury,8772,8368,404,Overwhelmingly Positive,"['Indie', 'RPG']",Indie,RPG,,2026.0,,95.39443684450525,4.605563155494756
417,Ragnarok: The New World,2026-07-26,0.0,0.0,Gravity Game Vision Limited,Gravity Game Vision Limited,505,142,363,Mostly Negative,"['Action', 'Adventure', 'Massively Multiplayer', 'RPG']",Action,Adventure,Massively Multiplayer,2026.0,,28.118811881188122,71.88118811881188
418,TCG Card Shop Simulator,2024-09-15,19.99,0.0,OPNeon Games,OPNeon Games,48856,47172,1684,Very Positive,"['Simulation', 'Early Access']",Simulation,Early Access,,2024.0,,96.5531357458654,3.4468642541345997
419,"Warhammer 40,000: Dawn of War IV",2026-09-17,59.99,53.99,KING Art,Deep Silver,0,0,0,"['Action', 'Strategy']","['None', 'None', 'None', 'None']",None,None,None,2026.0,10.0,,
420,Jump Space,2025-09-19,19.99,0.0,Keepsake Games,Keepsake Games,11923,10193,1730,Very Positive,"['Action', 'Adventure', 'Indie', 'Early Access']",Action,Adventure,Indie,2025.0,,85.49022896921915,14.509771030780843
421,Fortune Mill,2026-06-02,7.99,0.0,Lavaflame2,Lavaflame2,3129,2564,565,Very Positive,"['Casual', 'Indie', 'Simulation']",Casual,Indie,Simulation,2026.0,,81.94311281559604,18.056887184403962
422,Total War: WARHAMMER II,2017-09-28,59.99,0.0,CREATIVE ASSEMBLY,SEGA,125284,115596,9688,Very Positive,"['Action', 'Strategy']",Action,Strategy,,2017.0,,92.26716899205006,7.732831007949938
423,Farthest Frontier,2025-10-23,34.99,0.0,Crate Entertainment,Crate Entertainment,25211,21700,3511,Mostly Positive,"['Indie', 'Simulation', 'Strategy']",Indie,Simulation,Strategy,2025.0,,86.07353932807108,13.92646067192892
424,Victoria 3,2022-10-25,49.99,0.0,Paradox Development Studio,Paradox Interactive,62393,43233,19160,Mixed,"['Simulation', 'Strategy']",Simulation,Strategy,,2022.0,,69.291426922892,30.70857307710801
425,Reverse: 1999,2024-10-08,0.0,0.0,"BLUEPOCH GAMES CO., LIMITED","BLUEPOCH GAMES CO., LIMITED",4880,4540,340,Very Positive,"['RPG', 'Free To Play']",RPG,Free To Play,,2024.0,,93.0327868852459,6.967213114754098
426,Slay the Spire,2019-01-23,24.99,6.24,Mega Crit,Mega Crit,218938,212749,6189,Very Positive,"['Indie', 'Strategy']",Indie,Strategy,,2019.0,75.0,97.17317231362304,2.8268276863769652
427,Leaf it Alone,2025-10-30,5.99,0.0,Eternity,Eternity,5670,5447,223,Very Positive,"['Casual', 'Indie', 'Simulation']",Casual,Indie,Simulation,2025.0,,96.06701940035273,3.932980599647266
428,Nuclear Option,2023-10-15,19.99,0.0,Shockfront Studios,Shockfront Studios,10370,9904,466,Overwhelmingly Positive,"['Action', 'Indie', 'Simulation', 'Early Access']",Action,Indie,Simulation,2023.0,,95.50626808100289,4.493731918997107
429,Forza Horizon 5,2021-11-08,59.99,0.0,Playground Games,Xbox Game Studios,278857,248682,30175,Very Positive,"['Action', 'Adventure', 'Racing', 'Simulation']",Action,Adventure,Racing,2021.0,,89.17904158762376,10.820958412376235
430,Borderlands 2,2012-09-17,19.99,4.99,Gearbox Software,2K,319539,282978,36561,Very Positive,"['Action', 'RPG']",Action,RPG,,2012.0,75.0,88.55820416287213,11.441795837127861
431,Europa Universalis IV,2013-08-13,0.0,0.0,Paradox Development Studio,Paradox Interactive,139359,121261,18098,Very Positive,"['Simulation', 'Strategy']",Simulation,Strategy,,2013.0,,87.0133970536528,12.986602946347203
432,STAR WARS™ Battlefront™ II,2017-11-16,0.0,0.0,DICE,Electronic Arts,99312,87701,11611,Very Positive,"['Action', 'Adventure']",Action,Adventure,,2017.0,,88.30856291284034,11.69143708715966
433,Cast n Chill,2025-06-16,14.99,9.74,Wombat Brawler,Wombat Brawler,8184,7772,412,Very Positive,"['Casual', 'Indie', 'RPG', 'Simulation']",Casual,Indie,RPG,2025.0,35.0,94.96578690127077,5.034213098729228
434,Content Warning,2024-04-01,7.99,0.0,Zorro,Evil Landfall?,162230,152257,9973,Very Positive,"['Action', 'Adventure', 'Indie']",Action,Adventure,Indie,2024.0,,93.8525550144856,6.147444985514393
435,DAVE THE DIVER - In the Jungle Content Pack,2026-06-18,9.99,0.0,MINTROCKET,MINTROCKET,1944,1463,481,Mostly Positive,"['Adventure', 'Casual', 'RPG', 'Simulation']",Adventure,Casual,RPG,2026.0,,75.25720164609054,24.742798353909464
436,Assetto Corsa Competizione,2019-05-29,39.99,0.0,Kunos Simulazioni,505 Games,47702,44193,3509,Very Positive,"['Racing', 'Simulation', 'Sports']",Racing,Simulation,Sports,2019.0,,92.64391430128715,7.3560856987128425
437,Diablo II: Resurrected – Infernal Edition,2026-02-11,39.99,0.0,"Blizzard Entertainment, Inc.","Blizzard Entertainment, Inc.",5768,5011,757,Very Positive,"['Action', 'RPG', 'Strategy']",Action,RPG,Strategy,2026.0,,86.875866851595,13.124133148404994
438,Cronos: The New Dawn,2025-09-05,0.0,0.0,Bloober Team,Bloober Team SA,11369,10010,1359,Very Positive,['Action'],Action,,,2025.0,,88.04644207933855,11.953557920661448
439,Summoners War,2024-01-07,0.0,0.0,Com2uS,Com2uS,10635,7593,3042,Mixed,"['RPG', 'Strategy', 'Free To Play']",RPG,Strategy,Free To Play,2024.0,,71.39633286318758,28.603667136812412
440,The Binding of Isaac: Afterbirth+,2017-01-03,0.0,0.0,"Nicalis, Inc.","Nicalis, Inc.",7127,4900,2227,Mixed,"['Action', 'Adventure', 'Indie']",Action,Adventure,Indie,2017.0,,68.75263084046583,31.247369159534166
441,Hogwarts Legacy,2023-02-10,59.99,0.0,Avalanche Software,Warner Bros. Games,370735,332944,37791,Very Positive,"['Action', 'Adventure', 'RPG']",Action,Adventure,RPG,2023.0,,89.8064655346811,10.193534465318892
442,Persona 5 Royal,2022-10-20,59.99,0.0,ATLUS,SEGA,136249,131321,4928,Overwhelmingly Positive,['RPG'],RPG,,,2022.0,,96.38309271994657,3.6169072800534314
443,Everything is Crab: The Animal Evolution Roguelite,2026-05-08,9.99,7.99,Odd Dreams Digital,Secret Mode,6882,5246,1636,Very Positive,"['Action', 'Indie', 'Simulation', 'Strategy']",Action,Indie,Simulation,2026.0,20.0,76.22784074396978,23.77215925603022
444,ACE COMBAT 8: WINGS OF THEVE,2026-10-01,69.99,0.0,Bandai Namco Aces Inc.,Bandai Namco Entertainment Inc.,0,0,0,['Action'],"['None', 'None', 'None', 'None']",None,None,None,2026.0,,,
445,Blue Archive,2025-07-03,0.0,0.0,NEXON Games,NEXON Korea,27507,17839,9668,Overwhelmingly Negative,"['Adventure', 'Casual', 'RPG', 'Strategy']",Adventure,Casual,RPG,2025.0,,64.8525829788781,35.147417021121896
446,eBaseball™: PRO SPIRIT,2026-03-04,0.0,0.0,KONAMI,KONAMI,1254,959,295,Mostly Positive,"['Action', 'Sports', 'Free To Play']",Action,Sports,Free To Play,2026.0,,76.47527910685805,23.524720893141946
447,Risk of Rain 2: Alloyed Collective,2025-11-18,14.99,0.0,Gearbox Software,2K Games,3651,3397,254,Mixed,"['Action', 'Indie']",Action,Indie,,2025.0,,93.04300191728294,6.956998082717064
448,Atomic Heart,2023-02-20,0.0,0.0,Mundfish,Focus Entertainment,50097,40457,9640,Mostly Positive,"['Action', 'Adventure', 'RPG']",Action,Adventure,RPG,2023.0,,80.75733077829011,19.242669221709882
449,Resident Evil 5,2009-09-15,19.99,0.0,Capcom,Capcom,66602,57928,8674,Very Positive,"['Action', 'Adventure']",Action,Adventure,,2009.0,,86.97636707606378,13.023632923936217
450,Rain World,2017-03-28,24.99,0.0,Videocult,Akupara Games,55841,52351,3490,Very Positive,"['Action', 'Adventure', 'Indie']",Action,Adventure,Indie,2017.0,,93.75011192492971,6.249888075070289
451,Dark and Darker - Legendary Status,2024-12-05,30.0,0.0,IRONMACE,IRONMACE,318,141,177,Mixed,"['Action', 'RPG', 'Free To Play']",Action,RPG,Free To Play,2024.0,,44.339622641509436,55.660377358490564
452,Sonic Racing: CrossWorlds,2025-09-25,0.0,0.0,Sonic Team,SEGA,16511,15330,1181,Very Positive,"['Action', 'Adventure', 'Racing']",Action,Adventure,Racing,2025.0,,92.84719278057054,7.152807219429472
453,DARK SOULS™: REMASTERED,2018-05-23,39.99,0.0,QLOC,"FromSoftware, Inc.",153791,142168,11623,Very Positive,['Action'],Action,,,2018.0,,92.4423405790976,7.557659420902393
454,Call of Duty®: Modern Warfare® II,2022-10-22,69.99,0.0,Infinity Ward,Activision,27367,12518,14849,Mixed,['Action'],Action,,,2022.0,,45.741221178791974,54.25877882120802
455,FINAL FANTASY VII REBIRTH,2025-01-23,49.99,0.0,Square Enix,Square Enix,33923,25539,8384,Mixed,"['Action', 'Adventure', 'RPG']",Action,Adventure,RPG,2025.0,,75.2852047283554,24.714795271644608
456,Castle Crashers®,2012-09-26,0.0,0.0,The Behemoth,The Behemoth,140027,134673,5354,Overwhelmingly Positive,"['Action', 'Adventure', 'Casual', 'Indie']",Action,Adventure,Casual,2012.0,,96.17645168431802,3.823548315681976
457,Days Gone,2021-05-17,39.99,0.0,Bend Studio,PlayStation Publishing LLC,116111,107672,8439,Very Positive,"['Action', 'Adventure']",Action,Adventure,,2021.0,,92.73195476742083,7.268045232579171
458,Blood Strike,2025-03-13,0.0,0.0,NetEase Games,NetEase Games,21591,17452,4139,Mostly Positive,"['Action', 'Adventure', 'Massively Multiplayer', 'Strategy']",Action,Adventure,Massively Multiplayer,2025.0,,80.82997545273494,19.170024547265065
459,Anno 117: Pax Romana,2025-11-12,59.99,0.0,Ubisoft Mainz,Ubisoft,12589,8759,3830,Mixed,"['Simulation', 'Strategy']",Simulation,Strategy,,2025.0,,69.57661450472635,30.423385495273653
460,Blue Prince,2025-04-10,29.99,0.0,Dogubomb,Raw Fury,19537,16895,2642,Very Positive,"['Adventure', 'Indie', 'Strategy']",Adventure,Indie,Strategy,2025.0,,86.4769411885141,13.5230588114859
461,Ravenswatch,2024-09-26,49.99,19.99,Passtech Games,Nacon,22354,17849,4505,Mostly Positive,"['Action', 'Adventure']",Action,Adventure,,2024.0,60.0,79.84700724702513,20.15299275297486
462,Detroit: Become Human,2020-06-18,0.0,0.0,Quantic Dream,Quantic Dream,257509,248106,9403,Overwhelmingly Positive,"['Action', 'Adventure']",Action,Adventure,,2020.0,,96.3484771406048,3.6515228593952056
463,Sky: Children of the Light,2024-04-10,0.0,0.0,thatgamecompany,thatgamecompany,24699,21512,3187,Very Positive,"['Adventure', 'Casual', 'Indie', 'Massively Multiplayer']",Adventure,Casual,Indie,2024.0,,87.09664358880926,12.903356411190735
464,Hades,2020-09-17,24.99,0.0,Supergiant Games,Supergiant Games,307263,301165,6098,Overwhelmingly Positive,"['Action', 'Indie', 'RPG']",Action,Indie,RPG,2020.0,,98.01538096028483,1.9846190397151626
465,RuneScape ®,2020-10-14,0.0,0.0,Jagex Ltd,Jagex Ltd,27109,22194,4915,Mixed,"['Massively Multiplayer', 'RPG', 'Free To Play']",Massively Multiplayer,RPG,Free To Play,2020.0,,81.8694898373234,18.130510162676604
466,Plague Inc: Evolved,2016-02-18,14.99,0.0,Ndemic Creations,Ndemic Creations,65204,61429,3775,Very Positive,"['Casual', 'Indie', 'Simulation', 'Strategy']",Casual,Indie,Simulation,2016.0,,94.21047788479234,5.789522115207656
467,RimWorld - Biotech,2022-10-21,24.99,0.0,Ludeon Studios,Ludeon Studios,3323,3104,219,Very Positive,"['Indie', 'Simulation', 'Strategy']",Indie,Simulation,Strategy,2022.0,,93.40956966596448,6.59043033403551
468,Farever,2026-05-06,19.99,0.0,Shiro Games,Shiro Games,9107,6895,2212,Mostly Positive,"['Action', 'Adventure', 'RPG', 'Early Access']",Action,Adventure,RPG,2026.0,,75.71099154496541,24.28900845503459
469,Geometry Dash,2014-12-22,4.99,0.0,RobTop Games,RobTop Games,629605,585816,43789,Very Positive,"['Action', 'Indie']",Action,Indie,,2014.0,,93.04500440752535,6.954995592474647
470,Solo Leveling: ARISE OVERDRIVE,2025-11-24,39.99,0.0,Netmarble Neo,Netmarble,8914,6338,2576,Mostly Positive,"['Action', 'RPG']",Action,RPG,,2025.0,,71.10163787300876,28.898362126991252
471,Metaphor: ReFantazio,2024-10-10,0.0,0.0,ATLUS,SEGA,42377,38026,4351,Very Positive,"['Action', 'Adventure', 'RPG']",Action,Adventure,RPG,2024.0,,89.73263798758761,10.267362012412393
472,The Elder Scrolls V: Skyrim Anniversary Upgrade,2021-11-10,19.99,9.99,Bethesda Game Studios,Bethesda Softworks,8086,3863,4223,Mostly Negative,['RPG'],RPG,,,2021.0,50.0,47.7739302498145,52.22606975018551
473,Horizon Forbidden West™ Complete Edition,2024-03-21,59.99,0.0,Guerrilla,PlayStation Publishing LLC,29937,26399,3538,Very Positive,"['Action', 'RPG']",Action,RPG,,2024.0,,88.18184854861877,11.818151451381235
474,Frostpunk 2,2024-09-20,44.99,22.49,11 bit studios,11 bit studios,26772,20033,6739,Mixed,"['Simulation', 'Strategy']",Simulation,Strategy,,2024.0,50.0,74.82817869415808,25.171821305841924
475,PowerWash Simulator 2 - STAR WARS Pack,2026-07-16,9.99,0.0,FuturLab,FuturLab,140,108,32,Mostly Positive,"['Casual', 'Indie', 'Simulation']",Casual,Indie,Simulation,2026.0,,77.14285714285715,22.857142857142858
476,Quarantine Zone: The Last Check,2026-01-12,19.99,0.0,Brigada Games,Devolver Digital,12926,10600,2326,Mostly Positive,"['Indie', 'Simulation', 'Strategy']",Indie,Simulation,Strategy,2026.0,,82.00526071483831,17.99473928516169
477,Batman™: Arkham Origins,2013-10-24,19.99,0.0,WB Games Montreal,Warner Bros. Interactive Entertainment,64962,58358,6604,Very Positive,"['Action', 'Adventure']",Action,Adventure,,2013.0,,89.83405683322557,10.165943166774422
478,Trails in the Sky 1st Chapter,2025-09-19,0.0,0.0,Nihon Falcom,"GungHo Online Entertainment America, Inc.",4557,4353,204,Very Positive,"['Action', 'Adventure', 'RPG']",Action,Adventure,RPG,2025.0,,95.52337063857802,4.476629361421988
479,FINAL FANTASY XVI,2024-09-17,0.0,0.0,Square Enix,Square Enix,32841,25786,7055,Mostly Positive,"['Action', 'RPG']",Action,RPG,,2024.0,,78.51770652537986,21.48229347462014
480,Barony: Deserters & Disciples,2026-01-29,7.99,0.0,Turning Wheel LLC,Turning Wheel LLC,199,179,20,Very Positive,"['Action', 'Adventure', 'Indie', 'RPG']",Action,Adventure,Indie,2026.0,,89.9497487437186,10.050251256281408
481,V Rising,2024-05-08,34.99,0.0,Stunlock Studios,Stunlock Studios,136482,121410,15072,Very Positive,"['Action', 'Adventure', 'Massively Multiplayer']",Action,Adventure,Massively Multiplayer,2024.0,,88.95678551017716,11.043214489822834
482,Rubinite,2026-07-22,19.99,17.99,Cup Dog Games,Cup Dog Games,2251,2089,162,Very Positive,"['Action', 'Indie', 'RPG']",Action,Indie,RPG,2026.0,10.0,92.80319857840959,7.196801421590404
483,Escape Simulator 2,2025-10-27,19.99,15.99,Pine Studio,Pine Studio,4548,4191,357,Very Positive,"['Adventure', 'Casual', 'Indie', 'Simulation']",Adventure,Casual,Indie,2025.0,20.0,92.15039577836411,7.849604221635883
484,Solasta II,2026-03-12,39.99,0.0,Tactical Adventures,Tactical Adventures,3046,2309,737,Mostly Positive,"['Adventure', 'Indie', 'RPG', 'Strategy']",Adventure,Indie,RPG,2026.0,,75.80433355219961,24.19566644780039
485,Roadside Research,2026-02-12,12.99,0.0,Cybernetic Walrus,Oro Interactive,4464,3830,634,Very Positive,"['Action', 'Casual', 'Massively Multiplayer', 'RPG']",Action,Casual,Massively Multiplayer,2026.0,,85.79749103942652,14.202508960573477
486,DRAGON BALL FighterZ,2018-01-26,59.99,9.59,Arc System Works,Bandai Namco Entertainment,76618,69298,7320,Very Positive,['Action'],Action,,,2018.0,84.0,90.4461092693623,9.55389073063771
487,Disney Dreamlight Valley: Honeyglow Woods,2026-07-08,16.99,0.0,Gameloft,Gameloft,69,48,21,Mixed,"['Action', 'Adventure', 'Casual', 'RPG']",Action,Adventure,Casual,2026.0,,69.56521739130434,30.434782608695656
488,Party Animals,2023-09-20,0.0,0.0,Recreate Games,Source Technology,81049,62856,18193,Very Positive,"['Action', 'Casual', 'Indie']",Action,Casual,Indie,2023.0,,77.5530851706992,22.446914829300795
489,Forever Skies,2025-04-14,29.99,11.99,Far From Home,Far From Home,8718,6855,1863,Mixed,"['Action', 'Adventure', 'Indie', 'Simulation']",Action,Adventure,Indie,2025.0,60.0,78.63041982105987,21.369580178940122
490,World of Tanks Blitz,2016-11-09,0.0,0.0,Wargaming Group Limited,Wargaming Group Limited,153092,119318,33774,Mixed,"['Action', 'Massively Multiplayer', 'Simulation', 'Strategy']",Action,Massively Multiplayer,Simulation,2016.0,,77.93875578083767,22.061244219162333
491,Ore Factory Squad ⛏️,2026-07-16,0.0,0.0,threeW,PlayWay S.A.,1188,1090,98,Very Positive,"['Indie', 'Simulation']",Indie,Simulation,,2026.0,,91.75084175084174,8.24915824915825
492,Dead by Daylight: Jason,2026-06-16,4.99,0.0,Behaviour Interactive Inc.,Behaviour Interactive Inc.,1288,1037,251,Mixed,['Action'],Action,,,2026.0,,80.51242236024845,19.487577639751553
493,ZERO PARADES: For Dead Spies,2026-05-21,39.99,0.0,ZA/UM,ZA/UM,2767,2323,444,Very Positive,"['Indie', 'RPG']",Indie,RPG,,2026.0,,83.95374051319118,16.046259486808818
494,DRAGON BALL GEKISHIN SQUADRA,2025-09-09,0.0,0.0,"GANBARION Co., Ltd.",Bandai Namco Entertainment,10608,6906,3702,Mixed,"['Action', 'Free To Play']",Action,Free To Play,,2025.0,,65.10180995475113,34.89819004524887
495,Icarus: Dangerous Horizons Expansion,2026-03-05,29.99,0.0,RocketWerkz,RocketWerkz,244,201,43,Very Positive,"['Action', 'Adventure', 'Simulation', 'Free To Play']",Action,Adventure,Simulation,2026.0,,82.37704918032787,17.62295081967213
496,shapez 2 - Factory,2026-04-23,29.99,0.0,tobspr Games,tobspr Games,14990,14551,439,Very Positive,"['Casual', 'Indie', 'Simulation', 'Strategy']",Casual,Indie,Simulation,2026.0,,97.07138092061375,2.928619079386258
497,Grand Theft Auto IV: The Complete Edition,2020-03-24,19.99,0.0,Rockstar North,Rockstar Games,201075,167484,33591,Very Positive,"['Action', 'Adventure']",Action,Adventure,,2020.0,,83.29429317418874,16.705706825811266
498,Scale the Depths,2026-05-28,0.0,0.0,Glass Gecko Games,Pretty Soon,1747,1541,206,Very Positive,"['Casual', 'Indie', 'Simulation']",Casual,Indie,Simulation,2026.0,,88.20835718374356,11.79164281625644
499,Blasphemous 2,2023-08-24,44.99,11.24,The Game Kitchen,Team17,20681,18750,1931,Very Positive,"['Action', 'Adventure', 'Indie']",Action,Adventure,Indie,2023.0,75.0,90.66292732459745,9.337072675402544
500,SILENT HILL 2,2024-10-07,69.99,0.0,Bloober Team SA,KONAMI,63484,60096,3388,Very Positive,"['Action', 'Adventure']",Action,Adventure,,2024.0,,94.66322222922311,5.336777770776888
501,Shape of Dreams,2025-09-10,24.99,17.49,Lizard Smoothie,NEOWIZ,19986,17991,1995,Very Positive,"['Action', 'Adventure', 'Indie', 'RPG']",Action,Adventure,Indie,2025.0,30.0,90.01801260882618,9.981987391173822
502,FINAL FANTASY TACTICS - The Ivalice Chronicles,2025-09-30,49.99,0.0,Square Enix,Square Enix,6623,5915,708,Very Positive,"['RPG', 'Strategy']",RPG,Strategy,,2025.0,,89.30998037143289,10.690019628567114
503,"Warhammer 40,000: Dawn of War - Definitive Edition",2025-08-14,19.99,13.99,Relic Entertainment,Relic Entertainment ,12419,10651,1768,Very Positive,['Strategy'],Strategy,,,2025.0,30.0,85.76374909412996,14.236250905870037
504,Halo Infinite,2021-11-15,0.0,0.0,343 Industries,Xbox Game Studios,181239,125494,55745,Mixed,"['Action', 'Free To Play']",Action,Free To Play,,2021.0,,69.24227125508307,30.757728744916935
505,Out of the Park Baseball 27,2026-03-13,49.99,0.0,Out of the Park Developments,Out of the Park Developments,428,356,72,Very Positive,"['Indie', 'Simulation', 'Sports', 'Strategy']",Indie,Simulation,Sports,2026.0,,83.17757009345794,16.822429906542055
506,Morimens,2024-08-01,0.0,0.0,B.I.A.V. Studio,B.I.A.V. Studio,4935,4111,824,Very Positive,"['RPG', 'Strategy', 'Free To Play']",RPG,Strategy,Free To Play,2024.0,,83.30293819655522,16.697061803444782
507,REMNANT II®,2023-07-25,49.99,0.0,Gunfire Games,Arc Games,67938,55954,11984,Mostly Positive,"['Action', 'Adventure', 'RPG']",Action,Adventure,RPG,2023.0,,82.36038741205216,17.639612587947834
508,Chained Together,2024-06-19,4.99,0.0,Anegar Games,Secret Mode,63067,56667,6400,Very Positive,"['Adventure', 'Casual', 'Indie', 'Simulation']",Adventure,Casual,Indie,2024.0,,89.85206209269508,10.14793790730493
509,Microsoft Flight Simulator (2020) 40th Anniversary Edition,2020-08-17,59.99,0.0,Asobo Studio,Xbox Game Studios,72505,57014,15491,Very Positive,['Simulation'],Simulation,,,2020.0,,78.63457692572926,21.36542307427074
510,DOOM: The Dark Ages | Revelations,2026-07-07,19.99,0.0,id Software,Bethesda Softworks,3012,2676,336,Very Positive,['Action'],Action,,,2026.0,,88.84462151394422,11.155378486055776
511,Car Mechanic Simulator 2021,2021-08-11,0.0,0.0,Red Dot Games,PlayWay S.A.,38061,36429,1632,Very Positive,"['Racing', 'Simulation']",Racing,Simulation,,2021.0,,95.71214629147947,4.287853708520533
512,Go-Go Town!,2026-07-16,0.0,0.0,Prideful Sloth,Prideful Sloth,2601,2425,176,Very Positive,"['Casual', 'Indie', 'Simulation', 'Strategy']",Casual,Indie,Simulation,2026.0,,93.23337178008458,6.766628219915417
513,Monster Hunter World: Iceborne,2020-01-09,39.99,0.0,"CAPCOM Co., Ltd.","CAPCOM Co., Ltd.",24171,13746,10425,Mixed,['Action'],Action,,,2020.0,,56.869802656075464,43.130197343924536
514,PAYDAY 3,2023-09-21,29.99,0.0,Starbreeze Studios,Starbreeze Entertainment,65058,29520,35538,Mostly Positive,"['Action', 'Adventure', 'RPG']",Action,Adventure,RPG,2023.0,,45.37489624642627,54.62510375357373
515,Slay the Princess — The Pristine Cut,2023-10-23,17.99,9.89,Black Tabby Games,Black Tabby Games,33213,32124,1089,Very Positive,"['Adventure', 'Indie', 'RPG', 'Simulation']",Adventure,Indie,RPG,2023.0,45.0,96.72116339987355,3.2788366001264566
516,Killing Floor 3,2025-07-24,39.99,19.99,Tripwire Interactive,Tripwire Interactive,23101,10128,12973,Mixed,['Action'],Action,,,2025.0,50.0,43.84225791091295,56.15774208908705
517,Minecraft Dungeons,2021-09-22,19.99,0.0,Mojang Studios,Xbox Game Studios,18563,16810,1753,Very Positive,"['Action', 'Adventure', 'RPG']",Action,Adventure,RPG,2021.0,,90.55648332704843,9.44351667295157
518,Sifu,2023-03-28,39.99,9.99,Sloclap,Sloclap,28274,25969,2305,Very Positive,"['Action', 'Indie']",Action,Indie,,2023.0,75.0,91.84763386857183,8.152366131428167
519,Derail Valley,2019-01-25,39.99,0.0,Altfuture,Altfuture,9569,9246,323,Overwhelmingly Positive,"['Adventure', 'Indie', 'Simulation', 'Early Access']",Adventure,Indie,Simulation,2019.0,,96.6245166684084,3.3754833315915977
520,Infection Free Zone,2024-04-11,44.98,17.31,Jutsu Games,Games Operators,18355,14788,3567,Very Positive,"['Action', 'Indie', 'Simulation', 'Strategy']",Action,Indie,Simulation,2024.0,62.0,80.56660310542087,19.433396894579133
521,Songs of Syx,2020-09-21,0.0,0.0,Gamatron AB,Gamatron AB,9032,8532,500,Very Positive,"['Casual', 'Indie', 'Simulation', 'Strategy']",Casual,Indie,Simulation,2020.0,,94.46412754650133,5.535872453498671
522,Kenshi,2018-12-06,29.99,0.0,Lo-Fi Games,Lo-Fi Games,115295,110189,5106,Very Positive,"['Action', 'Indie', 'RPG', 'Simulation']",Action,Indie,RPG,2018.0,,95.57136042326206,4.428639576737933
523,Space Engineers 2,2025-01-27,29.99,0.0,Keen Software House,Keen Software House,5222,3905,1317,Mixed,"['Action', 'Indie', 'Simulation', 'Strategy']",Action,Indie,Simulation,2025.0,,74.77977786288778,25.22022213711222
524,Cult of the Lamb: Woolhaven,2026-01-22,16.99,0.0,Massive Monster,Devolver Digital,1313,1221,92,Very Positive,"['Action', 'Adventure', 'Indie', 'Strategy']",Action,Adventure,Indie,2026.0,,92.993145468393,7.006854531607007
525,DYNASTY WARRIORS: ORIGINS,2025-01-16,0.0,0.0,"KOEI TECMO GAMES CO., LTD.","KOEI TECMO GAMES CO., LTD.",29839,27837,2002,Very Positive,"['Action', 'RPG', 'Strategy']",Action,RPG,Strategy,2025.0,,93.29065987466068,6.70934012533932
526,Nine Sols,2024-05-28,29.99,0.0,RedCandleGames,RedCandleGames,44352,41874,2478,Very Positive,"['Action', 'Adventure', 'Indie']",Action,Adventure,Indie,2024.0,,94.41287878787878,5.587121212121212
527,Arms of God,2026-06-08,15.74,10.11,Dark Jay Studio,Dark Jay Studio,1660,1472,188,Very Positive,"['Action', 'Casual', 'Indie', 'RPG']",Action,Casual,Indie,2026.0,36.0,88.67469879518072,11.325301204819278
528,Core Keeper,2024-08-27,19.99,0.0,Pugstorm,Fireshine Games,65834,61193,4641,Very Positive,"['Action', 'Adventure', 'Indie', 'RPG']",Action,Adventure,Indie,2024.0,,92.95045113467205,7.049548865327947
529,Need for Speed™ Heat,2020-06-04,0.0,0.0,Ghost Games,Electronic Arts,150928,127051,23877,Very Positive,"['Action', 'Adventure', 'Racing', 'Sports']",Action,Adventure,Racing,2020.0,,84.1798738471324,15.820126152867592
530,Hozy,2026-03-30,14.99,0.0,Come On Studio,tinyBuild,4488,3627,861,Mostly Positive,"['Casual', 'Indie', 'Simulation']",Casual,Indie,Simulation,2026.0,,80.81550802139037,19.184491978609625
531,PowerWash Simulator,2022-07-14,0.0,0.0,FuturLab,FuturLab,58498,56392,2106,Very Positive,"['Casual', 'Indie', 'Simulation']",Casual,Indie,Simulation,2022.0,,96.39987691886903,3.6001230811309783
532,Hello Kitty Island Adventure,2025-01-30,39.99,0.0,Sunblink,Sunblink,12191,11453,738,Very Positive,"['Action', 'Adventure', 'Casual', 'Indie']",Action,Adventure,Casual,2025.0,,93.94635386760724,6.053646132392749
533,SpiritVale,2026-07-15,14.99,0.0,Baikun Interactive,Baikun Interactive,4040,2086,1954,Mixed,"['Action', 'Indie', 'Massively Multiplayer', 'RPG']",Action,Indie,Massively Multiplayer,2026.0,,51.633663366336634,48.366336633663366
534,Divinity: Original Sin 2 - Definitive Edition,2017-09-14,59.49,10.66,Larian Studios,Larian Studios,204913,196018,8895,Very Positive,"['Adventure', 'RPG', 'Strategy']",Adventure,RPG,Strategy,2017.0,82.0,95.65913338831602,4.340866611683983
535,LEGO® Star Wars™: The Skywalker Saga,2022-04-05,49.99,9.99,TT Games,Warner Bros. Games,48301,43511,4790,Very Positive,"['Action', 'Adventure']",Action,Adventure,,2022.0,80.0,90.08302105546468,9.916978944535309
536,Heroes of Hammerwatch II,2025-01-14,19.99,7.99,Crackshell,Team17,6406,5286,1120,Mostly Positive,"['Action', 'Indie', 'RPG']",Action,Indie,RPG,2025.0,60.0,82.51639088354668,17.483609116453323
537,Resident Evil 6,2013-03-22,19.99,0.0,Capcom,Capcom,70362,54371,15991,Mixed,"['Action', 'Adventure']",Action,Adventure,,2013.0,,77.27324408061169,22.726755919388307
538,"No, I'm not a Human",2025-09-15,14.99,0.0,Trioskaz,CRITICAL REFLEX,30030,28006,2024,Very Positive,"['Indie', 'Simulation']",Indie,Simulation,,2025.0,,93.26007326007326,6.73992673992674
539,Carnival Hunt,2026-07-23,19.99,17.99,Crytivo,Crytivo,2098,1411,687,Mixed,"['Action', 'Indie', 'Strategy', 'Early Access']",Action,Indie,Strategy,2026.0,10.0,67.25452812202097,32.74547187797903
540,SCUM,2025-06-17,44.99,0.0,Gamepires,Gamepires,126095,93556,32539,Mostly Positive,"['Action', 'Adventure', 'Indie', 'Massively Multiplayer']",Action,Adventure,Indie,2025.0,,74.19485308695825,25.805146913041753
541,Mortal Kombat 11,2019-04-23,49.99,0.0,NetherRealm Studios,Warner Bros. Games,115735,101932,13803,Very Positive,['Action'],Action,,,2019.0,,88.073616451376,11.926383548624012
542,Tom Clancy's Ghost Recon® Breakpoint,2023-01-23,59.99,0.0,Ubisoft Paris,Ubisoft,43667,32204,11463,Mostly Positive,"['Action', 'Adventure']",Action,Adventure,,2023.0,,73.74905535072251,26.250944649277486
543,A Way Out,2018-03-23,0.0,0.0,Hazelight Studios,Electronic Arts,102110,89778,12332,Very Positive,"['Action', 'Adventure', 'Indie']",Action,Adventure,Indie,2018.0,,87.92282832239742,12.077171677602585
544,Escape Simulator,2021-10-19,19.99,9.99,Pine Studio,Pine Studio,19266,18094,1172,Very Positive,"['Adventure', 'Casual', 'Indie', 'Simulation']",Adventure,Casual,Indie,2021.0,50.0,93.91674452403197,6.083255475968027
545,Watch_Dogs® 2,2016-11-28,49.99,0.0,Ubisoft,Ubisoft,100091,82222,17869,Mostly Positive,"['Action', 'Adventure']",Action,Adventure,,2016.0,,82.14724600613442,17.852753993865583
546,Romestead,2026-05-25,13.99,0.0,Beartwigs,Three Friends,4637,3539,1098,Very Positive,"['Action', 'Adventure', 'Indie', 'RPG']",Action,Adventure,Indie,2026.0,,76.32089713176623,23.679102868233773
547,Drive Beyond Horizons,2025-03-24,0.0,0.0,Drive Beyond Horizons,Tacty Studio,19939,15535,4404,Mostly Positive,"['Action', 'Adventure', 'Casual', 'Indie']",Action,Adventure,Casual,2025.0,,77.91263353227343,22.087366467726564
548,ACE COMBAT™ 7: SKIES UNKNOWN,2019-01-31,74.99,14.99,Bandai Namco Studios Inc.,Bandai Namco Entertainment,56350,49518,6832,Very Positive,"['Action', 'Simulation']",Action,Simulation,,2019.0,80.0,87.87577639751552,12.124223602484472
549,Train Simulator Classic,2009-07-12,29.99,0.0,Dovetail Games,Dovetail Games - Trains,29356,21036,8320,Mostly Positive,['Simulation'],Simulation,,,2009.0,,71.6582640686742,28.341735931325797
550,MX Bikes,2019-10-07,34.99,0.0,PiBoSo,PiBoSo,36613,34529,2084,Very Positive,"['Racing', 'Simulation', 'Sports', 'Early Access']",Racing,Simulation,Sports,2019.0,,94.30803266599295,5.691967334007047
551,Pummel Party,2018-09-20,14.99,0.0,Rebuilt Games,Rebuilt Games,57631,51051,6580,Very Positive,"['Action', 'Casual', 'Indie']",Action,Casual,Indie,2018.0,,88.58253370581805,11.417466294181951
552,Little Nightmares III,2025-10-09,39.99,19.99,Supermassive Games,Bandai Namco Entertainment,20772,9717,11055,Mixed,['Adventure'],Adventure,,,2025.0,50.0,46.779318313113805,53.220681686886195
553,Liar's Bar,2024-10-02,6.99,0.0,Curve Animation,Curve Animation,56005,50197,5808,Mostly Positive,"['Casual', 'Indie', 'Simulation', 'Strategy']",Casual,Indie,Simulation,2024.0,,89.62949736630658,10.370502633693421
554,ARK Tides of Fortune,2026-07-03,19.99,0.0,Studio Wildcard,Studio Wildcard,511,110,401,Overwhelmingly Negative,"['Action', 'Adventure', 'Indie', 'Massively Multiplayer']",Action,Adventure,Indie,2026.0,,21.52641878669276,78.47358121330724
555,MENACE,2026-02-05,39.99,0.0,Overhype Studios,Hooded Horse,12837,11660,1177,Very Positive,"['RPG', 'Simulation', 'Strategy', 'Early Access']",RPG,Simulation,Strategy,2026.0,,90.8311910882605,9.168808911739502
556,Total War: WARHAMMER,2016-05-24,59.99,0.0,CREATIVE ASSEMBLY,SEGA,53013,41393,11620,Very Positive,"['Action', 'Strategy']",Action,Strategy,,2016.0,,78.08084809386376,21.919151906136232
557,Ready or Not: Boiling Point,2026-03-12,9.99,0.0,VOID Interactive,VOID Interactive,1855,1454,401,Mostly Positive,"['Action', 'Adventure', 'Indie']",Action,Adventure,Indie,2026.0,,78.38274932614556,21.617250673854446
558,Root,2020-09-24,14.99,7.49,Dire Wolf,Dire Wolf,5463,4922,541,Very Positive,"['Indie', 'Simulation', 'Strategy']",Indie,Simulation,Strategy,2020.0,50.0,90.09701629141497,9.902983708585026
559,Town to City,2026-05-26,29.99,0.0,Galaxy Grove,Kwalee,6939,6772,167,Overwhelmingly Positive,"['Indie', 'Simulation', 'Strategy']",Indie,Simulation,Strategy,2026.0,,97.5933131575155,2.4066868424845076
560,EMPULSE,2026-06-24,19.99,0.0,1047 Games,1047 Games,1609,1171,438,Mostly Positive,"['Action', 'Early Access']",Action,Early Access,,2026.0,,72.77812305779987,27.221876942200122
561,DIVE or DIE - Children of Rain,2026-07-21,0.0,0.0,Drop Rate Studio,Dear Villagers,881,809,72,Very Positive,"['Action', 'Adventure', 'Indie']",Action,Adventure,Indie,2026.0,,91.82746878547105,8.172531214528945
562,Megabonk,2025-09-18,9.99,0.0,vedinad,vedinad,105041,99205,5836,Very Positive,"['Action', 'Casual', 'Indie']",Action,Casual,Indie,2025.0,,94.44407421863843,5.555925781361563
563,BONELAB,2022-09-29,39.99,0.0,Stress Level Zero,Stress Level Zero,20036,16434,3602,Very Positive,"['Action', 'Adventure', 'Simulation']",Action,Adventure,Simulation,2022.0,,82.0223597524456,17.9776402475544
564,Baldur's Gate 3 - Digital Deluxe Edition DLC,2023-08-03,9.99,6.99,Larian Studios,Larian Studios,4679,4513,166,Very Positive,"['Adventure', 'RPG', 'Strategy']",Adventure,RPG,Strategy,2023.0,30.0,96.45223338320153,3.547766616798461
565,SurrounDead,2022-06-24,11.99,0.0,Zurvivor,PlaySurrounDead,26200,23994,2206,Very Positive,"['Action', 'Adventure', 'Indie', 'RPG']",Action,Adventure,Indie,2022.0,,91.58015267175573,8.419847328244275
566,Vampire Survivors,2022-10-20,4.99,0.0,poncle,poncle,264480,260058,4422,Overwhelmingly Positive,"['Action', 'Casual', 'Indie', 'RPG']",Action,Casual,Indie,2022.0,,98.32803992740472,1.6719600725952812
567,Destiny 2: The Final Shape,2024-06-04,19.99,1.99,Bungie,Bungie,8281,6525,1756,Mixed,"['Action', 'Adventure', 'Free To Play']",Action,Adventure,Free To Play,2024.0,90.0,78.79483154208428,21.20516845791571
568,Blade and Sorcery,2024-06-17,29.99,0.0,WarpFrog,WarpFrog,61928,59764,2164,Very Positive,"['Action', 'Adventure', 'Indie', 'RPG']",Action,Adventure,Indie,2024.0,,96.50561942901435,3.4943805709856606
569,Lords of the Fallen,2023-10-13,0.0,0.0,CI Games,CI Games,54748,37109,17639,Mostly Positive,"['Action', 'Adventure', 'RPG']",Action,Adventure,RPG,2023.0,,67.78147146927742,32.21852853072259
570,Stormworks: Build and Rescue,2020-09-17,24.99,0.0,Geometa,Geometa,59504,53862,5642,Very Positive,['Simulation'],Simulation,,,2020.0,,90.51828448507663,9.481715514923367
571,NBA THE RUN,2026-06-09,29.99,0.0,Play by Play Studios,Play by Play Studios,917,637,280,Mixed,"['Action', 'Casual', 'Sports']",Action,Casual,Sports,2026.0,,69.46564885496184,30.53435114503817
572,Road to Empress Ⅱ,2026-06-08,0.0,0.0, New One Studio, New One Studio,8173,6616,1557,Very Positive,"['Adventure', 'Casual', 'Indie', 'RPG']",Adventure,Casual,Indie,2026.0,,80.94946775969656,19.05053224030344
573,GERONIMO,2026-07-10,19.99,0.0,Dark Matter Studios,Dark Matter Studios,1115,933,182,Very Positive,"['Action', 'Early Access']",Action,Early Access,,2026.0,,83.67713004484305,16.322869955156953
574,Titanfall® 2,2016-10-28,0.0,0.0,Respawn Entertainment,Electronic Arts,284187,271783,12404,Overwhelmingly Positive,['Action'],Action,,,2016.0,,95.63526832684113,4.364731673158871
575,Albion Online,2017-07-17,0.0,0.0,Sandbox Interactive GmbH,Sandbox Interactive GmbH,92991,72970,20021,Mostly Positive,"['Massively Multiplayer', 'RPG', 'Free To Play']",Massively Multiplayer,RPG,Free To Play,2017.0,,78.46995945844222,21.530040541557785
576,Mahjong Soul,2024-07-23,0.0,0.0,Catfood Studio,YOSTAR HONG KONG LIMITED,4075,3414,661,Mostly Positive,"['Casual', 'Strategy']",Casual,Strategy,,2024.0,,83.77914110429447,16.220858895705522
577,WUCHANG: Fallen Feathers,2025-07-23,49.99,34.99,Leenzee,505 Games,104327,58866,45461,Very Positive,"['Action', 'Adventure', 'RPG']",Action,Adventure,RPG,2025.0,30.0,56.424511392065334,43.575488607934666
578,WolfQuest: Anniversary Edition,2025-07-22,29.99,0.0,eduweb,eduweb,13159,12834,325,Overwhelmingly Positive,"['Action', 'RPG', 'Simulation']",Action,RPG,Simulation,2025.0,,97.53020746257314,2.4697925374268563
579,A Little to the Left,2022-11-08,14.99,5.99,Max Inferno,Secret Mode,18753,17182,1571,Very Positive,"['Casual', 'Indie']",Casual,Indie,,2022.0,60.0,91.62267370554045,8.377326294459554
580,Call of Duty®: Black Ops 6,2024-11-01,69.99,0.0,Treyarch,Activision,15738,6962,8776,Mostly Positive,['Action'],Action,,,2024.0,,44.23687889185411,55.76312110814589
581,Dead Island 2,2024-04-22,49.99,0.0,Dambuster Studios,Deep Silver,28692,22201,6491,Mostly Positive,"['Action', 'Adventure']",Action,Adventure,,2024.0,,77.37696919001812,22.623030809981877
582,Street Fighter™ 6 - Year 3 Character Pass,2025-07-15,29.99,0.0,"CAPCOM Co., Ltd.","CAPCOM Co., Ltd.",122,67,55,Very Positive,"['Action', 'Adventure']",Action,Adventure,,2025.0,,54.91803278688525,45.08196721311475
583,Crime Scene Cleaner,2024-08-14,29.99,0.0,President Studio,President Studio,33734,33089,645,Overwhelmingly Positive,"['Action', 'Simulation']",Action,Simulation,,2024.0,,98.0879824509397,1.9120175490602953
584,SILENT HILL f,2025-09-24,69.99,0.0,NeoBards Entertainment Ltd.,KONAMI,28439,22880,5559,Mostly Positive,"['Action', 'Adventure']",Action,Adventure,,2025.0,,80.45289918773516,19.547100812264848
585,Mortal Shell II,2026-08-20,0.0,0.0,Cold Symmetry,Playstack,0,0,0,['Action'],"['None', 'None', 'None', 'None']",None,None,None,2026.0,,,
586,Old School RuneScape,2013-02-22,0.0,0.0,Jagex Ltd,Jagex Ltd,20618,17061,3557,Very Positive,"['Adventure', 'Massively Multiplayer', 'RPG', 'Free To Play']",Adventure,Massively Multiplayer,RPG,2013.0,,82.74808419827335,17.251915801726646
587,HackHub - Ultimate Hacker Simulator,2026-08-01,0.0,0.0,HotBunny,G-DEVS.com,756,677,79,Very Positive,"['Indie', 'Simulation', 'Strategy']",Indie,Simulation,Strategy,2026.0,,89.55026455026454,10.44973544973545
588,The Sims™ 2 Legacy Collection,2025-01-31,0.0,0.0,MAXIS,Electronic Arts,4892,3522,1370,Very Positive,['Simulation'],Simulation,,,2025.0,,71.99509403107113,28.00490596892886
589,ROUTINE,2025-12-04,24.99,17.49,Lunar Software,Raw Fury,7968,7325,643,Very Positive,"['Action', 'Adventure', 'Indie']",Action,Adventure,Indie,2025.0,30.0,91.93022088353415,8.069779116465863
590,IL-2 Sturmovik: Battle of Stalingrad,2014-10-22,49.99,12.49,1C Game Studios,FOR-GAMES CR LTD,9876,7819,2057,Mostly Positive,"['Action', 'Simulation']",Action,Simulation,,2014.0,75.0,79.17172944511948,20.82827055488052
591,Stray,2022-07-19,29.99,0.0,BlueTwelve Studio,Annapurna Interactive,176429,171513,4916,Overwhelmingly Positive,"['Adventure', 'Indie']",Adventure,Indie,,2022.0,,97.21361000742509,2.786389992574917
592,Poppy Playtime,2021-10-12,0.0,0.0,Mob Entertainment,Mob Entertainment,141227,124217,17010,Very Positive,"['Action', 'Adventure', 'Indie']",Action,Adventure,Indie,2021.0,,87.95556090549258,12.044439094507425
593,Supermarket Chaos,2026-06-29,4.99,0.0,BunnyHop,BunnyHopHome,2072,1937,135,Very Positive,"['Indie', 'Simulation']",Indie,Simulation,,2026.0,,93.48455598455598,6.5154440154440145
594,Far Cry® 5,2018-03-26,59.99,0.0,Ubisoft Montreal,Ubisoft,188129,152506,35623,Very Positive,"['Action', 'Adventure']",Action,Adventure,,2018.0,,81.06458865990889,18.935411340091107
595,Buckshot Roulette,2024-04-04,2.99,0.0,Mike Klubnika,CRITICAL REFLEX,123333,117411,5922,Very Positive,"['Action', 'Indie', 'Simulation']",Action,Indie,Simulation,2024.0,,95.19836540098757,4.80163459901243
596,Stellaris: Nomads,2026-06-15,24.99,0.0,Paradox Development Studio,Paradox Interactive,476,236,240,Mostly Negative,"['Simulation', 'Strategy']",Simulation,Strategy,,2026.0,,49.57983193277311,50.42016806722689
597,Dishonored,2012-10-08,9.99,2.49,Arkane Studios,Bethesda Softworks,87591,85512,2079,Overwhelmingly Positive,"['Action', 'Adventure']",Action,Adventure,,2012.0,75.0,97.6264684727883,2.3735315272117
598,Coral Island,2023-11-14,29.99,0.0,Stairway Games,Balor Games,27368,24320,3048,Very Positive,"['Adventure', 'Casual', 'Indie', 'RPG']",Adventure,Casual,Indie,2023.0,,88.86290558316283,11.137094416837181
599,Monster Hunter Stories 3: Twisted Reflection,2026-03-12,0.0,0.0,"CAPCOM Co., Ltd.","CAPCOM Co., Ltd.",8828,6785,2043,Mostly Positive,"['Adventure', 'RPG']",Adventure,RPG,,2026.0,,76.85772541912098,23.142274580879022
600,Automobilista 2,2020-03-31,0.0,0.0,Reiza Studios,Reiza Studios,15798,14489,1309,Very Positive,"['Action', 'Indie', 'Racing', 'Simulation']",Action,Indie,Racing,2020.0,,91.71414103051019,8.285858969489809
601,The Mermaid Mask,2026-07-16,0.0,0.0,SFB Games,SFB Games,2060,2051,9,Overwhelmingly Positive,"['Adventure', 'Casual', 'Indie']",Adventure,Casual,Indie,2026.0,,99.5631067961165,0.4368932038834952
602,Battlefield™ 1,2016-10-20,0.0,0.0,DICE,Electronic Arts,225096,194681,30415,Very Positive,"['Action', 'Massively Multiplayer']",Action,Massively Multiplayer,,2016.0,,86.48798734762057,13.512012652379429
603,Car Dealer Simulator,2025-05-29,0.0,0.0,Garage Monkeys,Garage Monkeys,10091,8977,1114,Very Positive,"['Casual', 'Indie', 'Simulation']",Casual,Indie,Simulation,2025.0,,88.96045981567734,11.039540184322663
604,"5,000 Premier Pack - Rainbow Six Siege",2026-06-04,39.99,0.0,Ubisoft Montreal,Ubisoft,36,17,19,Mixed,"['Action', 'Free To Play']",Action,Free To Play,,2026.0,,47.22222222222222,52.77777777777778
605,The Outer Worlds 2,2025-10-29,69.99,0.0,Obsidian Entertainment,Xbox Game Studios,8795,6480,2315,Mixed,"['Action', 'Adventure', 'RPG']",Action,Adventure,RPG,2025.0,,73.67822626492325,26.321773735076746
606,American Truck Simulator - Illinois,2026-05-14,11.99,0.0,SCS Software,SCS Software,211,167,44,Mostly Positive,"['Indie', 'Simulation']",Indie,Simulation,,2026.0,,79.14691943127961,20.85308056872038
607,Plants vs. Zombies™ Garden Warfare 2: Deluxe Edition,2022-05-16,0.0,0.0,PopCap,Electronic Arts,49718,44698,5020,Very Positive,"['Action', 'Casual', 'Strategy']",Action,Casual,Strategy,2022.0,,89.90305322016171,10.096946779838287
608,The Lord of the Rings Online™,2012-06-06,0.0,0.0,Standing Stone Games,Daybreak Game Company LLC,23060,18770,4290,Mostly Positive,"['Action', 'Adventure', 'Massively Multiplayer', 'RPG']",Action,Adventure,Massively Multiplayer,2012.0,,81.39635732870771,18.60364267129228
609,Sea of Stars: Sunset Edition,2023-08-28,34.99,0.0,Sabotage Studio,Sabotage Studio,15109,13411,1698,Very Positive,"['Adventure', 'Indie', 'RPG']",Adventure,Indie,RPG,2023.0,,88.7616652326428,11.238334767357204
610,Master of Command,2025-10-27,0.0,0.0,Armchair Interactive,Armchair Interactive,3876,3580,296,Very Positive,['Strategy'],Strategy,,,2025.0,,92.36326109391125,7.636738906088751
611,Tom Clancy's Ghost Recon® Wildlands,2017-03-06,49.99,0.0,Ubisoft Paris,Ubisoft,105908,84310,21598,Mostly Positive,"['Action', 'Adventure']",Action,Adventure,,2017.0,,79.60682856819126,20.39317143180874
612,STAR WARS Jedi: Fallen Order™,2019-11-14,0.0,0.0,Respawn Entertainment,Electronic Arts,174599,154417,20182,Very Positive,"['Action', 'Adventure']",Action,Adventure,,2019.0,,88.44094181524522,11.55905818475478
613,The Spell Brigade,2026-04-29,0.0,0.0,Bolt Blaster Games,Bolt Blaster Games,16380,13323,3057,Very Positive,"['Action', 'Casual', 'Indie', 'Free To Play']",Action,Casual,Indie,2026.0,,81.33699633699634,18.663003663003664
614,DRAGON BALL Z: KAKAROT,2020-01-16,0.0,0.0,CyberConnect2 Co. Ltd.,Bandai Namco Entertainment Inc.,58128,54158,3970,Very Positive,"['Action', 'RPG']",Action,RPG,,2020.0,,93.17024497660336,6.8297550233966415
615,"Warhammer 40,000: Darktide - Hive Scum Class",2025-12-02,11.99,0.0,Fatshark,Fatshark,2171,1056,1115,Mixed,"['Action', 'Adventure', 'RPG']",Action,Adventure,RPG,2025.0,,48.64117918010133,51.35882081989867
616,Gang Beasts,2017-12-12,19.99,0.0,Boneloaf,Boneloaf,66960,57282,9678,Very Positive,"['Action', 'Adventure', 'Casual', 'Indie']",Action,Adventure,Casual,2017.0,,85.54659498207884,14.453405017921147
617,Galactic Civilizations IV,2023-10-19,39.99,0.0,Stardock Entertainment,Stardock Entertainment,2532,1839,693,Mixed,"['Simulation', 'Strategy']",Simulation,Strategy,,2023.0,,72.6303317535545,27.3696682464455
618,Date Everything!,2025-06-17,29.99,0.0,Sassy Chap Games,Team17,7559,7060,499,Very Positive,['Simulation'],Simulation,,,2025.0,,93.3985976981082,6.601402301891785
619,METAL GEAR SOLID V: THE PHANTOM PAIN,2015-09-01,19.99,0.0,KONAMI,KONAMI,107562,98738,8824,Very Positive,"['Action', 'Adventure']",Action,Adventure,,2015.0,,91.79635930904966,8.203640690950335
620,LEGO® Party!,2025-09-30,39.99,27.99,SMG Studio,Fictions,1449,1266,183,Mixed,"['Action', 'Casual']",Action,Casual,,2025.0,30.0,87.37060041407867,12.629399585921325
621,Portal 2,2011-04-18,9.99,0.0,Valve,Valve,464930,458911,6019,Overwhelmingly Positive,"['Action', 'Adventure']",Action,Adventure,,2011.0,,98.70539651130278,1.2946034886972233
622,Assassin's Creed Valhalla,2022-12-06,59.99,0.0,Ubisoft Montreal,Ubisoft,44143,30673,13470,Mostly Positive,"['Action', 'Adventure', 'RPG']",Action,Adventure,RPG,2022.0,,69.48553564551571,30.51446435448429
623,"Warhammer 40,000: Rogue Trader - The Infinite Museion",2026-06-11,17.99,0.0,Owlcat Games,Owlcat Games,413,305,108,Mostly Positive,"['Adventure', 'Indie', 'RPG', 'Strategy']",Adventure,Indie,RPG,2026.0,,73.8498789346247,26.150121065375302
624,Fallout 3: Game of the Year Edition,2009-10-13,19.99,6.59,Bethesda Game Studios,Bethesda Softworks,55952,45676,10276,Very Positive,['RPG'],RPG,,,2009.0,67.0,81.63425793537317,18.365742064626822
625,Gorilla Tag,2023-01-01,19.99,0.0,Another Axiom Inc.,Another Axiom Inc.,85140,77752,7388,Very Positive,"['Action', 'Casual']",Action,Casual,,2023.0,,91.32252760159737,8.67747239840263
626,SpaceCraft,2026-06-11,29.99,0.0,Shiro Games,Shiro Games,2574,1688,886,Mixed,"['Adventure', 'Indie', 'Massively Multiplayer', 'Simulation']",Adventure,Indie,Massively Multiplayer,2026.0,,65.57886557886557,34.42113442113442
627,Elite Dangerous,2015-04-02,19.99,0.0,Frontier Developments,Frontier Developments,107117,82813,24304,Mostly Positive,"['Action', 'Adventure', 'Massively Multiplayer', 'RPG']",Action,Adventure,Massively Multiplayer,2015.0,,77.31079100422902,22.68920899577098
628,House Flipper,2018-05-17,38.23,23.78,Empyrean,Frozen District,111137,104460,6677,Very Positive,"['Action', 'Adventure', 'Casual', 'Indie']",Action,Adventure,Casual,2018.0,38.0,93.99209984073711,6.007900159262892
629,Road to Vostok,2026-04-07,0.0,0.0,Road to Vostok Ltd.,Road to Vostok Ltd.,8589,7253,1336,Very Positive,"['Action', 'Early Access']",Action,Early Access,,2026.0,,84.4452206310397,15.554779368960297
630,Predecessor,2024-08-20,0.0,0.0,Omeda Studios,Omeda Studios,17398,12447,4951,Mixed,"['Action', 'Indie', 'Massively Multiplayer', 'RPG']",Action,Indie,Massively Multiplayer,2024.0,,71.54270605816761,28.457293941832397
631,Firefighting Simulator: Ignite,2025-09-09,54.99,32.99,weltenbauer. Software Entwicklung GmbH,astragon Entertainment,2496,2001,495,Very Positive,"['Action', 'Simulation']",Action,Simulation,,2025.0,40.0,80.16826923076923,19.831730769230766
632,GTFO,2021-12-09,39.99,0.0,10 Chambers,10 Chambers,66534,55839,10695,Mostly Positive,['Action'],Action,,,2021.0,,83.92551176841916,16.074488231580847
633,Fellowship,2025-10-16,24.99,14.99,Chief Rebel,Coffee Stain Publishing,17543,13144,4399,Mostly Positive,"['RPG', 'Early Access']",RPG,Early Access,,2025.0,40.0,74.92447129909365,25.075528700906347
634,Phoenix Wright: Ace Attorney Trilogy,2019-04-09,29.99,0.0,"CAPCOM Co., Ltd.","CAPCOM Co., Ltd.",44509,43423,1086,Overwhelmingly Positive,['Adventure'],Adventure,,,2019.0,,97.56004403603765,2.4399559639623445
635,Captain of Industry,2022-05-31,34.99,0.0,MaFi Games,MaFi Games,11366,10259,1107,Very Positive,"['Indie', 'Simulation', 'Strategy', 'Early Access']",Indie,Simulation,Strategy,2022.0,,90.26042583142706,9.739574168572936
636,MOLE,2026-06-15,12.99,10.39,Off Black Creations,Oro Interactive,2951,2869,82,Overwhelmingly Positive,"['Adventure', 'Indie', 'Simulation']",Adventure,Indie,Simulation,2026.0,20.0,97.22128092172146,2.7787190782785496
637,Batman: Arkham Collection,2010-03-26,19.99,0.0,Rocksteady Studios,WB Games,86501,83346,3155,Overwhelmingly Positive,"['Action', 'Adventure']",Action,Adventure,,2010.0,,96.35264332204252,3.6473566779574798
638,The Alters,2025-06-13,34.99,0.0,11 bit studios,11 bit studios,19110,17275,1835,Very Positive,['Adventure'],Adventure,,,2025.0,,90.39769754055467,9.602302459445317
639,Star Wars Outlaws,2024-11-21,0.0,0.0,Massive Entertainment – A Ubisoft Studio,Ubisoft,12130,8676,3454,Mostly Positive,"['Action', 'Adventure']",Action,Adventure,,2024.0,,71.52514427040396,28.474855729596044
640,Hell Maiden,2026-07-16,9.99,0.0,AstralShift,AstralShift,1435,1290,145,Very Positive,"['Action', 'Casual', 'Indie', 'RPG']",Action,Casual,Indie,2026.0,,89.89547038327527,10.104529616724738
641,My Singing Monsters,2021-03-24,0.0,0.0,Big Blue Bubble,Big Blue Bubble,48597,45450,3147,Very Positive,"['Casual', 'Simulation', 'Free To Play']",Casual,Simulation,Free To Play,2021.0,,93.5242916229397,6.475708377060313
642,Happy's Humble Burger Cult,2026-07-16,9.99,0.0,Scythe Dev Team,tinyBuild,426,367,59,Very Positive,"['Action', 'Indie', 'Simulation']",Action,Indie,Simulation,2026.0,,86.15023474178403,13.849765258215962
643,Disco Elysium - The Final Cut,2019-10-15,39.99,0.0,ZA/UM,ZA/UM,129557,119958,9599,Very Positive,['RPG'],RPG,,,2019.0,,92.59090593329576,7.40909406670423
644,ARK: Dragontopia,2026-07-03,29.99,0.0,Studio Wildcard,Studio Wildcard,193,71,122,Mostly Negative,"['Action', 'Adventure', 'Indie', 'Massively Multiplayer']",Action,Adventure,Indie,2026.0,,36.787564766839374,63.212435233160626
645,Enlisted,2024-07-16,0.0,0.0,Darkflow Software,Gaijin Network Ltd,46254,37087,9167,Mostly Positive,"['Action', 'Massively Multiplayer', 'Free To Play']",Action,Massively Multiplayer,Free To Play,2024.0,,80.18117352012798,19.818826479872012
646,Wingspan,2020-09-17,19.99,9.99,Monster Couch,Monster Couch,11889,11209,680,Very Positive,"['Indie', 'Strategy']",Indie,Strategy,,2020.0,50.0,94.2804272857263,5.719572714273698
647,Anno 1800,2019-04-16,59.99,0.0,Ubisoft Mainz,Ubisoft,32066,26079,5987,Mostly Positive,"['Simulation', 'Strategy']",Simulation,Strategy,,2019.0,,81.3291336618225,18.670866338177508
648,WARNO,2024-05-23,39.99,0.0,Eugen Systems,Eugen Systems,15890,12681,3209,Very Positive,"['Action', 'Indie', 'Simulation', 'Strategy']",Action,Indie,Simulation,2024.0,,79.80490874764003,20.195091252359976
649,"Warhammer 40,000: Darktide - Arbites Class",2025-06-23,11.99,0.0,Fatshark,Fatshark,1447,944,503,Very Positive,"['Action', 'Adventure', 'Indie']",Action,Adventure,Indie,2025.0,,65.23842432619212,34.761575673807876
650,RAID: Shadow Legends,2024-01-09,0.0,0.0,Plarium Global Ltd,Plarium Global Ltd,2701,1653,1048,Mixed,"['Massively Multiplayer', 'RPG', 'Strategy', 'Free To Play']",Massively Multiplayer,RPG,Strategy,2024.0,,61.19955572010366,38.80044427989633
651,Warhammer: Vermintide 2,2018-03-08,29.99,0.0,Fatshark,Fatshark,147257,125209,22048,Very Positive,"['Action', 'Indie', 'RPG']",Action,Indie,RPG,2018.0,,85.02753689128531,14.972463108714695
652,StarRupture,2026-01-06,19.99,0.0,Creepy Jar,Creepy Jar,13159,10642,2517,Mostly Positive,"['Action', 'Adventure', 'Indie', 'Simulation']",Action,Adventure,Indie,2026.0,,80.8724067178357,19.127593282164298
653,The Sims™ 4 Businesses & Hobbies Expansion Pack,2025-03-06,39.99,19.99,Maxis,Electronic Arts,104,78,26,Mostly Positive,"['Adventure', 'Casual', 'Simulation']",Adventure,Casual,Simulation,2025.0,50.0,75.0,25.0
654,FINAL FANTASY XIV: Dawntrail,2024-07-02,39.99,0.0,Square Enix,Square Enix,5513,2708,2805,Mixed,"['Massively Multiplayer', 'RPG']",Massively Multiplayer,RPG,,2024.0,,49.12026120079812,50.87973879920189
655,Total War: ROME II - Emperor Edition,2013-09-02,59.99,0.0,CREATIVE ASSEMBLY,SEGA,93744,78825,14919,Very Positive,['Strategy'],Strategy,,,2013.0,,84.08538146441373,15.914618535586278
656,Conqueror's Blade,2020-04-05,0.0,0.0,Booming Tech,Poros Interactive,38742,26019,12723,Mixed,"['Action', 'Massively Multiplayer', 'RPG', 'Strategy']",Action,Massively Multiplayer,RPG,2020.0,,67.1596716741521,32.84032832584792
657,Vampire Crawlers: The Turbo Wildcard from Vampire Survivors,2026-04-21,0.0,0.0,poncle,poncle,18694,17994,700,Very Positive,"['Action', 'Indie', 'Strategy']",Action,Indie,Strategy,2026.0,,96.2554830426875,3.744516957312507
658,The Invincible,2023-11-06,29.99,0.0,Starward Industries,11 bit studios,12663,11127,1536,Very Positive,"['Action', 'Adventure', 'Indie']",Action,Adventure,Indie,2023.0,,87.8701729447998,12.12982705520019
659,Action Taimanin,2020-10-05,0.0,0.0,LiLith,Infini-Brain inc.,19362,16060,3302,Mostly Positive,"['Action', 'Adventure', 'RPG', 'Free To Play']",Action,Adventure,RPG,2020.0,,82.9459766553042,17.054023344695796
660,SULFUR,2024-10-28,0.0,0.0,Perfect Random,Perfect Random,9761,8532,1229,Very Positive,"['Action', 'Adventure', 'Indie', 'RPG']",Action,Adventure,Indie,2024.0,,87.40907693883824,12.590923061161766
661,DrainSim,2026-03-03,0.0,0.0,CodePeas,CodePeas,2426,2223,203,Very Positive,"['Casual', 'Indie', 'Simulation', 'Early Access']",Casual,Indie,Simulation,2026.0,,91.6323165704864,8.367683429513603
662,Sid Meier's Civilization® V,2010-09-21,29.99,7.49,Firaxis Games,2K,210415,201167,9248,Overwhelmingly Positive,['Strategy'],Strategy,,,2010.0,75.0,95.60487607822637,4.395123921773638
663,Metro Exodus,2019-02-14,29.99,0.0,4A Games,Deep Silver,134596,121097,13499,Very Positive,['Action'],Action,,,2019.0,,89.97072721329015,10.029272786709857
664,Sun Haven,2023-03-10,24.99,8.74,Pixel Sprout Studios,Pixel Sprout Studios,25365,20417,4948,Mostly Positive,"['Adventure', 'Casual', 'Indie', 'RPG']",Adventure,Casual,Indie,2023.0,65.0,80.49280504632368,19.507194953676326
665,OMORI,2020-12-25,19.99,0.0,"OMOCAT, LLC","OMOCAT, LLC",87927,85365,2562,Overwhelmingly Positive,"['Adventure', 'Indie', 'RPG']",Adventure,Indie,RPG,2020.0,,97.08621925005971,2.9137807499402912
666,BALL x PIT,2025-10-15,14.99,0.0,Kenny Sun and Friends,Devolver Digital,26185,24971,1214,Very Positive,"['Action', 'Indie']",Action,Indie,,2025.0,,95.36375787664694,4.636242123353065
667,Wizardry Variants Daphne,2025-03-05,0.0,0.0,"Drecom Co., Ltd.","Drecom Co., Ltd.",3730,2128,1602,Mixed,['RPG'],RPG,,,2025.0,,57.050938337801604,42.94906166219839
668,The Ranchers,2026-07-30,24.99,22.49,The Ranchers,Trophy Games Publishing ApS,409,242,167,Mixed,"['Action', 'Adventure', 'Casual', 'Indie']",Action,Adventure,Casual,2026.0,10.0,59.168704156479215,40.831295843520785
669,Call to Arms - Gates of Hell: Finest Hour,2025-12-02,29.99,0.0,Barbedwire Studios,Digitalmindsoft,785,566,219,Mixed,"['Action', 'Simulation', 'Strategy']",Action,Simulation,Strategy,2025.0,,72.10191082802547,27.898089171974522
670,Lossless Scaling,2018-12-28,6.99,0.0,THS,THS,38136,34480,3656,Very Positive,['Utilities'],Utilities,,,2018.0,,90.41325781413887,9.586742185861128
671,F1® 25: 2026 Season Pack,2026-06-03,24.99,0.0,Codemasters,Electronic Arts,570,282,288,Mixed,"['Racing', 'Simulation', 'Sports']",Racing,Simulation,Sports,2026.0,,49.473684210526315,50.526315789473685
672,Call of Duty®: Black Ops Cold War,2023-03-08,59.99,0.0,Treyarch,Activision,22924,18232,4692,Mostly Positive,['Action'],Action,,,2023.0,,79.53236782411447,20.467632175885537
673,Star Trek: Voyager - Across the Unknown,2026-02-18,34.99,0.0,Gamexcite,Daedalic Entertainment,4565,3627,938,Mixed,"['Indie', 'Strategy']",Indie,Strategy,,2026.0,,79.45235487404162,20.54764512595838
674,State of Decay 2: Juggernaut Edition,2020-03-13,29.99,0.0,Undead Labs,Xbox Game Studios,69525,57547,11978,Very Positive,"['Action', 'RPG', 'Simulation']",Action,RPG,Simulation,2020.0,,82.77166486875225,17.228335131247754
675,Brotato,2023-06-23,4.99,2.99,Blobfish,Blobfish,117389,112738,4651,Very Positive,"['Action', 'Casual', 'Indie', 'RPG']",Action,Casual,Indie,2023.0,40.0,96.03795926364481,3.962040736355195
676,Police Simulator: Patrol Officers,2022-11-10,39.99,19.99,Aesir Interactive,astragon Entertainment,22592,17105,5487,Mixed,['Simulation'],Simulation,,,2022.0,50.0,75.71264164305948,24.287358356940512
677,Street Fighter™ 6 - Year 3 Ultimate Pass,2025-07-15,47.99,0.0,"CAPCOM Co., Ltd.","CAPCOM Co., Ltd.",74,42,32,Mixed,"['Action', 'Adventure']",Action,Adventure,,2025.0,,56.75675675675676,43.24324324324324
678,Pathfinder: Wrath of the Righteous - Enhanced Edition,2021-09-02,40.48,19.56,Owlcat Games,META Publishing,43704,36493,7211,Mostly Positive,"['Action', 'Adventure', 'Indie', 'RPG']",Action,Adventure,Indie,2021.0,52.0,83.50036609921288,16.499633900787114
679,Beat Saber,2019-05-21,29.99,0.0,Beat Games,Beat Games,76212,72787,3425,Very Positive,['Indie'],Indie,,,2019.0,,95.50595706712853,4.494042932871464
680,Guild Wars 2® Heart of Thorns® and Path of Fire™ Expansions,2022-08-23,29.99,0.0,ArenaNet®,ArenaNet®,337,266,71,Mostly Positive,"['Adventure', 'Massively Multiplayer', 'RPG', 'Free To Play']",Adventure,Massively Multiplayer,RPG,2022.0,,78.93175074183976,21.068249258160236
681,Solasta: Crown of the Magister,2021-05-27,29.99,0.0,Tactical Adventures,Tactical Adventures,22360,19399,2961,Very Positive,"['Adventure', 'RPG', 'Strategy']",Adventure,RPG,Strategy,2021.0,,86.75760286225402,13.242397137745975
682,RimWorld - Anomaly,2024-04-11,24.99,0.0,Ludeon Studios,Ludeon Studios,3032,2436,596,Mostly Positive,"['Indie', 'Simulation', 'Strategy']",Indie,Simulation,Strategy,2024.0,,80.34300791556728,19.656992084432716
683,Half-Life: Alyx,2020-03-23,59.99,0.0,Valve,Valve,104900,103080,1820,Overwhelmingly Positive,"['Action', 'Adventure']",Action,Adventure,,2020.0,,98.2650142993327,1.7349857006673024
684,Risk of Rain 2: Seekers of the Storm,2024-08-27,14.99,0.0,Gearbox Software,Gearbox Publishing,12230,6645,5585,Mostly Positive,"['Action', 'Indie']",Action,Indie,,2024.0,,54.33360588716272,45.66639411283728
685,Tainted Grail: The Fall of Avalon - Sanctuary of Sarras DLC,2025-12-15,14.99,0.0,Questline,Awaken Realms,534,460,74,Very Positive,"['Action', 'Adventure', 'Indie', 'RPG']",Action,Adventure,Indie,2025.0,,86.14232209737828,13.857677902621724
686,DOOM,2016-05-12,19.99,3.99,id Software,Bethesda Softworks,220556,210622,9934,Overwhelmingly Positive,['Action'],Action,,,2016.0,80.0,95.49592847168066,4.504071528319339
687,"Warhammer 40,000: Gladius - Relics of War",2018-07-12,39.99,0.0,Proxy Studios,Slitherine Ltd.,18488,15099,3389,Mostly Positive,['Strategy'],Strategy,,,2018.0,,81.66919082648204,18.330809173517956
688,The Sims™ 3,2009-06-02,0.0,0.0,The Sims Studio,Electronic Arts,34284,29571,4713,Mostly Positive,['Simulation'],Simulation,,,2009.0,,86.25306265313266,13.746937346867345
689,Disc Golf Masters,2026-06-23,24.99,0.0,Spinoff Games,Bonus Stage Publishing,336,293,43,Very Positive,"['Simulation', 'Sports', 'Early Access']",Simulation,Sports,Early Access,2026.0,,87.20238095238095,12.797619047619047
690,Automation - The Car Company Tycoon Game,2015-03-12,29.99,0.0,Camshaft Software Ltd,Camshaft Software Ltd,17773,16689,1084,Overwhelmingly Positive,"['Indie', 'Racing', 'Simulation', 'Strategy']",Indie,Racing,Simulation,2015.0,,93.90086085635515,6.099139143644854
691,CloverPit,2025-09-26,9.99,0.0,Panik Arcade,Future Friends Games,25387,22905,2482,Very Positive,"['Action', 'Adventure', 'Indie', 'Simulation']",Action,Adventure,Indie,2025.0,,90.22334265568992,9.776657344310081
692,Everwind,2026-03-17,24.99,0.0,Enjoy Studio S.A.,Bohemia Interactive,3711,3025,686,Mostly Positive,"['Adventure', 'Indie', 'RPG', 'Simulation']",Adventure,Indie,RPG,2026.0,,81.51441659929938,18.48558340070062
693,Birds of War,2026-07-22,9.99,0.0,HexNest Games,HexNest Games,277,247,30,Very Positive,"['Action', 'Casual', 'Indie']",Action,Casual,Indie,2026.0,,89.16967509025271,10.830324909747292
694,House Flipper Remastered Collection,2026-06-04,49.99,39.99,Frozen Way,Frozen Way,772,522,250,Mostly Positive,"['Casual', 'Indie', 'Simulation']",Casual,Indie,Simulation,2026.0,20.0,67.61658031088082,32.38341968911917
695,MX vs ATV Legends,2022-06-28,39.99,0.0,Rainbow Studios,THQ Nordic,5206,4213,993,Very Positive,"['Racing', 'Sports']",Racing,Sports,,2022.0,,80.92585478294276,19.074145217057243
696,Outbound,2026-05-11,24.99,0.0,Square Glade Games,Square Glade Games,2044,1501,543,Mixed,"['Adventure', 'Casual', 'Indie', 'Simulation']",Adventure,Casual,Indie,2026.0,,73.43444227005871,26.56555772994129
697,ARK: Bob's Tall Tales,2024-04-01,29.99,0.0,Studio Wildcard,Studio Wildcard,1470,705,765,Mostly Negative,"['Action', 'Adventure', 'Indie', 'Massively Multiplayer']",Action,Adventure,Indie,2024.0,,47.95918367346938,52.04081632653062
698,Kingdom Come: Deliverance,2018-02-13,29.99,0.0,Warhorse Studios,Warhorse Studios,184253,155515,28738,Very Positive,"['Action', 'Adventure', 'RPG']",Action,Adventure,RPG,2018.0,,84.40296765859986,15.59703234140014
699,Human Fall Flat,2016-07-22,19.99,5.99,No Brakes Games,Curve Games,226012,213877,12135,Very Positive,"['Adventure', 'Casual', 'Indie', 'Simulation']",Adventure,Casual,Indie,2016.0,70.0,94.63081606286391,5.369183937136081
700,Forsaken Realms: Vahrin's Call,2026-07-27,34.99,0.0,Titan Roc,Titan Roc,505,347,158,Mixed,"['Action', 'Adventure', 'Indie', 'RPG']",Action,Adventure,Indie,2026.0,,68.71287128712872,31.287128712871286
701,House Flipper 2 - Sakura DLC,2026-05-21,14.99,0.0,Frozen District,Frozen District,131,98,33,Mostly Positive,"['Casual', 'Indie', 'Simulation']",Casual,Indie,Simulation,2026.0,,74.80916030534351,25.190839694656486
702,BLEACH Rebirth of Souls,2025-03-20,84.99,33.99,TAMSOFT CORPORATION,Bandai Namco Entertainment Inc.,6934,4645,2289,Very Positive,['Action'],Action,,,2025.0,60.0,66.98875108162676,33.011248918373234
703,The Legend of Khiimori,2026-03-03,0.0,0.0,Aesir Interactive,Mindscape,2075,1808,267,Very Positive,"['Adventure', 'Casual', 'Simulation', 'Early Access']",Adventure,Casual,Simulation,2026.0,,87.13253012048193,12.867469879518072
704,NBA 2K27,2026-09-03,69.99,0.0,Visual Concepts,2K,0,0,0,['Sports'],"['None', 'None', 'None', 'None']",None,None,None,2026.0,,,
705,Hell is Us,2025-09-04,69.99,27.99,Rogue Factor,Nacon,6450,5512,938,Very Positive,"['Action', 'Adventure']",Action,Adventure,,2025.0,60.0,85.45736434108527,14.54263565891473
706,MARVEL vs. CAPCOM Fighting Collection: Arcade Classics,2024-09-11,49.99,0.0,"CAPCOM Co., Ltd.","CAPCOM Co., Ltd.",2486,2342,144,Very Positive,['Action'],Action,,,2024.0,,94.20756234915527,5.792437650844731
707,Need for Speed™ Unbound,2022-12-01,0.0,0.0,Criterion Games,Electronic Arts,59019,35578,23441,Mixed,"['Action', 'Racing']",Action,Racing,,2022.0,,60.28228197699046,39.71771802300954
708,Inscryption,2021-10-19,19.99,0.0,Daniel Mullins Games,Devolver Digital,147520,142834,4686,Overwhelmingly Positive,"['Adventure', 'Indie', 'Strategy']",Adventure,Indie,Strategy,2021.0,,96.82348156182212,3.176518438177874
709,Bookshop Simulator,2026-07-20,0.0,0.0,Blep Games,Blep Games,1506,1420,86,Very Positive,"['Action', 'Adventure', 'RPG', 'Simulation']",Action,Adventure,RPG,2026.0,,94.28950863213812,5.710491367861885
710,Trepang2,2023-06-21,39.99,9.99,Trepang Studios,Team17,19041,17680,1361,Very Positive,"['Action', 'Indie']",Action,Indie,,2023.0,75.0,92.85226616249147,7.147733837508534
711,Rift of the NecroDancer,2025-02-05,0.0,0.0,Brace Yourself Games,Klei Publishing,6036,5690,346,Very Positive,"['Action', 'Indie', 'RPG']",Action,Indie,RPG,2025.0,,94.2677269715043,5.732273028495693
712,DC Universe™ Online,2011-11-02,0.0,0.0,Dimensional Ink Games,Daybreak Game Company,21910,17660,4250,Mixed,"['Action', 'Adventure', 'Massively Multiplayer', 'RPG']",Action,Adventure,Massively Multiplayer,2011.0,,80.60246462802372,19.397535371976264
713,Call of Duty®: Modern Warfare®,2023-03-08,59.99,0.0,Infinity Ward,Activision,44333,35012,9321,Mostly Positive,['Action'],Action,,,2023.0,,78.97502988744276,21.024970112557238
714,Revolution Idle,2025-05-01,0.0,0.0,Oni Gaming,Oni Gaming,11956,10374,1582,Very Positive,"['Casual', 'Indie', 'Simulation', 'Free To Play']",Casual,Indie,Simulation,2025.0,,86.76814988290398,13.23185011709602
715,Resident Evil 0,2016-01-19,19.99,0.0,"CAPCOM Co., Ltd.","CAPCOM Co., Ltd.",19423,15568,3855,Mostly Positive,"['Action', 'Adventure']",Action,Adventure,,2016.0,,80.15239664315501,19.847603356844978
716,The Jackbox Party Pack 11,2025-10-22,0.0,0.0,"Jackbox Games, Inc.","Jackbox Games, Inc.",497,465,32,Very Positive,"['Adventure', 'Casual', 'Indie', 'RPG']",Adventure,Casual,Indie,2025.0,,93.56136820925553,6.438631790744467
717,Tiny Glade,2024-09-23,14.99,0.0,Pounce Light,Pounce Light,24295,23636,659,Overwhelmingly Positive,"['Casual', 'Indie', 'Simulation']",Casual,Indie,Simulation,2024.0,,97.28750771763738,2.712492282362626
718,Blue Protocol: Star Resonance,2025-10-09,0.0,0.0,Shanghai Bokura Network Technology Co.Ltd,A Plus,18940,9493,9447,Mixed,"['Action', 'Adventure', 'Massively Multiplayer', 'RPG']",Action,Adventure,Massively Multiplayer,2025.0,,50.12143611404435,49.87856388595565
719,Halloween: The Game,2026-09-08,39.99,0.0,IllFonic,IllFonic Publishing,0,0,0,['Action'],"['None', 'None', 'None', 'None']",None,None,None,2026.0,,,
720,Far Cry® 4,2014-11-18,29.99,0.0,"Ubisoft Montreal, Red Storm, Shanghai, Toronto, Kiev",Ubisoft,72690,61502,11188,Very Positive,"['Action', 'Adventure']",Action,Adventure,,2014.0,,84.60861191360573,15.391388086394278
721,Ghostwire: Tokyo,2022-03-24,59.99,14.99,Tango Gameworks,Bethesda Softworks,20846,17280,3566,Very Positive,['Action'],Action,,,2022.0,75.0,82.89360069078,17.106399309219995
722,The Sims™ 4 Royalty & Legacy Expansion Pack,2026-02-12,39.99,31.99,Maxis,Electronic Arts,45,28,17,Mixed,"['Simulation', 'Strategy']",Simulation,Strategy,,2026.0,20.0,62.22222222222222,37.77777777777778
723,Avowed,2025-02-18,49.99,29.99,Obsidian Entertainment,Xbox Game Studios,12926,9957,2969,Mostly Positive,['RPG'],RPG,,,2025.0,40.0,77.03079065449482,22.969209345505185
724,Crush Crush,2016-05-13,0.0,0.0,Sad Panda Studios,Sad Panda Studios,28308,25140,3168,Very Positive,"['Casual', 'Indie', 'Free To Play']",Casual,Indie,Free To Play,2016.0,,88.80881729546418,11.191182704535821
725,Dome Keeper,2022-09-27,0.0,0.0,Bippinbits,Raw Fury,22026,20342,1684,Very Positive,"['Action', 'Adventure', 'Indie', 'Simulation']",Action,Adventure,Indie,2022.0,,92.3544901480069,7.645509851993099
726,Guild Wars® Reforged,2025-12-03,19.99,0.0,ArenaNet®,ArenaNet®,3381,2956,425,Very Positive,"['Action', 'Adventure', 'Massively Multiplayer', 'RPG']",Action,Adventure,Massively Multiplayer,2025.0,,87.42975451049986,12.570245489500149
727,Strinova,2024-11-21,0.0,0.0,iDreamSky,iDreamSky,30372,22581,7791,Mostly Positive,"['Action', 'Massively Multiplayer', 'Free To Play']",Action,Massively Multiplayer,Free To Play,2024.0,,74.34808376135915,25.651916238640855
728,Gotham Knights,2022-10-21,59.99,0.0,Warner Bros. Games Montréal,Warner Bros. Games,25124,16935,8189,Mostly Positive,"['Action', 'Adventure', 'RPG']",Action,Adventure,RPG,2022.0,,67.4056678872791,32.594332112720906
729,Lies of P: Overture,2025-06-06,29.99,0.0,NEOWIZ,NEOWIZ,6404,5520,884,Very Positive,"['Action', 'Adventure', 'RPG']",Action,Adventure,RPG,2025.0,,86.19612742036227,13.803872579637726
730,The First Berserker: Khazan,2025-03-27,59.99,0.0,Neople,NEXON,31742,26993,4749,Very Positive,"['Action', 'Adventure', 'RPG']",Action,Adventure,RPG,2025.0,,85.03874992124,14.961250078760003
731,MISERY,2025-10-23,12.99,0.0,Platypus Entertainment,Ytopia,25073,20995,4078,Very Positive,"['Action', 'Adventure', 'Indie', 'Massively Multiplayer']",Action,Adventure,Indie,2025.0,,83.73549236230208,16.26450763769792
732,Lords Mobile: Kingdom Wars,2019-06-02,0.0,0.0,IGG SINGAPORE PTE. LTD.,IGG SINGAPORE PTE. LTD.,5882,3931,1951,Mixed,"['Massively Multiplayer', 'RPG', 'Strategy', 'Free To Play']",Massively Multiplayer,RPG,Strategy,2019.0,,66.83100986059164,33.168990139408365
733,A Game About Chopping Trees,2026-07-15,7.99,0.0,Space Raccoon Game Studio,Spaghetti Cat,830,716,114,Very Positive,"['Casual', 'Simulation']",Casual,Simulation,,2026.0,,86.26506024096385,13.734939759036143
734,FATAL FURY: City of the Wolves,2026-01-22,19.99,0.0,SNK CORPORATION,SNK CORPORATION,3644,2957,687,Very Positive,['Action'],Action,,,2026.0,,81.14709110867179,18.85290889132821
735,Slime Rancher,2017-08-01,0.0,0.0,Monomi Park,Monomi Park,156022,152900,3122,Overwhelmingly Positive,"['Action', 'Adventure', 'Indie', 'Simulation']",Action,Adventure,Indie,2017.0,,97.99900014100575,2.0009998589942444
736,ASTRONEER,2016-12-16,29.99,0.0,System Era Softworks,System Era Softworks,138926,127713,11213,Very Positive,"['Adventure', 'Indie']",Adventure,Indie,,2016.0,,91.92879662554165,8.071203374458346
737,AI LIMIT,2025-03-27,34.99,24.49,Sense Games,CE-Asia,36417,33475,2942,Very Positive,"['Action', 'Adventure', 'Indie', 'RPG']",Action,Adventure,Indie,2025.0,30.0,91.92135541093445,8.078644589065547
738,"Warhammer 40,000: Battlesector",2021-07-22,39.99,0.0,Slitherine Ltd.,Slitherine Ltd.,6793,5905,888,Very Positive,['Strategy'],Strategy,,,2021.0,,86.92771971146769,13.072280288532312
739,Tales of Seikyu,2026-06-11,24.99,0.0,ACE Entertainment,Fireshine Games,2503,2121,382,Very Positive,"['Adventure', 'RPG', 'Simulation']",Adventure,RPG,Simulation,2026.0,,84.7383140231722,15.261685976827808
740,UNCHARTED™: Legacy of Thieves Collection,2022-10-19,49.99,0.0,Naughty Dog LLC,PlayStation Publishing LLC,43084,39006,4078,Very Positive,['Adventure'],Adventure,,,2022.0,,90.5347692879027,9.465230712097298
741,Grim Dawn - Forgotten Gods Expansion,2019-03-27,15.99,0.0,Crate Entertainment,Crate Entertainment,1170,1012,158,Very Positive,"['Action', 'Adventure', 'Indie', 'RPG']",Action,Adventure,Indie,2019.0,,86.4957264957265,13.504273504273504
742,Planet Zoo 2,2026-10-13,49.99,0.0,Frontier Developments,Frontier Developments,0,0,0,"['Simulation', 'Strategy']","['None', 'None', 'None', 'None']",None,None,None,2026.0,,,
743,Call of Duty®: Modern Warfare® 3 (2011),2011-11-08,39.99,0.0,Infinity Ward,Activision,39649,35292,4357,Very Positive,['Action'],Action,,,2011.0,,89.0110721581881,10.988927841811899
744,World War Z,2021-09-21,29.99,0.0,Saber Interactive Inc,Saber Interactive Inc,31897,26339,5558,Very Positive,['Action'],Action,,,2021.0,,82.57516380850863,17.424836191491362
745,Totally Accurate Battle Simulator,2021-04-01,19.99,0.0,Landfall,Landfall,152799,149469,3330,Overwhelmingly Positive,"['Indie', 'Simulation', 'Strategy']",Indie,Simulation,Strategy,2021.0,,97.82066636561758,2.179333634382424
746,Barony: Myths & Outcasts,2019-02-23,4.99,0.0,Turning Wheel LLC,Turning Wheel LLC,154,144,10,Very Positive,"['Action', 'Adventure', 'Indie', 'RPG']",Action,Adventure,Indie,2019.0,,93.5064935064935,6.493506493506493
747,Gears of War: Reloaded,2025-08-26,39.99,0.0,The Coalition,Xbox Game Studios,3534,2142,1392,Very Positive,['Action'],Action,,,2025.0,,60.611205432937176,39.38879456706282
748,Icarus: New Frontiers Expansion,2023-08-24,29.99,0.0,RocketWerkz,RocketWerkz,536,446,90,Very Positive,"['Action', 'Adventure', 'Simulation']",Action,Adventure,Simulation,2023.0,,83.2089552238806,16.791044776119403
749,Wartales,2023-04-12,34.99,0.0,Shiro Games,Shiro Games,35409,30433,4976,Mostly Positive,"['Adventure', 'Indie', 'RPG', 'Strategy']",Adventure,Indie,RPG,2023.0,,85.94707560224802,14.052924397751983
750,FINAL FANTASY X/X-2 HD Remaster,2016-05-12,29.99,0.0,Square Enix,Square Enix,23337,20554,2783,Mostly Positive,['RPG'],RPG,,,2016.0,,88.07473111368213,11.925268886317864
751,OFFBEAT,2026-07-22,0.0,0.0,Whetstone Games,Pantaloon,276,270,6,Very Positive,"['Indie', 'Simulation', 'Early Access']",Indie,Simulation,Early Access,2026.0,,97.82608695652173,2.1739130434782608
752,Eternal Return,2023-07-19,0.0,0.0,Nimble Neuron,Nimble Neuron,75514,55384,20130,Very Positive,['None'],None,,,2023.0,,73.34269142145827,26.657308578541727
753,DEATH STRANDING DIRECTOR'S CUT,2022-03-30,9.99,0.0,KOJIMA PRODUCTIONS, 505 Games,67025,61868,5157,Very Positive,"['Action', 'Adventure']",Action,Adventure,,2022.0,,92.30585602387168,7.694143976128311
754,White Knuckle,2025-04-17,0.0,0.0,Dark Machine Games,DreadXP,13587,13314,273,Overwhelmingly Positive,['Early Access'],Early Access,,,2025.0,,97.99072642967542,2.009273570324575
755,Bowling Alley Simulator,2026-07-14,0.0,0.0,Vulcron,Vulcron,138,121,17,Very Positive,['Simulation'],Simulation,,,2026.0,,87.68115942028986,12.318840579710146
756,LEGO® Batman™ 3: Beyond Gotham,2014-11-11,19.99,4.99,TT Games Ltd,WB Games,10438,9225,1213,Very Positive,"['Action', 'Adventure']",Action,Adventure,,2014.0,75.0,88.37899980839241,11.621000191607587
757,Risk of Rain 2: Survivors of the Void,2022-03-01,14.99,0.0,Hopoo Games,Gearbox Publishing,6107,5386,721,Very Positive,"['Action', 'Indie']",Action,Indie,,2022.0,,88.19387588013755,11.806124119862453
758,The Roottrees are Dead,2025-01-15,19.99,0.0,Evil Trout Inc.,Evil Trout Inc.,9587,9257,330,Very Positive,['Adventure'],Adventure,,,2025.0,,96.55783873996036,3.442161260039637
759,MIMESIS,2025-10-27,9.99,0.0,"ReLU Games, Inc.","ReLU Games, Inc.",10180,8596,1584,Very Positive,"['Action', 'Adventure', 'Casual', 'Indie']",Action,Adventure,Casual,2025.0,,84.44007858546169,15.55992141453831
760,Lost Castle 2,2026-06-10,0.0,0.0,Hunter Studio,Hunter Studio,13403,10426,2977,Mostly Positive,"['Action', 'Adventure', 'Indie', 'RPG']",Action,Adventure,Indie,2026.0,,77.78855480116393,22.21144519883608
761,Europa Universalis V,2025-11-04,59.99,0.0,Paradox Tinto,Paradox Interactive,30296,20256,10040,Mixed,['Strategy'],Strategy,,,2025.0,,66.8603115922894,33.13968840771059
762,Returnal™,2023-02-15,59.99,0.0,Housemarque,PlayStation Publishing LLC,10937,8861,2076,Mostly Positive,['Action'],Action,,,2023.0,,81.01856084849594,18.981439151504066
763,ELDEN RING NIGHTREIGN The Forsaken Hollows,2025-12-03,15.0,0.0,"FromSoftware, Inc.","FromSoftware, Inc.",9806,4258,5548,Mostly Negative,"['Action', 'RPG']",Action,RPG,,2025.0,,43.422394452376096,56.5776055476239
764,REPLACED,2026-04-14,0.0,0.0,Sad Cat Studios,Thunderful Publishing,8978,7575,1403,Very Positive,"['Action', 'Adventure', 'Indie']",Action,Adventure,Indie,2026.0,,84.372911561595,15.62708843840499
765,PlateUp!,2022-08-04,0.0,0.0,It's happening,Yogscast Games,26806,25392,1414,Very Positive,"['Action', 'Casual', 'Indie', 'Strategy']",Action,Casual,Indie,2022.0,,94.72506155338357,5.274938446616429
766,33 Immortals,2026-06-10,0.0,0.0,Thunder Lotus,Thunder Lotus,2240,1659,581,Mixed,"['Action', 'Indie', 'Massively Multiplayer']",Action,Indie,Massively Multiplayer,2026.0,,74.0625,25.937500000000004
767,Soulmask,2026-04-09,29.99,0.0,CampFire Studio,Qooland Games,22136,17086,5050,Mostly Positive,"['Adventure', 'Indie', 'RPG', 'Simulation']",Adventure,Indie,RPG,2026.0,,77.18648355619806,22.81351644380195
768,Horizon Zero Dawn™ Complete Edition,2020-08-07,0.0,0.0,Guerrilla,PlayStation Publishing LLC,128147,112732,15415,Very Positive,"['Action', 'Adventure', 'RPG']",Action,Adventure,RPG,2020.0,,87.97084598156805,12.029154018431958
769,Sledding Game,2026-04-30,7.99,6.39,The Sledding Corporation,The Sledding Corporation,3127,3012,115,Very Positive,"['Action', 'Adventure', 'Casual', 'Indie']",Action,Adventure,Casual,2026.0,20.0,96.32235369363607,3.677646306363927
770,LUNAR Remastered Collection,2025-04-17,49.99,34.99,"ASHIBI Co., Ltd.","GungHo Online Entertainment America, Inc.",621,570,51,Mixed,"['Adventure', 'RPG']",Adventure,RPG,,2025.0,30.0,91.78743961352657,8.212560386473431
771,Wreckfest 2,2025-03-20,34.99,0.0,Bugbear,THQ Nordic,5598,4140,1458,Mixed,"['Racing', 'Early Access']",Racing,Early Access,,2025.0,,73.95498392282958,26.04501607717042
772,The Sims™ 4 Cats & Dogs,2017-11-09,39.99,19.99,Maxis,Electronic Arts,661,435,226,Mixed,"['Casual', 'Simulation']",Casual,Simulation,,2017.0,50.0,65.80937972768533,34.190620272314675
773,KovaaK's,2018-04-03,9.99,0.0,KovaaK Games,KovaaK Games,41216,38324,2892,Very Positive,"['Action', 'Indie', 'Simulation']",Action,Indie,Simulation,2018.0,,92.98330745341616,7.016692546583851
774,The Quarry,2022-06-09,59.99,5.99,Supermassive Games,2K Games,24268,19913,4355,Very Positive,['Adventure'],Adventure,,,2022.0,90.0,82.0545574418988,17.945442558101206
775,Sins of a Solar Empire II,2024-08-15,49.99,0.0,Ironclad Games Corporation,Stardock Entertainment,8558,7176,1382,Mostly Positive,"['Simulation', 'Strategy']",Simulation,Strategy,,2024.0,,83.85136714185558,16.148632858144428
776,Animal Shelter 2,2025-07-23,0.0,0.0,Games Incubator,Games Incubator,1535,1244,291,Mostly Positive,"['Adventure', 'Casual', 'Indie', 'Simulation']",Adventure,Casual,Indie,2025.0,,81.04234527687296,18.957654723127035
777,Icarus: Great Hunts Campaigns,2025-07-17,24.99,0.0,RocketWerkz,RocketWerkz,157,91,66,Mixed,"['Action', 'Adventure', 'Simulation']",Action,Adventure,Simulation,2025.0,,57.961783439490446,42.038216560509554
778,BioShock Infinite,2013-03-25,29.99,0.0,Irrational Games,2K,145244,135762,9482,Very Positive,['Action'],Action,,,2013.0,,93.47167524992427,6.528324750075734
779,Sea Power : Naval Combat in the Missile Age,2024-11-12,49.99,0.0,Triassic Games,MicroProse Software,6253,5677,576,Very Positive,"['Action', 'Simulation', 'Strategy', 'Early Access']",Action,Simulation,Strategy,2024.0,,90.78842155765233,9.211578442347673
780,Devil May Cry 5,2019-03-07,29.99,0.0,"CAPCOM Co., Ltd.","CAPCOM Co., Ltd.",169069,162373,6696,Overwhelmingly Positive,['Action'],Action,,,2019.0,,96.03948683673529,3.960513163264703
781,NieR:Automata™,2017-03-17,39.99,0.0,Square Enix,Square Enix,152500,133314,19186,Very Positive,"['Action', 'RPG']",Action,RPG,,2017.0,,87.41901639344263,12.580983606557378
782,Liftoff®: FPV Drone Racing,2018-09-13,19.99,15.99,LuGus Studios,LuGus Studios,13763,13101,662,Overwhelmingly Positive,"['Indie', 'Racing', 'Simulation', 'Sports']",Indie,Racing,Simulation,2018.0,20.0,95.19000217975731,4.80999782024268
783,XCOM® 2,2016-02-04,19.99,0.0,Firaxis Games,2K,108828,92113,16715,Very Positive,['Strategy'],Strategy,,,2016.0,,84.64090123865182,15.359098761348184
784,Besiege,2020-02-18,14.99,2.99,Spiderling Studios,Spiderling Studios,53108,50529,2579,Very Positive,"['Indie', 'Simulation']",Indie,Simulation,,2020.0,80.0,95.14385779920163,4.856142200798373
785,RimWorld - Ideology,2021-07-20,19.99,0.0,Ludeon Studios,Ludeon Studios,3491,2893,598,Very Positive,"['Indie', 'Simulation', 'Strategy']",Indie,Simulation,Strategy,2021.0,,82.87023775422514,17.12976224577485
786,High On Life 2,2026-02-13,0.0,0.0,"Squanch Games, Inc.","Squanch Games, Inc.",2516,1807,709,Mostly Positive,"['Action', 'Adventure']",Action,Adventure,,2026.0,,71.82034976152623,28.17965023847377
787,GrandChase,2021-07-27,0.0,0.0,KOG,KOG,25895,16999,8896,Very Positive,"['Action', 'Casual', 'Free To Play']",Action,Casual,Free To Play,2021.0,,65.6458775825449,34.35412241745511
788,Drone Sector,2026-07-21,16.99,0.0,Icosphere,MicroProse Software,278,249,29,Very Positive,"['Action', 'Simulation', 'Strategy', 'Early Access']",Action,Simulation,Strategy,2026.0,,89.568345323741,10.431654676258994
789,Against the Storm,2023-12-08,29.99,0.0,Eremite Games,Hooded Horse,37070,35025,2045,Very Positive,"['Simulation', 'Strategy']",Simulation,Strategy,,2023.0,,94.48340976530888,5.516590234691124
790,FragPunk,2025-03-06,0.0,0.0,Bad Guitar Studio,NetEase Games,50375,37473,12902,Mostly Positive,"['Action', 'Free To Play']",Action,Free To Play,,2025.0,,74.38808933002481,25.611910669975185
791,RoboCop: Rogue City,2023-11-02,39.99,3.99,Teyon,Nacon,36180,31549,4631,Very Positive,"['Action', 'Adventure']",Action,Adventure,,2023.0,90.0,87.20011055831951,12.799889441680486
792,Until Dawn™,2024-10-04,59.99,0.0,Ballistic Moon,PlayStation Publishing LLC,5121,4248,873,Very Positive,['Adventure'],Adventure,,,2024.0,,82.95254833040421,17.04745166959578
793,ARC Raiders - The Reaver Set,2026-06-16,20.0,0.0,Embark Studios,Embark Studios,13,11,2,Positive,['Action'],Action,,,2026.0,,84.61538461538461,15.384615384615385
794,Riders Republic,2023-06-08,39.99,0.0,Ubisoft Annecy,Ubisoft Entertainment,31427,25687,5740,Very Positive,"['Massively Multiplayer', 'Sports']",Massively Multiplayer,Sports,,2023.0,,81.73545040888408,18.26454959111592
795,Sniper Elite: Resistance,2025-01-30,49.99,0.0,Rebellion,Rebellion,5927,4473,1454,Mostly Positive,"['Action', 'Adventure']",Action,Adventure,,2025.0,,75.46819638940441,24.531803610595578
796,Muse Dash,2019-06-20,2.99,0.0,peropero,hasuhasu,126209,114051,12158,Very Positive,"['Action', 'Casual', 'Indie']",Action,Casual,Indie,2019.0,,90.36677257564833,9.63322742435167
797,FATAL FRAME II: Crimson Butterfly REMAKE,2026-03-11,0.0,0.0,"KOEI TECMO GAMES CO., LTD.","KOEI TECMO GAMES CO., LTD.",3865,3371,494,Very Positive,"['Action', 'Adventure']",Action,Adventure,,2026.0,,87.21862871927554,12.781371280724448
798,MARVEL SNAP,2023-08-22,0.0,0.0,"Second Dinner Studios, Inc.","Second Dinner Studios, Inc.",35023,25537,9486,Mostly Positive,"['Casual', 'Strategy', 'Free To Play']",Casual,Strategy,Free To Play,2023.0,,72.91494160979927,27.08505839020072
799,Assassin's Creed® Unity,2014-11-11,29.99,0.0,Ubisoft,Ubisoft,85137,66240,18897,Mostly Positive,"['Action', 'Adventure']",Action,Adventure,,2014.0,,77.80401000739984,22.19598999260016
800,CODE VEIN II,2026-01-29,0.0,0.0,Bandai Namco Studios Inc.,Bandai Namco Entertainment Inc.,7023,4550,2473,Mostly Positive,"['Action', 'RPG']",Action,RPG,,2026.0,,64.7871280079738,35.2128719920262
801,Sniper Elite 5,2022-05-25,49.99,0.0,Rebellion,Rebellion,29989,25109,4880,Very Positive,"['Action', 'Adventure']",Action,Adventure,,2022.0,,83.72736670112374,16.272633298876254
802,METAL GEAR SOLID: MASTER COLLECTION Vol.2,2026-08-27,49.99,0.0,KONAMI,KONAMI,0,0,0,"['Action', 'Adventure']","['None', 'None', 'None', 'None']",None,None,None,2026.0,,,
803,The Bazaar,2025-08-13,0.0,0.0,Tempo,Tempo,15132,10687,4445,Mixed,['Strategy'],Strategy,,,2025.0,,70.62516521279409,29.374834787205923
804,theHunter: Call of the Wild™ - Peru Hunting Reserve,2026-06-16,11.99,0.0,Expansive Worlds,Avalanche Studios,117,80,37,Mixed,"['Adventure', 'Simulation', 'Sports']",Adventure,Simulation,Sports,2026.0,,68.37606837606837,31.62393162393162
805,Barony: Legends & Pariahs,2019-12-27,4.99,0.0,Turning Wheel LLC,Turning Wheel LLC,129,116,13,Very Positive,"['Action', 'Adventure', 'Indie', 'RPG']",Action,Adventure,Indie,2019.0,,89.92248062015504,10.077519379844961
806,MARVEL Cosmic Invasion,2025-12-01,0.0,0.0,Tribute Games Inc.,Dotemu,2395,2119,276,Very Positive,"['Action', 'Adventure', 'Casual', 'Indie']",Action,Adventure,Casual,2025.0,,88.47599164926932,11.52400835073069
807,Dishonored®: Death of the Outsider™,2017-09-14,29.99,5.99,Arkane Studios,Bethesda Softworks,13248,11606,1642,Very Positive,['Action'],Action,,,2017.0,80.0,87.60567632850241,12.394323671497585
808,My Summer Car,2025-01-08,14.99,0.0,Amistech Games,Amistech Games,116245,110350,5895,Very Positive,"['Indie', 'Racing', 'Simulation']",Indie,Racing,Simulation,2025.0,,94.92881414254376,5.071185857456235
809,House Party,2022-07-15,24.99,0.0,"Eek! Games, LLC","Eek! Games, LLC",15391,13208,2183,Mixed,"['Adventure', 'Casual', 'Indie', 'RPG']",Adventure,Casual,Indie,2022.0,,85.8163861997271,14.183613800272887
810,ARK: Lost Colony Expansion Pass,2025-06-18,29.99,0.0,Studio Wildcard,Studio Wildcard,1177,429,748,Very Negative,"['Action', 'Adventure', 'Indie', 'Massively Multiplayer']",Action,Adventure,Indie,2025.0,,36.44859813084112,63.55140186915887
811,MiSide,2024-12-10,0.0,0.0,AIHASTO,IndieArk,140958,137860,3098,Overwhelmingly Positive,"['Adventure', 'Indie', 'RPG', 'Simulation']",Adventure,Indie,RPG,2024.0,,97.80218221030378,2.1978177896962214
812,Grim Dawn - Ashes of Malmouth Expansion,2017-10-11,17.99,0.0,Crate Entertainment,Crate Entertainment,1598,1432,166,Mixed,"['Action', 'Adventure', 'Indie', 'RPG']",Action,Adventure,Indie,2017.0,,89.61201501877348,10.387984981226534
813,Realm of the Mad God Exalt,2012-02-20,0.0,0.0,Wild Shadow Studios,Deca Live Operations GmbH,47666,39454,8212,Mostly Positive,"['Action', 'Adventure', 'Indie', 'Massively Multiplayer']",Action,Adventure,Indie,2012.0,,82.77178701800025,17.22821298199975
814,Mortal Kombat X,2015-04-13,19.99,0.0,NetherRealm Studios,Warner Bros. Games,60541,52235,8306,Very Positive,['Action'],Action,,,2015.0,,86.28037197931981,13.719628020680199
815,Cairn,2026-01-29,29.99,0.0,The Game Bakers,The Game Bakers,20825,19672,1153,Very Positive,"['Action', 'Adventure', 'Indie', 'Simulation']",Action,Adventure,Indie,2026.0,,94.46338535414166,5.536614645858343
816,Construction Simulator,2022-09-20,24.99,0.0,weltenbauer. Software Entwicklung GmbH,astragon Entertainment,14323,11570,2753,Mostly Positive,"['Casual', 'Simulation']",Casual,Simulation,,2022.0,,80.77916637575927,19.220833624240733
817,Lobotomy Corporation | Monster Management Simulation,2018-04-09,24.99,0.0,ProjectMoon,ProjectMoon,56123,52895,3228,Overwhelmingly Positive,"['Indie', 'Simulation']",Indie,Simulation,,2018.0,,94.24834737986208,5.751652620137912
818,Football Manager 26,2025-11-04,0.0,0.0,Sports Interactive,SEGA,35092,12152,22940,Mixed,"['Simulation', 'Sports', 'Strategy']",Simulation,Sports,Strategy,2025.0,,34.62897526501767,65.37102473498233
819,Destiny 2: The Witch Queen,2022-02-22,19.99,1.99,Bungie,Bungie,3716,2712,1004,Mixed,"['Action', 'Adventure', 'Free To Play']",Action,Adventure,Free To Play,2022.0,90.0,72.98170075349839,27.018299246501616
820,Call of Duty®: Modern Warfare® 2 (2009),2009-11-12,19.99,0.0,Infinity Ward,Activision,60752,56700,4052,Overwhelmingly Positive,['Action'],Action,,,2009.0,,93.33026073215697,6.669739267843033
821,The Jackbox Party Pack 3,2016-10-17,24.99,0.0,"Jackbox Games, Inc.","Jackbox Games, Inc.",6649,6432,217,Very Positive,"['Casual', 'Indie', 'Strategy']",Casual,Indie,Strategy,2016.0,,96.73635133102722,3.263648668972778
822,Arakure – Hero – FOR HONOR,2026-07-23,9.99,0.0,Ubisoft,Ubisoft,55,29,26,Mixed,['Action'],Action,,,2026.0,,52.72727272727272,47.27272727272727
823,CARRION,2020-07-23,23.98,17.58,Phobia Game Studio,Devolver Digital,34962,33024,1938,Very Positive,"['Action', 'Adventure', 'Indie']",Action,Adventure,Indie,2020.0,27.0,94.4568388536125,5.543161146387506
824,Wolfenstein II: The New Colossus,2017-10-26,39.99,5.99,MachineGames,Bethesda Softworks,49126,39967,9159,Very Positive,['Action'],Action,,,2017.0,85.0,81.35610471033668,18.643895289663316
825,RoadCraft,2025-05-20,0.0,0.0,Saber Interactive,Focus Entertainment,16114,12053,4061,Mixed,"['Adventure', 'Simulation']",Adventure,Simulation,,2025.0,,74.79831202680899,25.20168797319101
826,NASCAR 25,2025-11-11,49.99,0.0,"iRacing.com Motorsport Simulations, LLC","iRacing.com Motorsport Simulations, LLC",1779,1291,488,Mixed,"['Racing', 'Simulation', 'Sports']",Racing,Simulation,Sports,2025.0,,72.56885890949972,27.431141090500283
827,Assetto Corsa Rally,2025-11-13,29.99,0.0,Supernova Games Studios,505 Games,10305,9069,1236,Mostly Positive,"['Racing', 'Early Access']",Racing,Early Access,,2025.0,,88.00582241630278,11.994177583697233
828,Library Of Ruina,2021-08-10,29.99,0.0,ProjectMoon,ProjectMoon,44212,41761,2451,Very Positive,"['Indie', 'RPG', 'Strategy']",Indie,RPG,Strategy,2021.0,,94.45625622003077,5.543743779969239
829,Unrailed 2: Back on Track,2026-06-11,19.99,0.0,Indoor Astronaut,Indoor Astronaut,2083,1807,276,Mostly Positive,"['Action', 'Casual', 'Indie', 'Simulation']",Action,Casual,Indie,2026.0,,86.74987998079693,13.250120019203074
830,Morbid Metal,2026-04-08,17.99,13.49,SCREEN JUICE,Ubisoft,1568,1294,274,Very Positive,"['Action', 'Early Access']",Action,Early Access,,2026.0,25.0,82.52551020408163,17.47448979591837
831,Spyro™ Reignited Trilogy,2019-09-03,39.99,0.0,Toys for Bob,Activision,22229,20799,1430,Very Positive,"['Action', 'Adventure']",Action,Adventure,,2019.0,,93.56696207656665,6.4330379234333535
832,LEGO® Harry Potter™ Collection,2024-10-08,39.99,5.99,TT Games,Warner Bros. Games,1570,1302,268,Very Positive,"['Action', 'Adventure', 'Casual']",Action,Adventure,Casual,2024.0,85.0,82.92993630573248,17.070063694267514
833,Ratchet & Clank: Rift Apart,2023-07-26,59.99,0.0,Insomniac Games,PlayStation Publishing LLC,17866,16197,1669,Very Positive,"['Action', 'Adventure']",Action,Adventure,,2023.0,,90.65823351617598,9.341766483824024
834,Truck-kun is Supporting Me from Another World?!,2026-07-29,19.99,15.99,Strange Scaffold,Frosty Pop,144,120,24,Very Positive,"['Indie', 'Racing']",Indie,Racing,,2026.0,20.0,83.33333333333334,16.666666666666664
835,Green Hell,2019-09-05,11.6,2.47,Creepy Jar,Creepy Jar,100688,85303,15385,Very Positive,"['Action', 'Adventure', 'Indie', 'Simulation']",Action,Adventure,Indie,2019.0,79.0,84.72012553631019,15.279874463689813
836,The House Always Wins,2026-05-21,12.99,0.0,Toxic Studio,Toxic Studio,869,748,121,Very Positive,"['Casual', 'Simulation']",Casual,Simulation,,2026.0,,86.07594936708861,13.924050632911392
837,Wobbly Life,2025-09-18,24.99,16.24,RubberBandGames,RubberBandGames,35167,34193,974,Overwhelmingly Positive,"['Action', 'Adventure', 'Casual', 'Indie']",Action,Adventure,Casual,2025.0,35.0,97.23035800608525,2.7696419939147496
838,CRISIS CORE –FINAL FANTASY VII– REUNION,2022-12-13,49.99,0.0,Square Enix,Square Enix,8889,7954,935,Very Positive,"['Action', 'RPG']",Action,RPG,,2022.0,,89.48138148273146,10.518618517268534
839,Oxygen Not Included: The Aquatic Planet Pack,2026-06-11,9.99,0.0,Klei Entertainment,Klei Entertainment,273,227,46,Mixed,"['Indie', 'Simulation']",Indie,Simulation,,2026.0,,83.15018315018315,16.84981684981685
840,Firestone – Idle Clicker Online RPG,2024-04-01,0.0,0.0,Holyday Studios,Holyday Studios,6919,5333,1586,Mostly Positive,"['Casual', 'Indie', 'RPG', 'Free To Play']",Casual,Indie,RPG,2024.0,,77.07761237173003,22.92238762826998
841,Wreckfest,2018-06-14,29.99,0.0,Bugbear,THQ Nordic,41237,36286,4951,Very Positive,"['Action', 'Indie', 'Racing', 'Simulation']",Action,Indie,Racing,2018.0,,87.99379198292795,12.006208017072046
842,The Jackbox Party Pack 7,2020-10-14,29.99,0.0,"Jackbox Games, Inc.","Jackbox Games, Inc.",4931,4754,177,Very Positive,"['Casual', 'Indie', 'Strategy']",Casual,Indie,Strategy,2020.0,,96.41046440884202,3.58953559115798
843,Phantasy Star Online 2 New Genesis,2020-08-05,0.0,0.0,SEGA,SEGA,24622,16981,7641,Mixed,"['Action', 'Massively Multiplayer', 'RPG', 'Free To Play']",Action,Massively Multiplayer,RPG,2020.0,,68.9667776784989,31.033222321501096
844,skate.,2025-09-16,0.0,0.0,Full Circle,Electronic Arts,87950,61044,26906,Mostly Positive,"['Action', 'Sports', 'Free To Play', 'Early Access']",Action,Sports,Free To Play,2025.0,,69.4076179647527,30.5923820352473
845,Call of Duty®: Infinite Warfare,2016-11-03,59.99,0.0,Infinity Ward,Activision,29866,18346,11520,Very Positive,"['Action', 'Adventure']",Action,Adventure,,2016.0,,61.427710439965175,38.572289560034825
846,A Plague Tale: Requiem,2022-10-17,49.99,0.0,Asobo Studio,Focus Entertainment,26260,23855,2405,Very Positive,"['Action', 'Adventure']",Action,Adventure,,2022.0,,90.84158415841584,9.158415841584159
847,Berry Bury Berry,2026-01-29,0.0,0.0,Get(Color) Games,Get(Color) Games,8408,8257,151,Overwhelmingly Positive,"['Adventure', 'Casual', 'Indie']",Adventure,Casual,Indie,2026.0,,98.20409134157944,1.795908658420552
848,Dragon Age™: The Veilguard,2024-10-31,0.0,0.0,BioWare,Electronic Arts,44742,30540,14202,Mixed,"['Action', 'Adventure', 'RPG', 'Strategy']",Action,Adventure,RPG,2024.0,,68.25801260560547,31.741987394394528
849,GROUND BRANCH,2026-07-16,29.99,0.0,BlackFoot Studios,MicroProse Software,24626,20870,3756,Mostly Negative,"['Action', 'Indie', 'Simulation']",Action,Indie,Simulation,2026.0,,84.7478274993909,15.252172500609113
850,Welcome to the Game III,2026-07-16,19.99,0.0,Reflect Studios,Reflect Studios,565,438,127,Mostly Positive,"['Indie', 'Simulation']",Indie,Simulation,,2026.0,,77.5221238938053,22.477876106194692
851,Noita,2020-10-15,19.99,0.0,Nolla Games,Nolla Games,88211,83940,4271,Very Positive,"['Action', 'Adventure', 'Indie', 'RPG']",Action,Adventure,Indie,2020.0,,95.1582002244618,4.841799775538198
852,The Riftbreaker,2021-10-14,0.0,0.0,EXOR Studios,EXOR Studios,24567,22196,2371,Very Positive,"['Action', 'Adventure', 'Indie', 'RPG']",Action,Adventure,Indie,2021.0,,90.34884194244312,9.651158057556886
853,Battle Brothers,2017-03-24,29.99,0.0,Overhype Studios,Hooded Horse,28478,25085,3393,Very Positive,"['RPG', 'Simulation', 'Strategy']",RPG,Simulation,Strategy,2017.0,,88.08553971486762,11.914460285132384
854,Destiny 2: Triumphant Rewards Silver Bundle,2026-06-09,9.99,0.0,Bungie,Bungie,95,95,0,Very Positive,"['Action', 'Adventure', 'Free To Play']",Action,Adventure,Free To Play,2026.0,,100.0,0.0
855,Beholder: Conductor,2025-04-23,13.99,0.0,Alawar,Alawar,5062,4622,440,Very Positive,"['Adventure', 'Indie', 'Simulation', 'Strategy']",Adventure,Indie,Simulation,2025.0,,91.30778348478862,8.69221651521138
856,Fable,2027-02-23,69.99,0.0,Playground Games,Xbox Game Studios,0,0,0,"['Action', 'Adventure', 'RPG']","['None', 'None', 'None', 'None']",None,None,None,2027.0,,,
857,Persona 4 Revival ,2027-02-17,69.99,0.0,ATLUS,SEGA,0,0,0,"['Adventure', 'RPG']","['None', 'None', 'None', 'None']",None,None,None,2027.0,,,
858,The Forever Winter,2024-09-24,29.99,0.0,Fun Dog Studios,Fun Dog Studios,24594,16863,7731,Mixed,"['Action', 'Early Access']",Action,Early Access,,2024.0,,68.5655037814101,31.434496218589903
859,Goofy Gorillas,2023-12-01,7.99,0.0,sponge,sponge,942,871,71,Very Positive,"['Action', 'Casual', 'Indie']",Action,Casual,Indie,2023.0,,92.46284501061571,7.537154989384288
860,Far Cry® 6,2023-05-11,0.0,0.0,Ubisoft Toronto,Ubisoft,35192,25061,10131,Mixed,"['Action', 'Adventure']",Action,Adventure,,2023.0,,71.21220731984542,28.787792680154578
861,AION 2,2026-09-01,24.99,0.0,NC,NC,0,0,0,"['Action', 'Adventure', 'Massively Multiplayer', 'RPG']","['None', 'None', 'None', 'None']",None,None,None,2026.0,,,
862,The Message from Deep Space,2026-06-29,0.0,0.0,Applesinmypants,Applesinmypants,831,809,22,Overwhelmingly Positive,['Indie'],Indie,,,2026.0,,97.352587244284,2.6474127557160045
863,EverRail,2026-07-20,0.0,0.0,Aesir Interactive,Aesir Interactive,312,215,97,Mixed,"['Action', 'Adventure', 'Simulation', 'Early Access']",Action,Adventure,Simulation,2026.0,,68.91025641025641,31.08974358974359
864,Planet Coaster 2: Parades Pack,2026-06-25,18.99,0.0,Frontier Developments,Frontier Developments,59,47,12,Very Positive,"['Simulation', 'Strategy']",Simulation,Strategy,,2026.0,,79.66101694915254,20.33898305084746
865,Stoneshard,2020-02-06,0.0,0.0,Ink Stains Games,HypeTrain Digital,35238,26287,8951,Mostly Positive,"['Adventure', 'Indie', 'RPG', 'Strategy']",Adventure,Indie,RPG,2020.0,,74.59844486066179,25.401555139338218
866,MineMogul,2025-12-04,0.0,0.0,NoodleForge (Gvarados & Diomonder),NoodleForge,4178,4022,156,Overwhelmingly Positive,"['Indie', 'Simulation', 'Strategy', 'Early Access']",Indie,Simulation,Strategy,2025.0,,96.26615605552897,3.733843944471039
867,Haste,2025-04-01,0.0,0.0,Landfall,Evil Landfall?,13802,12724,1078,Very Positive,"['Action', 'Adventure', 'Indie', 'Racing']",Action,Adventure,Indie,2025.0,,92.18953774815245,7.810462251847558
868,Fable Anniversary,2014-09-12,34.99,0.0,Lionhead Studios,Xbox Game Studios,16446,14141,2305,Very Positive,['RPG'],RPG,,,2014.0,,85.9844339049009,14.015566095099114
869,The Lord of the Rings: Return to Moria™,2024-08-27,29.99,0.0,Free Range Games,North Beach Games,12279,9962,2317,Mostly Positive,"['Action', 'Adventure', 'RPG']",Action,Adventure,RPG,2024.0,,81.13038521052202,18.86961478947797
870,StarSavior,2025-12-10,0.0,0.0,Studiobside,Studiobside,3410,2084,1326,Mixed,"['RPG', 'Simulation', 'Strategy', 'Free To Play']",RPG,Simulation,Strategy,2025.0,,61.11436950146627,38.88563049853372
871,Look Outside,2025-03-21,9.99,0.0,Francis Coulombe,Devolver Digital,13974,13745,229,Overwhelmingly Positive,"['Adventure', 'RPG']",Adventure,RPG,,2025.0,,98.36124230714184,1.638757692858165
872,ARK Fantastic Tames Season 1,2026-05-20,9.99,0.0,Studio Wildcard,Studio Wildcard,90,55,35,Mostly Negative,"['Action', 'Adventure', 'Indie', 'Massively Multiplayer']",Action,Adventure,Indie,2026.0,,61.111111111111114,38.88888888888889
873,The Artisan of Glimmith,2026-03-17,0.0,0.0,Lunarch Studios,Lunarch Studios,2181,2128,53,Overwhelmingly Positive,"['Casual', 'Indie', 'Strategy']",Casual,Indie,Strategy,2026.0,,97.56992205410361,2.430077945896378
874,Mabinogi,2012-12-06,0.0,0.0,NEXON Korea Corporation,Nexon America Inc.,4216,3101,1115,Mostly Positive,"['Action', 'Adventure', 'Casual', 'Massively Multiplayer']",Action,Adventure,Casual,2012.0,,73.55313092979127,26.446869070208727
875,Escape From Duckov,2025-10-16,17.99,0.0,Team Soda,bilibili,104226,88057,16169,Very Positive,"['Action', 'Adventure', 'Indie', 'RPG']",Action,Adventure,Indie,2025.0,,84.48659643467082,15.51340356532919
876,Plants vs. Zombies™: Replanted,2025-10-23,19.99,12.99,PopCap Games,Electronic Arts,7101,4656,2445,Mostly Positive,['Strategy'],Strategy,,,2025.0,35.0,65.56822982678496,34.43177017321504
877,MLB 9 Innings Rivals 26,2025-03-17,0.0,0.0,Com2uS,Com2uS,1693,1340,353,Mostly Positive,"['Sports', 'Free To Play']",Sports,Free To Play,,2025.0,,79.14943886591848,20.850561134081513
878,Foundation,2025-01-31,34.99,0.0,Polymorph Games,Polymorph Games,24042,20812,3230,Very Positive,"['Indie', 'Simulation', 'Strategy']",Indie,Simulation,Strategy,2025.0,,86.56517760585642,13.43482239414358
879,Far Cry 3,2012-12-04,19.99,0.0,"Ubisoft Montreal, Massive Entertainment, and Ubisoft Shanghai",Ubisoft,132284,116322,15962,Mostly Positive,"['Action', 'Adventure']",Action,Adventure,,2012.0,,87.93353693568383,12.066463064316169
880,DiRT Rally 2.0,2019-02-25,0.0,0.0,Codemasters,Codemasters,48268,42864,5404,Very Positive,"['Racing', 'Simulation', 'Sports']",Racing,Simulation,Sports,2019.0,,88.8041766802022,11.195823319797796
881,SONIC X SHADOW GENERATIONS,2024-10-24,49.99,0.0,Sonic Team,SEGA,15300,14791,509,Very Positive,['Action'],Action,,,2024.0,,96.67320261437908,3.326797385620915
882,The Sims™ 4 Get To Work,2015-03-30,39.99,19.99,Maxis,Electronic Arts,304,143,161,Mixed,['Simulation'],Simulation,,,2015.0,50.0,47.03947368421053,52.960526315789465
883,Assassin's Creed® Origins,2017-10-26,59.99,0.0,Ubisoft Montreal,Ubisoft,128044,109927,18117,Very Positive,"['Action', 'Adventure', 'RPG']",Action,Adventure,RPG,2017.0,,85.8509574833651,14.149042516634907
884,Doki Doki Literature Club Plus!,2021-06-30,14.99,11.24,Team Salvato,Serenity Forge,31805,30840,965,Overwhelmingly Positive,"['Casual', 'Indie']",Casual,Indie,,2021.0,25.0,96.96588586700204,3.0341141329979564
885,Prey,2017-05-04,29.99,5.99,Arkane Studios,Bethesda Softworks,54315,49335,4980,Very Positive,"['Action', 'Adventure']",Action,Adventure,,2017.0,80.0,90.8312620822977,9.168737917702293
886,The Hundred Line -Last Defense Academy-,2025-04-23,0.0,0.0,Too Kyo Games,Aniplex Inc.,8582,7551,1031,Very Positive,"['Adventure', 'Simulation']",Adventure,Simulation,,2025.0,,87.98648333721744,12.013516662782568
887,Call to Arms - Gates of Hell: Liberation,2023-11-29,29.99,0.0,Barbedwire Studios,Digitalmindsoft,1150,841,309,Very Positive,"['Action', 'Simulation', 'Strategy']",Action,Simulation,Strategy,2023.0,,73.1304347826087,26.869565217391305
888,LOCKDOWN Protocol,2025-11-18,9.99,0.0,Mirage Creative Lab,Mirage Creative Lab,19769,17018,2751,Very Positive,"['Action', 'Casual', 'Indie', 'Strategy']",Action,Casual,Indie,2025.0,,86.08427335727654,13.915726642723456
889,Subnautica: Below Zero,2021-05-13,29.99,0.0,Unknown Worlds Entertainment,Unknown Worlds Entertainment,108021,97309,10712,Very Positive,"['Adventure', 'Indie']",Adventure,Indie,,2021.0,,90.08340970737171,9.916590292628285
890,Horizon Zero Dawn™ Remastered,2024-10-31,49.99,0.0,Guerrilla Games,PlayStation Publishing LLC,7538,6379,1159,Very Positive,"['Action', 'Adventure', 'RPG']",Action,Adventure,RPG,2024.0,,84.62456885115415,15.375431148845847
891,Teddy's Haven,2025-05-06,0.0,0.0,Teddy Bear Games LLC,Teddy Bear Games LLC,2766,2661,105,Very Positive,"['Adventure', 'Casual', 'Indie', 'RPG']",Adventure,Casual,Indie,2025.0,,96.20390455531454,3.7960954446854664
892,Atomfall,2025-03-27,49.99,0.0,Rebellion,Rebellion,5631,4374,1257,Mostly Positive,"['Action', 'Adventure']",Action,Adventure,,2025.0,,77.67714437932871,22.322855620671284
893,Spirit Island,2020-07-29,24.99,4.99,Handelabra Games Inc.,Handelabra Games Inc.,1654,1518,136,Very Positive,"['Indie', 'Strategy']",Indie,Strategy,,2020.0,80.0,91.77750906892382,8.222490931076178
894,Aseprite,2016-02-22,19.99,0.0,Igara Studio,Igara Studio,26489,26212,277,Overwhelmingly Positive,"['Animation & Modeling', 'Design & Illustration', 'Game Development']",Animation & Modeling,Design & Illustration,Game Development,2016.0,,98.95428290988713,1.045717090112877
895,Call of Duty: World at War,2008-11-18,19.99,0.0,Treyarch,Activision,53114,49049,4065,Very Positive,['Action'],Action,,,2008.0,,92.34665060059496,7.653349399405053
896,Crusader Kings III: Roads to Power,2024-09-24,29.99,0.0,Paradox Development Studio,Paradox Interactive,2178,1783,395,Very Positive,"['RPG', 'Simulation', 'Strategy']",RPG,Simulation,Strategy,2024.0,,81.86409550045913,18.135904499540864
897,Absolum,2025-10-09,0.0,0.0,Dotemu,Dotemu,10421,9601,820,Very Positive,"['Action', 'Adventure', 'Indie', 'RPG']",Action,Adventure,Indie,2025.0,,92.13127339026966,7.868726609730352
898,The Planet Crafter - Toxicity,2025-11-17,9.99,0.0,Miju Games,Miju Games,490,432,58,Very Positive,['Adventure'],Adventure,,,2025.0,,88.16326530612245,11.83673469387755
899,Killer Bean,2026-06-08,14.99,0.0,Killer Bean Studios LLC,Killer Bean Studios LLC,2262,1656,606,Very Positive,"['Action', 'Adventure', 'Indie', 'Early Access']",Action,Adventure,Indie,2026.0,,73.20954907161804,26.790450928381965
900,RimWorld - Royalty,2020-02-24,19.99,0.0,Ludeon Studios,Ludeon Studios,2607,2188,419,Very Positive,"['Indie', 'Simulation', 'Strategy']",Indie,Simulation,Strategy,2020.0,,83.92788645953203,16.07211354046797
901,Generation Zero®,2019-03-26,24.99,4.99,Systemic Reaction™,Avalanche Studios,42099,30325,11774,Mostly Positive,"['Action', 'Adventure']",Action,Adventure,,2019.0,80.0,72.03258984773984,27.967410152260147
902,Fallout Shelter,2017-03-29,0.0,0.0,Bethesda Game Studios,Bethesda Softworks,82288,72255,10033,Very Positive,"['RPG', 'Simulation', 'Free To Play']",RPG,Simulation,Free To Play,2017.0,,87.80745673731285,12.192543262687147
903,The Walking Dead: The Telltale Definitive Series,2020-10-29,49.99,0.0,Skybound Games,Skybound Games,46279,44672,1607,Overwhelmingly Positive,['Adventure'],Adventure,,,2020.0,,96.52758270489855,3.47241729510145
904,Insurgency: Sandstorm,2018-12-12,29.99,0.0,New World Interactive,Focus Entertainment,132935,112769,20166,Mostly Positive,['Action'],Action,,,2018.0,,84.83018016323767,15.169819836762327
905,Moss: The Forgotten Relic ,2026-07-16,19.99,0.0,Polyarc,Polyarc,235,219,16,Very Positive,"['Action', 'Adventure', 'Indie']",Action,Adventure,Indie,2026.0,,93.19148936170212,6.808510638297872
906,Vampire: The Masquerade® - Bloodlines™ 2,2025-10-21,59.99,0.0,The Chinese Room,Paradox Interactive,12891,7154,5737,Mixed,"['Action', 'RPG']",Action,RPG,,2025.0,,55.49608253820495,44.50391746179505
907,The Sims™ 4 Seasons,2018-06-21,39.99,19.99,Maxis,Electronic Arts,547,365,182,Mixed,['Simulation'],Simulation,,,2018.0,50.0,66.72760511882998,33.27239488117002
908,Total War: THREE KINGDOMS,2019-05-23,39.99,0.0,CREATIVE ASSEMBLY,SEGA,107918,78236,29682,Very Positive,"['Action', 'Strategy']",Action,Strategy,,2019.0,,72.49578383587539,27.50421616412461
909,Rivals of Aether II,2024-10-23,29.99,0.0,Aether Studios,Aether Studios,9777,7806,1971,Mixed,"['Action', 'Indie']",Action,Indie,,2024.0,,79.84044185332925,20.159558146670758
910,Cloudheim,2025-12-04,0.0,0.0,Noodle Cat Games,Noodle Cat Games,1920,1574,346,Very Positive,"['Action', 'Adventure', 'RPG', 'Early Access']",Action,Adventure,RPG,2025.0,,81.97916666666667,18.020833333333332
911,The Long Dark,2017-08-01,19.99,0.0,Hinterland Studio Inc.,Hinterland Studio Inc.,124872,110814,14058,Very Positive,"['Adventure', 'Indie', 'Simulation', 'Strategy']",Adventure,Indie,Simulation,2017.0,,88.74207188160676,11.257928118393234
912,Spiral Knights,2011-06-14,0.0,0.0,Grey Havens,Grey Havens,24178,20263,3915,Mostly Positive,"['Action', 'Adventure', 'Casual', 'Indie']",Action,Adventure,Casual,2011.0,,83.80759368020514,16.192406319794856
913,Muse Dash - Muse Plus,2023-10-04,34.99,0.0,peropero,hasuhasu,755,573,182,Mostly Positive,"['Action', 'Casual', 'Indie']",Action,Casual,Indie,2023.0,,75.89403973509934,24.10596026490066
914,Esports Manager 2026,2026-07-06,0.0,0.0,Neurona Games,indie.io,3340,2466,874,Mixed,"['Indie', 'Simulation', 'Sports', 'Strategy']",Indie,Simulation,Sports,2026.0,,73.83233532934132,26.16766467065868
915,Thrifty Business,2026-05-18,12.99,11.69,Spellgarden Games,Spellgarden Games,1133,1107,26,Overwhelmingly Positive,"['Casual', 'Simulation']",Casual,Simulation,,2026.0,10.0,97.70520741394529,2.2947925860547222
916,The Sims™ 4 Enchanted by Nature Expansion Pack,2025-07-10,39.99,23.99,Maxis,Electronic Arts,71,31,40,Mixed,"['Simulation', 'Strategy']",Simulation,Strategy,,2025.0,40.0,43.66197183098591,56.33802816901409
917,ONE PIECE Bounty Rush,2024-09-23,0.0,0.0,SEGA,Bandai Namco Entertainment Inc.,5068,3464,1604,Mixed,"['Action', 'Free To Play']",Action,Free To Play,,2024.0,,68.35043409629044,31.649565903709547
918,Celeste,2018-01-25,19.99,0.0,Maddy Makes Games Inc.,Maddy Makes Games Inc.,145239,141467,3772,Overwhelmingly Positive,"['Action', 'Adventure', 'Indie']",Action,Adventure,Indie,2018.0,,97.4029014245485,2.5970985754514975
919,Granblue Fantasy Versus: Rising,2023-12-13,0.0,0.0,"Cygames, Inc.","Cygames, Inc.",7048,5864,1184,Very Positive,['Action'],Action,,,2023.0,,83.20090805902383,16.79909194097616
920,Frostpunk,2018-04-24,29.99,0.0,11 bit studios,11 bit studios,136678,126744,9934,Very Positive,"['Simulation', 'Strategy']",Simulation,Strategy,,2018.0,,92.73182223913139,7.2681777608686104
921,Horsey Game,2026-02-18,9.99,0.0,Captain Games,Captain Games,2822,2743,79,Overwhelmingly Positive,"['Indie', 'Simulation']",Indie,Simulation,,2026.0,,97.20056697377746,2.799433026222537
922,Deadzone: Rogue,2025-08-11,24.99,0.0,Prophecy Games,Prophecy Games,16163,13321,2842,Mostly Positive,['Action'],Action,,,2025.0,,82.41663057600694,17.58336942399307
923,JoJo's Bizarre Adventure: All-Star Battle R,2022-09-01,0.0,0.0,CyberConnect2 Co. Ltd.,Bandai Namco Entertainment,17604,15997,1607,Very Positive,['Action'],Action,,,2022.0,,90.87139286525789,9.128607134742104
924,The Farmer Was Replaced,2025-10-10,9.99,7.99,Timon Herzog,Metaroot,9006,8605,401,Very Positive,"['Casual', 'Indie', 'Simulation', 'Strategy']",Casual,Indie,Simulation,2025.0,20.0,95.54741283588719,4.452587164112813
925,DARK SOULS™ II: Scholar of the First Sin,2015-04-01,39.99,0.0,"FromSoftware, Inc.",Bandai Namco Entertainment,131027,109920,21107,Mostly Positive,"['Action', 'RPG']",Action,RPG,,2015.0,,83.89110641318202,16.108893586817985
926,Terra Invicta - Dark Skies,2026-07-27,9.99,8.99,Pavonis Interactive,Hooded Horse,111,91,20,Very Positive,"['Simulation', 'Strategy']",Simulation,Strategy,,2026.0,10.0,81.98198198198197,18.01801801801802
927,SPORE™,2008-12-19,0.0,0.0,Maxis™,Electronic Arts,72390,67030,5360,Very Positive,"['Action', 'Adventure', 'Casual', 'RPG']",Action,Adventure,Casual,2008.0,,92.59566238430722,7.404337615692776
928,SIGNALIS,2022-10-27,19.99,0.0,rose-engine,Balor Games,33861,32710,1151,Very Positive,"['Action', 'Adventure', 'Indie']",Action,Adventure,Indie,2022.0,,96.60080919051416,3.399190809485839
929,Pacific Drive,2024-02-21,29.99,0.0,Ironwood Studios,Kepler Interactive,26526,22071,4455,Very Positive,"['Action', 'Adventure', 'Indie', 'Racing']",Action,Adventure,Indie,2024.0,,83.20515720425243,16.79484279574757
930,Zoominoes,2026-07-30,14.99,12.74,Starlight Games inc.,Starlight Games inc.,127,124,3,Very Positive,"['Indie', 'Strategy']",Indie,Strategy,,2026.0,15.0,97.63779527559055,2.3622047244094486
931,Sintopia,2026-04-16,34.99,27.99,Piraknights Games,Team17,1040,844,196,Mostly Positive,"['Indie', 'Simulation', 'Strategy']",Indie,Simulation,Strategy,2026.0,20.0,81.15384615384616,18.846153846153847
932,Database Detective: Minor Crimes Division,2026-07-17,0.0,0.0,Thomas Hsu,Thomas Hsu,484,471,13,Very Positive,['Indie'],Indie,,,2026.0,,97.31404958677686,2.6859504132231407
933,Crusader Kings III: All Under Heaven,2025-10-28,29.99,0.0,Paradox Development Studio,Paradox Interactive,2181,1490,691,Mixed,"['RPG', 'Simulation', 'Strategy']",RPG,Simulation,Strategy,2025.0,,68.31728564878496,31.68271435121504
934,The Stanley Parable: Ultra Deluxe,2022-04-27,24.99,0.0,Crows Crows Crows,Crows Crows Crows,35670,33576,2094,Very Positive,"['Adventure', 'Casual', 'Indie']",Adventure,Casual,Indie,2022.0,,94.12952060555088,5.870479394449117
935,Life is Strange: Reunion,2026-03-26,39.99,0.0,Deck Nine Games,Square Enix,5444,4870,574,Very Positive,"['Action', 'Adventure']",Action,Adventure,,2026.0,,89.45628214548125,10.543717854518736
936,Minecraft Dungeons II,2026-09-29,29.99,0.0,Mojang Studios,Xbox Game Studios,0,0,0,"['Action', 'Adventure', 'RPG']","['None', 'None', 'None', 'None']",None,None,None,2026.0,,,
937,Serpent's Gaze,2026-05-25,14.99,0.0,Feeble Minds,Feeble Minds,763,681,82,Very Positive,"['Action', 'Indie', 'RPG', 'Early Access']",Action,Indie,RPG,2026.0,,89.25294888597641,10.747051114023591
938,My Time at Sandrock,2023-11-02,0.0,0.0,Pathea Games,Pathea Games,28911,25491,3420,Very Positive,"['Adventure', 'Casual', 'Indie', 'RPG']",Adventure,Casual,Indie,2023.0,,88.17059250804192,11.82940749195808
939,Destiny 2: Bungie 30th Anniversary Pack,2021-12-07,14.99,1.49,Bungie,Bungie,2193,1023,1170,Mixed,"['Action', 'Adventure', 'Free To Play']",Action,Adventure,Free To Play,2021.0,90.0,46.6484268125855,53.3515731874145
940,Tiny Bookshop,2025-08-07,0.0,0.0,neoludic games,Skystone Games,7506,7222,284,Overwhelmingly Positive,"['Casual', 'Indie', 'RPG', 'Simulation']",Casual,Indie,RPG,2025.0,,96.21636024513722,3.7836397548627763
941,Momento,2026-06-06,19.99,0.0,Fat Alien Cat,Fat Alien Cat & Nomo Studio,197,189,8,Very Positive,['Casual'],Casual,,,2026.0,,95.93908629441624,4.060913705583756
942,Cassette Beasts,2023-04-26,19.99,6.99,Bytten Studio,Raw Fury,10981,10331,650,Very Positive,"['Indie', 'RPG']",Indie,RPG,,2023.0,65.0,94.08068481923321,5.919315180766779
943,Ultimate Chicken Horse,2016-03-04,14.99,0.0,Clever Endeavour Games,Clever Endeavour Games,53102,50861,2241,Overwhelmingly Positive,"['Action', 'Casual', 'Indie']",Action,Casual,Indie,2016.0,,95.77981996911605,4.220180030883959
944,NARUTO TO BORUTO: SHINOBI STRIKER,2018-08-31,19.99,0.0,Soleil Ltd.,Bandai Namco Entertainment,56541,47310,9231,Mostly Positive,['Action'],Action,,,2018.0,,83.67379423780973,16.32620576219027
945,Middle-earth™: Shadow of War™,2017-10-09,0.0,0.0,Monolith Productions,WB Games,116323,103441,12882,Very Positive,"['Action', 'Adventure', 'RPG']",Action,Adventure,RPG,2017.0,,88.92566388418456,11.074336115815445
946,Left 4 Dead,2008-11-17,9.99,0.0,Valve,Valve,67771,65325,2446,Overwhelmingly Positive,['Action'],Action,,,2008.0,,96.39078661964558,3.6092133803544293
947,SpaceEngine,2019-06-11,29.99,0.0,Cosmographic Software,Cosmographic Software,16220,15593,627,Overwhelmingly Positive,"['Casual', 'Indie', 'Simulation', 'Early Access']",Casual,Indie,Simulation,2019.0,,96.134401972873,3.865598027127003
948,Shieldwall,2023-04-18,17.99,0.0,Nezon Production,Nezon Production,7334,6347,987,Very Positive,"['Action', 'Casual', 'Indie', 'Simulation']",Action,Casual,Indie,2023.0,,86.54213253340606,13.457867466593946
949,Nioh 2 – The Complete Edition,2021-02-05,49.99,19.99,"KOEI TECMO GAMES CO., LTD.","KOEI TECMO GAMES CO., LTD.",50357,44042,6315,Very Positive,"['Action', 'RPG']",Action,RPG,,2021.0,60.0,87.45953889230891,12.540461107691087
950,Sword of Convallaria,2024-07-31,0.0,0.0,XD,XD,4749,3569,1180,Mostly Positive,"['RPG', 'Strategy', 'Free To Play']",RPG,Strategy,Free To Play,2024.0,,75.15266371867762,24.84733628132238
951,OUTBRK,2024-06-28,34.99,0.0,Sublime,Sublime,3408,2782,626,Very Positive,"['Action', 'Adventure', 'Simulation', 'Strategy']",Action,Adventure,Simulation,2024.0,,81.63145539906104,18.368544600938964
952,Dungeons & Dragons Online®,2012-06-25,0.0,0.0,Standing Stone Games,Daybreak Game Company LLC,7904,5636,2268,Mixed,"['Action', 'Adventure', 'Massively Multiplayer', 'RPG']",Action,Adventure,Massively Multiplayer,2012.0,,71.30566801619433,28.694331983805665
953,Broken Arrow,2025-06-19,49.99,0.0,Steel Balalaika,Slitherine Ltd.,39663,20041,19622,Mixed,['Strategy'],Strategy,,,2025.0,,50.528200085722204,49.471799914277796
954,EVE Online,2003-05-05,0.0,0.0,Fenris Creations,Fenris Creations,39210,28769,10441,Mixed,"['Action', 'Massively Multiplayer', 'RPG', 'Strategy']",Action,Massively Multiplayer,RPG,2003.0,,73.37158888038766,26.628411119612345
955,Master Healer Kale with useless party,2026-07-02,0.0,0.0,Evrac Studio,Evrac Studio,1558,1502,56,Overwhelmingly Positive,"['Indie', 'RPG', 'Strategy']",Indie,RPG,Strategy,2026.0,,96.40564826700898,3.594351732991014
956,Resident Evil,2015-01-19,19.99,0.0,"CAPCOM Co., Ltd.","CAPCOM Co., Ltd.",35936,33167,2769,Very Positive,"['Action', 'Adventure']",Action,Adventure,,2015.0,,92.29463490650045,7.705365093499555
957,The Other Side,2025-03-07,0.0,0.0,Vectora Games,Vectora Games,1354,1269,85,Very Positive,"['Action', 'Adventure', 'Casual', 'Indie']",Action,Adventure,Casual,2025.0,,93.72230428360415,6.277695716395865
958,Yakuza 0 Director's Cut,2025-12-08,14.99,0.0,RGG Studio,SEGA,1669,1340,329,Overwhelmingly Positive,"['Action', 'Adventure', 'RPG']",Action,Adventure,RPG,2025.0,,80.28759736369084,19.712402636309168
959,Incursion Red River,2024-04-10,21.99,0.0,Games Of Tomorrow GmbH,Games Of Tomorrow GmbH,9084,6905,2179,Mostly Positive,"['Action', 'Early Access']",Action,Early Access,,2024.0,,76.01276970497578,23.98723029502422
960,A Total War Saga: TROY,2021-09-02,39.99,0.0,CREATIVE ASSEMBLY,SEGA,3739,2676,1063,Mostly Positive,"['Action', 'Simulation', 'Strategy']",Action,Simulation,Strategy,2021.0,,71.56993848622626,28.430061513773737
961,DRAGON QUEST I & II HD-2D Remake,2025-10-30,59.99,0.0,Square Enix,Square Enix,2005,1712,293,Very Positive,['RPG'],RPG,,,2025.0,,85.3865336658354,14.613466334164588
962,Alien: Isolation,2014-10-06,39.99,0.0,Creative Assembly,SEGA,66336,61780,4556,Very Positive,['Action'],Action,,,2014.0,,93.13193439459721,6.868065605402799
963,The Witcher 3: Wild Hunt - Complete Edition,2015-05-18,39.99,7.99,CD PROJEKT RED,CD PROJEKT RED,891202,856940,34262,Very Positive,['RPG'],RPG,,,2015.0,80.0,96.15552927394687,3.8444707260531286
964,Shin Megami Tensei V: Vengeance,2024-06-13,0.0,0.0,ATLUS,SEGA,12535,11521,1014,Very Positive,"['Adventure', 'RPG']",Adventure,RPG,,2024.0,,91.91065017949741,8.089349820502592
965,Shadows of Doubt,2024-09-26,24.99,9.99,ColePowered Games,Fireshine Games,17615,14479,3136,Mostly Positive,"['Action', 'Adventure', 'Indie', 'RPG']",Action,Adventure,Indie,2024.0,60.0,82.19699120068124,17.80300879931876
966,"Papers, Please",2013-08-08,9.99,0.0,Lucas Pope,3909,79938,77777,2161,Overwhelmingly Positive,"['Adventure', 'Indie']",Adventure,Indie,,2013.0,,97.29665490755336,2.7033450924466464
967,DJMAX RESPECT V,2020-03-11,49.99,0.0,NEOWIZ,NEOWIZ,34733,30802,3931,Very Positive,"['Action', 'Casual', 'Sports']",Action,Casual,Sports,2020.0,,88.68223303486597,11.317766965134023
968,MechWarrior 5: Mercenaries - Chaos Reign,2026-05-26,19.99,17.99,Piranha Games Inc.,Piranha Games Inc.,191,146,45,Mostly Positive,"['Action', 'Simulation']",Action,Simulation,,2026.0,10.0,76.43979057591623,23.56020942408377
969,Five Nights at Freddy's: Security Breach,2021-12-16,39.99,0.0,Steel Wool Studios,ScottGames,69648,60220,9428,Very Positive,"['Action', 'Adventure', 'Indie']",Action,Adventure,Indie,2021.0,,86.46335860326212,13.536641396737881
970,GONE Fishing,2025-06-15,9.99,0.0,GONE Studios,GONE Studios,3446,3135,311,Very Positive,"['Action', 'Adventure', 'Indie', 'Early Access']",Action,Adventure,Indie,2025.0,,90.97504352872896,9.02495647127104
971,Fogpiercer,2026-07-17,19.99,0.0,Mad Cookies Studio,Hooded Horse,492,410,82,Very Positive,"['RPG', 'Strategy']",RPG,Strategy,,2026.0,,83.33333333333334,16.666666666666664
972,Need for Speed™ Most Wanted,2012-10-30,0.0,0.0,Criterion Games,Electronic Arts,26918,20792,6126,Mostly Positive,"['Action', 'Adventure', 'Racing']",Action,Adventure,Racing,2012.0,,77.24199420462145,22.75800579537856
973,Gas Station Simulator,2021-09-15,19.99,9.39,DRAGO entertainment,DRAGO entertainment,27345,24055,3290,Very Positive,"['Casual', 'Indie', 'Simulation']",Casual,Indie,Simulation,2021.0,53.0,87.96855000914245,12.031449990857562
974,HumanitZ,2026-02-06,0.0,0.0,Yodubzz Studios,indie.io,13792,10262,3530,Mostly Positive,"['Action', 'Adventure', 'RPG']",Action,Adventure,RPG,2026.0,,74.40545243619489,25.594547563805104
975,War of Rights,2018-12-03,29.99,0.0,Campfire Games,Campfire Games,14994,13260,1734,Very Positive,"['Action', 'Indie', 'Massively Multiplayer', 'Simulation']",Action,Indie,Massively Multiplayer,2018.0,,88.43537414965986,11.564625850340136
976,Way of the Hunter 2,2026-03-26,34.99,0.0,Nine Rocks Games,THQ Nordic,1302,974,328,Mostly Positive,"['Adventure', 'Simulation', 'Early Access']",Adventure,Simulation,Early Access,2026.0,,74.80798771121351,25.19201228878648
977,ARK: Astraeos,2025-02-13,14.99,0.0,Studio Wildcard,Studio Wildcard,838,401,437,Mixed,"['Action', 'Adventure', 'Indie', 'Massively Multiplayer']",Action,Adventure,Indie,2025.0,,47.85202863961814,52.14797136038186
978,FINAL FANTASY XV WINDOWS EDITION,2018-03-06,0.0,0.0,Square Enix,Square Enix,57817,48094,9723,Very Positive,['RPG'],RPG,,,2018.0,,83.1831468253282,16.81685317467181
979,The Sims™ 4 Cottage Living Expansion Pack,2021-07-22,39.99,19.99,Maxis,Electronic Arts,313,226,87,Mostly Positive,"['Casual', 'Simulation']",Casual,Simulation,,2021.0,50.0,72.20447284345049,27.79552715654952
980,Ace Attorney Investigations Collection,2024-09-05,0.0,0.0,"CAPCOM Co., Ltd.","CAPCOM Co., Ltd.",4701,4549,152,Very Positive,['Adventure'],Adventure,,,2024.0,,96.76664539459689,3.2333546054031057
981,House Flipper 2 - Scooby-Doo DLC,2025-10-23,14.99,0.0,Frozen District,Frozen District,196,172,24,Very Positive,"['Casual', 'Indie', 'Simulation']",Casual,Indie,Simulation,2025.0,,87.75510204081633,12.244897959183673
982,Boba Cafe Simulator,2026-07-24,0.0,0.0,Caikemi,Caikemi,1179,1107,72,Very Positive,"['Casual', 'RPG', 'Simulation']",Casual,RPG,Simulation,2026.0,,93.89312977099237,6.106870229007633
983,Wandering Sword,2023-09-14,24.99,17.49,The Swordman Studio,Spiral Up Games,43997,41729,2268,Very Positive,"['Adventure', 'Indie', 'RPG', 'Strategy']",Adventure,Indie,RPG,2023.0,30.0,94.84510307520966,5.154896924790327
984,INSIDE,2016-07-07,0.0,0.0,Playdead,Playdead,75258,72994,2264,Overwhelmingly Positive,"['Action', 'Adventure', 'Indie']",Action,Adventure,Indie,2016.0,,96.99168194743416,3.00831805256584
985,The King is Watching,2025-07-21,14.99,9.74,Hypnohead,tinyBuild,10261,9124,1137,Very Positive,"['Indie', 'Strategy']",Indie,Strategy,,2025.0,35.0,88.91920865412727,11.080791345872722
986,Windblown,2024-10-24,24.99,17.49,Motion Twin,Motion Twin,10271,9139,1132,Mostly Positive,"['Action', 'Indie', 'Early Access']",Action,Indie,Early Access,2024.0,30.0,88.9786778307857,11.021322169214292
987,Out of Ore,2022-10-31,24.99,0.0,North Modding Company AB,North Modding Company AB,4087,3504,583,Mostly Positive,"['Adventure', 'Casual', 'Simulation', 'Strategy']",Adventure,Casual,Simulation,2022.0,,85.73525813555175,14.264741864448249
988,Dishonored 2,2016-11-11,29.99,5.99,Arkane Studios,Bethesda Softworks,66454,59589,6865,Very Positive,['Action'],Action,,,2016.0,80.0,89.66954585126554,10.330454148734463
989,RPG Maker MZ,2020-08-27,79.99,0.0,Gotcha Gotcha Games,Gotcha Gotcha Games,2325,1986,339,Very Positive,"['RPG', 'Design & Illustration', 'Education', 'Web Publishing']",RPG,Design & Illustration,Education,2020.0,,85.41935483870968,14.580645161290324
990,Goblin Cleanup,2025-09-18,19.99,12.99,Crisalu Games,Team17,2315,2031,284,Very Positive,"['Adventure', 'Casual', 'Indie', 'Simulation']",Adventure,Casual,Indie,2025.0,35.0,87.73218142548596,12.267818574514038
991,Into the Radius 2,2026-04-23,39.99,0.0,CM IMMERSIVE,CM IMMERSIVE,5605,4489,1116,Mostly Positive,"['Action', 'Adventure', 'Indie', 'Simulation']",Action,Adventure,Indie,2026.0,,80.08920606601248,19.91079393398751
992,Age of Empires III: Definitive Edition,2020-10-15,0.0,0.0,World's Edge,Xbox Game Studios,54448,46738,7710,Very Positive,"['Strategy', 'Free To Play']",Strategy,Free To Play,,2020.0,,85.83970026447253,14.160299735527476
993,Demonologist,2023-09-25,0.0,0.0,Clock Wizard Games,Clock Wizard Games,23980,20438,3542,Very Positive,"['Action', 'Adventure', 'Indie']",Action,Adventure,Indie,2023.0,,85.22935779816514,14.770642201834864
994,Persona 4 Golden,2020-06-13,19.99,0.0,ATLUS,SEGA,86574,84012,2562,Overwhelmingly Positive,['RPG'],RPG,,,2020.0,,97.0406819599418,2.959318040058216
995,Starward,2024-04-24,0.0,0.0,Game Blender,盛天游戏,3740,2420,1320,Mixed,"['Action', 'Adventure', 'Massively Multiplayer', 'RPG']",Action,Adventure,Massively Multiplayer,2024.0,,64.70588235294117,35.294117647058826
996,Minecraft Dungeons II,2026-09-29,29.99,0.0,Mojang Studios,Xbox Game Studios,0,0,0,"['Action', 'Adventure', 'RPG']","['None', 'None', 'None', 'None']",None,None,None,2026.0,,,
997,Out of Ore,2022-10-31,24.99,0.0,North Modding Company AB,North Modding Company AB,4087,3504,583,Mostly Positive,"['Adventure', 'Casual', 'Simulation', 'Strategy']",Adventure,Casual,Simulation,2022.0,,85.73525813555175,14.264741864448249
998,House Flipper 2 - Scooby-Doo DLC,2025-10-23,14.99,0.0,Frozen District,Frozen District,196,172,24,Very Positive,"['Casual', 'Indie', 'Simulation']",Casual,Indie,Simulation,2025.0,,87.75510204081633,12.244897959183673
999,Foxhole,2022-09-28,29.99,0.0,Siege Camp,Siege Camp,52720,41940,10780,Mixed,"['Action', 'Indie', 'Massively Multiplayer', 'RPG']",Action,Indie,Massively Multiplayer,2022.0,,79.55235204855842,20.447647951441578
1000,DRAGON QUEST I & II HD-2D Remake,2025-10-30,59.99,0.0,Square Enix,Square Enix,2005,1712,293,Very Positive,['RPG'],RPG,,,2025.0,,85.3865336658354,14.613466334164588
1001,Persona 4 Golden,2020-06-13,19.99,0.0,ATLUS,SEGA,86574,84012,2562,Overwhelmingly Positive,['RPG'],RPG,,,2020.0,,97.0406819599418,2.959318040058216
1002,Dimhaven - The Lost Source,2026-06-23,0.0,0.0,Zadbox Entertainment,Blue Brain Games,862,757,105,Very Positive,"['Adventure', 'Indie']",Adventure,Indie,,2026.0,,87.81902552204176,12.180974477958237
1003,Granblue Fantasy,2026-03-10,0.0,0.0,"Cygames, Inc.","Cygames, Inc.",910,366,544,Mixed,['RPG'],RPG,,,2026.0,,40.21978021978022,59.78021978021978
1004,Dishonored 2,2016-11-11,29.99,5.99,Arkane Studios,Bethesda Softworks,66454,59589,6865,Very Positive,['Action'],Action,,,2016.0,80.0,89.66954585126554,10.330454148734463
1005,Dwarf Eats Mountain,2026-05-18,9.99,0.0,Green Wizard,Green Wizard,1014,826,188,Very Positive,"['Casual', 'Indie', 'Simulation', 'Strategy']",Casual,Indie,Simulation,2026.0,,81.4595660749507,18.54043392504931
1006,Devil May Cry HD Collection,2018-03-13,29.99,0.0,"CAPCOM Co., Ltd.","CAPCOM Co., Ltd.",25060,23378,1682,Very Positive,['Action'],Action,,,2018.0,,93.28810853950519,6.711891460494812
1007,Age of Empires III: Definitive Edition,2020-10-15,0.0,0.0,World's Edge,Xbox Game Studios,54448,46738,7710,Very Positive,"['Strategy', 'Free To Play']",Strategy,Free To Play,,2020.0,,85.83970026447253,14.160299735527476
1008,UNBEATABLE - The Jamie Paige Content Companion,2026-07-27,9.99,0.0,D-CELL GAMES,Playstack,288,285,3,Very Positive,"['Adventure', 'Indie']",Adventure,Indie,,2026.0,,98.95833333333334,1.0416666666666665
1009,American Truck Simulator - Louisiana,2025-12-04,11.99,0.0,SCS Software,SCS Software,290,221,69,Mostly Positive,"['Indie', 'Simulation']",Indie,Simulation,,2025.0,,76.20689655172413,23.79310344827586
1010,Workers & Resources: Soviet Republic,2024-06-20,39.99,0.0,3Division,Hooded Horse,27215,24701,2514,Very Positive,"['Simulation', 'Strategy']",Simulation,Strategy,,2024.0,,90.76244717986405,9.237552820135955
1011,Neverwinter,2013-12-05,0.0,0.0,Cryptic Studios,Arc Games,39605,30675,8930,Mostly Positive,"['Action', 'Adventure', 'Massively Multiplayer', 'RPG']",Action,Adventure,Massively Multiplayer,2013.0,,77.45234187602576,22.547658123974244
1012,The Elder Scrolls V: Skyrim VR,2018-04-02,59.99,14.99,Bethesda Game Studios,Bethesda Softworks,12291,9206,3085,Mixed,['RPG'],RPG,,,2018.0,75.0,74.90033357741437,25.09966642258563
1013,X-Plane 12,2022-12-17,59.99,0.0,Laminar Research,Laminar Research,6372,5526,846,Very Positive,['Simulation'],Simulation,,,2022.0,,86.7231638418079,13.27683615819209
1014,Dead by Daylight: Stranger Things Chapter 2,2026-01-27,11.99,0.0,Behaviour Interactive Inc.,Behaviour Interactive Inc.,870,597,273,Mixed,['Action'],Action,,,2026.0,,68.62068965517241,31.379310344827587
1015,MOTORSLICE,2026-05-05,0.0,0.0,Regular Studio,"Top Hat Studios, Inc.",5344,4571,773,Very Positive,"['Action', 'Adventure', 'Indie']",Action,Adventure,Indie,2026.0,,85.53517964071857,14.464820359281438
1016,Substance 3D Painter 2026,2025-03-11,199.99,0.0,Adobe,Adobe,116,69,47,Mixed,"['Animation & Modeling', 'Game Development']",Animation & Modeling,Game Development,,2025.0,,59.48275862068966,40.51724137931034
1017,Pixel Gun 3D: PC Edition,2024-04-02,0.0,0.0,Cubic Games Studio,Cubic Games Studio,46315,31161,15154,Mostly Positive,"['Action', 'Adventure', 'Massively Multiplayer', 'Free To Play']",Action,Adventure,Massively Multiplayer,2024.0,,67.28057864622693,32.71942135377308
1018,Project Silverfish,2025-06-25,29.99,0.0,Siris Pendrake,Siris Pendrake,3258,3037,221,Very Positive,"['Action', 'Adventure', 'Indie', 'Early Access']",Action,Adventure,Indie,2025.0,,93.21669736034377,6.78330263965623
1019,Road to Empress I,2025-09-08,0.0,0.0, New One Studio, New One Studio,12735,10997,1738,Very Positive,"['Adventure', 'Casual', 'Indie', 'RPG']",Adventure,Casual,Indie,2025.0,,86.35257165292501,13.64742834707499
1020,Flock Around,2026-04-24,4.99,0.0,Friend Shaped Games,Friend Shaped Games,2006,1974,32,Overwhelmingly Positive,"['Casual', 'Indie']",Casual,Indie,,2026.0,,98.4047856430708,1.5952143569292123
1021,Enter the Gungeon,2016-04-05,14.99,0.0,Dodge Roll,Devolver Digital,89611,85244,4367,Very Positive,"['Action', 'Adventure', 'Indie']",Action,Adventure,Indie,2016.0,,95.12671435426454,4.873285645735457
1022,Farming Simulator 22,2021-11-21,19.99,0.0,Giants Software,Giants Software,92277,85541,6736,Very Positive,['Simulation'],Simulation,,,2021.0,,92.70023949629919,7.2997605037008135
1023,Hotline Miami,2012-10-23,9.99,2.49,Dennaton Games,Devolver Digital,126960,122959,4001,Very Positive,"['Action', 'Indie']",Action,Indie,,2012.0,75.0,96.84861373660996,3.1513862633900445
1024,Sword of Convallaria,2024-07-31,0.0,0.0,XD,XD,4749,3569,1180,Mostly Positive,"['RPG', 'Strategy', 'Free To Play']",RPG,Strategy,Free To Play,2024.0,,75.15266371867762,24.84733628132238
1025,Starminer,2026-05-27,29.99,0.0,CoolAndGoodGames,CoolAndGoodGames,1841,1360,481,Mixed,"['Action', 'Indie', 'RPG', 'Simulation']",Action,Indie,RPG,2026.0,,73.87289516567083,26.127104834329167
1026,Wolfenstein: The New Order,2014-05-19,19.99,4.99,MachineGames,Bethesda Softworks,61775,56660,5115,Very Positive,['Action'],Action,,,2014.0,75.0,91.71995143666531,8.280048563334683
1027,Prison Architect,2015-10-06,29.99,0.0,Introversion Software,Paradox Interactive,74087,65883,8204,Very Positive,"['Indie', 'Simulation', 'Strategy']",Indie,Simulation,Strategy,2015.0,,88.92653232011014,11.073467679889859
1028,How to Make an Atomic Bomb in Your Garden,2026-06-09,0.0,0.0,karahan,karahan,1776,1596,180,Very Positive,"['Adventure', 'Casual', 'Indie', 'Simulation']",Adventure,Casual,Indie,2026.0,,89.86486486486487,10.135135135135135
1029,Darkest Dungeon® II,2023-05-08,39.99,0.0,Red Hook Studios,Red Hook Studios,26557,19859,6698,Mostly Positive,"['Indie', 'RPG', 'Strategy']",Indie,RPG,Strategy,2023.0,,74.77877772338744,25.221222276612572
1030,Pronoun Palace,2026-06-04,19.84,0.0,Cadence Petersen,Cadence Petersen,1210,1201,9,Overwhelmingly Positive,"['Casual', 'Indie']",Casual,Indie,,2026.0,,99.25619834710744,0.743801652892562
1031,Portal,2007-10-10,0.0,0.0,Valve,Valve,197919,194999,2920,Overwhelmingly Positive,['Action'],Action,,,2007.0,,98.52464897255948,1.4753510274405186
1032,INSIDE,2016-07-07,0.0,0.0,Playdead,Playdead,75258,72994,2264,Overwhelmingly Positive,"['Action', 'Adventure', 'Indie']",Action,Adventure,Indie,2016.0,,96.99168194743416,3.00831805256584
1033,NINJA GAIDEN 4,2025-10-20,69.99,41.99,"PlatinumGames Inc. / Team NINJA / KOEI TECMO GAMES CO., LTD.",Xbox Game Studios,9523,8410,1113,Very Positive,"['Action', 'Adventure']",Action,Adventure,,2025.0,40.0,88.31250656305785,11.68749343694214
1034,Car Service Together,2026-02-04,19.99,0.0,V12 Studio,V12 Studio,3867,3067,800,Mostly Positive,"['Indie', 'Racing', 'Simulation', 'Early Access']",Indie,Racing,Simulation,2026.0,,79.31212826480476,20.687871735195245
1035,Motor Town: Behind The Wheel,2021-12-17,0.0,0.0,P3 Games,P3 Games,9489,8900,589,Very Positive,"['Adventure', 'Casual', 'Indie', 'Racing']",Adventure,Casual,Indie,2021.0,,93.79281273053009,6.207187269469912
1036,Crime Simulator,2025-06-17,14.99,0.0,CookieDev,Ultimate Games S.A.,6689,5548,1141,Very Positive,"['Action', 'Indie', 'Simulation']",Action,Indie,Simulation,2025.0,,82.942143818209,17.057856181791
1037,TUNIC,2022-03-16,29.99,0.0,TUNIC Team,Finji,18176,16591,1585,Very Positive,"['Action', 'Adventure', 'RPG']",Action,Adventure,RPG,2022.0,,91.27970950704226,8.720290492957746
1038,The Oregon Trail,2022-11-14,29.99,0.0,Gameloft,Gameloft,1265,1000,265,Mixed,"['Adventure', 'Casual', 'Simulation', 'Strategy']",Adventure,Casual,Simulation,2022.0,,79.05138339920948,20.948616600790515
1039,Voidtrain,2025-11-07,29.99,0.0,HypeTrain Digital,HypeTrain Digital,9762,7197,2565,Mostly Positive,"['Action', 'Adventure', 'Indie', 'RPG']",Action,Adventure,Indie,2025.0,,73.72464658881377,26.27535341118623
1040,Keep Talking and Nobody Explodes,2015-10-08,14.99,0.0,Steel Crate Games,Steel Crate Games,17050,16586,464,Very Positive,['Indie'],Indie,,,2015.0,,97.27859237536657,2.721407624633431
1041,The Life and Suffering of Prince Jerian,2026-07-20,24.99,0.0,Schisma Games,101XP,1351,1034,317,Mostly Positive,"['Indie', 'RPG']",Indie,RPG,,2026.0,,76.53589933382679,23.464100666173206
1042,Duet Night Abyss,2026-01-19,0.0,0.0,Pan Studio,Hero Games,2030,1161,869,Mixed,"['Action', 'RPG', 'Free To Play']",Action,RPG,Free To Play,2026.0,,57.19211822660098,42.80788177339902
1043,Vegas Infinite by PokerStars,2023-11-10,0.0,0.0,Lucky VR Inc.,The Stars Group Inc.,8246,6508,1738,Mixed,"['Casual', 'Strategy', 'Free To Play']",Casual,Strategy,Free To Play,2023.0,,78.92311423720592,21.07688576279408
1044,Meowgic,2026-07-20,7.99,0.0,Lazy Turtle Games,Polden Publishing,446,369,77,Very Positive,"['Action', 'Adventure']",Action,Adventure,,2026.0,,82.7354260089686,17.26457399103139
1045,Monster Train 2,2025-05-21,24.99,0.0,Shiny Shoe,Big Fan Games,10024,9555,469,Very Positive,"['Indie', 'Strategy']",Indie,Strategy,,2025.0,,95.32122905027933,4.67877094972067
1046,FUMES,2025-07-28,0.0,0.0,FUMES team,FUMES team,2779,2684,95,Very Positive,"['Action', 'Adventure', 'Casual', 'Indie']",Action,Adventure,Casual,2025.0,,96.5815041381792,3.418495861820799
1047,Ravenfield,2017-05-18,17.99,0.0,SteelRaven7,SteelRaven7,79747,77131,2616,Very Positive,"['Action', 'Indie', 'Early Access']",Action,Indie,Early Access,2017.0,,96.71962581664513,3.2803741833548594
1048,Ace Attorney Investigations Collection,2024-09-05,0.0,0.0,"CAPCOM Co., Ltd.","CAPCOM Co., Ltd.",4701,4549,152,Very Positive,['Adventure'],Adventure,,,2024.0,,96.76664539459689,3.2333546054031057
1049,s&box,2026-04-28,19.99,0.0,Facepunch Studios,Facepunch Studios,9103,5360,3743,Mixed,"['Action', 'Adventure', 'Casual', 'Indie']",Action,Adventure,Casual,2026.0,,58.88168735581676,41.118312644183234
1050,Dark and Darker - EAS10 Seasonal Pack,2026-07-16,8.99,0.0,IRONMACE,IRONMACE,11,8,3,Mostly Positive,"['Action', 'RPG', 'Free To Play']",Action,RPG,Free To Play,2026.0,,72.72727272727273,27.27272727272727
1051,Stellaris: BioGenesis,2025-05-05,24.99,0.0,Paradox Development Studio,Paradox Interactive,1121,477,644,Mixed,"['Simulation', 'Strategy']",Simulation,Strategy,,2025.0,,42.55129348795718,57.448706512042826
1052,Atomcraft,2026-07-22,0.0,0.0,Triplejump,Triplejump,236,228,8,Very Positive,"['Action', 'Adventure', 'Indie', 'RPG']",Action,Adventure,Indie,2026.0,,96.61016949152543,3.389830508474576
1053,Goat Simulator 3,2024-02-15,29.99,0.0,Coffee Stain North,Coffee Stain Publishing,15759,15410,349,Overwhelmingly Positive,"['Adventure', 'Casual', 'Simulation']",Adventure,Casual,Simulation,2024.0,,97.78539247414176,2.2146075258582396
1054,Blasphemous,2019-09-10,34.99,8.74,The Game Kitchen,Team17,66286,59552,6734,Very Positive,"['Action', 'Adventure', 'Indie']",Action,Adventure,Indie,2019.0,75.0,89.84099206468937,10.159007935310624
1055,LORT,2026-01-21,14.99,0.0,Big Distraction,Big Distraction,4249,3290,959,Very Positive,"['Action', 'Early Access']",Action,Early Access,,2026.0,,77.42998352553542,22.57001647446458
1056,Alabaster Dawn,2026-05-07,0.0,0.0,Radical Fish Games,Radical Fish Games,2168,2056,112,Very Positive,"['Action', 'RPG', 'Early Access']",Action,RPG,Early Access,2026.0,,94.8339483394834,5.166051660516605
1057,Watch_Dogs™,2014-05-26,19.99,0.0,Ubisoft,Ubisoft,51893,41222,10671,Very Positive,"['Action', 'Adventure']",Action,Adventure,,2014.0,,79.43653286570444,20.56346713429557
1058,People Playground,2019-07-23,9.99,0.0,mestiez,Studio Minus,316172,311322,4850,Overwhelmingly Positive,"['Action', 'Casual', 'Indie', 'Simulation']",Action,Casual,Indie,2019.0,,98.46602482193236,1.533975178067634
1059,FANTASY LIFE i: The Girl Who Steals Time,2025-05-21,59.99,0.0,LEVEL5 Inc.,LEVEL5 Inc.,13474,12354,1120,Very Positive,['RPG'],RPG,,,2025.0,,91.68769481965266,8.312305180347336
1060,Overcooked! All You Can Eat,2021-03-23,39.99,0.0,Team17 Digital,Team17 Digital,8068,5879,2189,Mostly Positive,"['Casual', 'Indie', 'Simulation', 'Strategy']",Casual,Indie,Simulation,2021.0,,72.86812097174021,27.131879028259792
1061,Unpacking,2021-11-01,19.99,0.0,Witch Beam,Balor Games,40562,37807,2755,Very Positive,"['Casual', 'Indie', 'Simulation']",Casual,Indie,Simulation,2021.0,,93.20792860312608,6.79207139687392
1062,Gloria Victis: Medieval MMORPG,2026-06-17,0.0,0.0,gamigo US,gamigo US,11814,8054,3760,Mixed,"['Action', 'Adventure', 'Indie', 'Massively Multiplayer']",Action,Adventure,Indie,2026.0,,68.17335364821399,31.826646351786014
1063,The Sims™ 4 Life & Death Expansion Pack,2024-10-31,39.99,19.99,Maxis,Electronic Arts,113,86,27,Mostly Positive,"['Adventure', 'Casual', 'Simulation']",Adventure,Casual,Simulation,2024.0,50.0,76.10619469026548,23.893805309734514
1064,VTOL VR,2017-08-03,29.99,0.0,"Boundless Dynamics, LLC","Boundless Dynamics, LLC",21713,21291,422,Overwhelmingly Positive,"['Action', 'Indie', 'Simulation']",Action,Indie,Simulation,2017.0,,98.05646386957122,1.9435361304287753
1065,Aethermancer,2025-09-23,0.0,0.0,moi rai games,offbrand games,2620,2396,224,Very Positive,"['Adventure', 'Indie', 'RPG', 'Strategy']",Adventure,Indie,RPG,2025.0,,91.45038167938931,8.549618320610687
1066,NEEDY STREAMER OVERLOAD,2022-01-21,15.99,0.0,WSS playground,WSS playground,57266,54028,3238,Very Positive,"['Adventure', 'Indie']",Adventure,Indie,,2022.0,,94.34568504872001,5.654314951279991
1067,RealFlight Evolution,2022-10-27,69.99,0.0,"Horizon Hobby, LLC","Horizon Hobby, LLC",1576,1407,169,Very Positive,"['Indie', 'Racing', 'Simulation']",Indie,Racing,Simulation,2022.0,,89.27664974619289,10.723350253807107
1068,South Park™: The Fractured But Whole™,2017-10-16,29.99,0.0,Ubisoft San Francisco,Ubisoft,33384,28422,4962,Very Positive,['RPG'],RPG,,,2017.0,,85.13659237958304,14.863407620416966
1069,SCP: 5K,2022-02-22,19.99,0.0,Affray Interactive,Balor Games,15120,12016,3104,Very Positive,"['Action', 'Indie', 'Massively Multiplayer', 'Strategy']",Action,Indie,Massively Multiplayer,2022.0,,79.47089947089947,20.529100529100532
1070,Riichi City - Japanese Mahjong,2022-09-08,0.0,0.0,"Formirai Co., Ltd.","Formirai Co., Ltd.",4765,2275,2490,Mixed,['None'],None,,,2022.0,,47.74396642182581,52.25603357817419
1071,Shop Titans,2020-05-05,0.0,0.0,"Kabam Games, Inc.","Kabam Games, Inc.",17917,13965,3952,Mostly Positive,"['Adventure', 'Casual', 'RPG', 'Simulation']",Adventure,Casual,RPG,2020.0,,77.94273594909862,22.057264050901377
1072,The Sims™ 4 Horse Ranch Expansion Pack,2023-07-20,39.99,19.99,Maxis,Electronic Arts,300,150,150,Mixed,"['Casual', 'Simulation']",Casual,Simulation,,2023.0,50.0,50.0,50.0
1073,The Sims™ 4 City Living,2016-09-30,39.99,19.99,Maxis,Electronic Arts,302,184,118,Mixed,['Simulation'],Simulation,,,2016.0,50.0,60.9271523178808,39.0728476821192
1074,Don't Starve,2013-04-23,9.99,0.0,Klei Entertainment,Klei Entertainment,113290,109381,3909,Very Positive,"['Adventure', 'Indie', 'Simulation']",Adventure,Indie,Simulation,2013.0,,96.54956306823198,3.4504369317680292
1075,Call of Duty®: Black Ops III - Der Eisendrache Zombies Map,2018-05-01,7.99,0.0,Treyarch,Activision,475,437,38,Very Positive,"['Action', 'Adventure']",Action,Adventure,,2018.0,,92.0,8.0
1076,CONTROL Ultimate Edition,2020-08-27,39.99,0.0,Remedy Entertainment,Remedy Entertainment,62581,53862,8719,Very Positive,"['Action', 'Adventure']",Action,Adventure,,2020.0,,86.06765631741263,13.932343682587367
1077,A Plague Tale: Innocence,2019-05-14,39.99,0.0,Asobo Studio,Focus Entertainment,70613,65841,4772,Very Positive,"['Action', 'Adventure']",Action,Adventure,,2019.0,,93.2420375851472,6.757962414852789
1078,Little Nightmares,2017-04-27,19.99,4.99,Tarsier Studios,BANDAI NAMCO Entertainment,116411,110303,6108,Very Positive,['Adventure'],Adventure,,,2017.0,75.0,94.75307316318904,5.246926836810954
1079,Brick Rigs,2023-07-14,19.99,0.0,Fluppisoft GmbH,Fluppisoft GmbH,58835,55842,2993,Very Positive,['Simulation'],Simulation,,,2023.0,,94.91289198606272,5.087108013937282
1080,Thank You For Your Application,2026-06-19,0.0,0.0,IceLemonTea Studio,IceLemonTea Studio,910,745,165,Mostly Positive,"['Indie', 'RPG', 'Simulation']",Indie,RPG,Simulation,2026.0,,81.86813186813187,18.13186813186813
1081,Tropico 6,2019-03-29,39.99,0.0,Limbic Entertainment,Kalypso Media,29326,25716,3610,Very Positive,"['Simulation', 'Strategy']",Simulation,Strategy,,2019.0,,87.69010434426788,12.309895655732115
1082,High On Life,2022-12-13,39.99,0.0,"Squanch Games, Inc.","Squanch Games, Inc.",25430,22639,2791,Very Positive,"['Action', 'Adventure']",Action,Adventure,,2022.0,,89.02477388910735,10.975226110892647
1083,Beastro,2026-06-11,29.69,11.53,Timberline Studio,Timberline Studio,560,516,44,Very Positive,"['Casual', 'Indie', 'RPG']",Casual,Indie,RPG,2026.0,61.0,92.14285714285714,7.857142857142857
1084,Loddlenaut,2023-11-16,0.0,0.0,Moon Lagoon,Secret Mode,6075,5955,120,Very Positive,"['Adventure', 'Casual', 'Indie']",Adventure,Casual,Indie,2023.0,,98.0246913580247,1.9753086419753085
1085,Sid Meier's Civilization® VI: Gathering Storm,2019-02-13,39.99,19.99,Firaxis Games,2K,3168,2133,1035,Mixed,['Strategy'],Strategy,,,2019.0,50.0,67.32954545454545,32.67045454545455
1086,Aquapark Tycoon,2026-07-22,0.0,0.0,Boxelware,Boxelware,198,178,20,Very Positive,"['Indie', 'Simulation', 'Strategy', 'Early Access']",Indie,Simulation,Strategy,2026.0,,89.8989898989899,10.1010101010101
1087,LEGO® Marvel™ Super Heroes,2013-10-22,19.99,3.99,Traveller's Tales,Warner Bros. Interactive Entertainment,30597,29257,1340,Overwhelmingly Positive,"['Action', 'Adventure']",Action,Adventure,,2013.0,80.0,95.6204856685296,4.379514331470405
1088,Crossout,2017-07-26,0.0,0.0,Targem Games,Gaijin Network Ltd,69587,52257,17330,Mostly Positive,"['Action', 'Adventure', 'Massively Multiplayer', 'Racing']",Action,Adventure,Massively Multiplayer,2017.0,,75.09592308908273,24.90407691091727
1089,Nova Roma,2026-03-26,29.99,0.0,Lion Shield,Hooded Horse,2198,2066,132,Very Positive,"['Simulation', 'Strategy', 'Early Access']",Simulation,Strategy,Early Access,2026.0,,93.99454049135578,6.005459508644222
1090,Castle Crashers - Painter Boss Paradise,2025-08-06,3.99,0.0,The Behemoth,The Behemoth,1031,949,82,Very Positive,"['Action', 'Adventure', 'Casual', 'Indie']",Action,Adventure,Casual,2025.0,,92.04655674102813,7.953443258971872
1091,Airport Security Sucks!,2026-06-05,7.99,0.0,JakeHub,Jatater Worldwide,456,388,68,Very Positive,"['Action', 'Casual', 'Indie', 'Simulation']",Action,Casual,Indie,2026.0,,85.08771929824562,14.912280701754385
1092,Tricky Towers,2016-08-02,14.99,4.49,WeirdBeard,WeirdBeard,16422,14816,1606,Very Positive,"['Casual', 'Indie']",Casual,Indie,,2016.0,70.0,90.22043600048715,9.779563999512849
1093,Global Rescue,2026-04-27,0.0,0.0,PeDePe GbR ,Aerosoft GmbH ,1707,1465,242,Very Positive,"['Simulation', 'Strategy', 'Early Access']",Simulation,Strategy,Early Access,2026.0,,85.82308142940832,14.176918570591681
1094,Pax Dei,2025-10-16,0.0,0.0,Mainframe Industries,Mainframe Industries,11229,6348,4881,Mixed,"['Action', 'Adventure', 'Massively Multiplayer', 'RPG']",Action,Adventure,Massively Multiplayer,2025.0,,56.53219342773177,43.46780657226824
1095,Darkest Dungeon®,2016-01-19,24.99,0.0,Red Hook Studios,Red Hook Studios,161023,147612,13411,Very Positive,"['Indie', 'RPG', 'Strategy']",Indie,RPG,Strategy,2016.0,,91.67137613881246,8.328623861187532
1096,IDLE_DIRECTIVE,2026-07-28,0.0,0.0,Kevinfu510,Kevinfu510,216,179,37,Very Positive,"['Casual', 'Indie', 'Simulation']",Casual,Indie,Simulation,2026.0,,82.87037037037037,17.12962962962963
1097,Last Epoch,2024-02-21,34.99,0.0,Eleventh Hour Games,Eleventh Hour Games,118524,90658,27866,Mostly Positive,"['Action', 'Adventure', 'Indie', 'RPG']",Action,Adventure,Indie,2024.0,,76.4891498768182,23.510850123181804
1098,Conan Exiles Enhanced: Isle of Siptah,2021-05-27,19.99,0.0,Funcom,Funcom,1729,903,826,Mixed,"['Action', 'Adventure', 'Massively Multiplayer', 'RPG']",Action,Adventure,Massively Multiplayer,2021.0,,52.226720647773284,47.77327935222672
1099,CODE VEIN,2019-09-26,0.0,0.0,Bandai Namco Studios,Bandai Namco Entertainment,62262,51738,10524,Mostly Positive,"['Action', 'RPG']",Action,RPG,,2019.0,,83.0972342680929,16.902765731907103
1100,Warframe: Mesa Heirloom Collection,2026-07-11,24.99,0.0,Digital Extremes,Digital Extremes,27,26,1,Positive,"['Action', 'RPG', 'Free To Play']",Action,RPG,Free To Play,2026.0,,96.29629629629629,3.7037037037037033
1101,Photomaly,2026-07-21,6.99,5.59,Revira Interactive,Alibi Games,1007,909,98,Very Positive,"['Indie', 'Simulation']",Indie,Simulation,,2026.0,20.0,90.26812313803376,9.731876861966237
1102,The Elder Scrolls III: Morrowind® Game of the Year Edition,2002-04-29,14.99,5.99,Bethesda Game Studios,Bethesda Softworks,28429,27087,1342,Overwhelmingly Positive,['RPG'],RPG,,,2002.0,60.0,95.27946814872138,4.720531851278624
1103,Mouthwashing,2024-09-26,12.99,0.0,Wrong Organ,CRITICAL REFLEX,38021,36220,1801,Very Positive,"['Adventure', 'Indie']",Adventure,Indie,,2024.0,,95.26314405197128,4.736855948028721
1104,Battlefield™ V,2018-11-09,0.0,0.0,DICE,Electronic Arts,268847,189915,78932,Mixed,['Action'],Action,,,2018.0,,70.64055020141568,29.359449798584325
1105,Fallout 76 - Deathclaw Pet Bundle,2026-06-02,29.99,17.99,Bethesda Game Studios,Bethesda Softworks,36,25,11,Mostly Positive,['RPG'],RPG,,,2026.0,40.0,69.44444444444444,30.555555555555557
1106,Invincible VS,2026-04-30,49.99,0.0,Quarter Up,Skybound Games,3437,2626,811,Mostly Positive,"['Action', 'Adventure']",Action,Adventure,,2026.0,,76.40384055862671,23.596159441373292
1107,Space Haven,2026-05-13,24.99,0.0,Bugbyte Ltd.,Bugbyte Ltd.,11026,9459,1567,Mostly Positive,"['Indie', 'RPG', 'Simulation', 'Strategy']",Indie,RPG,Simulation,2026.0,,85.788137130419,14.21186286958099
1108,Forbidden Solitaire,2026-04-30,15.99,11.99,Grey Alien Games,Night Signal Entertainment,2061,1994,67,Overwhelmingly Positive,"['Indie', 'Strategy']",Indie,Strategy,,2026.0,25.0,96.74915089762251,3.2508491023774866
1109,Capcom Fighting Collection 2,2025-05-15,39.99,0.0,"CAPCOM Co., Ltd.","CAPCOM Co., Ltd.",998,861,137,Very Positive,['Action'],Action,,,2025.0,,86.27254509018036,13.72745490981964
1110,Call of Duty®: WWII,2017-11-02,59.99,0.0,Sledgehammer Games,Activision,46558,32725,13833,Very Positive,['Action'],Action,,,2017.0,,70.28867219382275,29.71132780617724
1111,The Blood of Dawnwalker,2026-09-02,69.99,0.0,Rebel Wolves,Bandai Namco Entertainment,0,0,0,"['Action', 'Adventure', 'RPG']","['None', 'None', 'None', 'None']",None,None,None,2026.0,,,
1112,ULTIMATE MARVEL VS. CAPCOM 3,2017-03-06,24.99,0.0,"CAPCOM CO., LTD.","CAPCOM U.S.A., INC.",7786,7144,642,Very Positive,['Action'],Action,,,2017.0,,91.75443103005394,8.245568969946056
1113,Dead by Daylight - Resident Evil Chapter,2021-06-15,11.99,0.0,Behaviour Interactive Inc.,Behaviour Interactive Inc.,2513,1930,583,Very Positive,['Action'],Action,,,2021.0,,76.80063668921608,23.199363310783923
1114,South Park™: The Stick of Truth™,2014-03-03,29.99,0.0,Obsidian Entertainment,Ubisoft,73199,71414,1785,Overwhelmingly Positive,"['Action', 'Adventure', 'RPG']",Action,Adventure,RPG,2014.0,,97.56144209620349,2.4385579037965
1115,Angel Legion,2020-08-14,0.0,0.0,Shanghai SilverMoon Network Technology Co.Ltd,Shanghai SilverMoon Network Technology Co.Ltd,10884,8804,2080,Mostly Positive,"['Adventure', 'RPG', 'Strategy', 'Free To Play']",Adventure,RPG,Strategy,2020.0,,80.88937890481441,19.110621095185593
1116,SUPER ROBOT WARS Y,2025-08-27,59.99,35.99,Bandai Namco Forge Digitals Inc.,Bandai Namco Entertainment Inc.,2724,2264,460,Mostly Positive,"['RPG', 'Simulation', 'Strategy']",RPG,Simulation,Strategy,2025.0,40.0,83.11306901615272,16.886930983847286
1117,Titan Quest II,2025-08-01,34.99,0.0,Grimlore Games,THQ Nordic,17591,14434,3157,Mixed,"['Action', 'RPG', 'Early Access']",Action,RPG,Early Access,2025.0,,82.0533227218464,17.9466772781536
1118,Kerbal Space Program: Breaking Ground Expansion,2019-05-30,14.99,4.49,Squad,Private Division,545,419,126,Mostly Positive,"['Indie', 'Simulation']",Indie,Simulation,,2019.0,70.0,76.88073394495413,23.119266055045873
1119,Big Ambitions,2023-03-10,25.99,0.0,Hovgaard Games,Hovgaard Games,13301,12317,984,Very Positive,"['Indie', 'Simulation', 'Early Access']",Indie,Simulation,Early Access,2023.0,,92.60205999548906,7.397940004510939
1120,Injustice™ 2,2017-11-30,49.99,0.0,NetherRealm Studios,WB Games,24448,21088,3360,Very Positive,['Action'],Action,,,2017.0,,86.2565445026178,13.743455497382199
1121,Hi-Fi RUSH,2023-01-25,29.99,0.0,Tango Gameworks,"KRAFTON, Inc.",35798,34715,1083,Very Positive,['Action'],Action,,,2023.0,,96.97469132353763,3.0253086764623722
1122,Space Engineers: Prosperity Pack,2026-07-27,4.99,0.0,Keen Software House,Keen Software House,17,13,4,Mostly Positive,"['Action', 'Indie', 'Simulation', 'Strategy']",Action,Indie,Simulation,2026.0,,76.47058823529412,23.52941176470588
1123,Forza Horizon 6 VIP Membership,2026-05-18,19.99,0.0,Playground Games,Playground Games,90,70,20,Mostly Positive,"['Racing', 'Simulation', 'Sports']",Racing,Simulation,Sports,2026.0,,77.77777777777779,22.22222222222222
1124,Plague Inc: Aliens & Anti-Vaxxers,2026-04-07,5.99,0.0,Ndemic Creations,Ndemic Creations,310,260,50,Very Positive,"['Casual', 'Indie', 'Simulation', 'Strategy']",Casual,Indie,Simulation,2026.0,,83.87096774193549,16.129032258064516
1125,CUSTOM ORDER MAID 3D2 It's a Night Magic,2019-07-30,40.0,31.6,KISS,S-court,1544,1278,266,Very Positive,"['Adventure', 'Indie', 'Simulation']",Adventure,Indie,Simulation,2019.0,21.0,82.7720207253886,17.2279792746114
1126,LEGO® Marvel Super Heroes 2,2017-11-14,19.99,3.99,TT Games,Warner Bros. Interactive,10129,8670,1459,Very Positive,['Action'],Action,,,2017.0,80.0,85.59581399940764,14.40418600059236
1127,Ready or Not: Dark Waters,2024-12-10,9.99,0.0,VOID Interactive,VOID Interactive,1671,1022,649,Mostly Positive,"['Action', 'Adventure', 'Indie']",Action,Adventure,Indie,2024.0,,61.16098144823459,38.839018551765406
1128,Across the Obelisk,2021-04-08,19.99,0.0,Dreamsite Games,Paradox Interactive,13035,10490,2545,Mixed,"['Adventure', 'Indie', 'RPG', 'Strategy']",Adventure,Indie,RPG,2021.0,,80.47564250095895,19.52435749904104
1129,TBH: Task Bar Hero,2026-05-27,0.0,0.0,Nugem Studio,Nugem Studio,43464,23154,20310,Mixed,"['Casual', 'Indie', 'RPG', 'Free To Play']",Casual,Indie,RPG,2026.0,,53.27167310877968,46.72832689122032
1130,Hydroneer,2020-05-08,14.99,0.0,Foulball Hangover,Foulball Hangover,28329,24274,4055,Mostly Positive,"['Adventure', 'Casual', 'Indie', 'Simulation']",Adventure,Casual,Indie,2020.0,,85.68604610116842,14.313953898831585
1131,LEGO® MARVEL's Avengers,2016-01-26,19.99,3.99,Traveller's Tales,Warner Bros. Interactive Entertainment,8901,7854,1047,Very Positive,"['Action', 'Adventure']",Action,Adventure,,2016.0,80.0,88.23727671048196,11.762723289518032
1132,Easy Red 2: Blood on the Danube,2026-07-15,7.99,0.0,Marco Amadei,Corvostudio di Amadei Marco,302,259,43,Very Positive,"['Action', 'Indie', 'Simulation', 'Strategy']",Action,Indie,Simulation,2026.0,,85.76158940397352,14.23841059602649
1133,Cheap Car Repair,2026-05-28,0.0,0.0,Little Dog Games,Simplicity Games,3268,3012,256,Very Positive,"['Adventure', 'Indie', 'Simulation', 'Strategy']",Adventure,Indie,Simulation,2026.0,,92.16646266829865,7.833537331701345
1134,Total War: ATTILA,2015-02-17,44.99,0.0,CREATIVE ASSEMBLY,SEGA,37593,30983,6610,Very Positive,['Strategy'],Strategy,,,2015.0,,82.41693932381028,17.583060676189717
1135,Graveyard Keeper,2018-08-15,19.99,0.0,Lazy Bear Games,tinyBuild,54714,46720,7994,Very Positive,"['Adventure', 'Indie', 'RPG', 'Simulation']",Adventure,Indie,RPG,2018.0,,85.38947984062581,14.610520159374198
1136,EA SPORTS™ Madden NFL 26,2025-08-14,0.0,0.0,Tiburon,Electronic Arts,5792,3059,2733,Mixed,"['Simulation', 'Sports']",Simulation,Sports,,2025.0,,52.81422651933701,47.18577348066299
1137,SWORN,2025-09-23,30.99,10.53,Windwalk Games,Team17,4905,3934,971,Very Positive,"['Action', 'Indie', 'RPG']",Action,Indie,RPG,2025.0,66.0,80.20387359836901,19.79612640163099
1138,Ludus Magnatus: Gladiator Manager Simulator,2026-07-21,24.99,22.49,Contec Games,Contec Games,457,372,85,Very Positive,"['Action', 'Indie', 'Simulation', 'Sports']",Action,Indie,Simulation,2026.0,10.0,81.4004376367615,18.599562363238512
1139,Icarus: Styx Expansion,2022-05-27,19.99,0.0,RocketWerkz,RocketWerkz,208,157,51,Mostly Positive,"['Action', 'Adventure', 'Simulation']",Action,Adventure,Simulation,2022.0,,75.48076923076923,24.519230769230766
1140,Into the Dead: Our Darkest Days,2025-04-09,24.99,0.0,PikPok,Boltray Games (China),9372,8359,1013,Very Positive,"['Action', 'Simulation', 'Strategy', 'Early Access']",Action,Simulation,Strategy,2025.0,,89.19120785317969,10.808792146820316
1141,Dead Space™ 3,2013-02-05,0.0,0.0,Visceral Games,Electronic Arts,14813,10744,4069,Mixed,['Action'],Action,,,2013.0,,72.5308850334166,27.46911496658341
1142,Black Jacket,2026-05-12,14.99,11.24,Mi'pu'mi Games GmbH,Skystone Games,1410,1282,128,Very Positive,"['Adventure', 'Casual', 'Indie', 'Strategy']",Adventure,Casual,Indie,2026.0,25.0,90.92198581560284,9.078014184397164
1143,I Know a Guy: Shady Life Simulator,2026-04-01,12.99,0.0, Bunch'o'Nerds, Bunch'o'Nerds,413,373,40,Very Positive,"['Simulation', 'Early Access']",Simulation,Early Access,,2026.0,,90.31476997578693,9.685230024213075
1144,Starsand Island,2026-02-11,0.0,0.0,Seed Sparkle Lab,Seed Sparkle Lab,6124,5016,1108,Very Positive,"['Casual', 'Indie', 'RPG', 'Simulation']",Casual,Indie,RPG,2026.0,,81.90725016329196,18.092749836708034
1145,Dragon Traveler,2026-02-10,0.0,0.0,HongKong GameTree LIMITED,HongKong GameTree LIMITED,509,333,176,Mixed,"['Massively Multiplayer', 'RPG', 'Strategy', 'Free To Play']",Massively Multiplayer,RPG,Strategy,2026.0,,65.42239685658153,34.577603143418465
1146,Watch Dogs®: Legion,2023-01-26,59.99,8.99,Ubisoft Toronto,Ubisoft,12378,6979,5399,Mixed,"['Action', 'Adventure']",Action,Adventure,,2023.0,85.0,56.38229116173857,43.61770883826143
1147,The Ascent,2021-07-29,29.99,7.49,Neon Giant,"KRAFTON, Inc.",24459,18056,6403,Very Positive,"['Action', 'Adventure', 'Indie', 'RPG']",Action,Adventure,Indie,2021.0,75.0,73.8214971993949,26.178502800605095
1148,Surviving Mars: Relaunched,2025-11-10,39.99,0.0,Haemimont Games,Paradox Interactive,2108,1141,967,Mixed,"['Simulation', 'Strategy']",Simulation,Strategy,,2025.0,,54.12713472485768,45.87286527514232
1149,Storage Hunter Simulator,2025-11-27,0.0,0.0,Raccoons Studio,astragon Entertainment,4129,3224,905,Very Positive,"['Casual', 'Indie', 'Simulation']",Casual,Indie,Simulation,2025.0,,78.08186001453137,21.91813998546864
1150,Railroader,2023-12-07,29.99,0.0,Giraffe Lab LLC,Giraffe Lab LLC,3505,3391,114,Very Positive,"['Simulation', 'Strategy', 'Early Access']",Simulation,Strategy,Early Access,2023.0,,96.7475035663338,3.252496433666191
1151,Your Only Move Is HUSTLE,2023-02-02,4.99,0.0,Ivy Sly,Ivy Sly,44285,42731,1554,Overwhelmingly Positive,"['Action', 'Indie', 'Simulation', 'Strategy']",Action,Indie,Simulation,2023.0,,96.49091114372811,3.5090888562718754
1152,CONTROL Resonant,2026-09-24,59.99,0.0,Remedy Entertainment,Remedy Entertainment,0,0,0,"['Action', 'Adventure', 'RPG']","['None', 'None', 'None', 'None']",None,None,None,2026.0,,,
1153,Ready or Not: Home Invasion,2024-07-23,9.99,0.0,VOID Interactive,VOID Interactive,3185,1720,1465,Mixed,"['Action', 'Adventure', 'Indie']",Action,Adventure,Indie,2024.0,,54.00313971742543,45.99686028257457
1154,John Carpenter's Toxic Commando,2026-03-12,39.99,0.0,Saber Interactive,Focus Entertainment,7095,5258,1837,Mixed,"['Action', 'Adventure']",Action,Adventure,,2026.0,,74.10852713178294,25.891472868217054
1155,Hotline Miami 2: Wrong Number,2015-03-10,14.99,3.74,Dennaton Games,Devolver Digital,79573,74892,4681,Very Positive,"['Action', 'Indie']",Action,Indie,,2015.0,75.0,94.11735136289947,5.882648637100524
1156,The Escapists 2,2017-08-21,19.99,4.99,Team17,Team17,33655,30487,3168,Overwhelmingly Positive,"['Indie', 'Simulation', 'Strategy']",Indie,Simulation,Strategy,2017.0,75.0,90.58683702273065,9.41316297726935
1157,"Warhammer 40,000: Space Marine 2 - Iron Hands Chapter Pack",2026-05-21,9.99,0.0,Saber Interactive,Focus Entertainment,123,109,14,Mostly Positive,"['Action', 'Adventure', 'RPG']",Action,Adventure,RPG,2026.0,,88.6178861788618,11.38211382113821
1158,METAL GEAR RISING: REVENGEANCE,2014-01-09,29.99,0.0,PlatinumGames,KONAMI,88646,85125,3521,Overwhelmingly Positive,['Action'],Action,,,2014.0,,96.02802156893712,3.9719784310628796
1159,Yunyun Syndrome!? Rhythm Psychosis,2026-04-23,16.99,0.0,Alliance Arts,Alliance Arts,4114,3753,361,Very Positive,"['Adventure', 'Indie', 'Simulation']",Adventure,Indie,Simulation,2026.0,,91.22508507535245,8.774914924647545
1160,Expansion - Hearts of Iron IV: Götterdämmerung,2024-11-14,24.99,0.0,Paradox Development Studio,Paradox Interactive,1940,1401,539,Very Positive,"['Simulation', 'Strategy']",Simulation,Strategy,,2024.0,,72.21649484536083,27.783505154639176
1161,Need for Speed™ Hot Pursuit Remastered,2020-11-06,0.0,0.0,Stellar Entertainment Limited,Electronic Arts,14345,11624,2721,Very Positive,"['Action', 'Racing']",Action,Racing,,2020.0,,81.0317183687696,18.968281631230393
1162,Car Dealer Simulator - Up 2 You DLC,2026-06-04,17.99,0.0,Garage Monkeys,Garage Monkeys,199,127,72,Mostly Positive,"['Casual', 'Indie', 'Simulation']",Casual,Indie,Simulation,2026.0,,63.81909547738693,36.18090452261307
1163,Fast Food Simulator,2024-12-10,14.99,0.0,No Ceiling Games,No Ceiling Games,9626,8476,1150,Mixed,"['Indie', 'Simulation', 'Early Access']",Indie,Simulation,Early Access,2024.0,,88.05318927903595,11.946810720964056
1164,Osta,2026-07-29,13.99,0.0,Cup,Cup,226,191,35,Very Positive,"['Casual', 'Indie', 'Simulation']",Casual,Indie,Simulation,2026.0,,84.51327433628319,15.486725663716813
1165,FINAL FANTASY VI,2022-02-23,17.99,0.0,Square Enix,Square Enix,4906,4516,390,Very Positive,['RPG'],RPG,,,2022.0,,92.05055034651447,7.949449653485528
1166,Magical Princess,2026-04-27,14.99,11.99,Neotro Inc.,MAGI Inc.,7751,7500,251,Overwhelmingly Positive,"['Adventure', 'Indie', 'RPG', 'Simulation']",Adventure,Indie,RPG,2026.0,20.0,96.76170816668817,3.238291833311831
1167,Resident Evil Revelations,2013-05-20,19.99,0.0,Capcom,Capcom,18294,14869,3425,Very Positive,"['Action', 'Adventure']",Action,Adventure,,2013.0,,81.27801464961189,18.721985350388106
1168,Dead by Daylight - Resident Evil: PROJECT W Chapter,2022-08-30,11.99,0.0,Behaviour Interactive Inc.,Behaviour Interactive Inc.,1987,1528,459,Very Positive,['Action'],Action,,,2022.0,,76.89984901862104,23.100150981378963
1169,Dyson Sphere Program,2021-01-20,19.99,0.0,Youthcat Studio,Gamirror Games,91381,89058,2323,Very Positive,"['Indie', 'Simulation', 'Strategy', 'Early Access']",Indie,Simulation,Strategy,2021.0,,97.45789606154453,2.5421039384554778
1170,"Warhammer 40,000: Space Marine 2 - Salamanders Champion Pack 2",2026-07-28,7.99,0.0,Saber Interactive,Focus Entertainment,66,53,13,Mostly Positive,"['Action', 'Adventure', 'RPG']",Action,Adventure,RPG,2026.0,,80.3030303030303,19.696969696969695
1171,Assetto Corsa EVO,2025-01-16,39.99,0.0,KUNOS Simulazioni,505 Games,20901,12365,8536,Mixed,"['Racing', 'Simulation', 'Sports', 'Early Access']",Racing,Simulation,Sports,2025.0,,59.15984881106168,40.84015118893833
1172,Stellaris: Shadows of the Shroud,2025-09-22,19.99,0.0,Paradox Development Studio,Paradox Interactive,385,166,219,Mixed,"['Simulation', 'Strategy']",Simulation,Strategy,,2025.0,,43.116883116883116,56.88311688311688
1173,Dark Hours,2025-10-23,9.99,0.0,Piece of Cake studios,Piece of Cake studios,4109,3373,736,Mixed,"['Action', 'Adventure']",Action,Adventure,,2025.0,,82.08809929423218,17.911900705767827
1174,American Truck Simulator - Texas,2022-11-15,17.99,0.0,SCS Software,SCS Software,745,654,91,Very Positive,"['Indie', 'Simulation']",Indie,Simulation,,2022.0,,87.78523489932886,12.21476510067114
1175,Crashout Crew,2026-05-28,7.99,0.0,Aggro Crab,Aggro Crab,1115,1044,71,Very Positive,"['Casual', 'Indie']",Casual,Indie,,2026.0,,93.63228699551568,6.367713004484305
1176,BIGFOOT,2017-01-31,19.99,0.0,CyberLight Game Studio,CyberLight Game Studio,22275,18289,3986,Very Positive,"['Action', 'Adventure', 'Indie', 'Early Access']",Action,Adventure,Indie,2017.0,,82.10549943883278,17.894500561167227
1177,Crosshair X,2020-06-01,9.99,0.0,CenterPoint Gaming,CenterPoint Gaming,44556,41599,2957,Very Positive,"['Action', 'Adventure', 'Indie', 'Software Training']",Action,Adventure,Indie,2020.0,,93.36340784630576,6.636592153694227
1178,Solar Expanse - Space Exploration Manager,2026-04-09,0.0,0.0,SpaceOps,Games Operators,1249,1098,151,Very Positive,"['Indie', 'Simulation', 'Strategy', 'Early Access']",Indie,Simulation,Strategy,2026.0,,87.9103282626101,12.089671737389912
1179,Halo Wars: Definitive Edition,2017-04-20,19.99,0.0,Ensemble Studios,Xbox Game Studios,9460,8649,811,Very Positive,['Strategy'],Strategy,,,2017.0,,91.42706131078225,8.572938689217759
1180,South of Midnight,2025-04-08,39.99,0.0,Compulsion Games,Xbox Game Studios,4675,4405,270,Very Positive,"['Action', 'Adventure']",Action,Adventure,,2025.0,,94.22459893048128,5.775401069518717
1181,BlazBlue Entropy Effect,2024-02-14,19.99,11.99,91Act,91Act,35740,33688,2052,Very Positive,"['Action', 'Adventure', 'Indie']",Action,Adventure,Indie,2024.0,40.0,94.25853385562395,5.741466144376049
1182,Call of the Wild: The Angler™,2022-08-31,29.99,8.99,Expansive Worlds,Avalanche Studios,7573,4833,2740,Very Positive,"['Adventure', 'Casual', 'Simulation', 'Sports']",Adventure,Casual,Simulation,2022.0,70.0,63.81883005413971,36.18116994586029
1183,BRAVELY DEFAULT FLYING FAIRY HD Remaster,2026-03-12,39.99,0.0,Square Enix,Square Enix,846,779,67,Very Positive,['RPG'],RPG,,,2026.0,,92.08037825059102,7.919621749408984
1184,DRAGON QUEST VII Reimagined,2026-02-05,0.0,0.0,Square Enix,Square Enix,2827,2523,304,Very Positive,"['Adventure', 'RPG']",Adventure,RPG,,2026.0,,89.2465511142554,10.753448885744605
1185,9 Kings,2025-05-23,19.99,0.0,Sad Socket,Hooded Horse,22787,21086,1701,Very Positive,"['RPG', 'Strategy', 'Early Access']",RPG,Strategy,Early Access,2025.0,,92.53521744854523,7.4647825514547765
1186,FINAL FANTASY XII THE ZODIAC AGE,2018-02-01,49.99,0.0,Square Enix,Square Enix,10121,9000,1121,Very Positive,['RPG'],RPG,,,2018.0,,88.92401936567533,11.07598063432467
1187,Dreamcore,2025-01-23,0.0,0.0,Montraluz,Tlön Industries,1895,1691,204,Very Positive,"['Adventure', 'Indie']",Adventure,Indie,,2025.0,,89.23482849604221,10.765171503957784
1188,Tales of the Shire: A The Lord of The Rings™ Game,2025-07-29,34.99,20.99,Wētā Workshop,Fictions,3749,3067,682,Mostly Positive,"['Casual', 'Indie', 'RPG', 'Simulation']",Casual,Indie,RPG,2025.0,40.0,81.80848226193652,18.191517738063485
1189,Village in the Shade,2026-07-29,49.99,0.0,"Nippon Ichi Software, Inc.","NIS America, Inc.",179,154,25,Very Positive,"['Adventure', 'Simulation']",Adventure,Simulation,,2026.0,,86.03351955307262,13.966480446927374
1190,SiNiSistar 2,2026-05-15,14.99,0.0,Uu,Eroge Japan,3176,2888,288,Very Positive,"['Action', 'Adventure', 'Indie', 'RPG']",Action,Adventure,Indie,2026.0,,90.93198992443325,9.06801007556675
1191,Contraband Police,2023-03-08,0.0,0.0,Crazy Rocks,PlayWay S.A.,25389,24126,1263,Overwhelmingly Positive,"['Action', 'Adventure', 'Simulation']",Action,Adventure,Simulation,2023.0,,95.02540470282406,4.974595297175942
1192,Theater Pack - Hearts of Iron IV: Thunder at our Gates,2026-06-11,19.99,0.0,Paradox Development Studio,Paradox Interactive,703,220,483,Very Negative,"['Simulation', 'Strategy']",Simulation,Strategy,,2026.0,,31.29445234708393,68.70554765291608
1193,MechWarrior 5: Mercenaries - Shadow of Kerensky,2025-09-03,19.99,11.99,Piranha Games Inc.,Piranha Games Inc.,420,343,77,Very Positive,"['Action', 'Simulation']",Action,Simulation,,2025.0,40.0,81.66666666666667,18.333333333333332
1194,Borderlands®4 - Story Pack 1: Mad Ellie and the Vault of the Damned,2026-03-26,29.99,0.0,Gearbox,2K,817,232,585,Mostly Negative,"['Action', 'Adventure', 'RPG']",Action,Adventure,RPG,2026.0,,28.396572827417383,71.60342717258263
1195,Trail & Error,2026-06-16,7.99,0.0,Oberha5li Studios,Oberha5li Studios,122,83,39,Mixed,"['Action', 'Adventure', 'Indie', 'Early Access']",Action,Adventure,Indie,2026.0,,68.0327868852459,31.967213114754102
1196,Rain World: Downpour,2023-01-19,14.99,0.0,Videocult,Akupara Games,2668,2512,156,Very Positive,"['Action', 'Adventure', 'Indie', 'Simulation']",Action,Adventure,Indie,2023.0,,94.15292353823088,5.847076461769116
1197,Russian Fishing 4,2021-11-10,0.0,0.0,FishSoft LLC,FishSoft LLC,88959,53498,35461,Very Positive,"['Adventure', 'Casual', 'Massively Multiplayer', 'RPG']",Adventure,Casual,Massively Multiplayer,2021.0,,60.13781629739543,39.86218370260457
1198,Cities: Skylines II - Bridges & Ports,2025-10-29,19.99,0.0,Colossal Order,Paradox Interactive,579,312,267,Mixed,['Simulation'],Simulation,,,2025.0,,53.8860103626943,46.1139896373057
1199,MechWarrior 5: Clans,2024-10-16,29.99,0.0,Piranha Games Inc.,Piranha Games Inc.,5829,4329,1500,Mixed,"['Action', 'Simulation']",Action,Simulation,,2024.0,,74.26659804426146,25.73340195573855
1200,The Henry Stickmin Collection,2020-08-07,14.99,0.0,PuffballsUnited,Innersloth,58997,58226,771,Overwhelmingly Positive,"['Adventure', 'Casual', 'Indie']",Adventure,Casual,Indie,2020.0,,98.6931538891808,1.3068461108191942
1201,Resident Evil 4 (2005),2014-02-27,19.99,0.0,Capcom,Capcom,97429,91722,5707,Overwhelmingly Positive,"['Action', 'Adventure']",Action,Adventure,,2014.0,,94.14240113313285,5.857598866867154
1202,Project: Gorgon,2026-01-28,0.0,0.0,"Elder Game, LLC","Elder Game, LLC",5031,4135,896,Mixed,"['Indie', 'Massively Multiplayer', 'RPG']",Indie,Massively Multiplayer,RPG,2026.0,,82.19041939972172,17.809580600278274
1203,Creature Kitchen,2026-02-06,0.0,0.0,The Rat Zone,The Rat Zone,9009,8975,34,Overwhelmingly Positive,"['Casual', 'Indie', 'Simulation']",Casual,Indie,Simulation,2026.0,,99.62259962259962,0.3774003774003774
1204,STARSEEKER: Astroneer Expeditions,2026-06-11,29.99,0.0,System Era Softworks,Devolver Digital,853,500,353,Mixed,"['Action', 'Adventure', 'Early Access']",Action,Adventure,Early Access,2026.0,,58.61664712778429,41.38335287221571
1205,Stellaris: The Machine Age,2024-05-07,24.99,0.0,Paradox Development Studio,Paradox Interactive,954,723,231,Mostly Positive,"['Simulation', 'Strategy']",Simulation,Strategy,,2024.0,,75.78616352201259,24.21383647798742
1206,Resident Evil Revelations 2,2015-02-24,5.99,0.0,"CAPCOM Co., Ltd.","CAPCOM Co., Ltd.",31950,25009,6941,Mostly Positive,"['Action', 'Adventure']",Action,Adventure,,2015.0,,78.2754303599374,21.724569640062597
1207,Total War: SHOGUN 2,,0.0,0.0,The Creative Assembly,SEGA,68100,62424,5676,Very Positive,['None'],None,,,,,91.66519823788546,8.334801762114537
1208,Marvel's Midnight Suns,2022-12-01,59.99,0.0,Firaxis Games,2K,24134,19695,4439,Mostly Positive,"['RPG', 'Strategy']",RPG,Strategy,,2022.0,,81.60686168890362,18.39313831109638
1209,Kerbal Space Program: Making History Expansion,2018-03-13,14.99,4.49,Squad,Private Division,765,521,244,Mixed,"['Indie', 'Simulation']",Indie,Simulation,,2018.0,70.0,68.10457516339869,31.895424836601304
1210,The Sims™ 4 High School Years Expansion Pack,2022-07-28,39.99,19.99,Maxis,Electronic Arts,341,153,188,Mixed,"['Casual', 'Simulation']",Casual,Simulation,,2022.0,50.0,44.868035190615835,55.13196480938416
1211,Lucid Blocks,2026-03-12,9.99,0.0,Lucy B. Locks,Lucy B. Locks,4605,4312,293,Very Positive,"['Action', 'Adventure', 'Indie', 'RPG']",Action,Adventure,Indie,2026.0,,93.63735070575461,6.362649294245386
1212,Forts,2017-04-19,14.99,8.99,EarthWork Games,EarthWork Games,25176,23140,2036,Very Positive,"['Action', 'Indie', 'Strategy']",Action,Indie,Strategy,2017.0,40.0,91.91293295201778,8.087067047982204
1213,Chef Knight,2026-06-01,5.99,0.0,Clover Bite,Clover Bite,2031,1928,103,Very Positive,"['Action', 'Casual', 'Indie', 'Simulation']",Action,Casual,Indie,2026.0,,94.92860659773511,5.071393402264894
1214,Teenage Mutant Ninja Turtles: Shredder's Revenge,2022-06-16,24.99,0.0,Tribute Games Inc.,Dotemu,14759,13931,828,Very Positive,"['Action', 'Adventure', 'Casual', 'Indie']",Action,Adventure,Casual,2022.0,,94.38986381191138,5.6101361880886245
1215,Travellers Rest,2020-07-28,17.99,0.0,Isolated Games,Isolated Games,17860,15715,2145,Very Positive,"['Adventure', 'Casual', 'Indie', 'RPG']",Adventure,Casual,Indie,2020.0,,87.98992161254199,12.010078387458007
1216,Dead Cells: Return to Castlevania,2023-03-06,9.99,6.99,Motion Twin,Motion Twin,965,839,126,Very Positive,"['Action', 'Indie']",Action,Indie,,2023.0,30.0,86.94300518134716,13.05699481865285
1217,Infinity Kingdom,2021-07-01,0.0,0.0,YOUZU (SINGAPORE) PTE. LTD.,YOUZU (SINGAPORE) PTE. LTD.,1248,644,604,Mostly Negative,"['Adventure', 'Free To Play', 'Massively Multiplayer', 'Strategy']",Adventure,Free To Play,Massively Multiplayer,2021.0,,51.60256410256411,48.3974358974359
1218,The Crew Motorfest,2024-04-18,0.0,0.0,Ubisoft Ivory Tower,Ubisoft,24917,19625,5292,Very Positive,['Racing'],Racing,,,2024.0,,78.76148814062688,21.23851185937312
1219,Orb of Creation,2026-06-23,11.99,0.0,MarpleGames,MarpleGames,2157,1834,323,Mixed,"['Casual', 'Indie', 'Strategy']",Casual,Indie,Strategy,2026.0,,85.02549837737598,14.974501622624015
1220,Cell to Singularity - Evolution Never Ends,2021-11-03,0.0,0.0,Computer Lunch,Computer Lunch,27687,24765,2922,Very Positive,"['Casual', 'Simulation', 'Free To Play']",Casual,Simulation,Free To Play,2021.0,,89.44631054285405,10.553689457145952
1221,Like a Dragon: Infinite Wealth,2024-01-25,69.99,0.0,RGG Studio,SEGA,23688,21468,2220,Very Positive,"['Action', 'Adventure', 'RPG']",Action,Adventure,RPG,2024.0,,90.62816616008107,9.371833839918946
1222,DOOM + DOOM II,1995-04-30,9.99,3.99,id Software,Bethesda,28708,27740,968,Overwhelmingly Positive,['Action'],Action,,,1995.0,60.0,96.62811759788212,3.371882402117877
1223,"Ranch Simulator: Build, Hunt, Farm",2023-11-03,24.99,0.0,Toxic Dog,Excalibur Games,47595,37613,9982,Very Positive,['Simulation'],Simulation,,,2023.0,,79.02720874041391,20.972791259586092
1224,Strange Antiquities,2025-09-17,0.0,0.0,Bad Viking,Iceberg Interactive,3428,3271,157,Overwhelmingly Positive,"['Adventure', 'Casual', 'Indie', 'Simulation']",Adventure,Casual,Indie,2025.0,,95.42007001166861,4.579929988331389
1225,Suikoden I&II HD Remaster Gate Rune and Dunan Unification Wars,2025-03-06,49.99,0.0,KONAMI,KONAMI,2547,2416,131,Very Positive,['RPG'],RPG,,,2025.0,,94.85669414998037,5.143305850019631
1226,Dragon's Dogma 2: Dark Arisen Expansion,2026-10-08,29.99,0.0,"CAPCOM Co., Ltd.","CAPCOM Co., Ltd.",0,0,0,"['Action', 'RPG']","['None', 'None', 'None', 'None']",None,None,None,2026.0,,,
1227,3on3 FreeStyle: Rebound,2020-07-14,0.0,0.0,Joycity,Joycity,4402,2727,1675,Mixed,"['Action', 'Casual', 'Indie', 'RPG']",Action,Casual,Indie,2020.0,,61.94911403907315,38.05088596092685
1228,American Truck Simulator - Iowa,2025-07-10,11.99,0.0,SCS Software,SCS Software,258,225,33,Very Positive,"['Indie', 'Simulation']",Indie,Simulation,,2025.0,,87.20930232558139,12.790697674418606
1229,Call of Duty®: Ghosts,2014-03-25,39.99,0.0,Infinity Ward,Activision,31983,20949,11034,Very Positive,['Action'],Action,,,2014.0,,65.50042209924023,34.49957790075978
1230,DCS: F-14B(U) by Heatblur Simulations,2026-07-22,56.99,0.0,Heatblur Simulations,Eagle Dynamics SA,38,38,0,Positive,"['Simulation', 'Free To Play']",Simulation,Free To Play,,2026.0,,100.0,0.0
1231,Jurassic World Evolution 3: Deluxe Upgrade Pack,2025-10-21,16.99,0.0,Frontier Developments,Frontier Developments,72,60,12,Very Positive,"['Simulation', 'Strategy']",Simulation,Strategy,,2025.0,,83.33333333333334,16.666666666666664
1232,Apollo Justice: Ace Attorney Trilogy,2024-01-24,49.99,0.0,"CAPCOM Co., Ltd.","CAPCOM Co., Ltd.",4371,3853,518,Mostly Positive,['Adventure'],Adventure,,,2024.0,,88.14916495081218,11.850835049187829
1233,UNO,2016-12-08,9.99,0.0,Ubisoft Entertainment,Ubisoft Entertainment,54160,38055,16105,Mixed,['Casual'],Casual,,,2016.0,,70.26403249630724,29.735967503692763
1234,Moldwasher,2026-06-23,8.99,0.0,Rubel Games,Anshar Publishing,781,716,65,Very Positive,"['Casual', 'Indie', 'Simulation']",Casual,Indie,Simulation,2026.0,,91.67733674775928,8.322663252240718
1235,Cinderia,2026-03-30,17.99,0.0,MyACG Studio,MyACG Studio,4514,3959,555,Very Positive,"['Action', 'Adventure', 'Indie', 'RPG']",Action,Adventure,Indie,2026.0,,87.70491803278688,12.295081967213115
1236,Cursemark,2026-06-08,0.0,0.0,CLYDE games,Mad Mushroom,571,494,77,Very Positive,"['Action', 'Adventure', 'Indie', 'RPG']",Action,Adventure,Indie,2026.0,,86.51488616462348,13.485113835376533
1237,ROUNDS,2021-04-01,5.99,0.0,Landfall,Landfall,44057,41963,2094,Overwhelmingly Positive,"['Action', 'Indie']",Action,Indie,,2021.0,,95.24706630047439,4.752933699525615
1238,Wo Long: Fallen Dynasty,2023-03-03,0.0,0.0,"KOEI TECMO GAMES CO., LTD.","KOEI TECMO GAMES CO., LTD.",29190,14553,14637,Mixed,"['Action', 'Adventure', 'RPG']",Action,Adventure,RPG,2023.0,,49.856115107913666,50.143884892086334
1239,Chants of Sennaar,2023-09-05,0.0,0.0,Rundisc,Focus Entertainment,33468,32879,589,Overwhelmingly Positive,"['Adventure', 'Indie']",Adventure,Indie,,2023.0,,98.24010995577865,1.7598900442213457
1240,Hotel Architect,2026-05-14,0.0,0.0,Pathos Interactive,Wired Productions,2159,2022,137,Very Positive,"['Casual', 'Indie', 'Simulation', 'Strategy']",Casual,Indie,Simulation,2026.0,,93.6544696618805,6.3455303381195
1241,Vampires: Bloodlord Rising,2026-01-30,19.99,13.99,Mehuman Games,Toplitz Productions,1779,1274,505,Mixed,"['Action', 'Adventure', 'RPG', 'Simulation']",Action,Adventure,RPG,2026.0,30.0,71.6132658797077,28.3867341202923
1242,Diplomacy is Not an Option,2024-10-04,29.99,0.0,Door 407,Door 407,12441,10656,1785,Very Positive,"['Action', 'Adventure', 'Casual', 'Indie']",Action,Adventure,Casual,2024.0,,85.65227875572702,14.347721244272968
1243,ZEPHON,2024-11-08,39.99,0.0,Proxy Studios,Proxy Studios,1874,1562,312,Mostly Positive,"['RPG', 'Strategy']",RPG,Strategy,,2024.0,,83.35112059765208,16.64887940234792
1244,Resident Evil 3 Nemesis (1999),2026-04-01,9.99,0.0,"CAPCOM Co., Ltd.","CAPCOM Co., Ltd.",2356,2101,255,Very Positive,"['Action', 'Adventure']",Action,Adventure,,2026.0,,89.17657045840407,10.823429541595925
1245,Backrooms Lost Runners,2026-06-17,13.99,0.0,ShimStudioGames,ShimStudioGames,638,500,138,Very Positive,"['Action', 'Adventure', 'Indie', 'Early Access']",Action,Adventure,Indie,2026.0,,78.36990595611285,21.630094043887148
1246,Rock Bottom,2026-07-14,7.99,0.0,Logan Games,Logan Games,1235,1161,74,Very Positive,"['Action', 'Adventure', 'Casual', 'Simulation']",Action,Adventure,Casual,2026.0,,94.0080971659919,5.991902834008097
1247,Hatsune Miku: Project DIVA Mega Mix+,2022-05-26,39.39,0.0,SEGA,SEGA,23397,22168,1229,Overwhelmingly Positive,['Action'],Action,,,2022.0,,94.74718981065948,5.252810189340513
1248,Until Then,2024-06-25,0.0,0.0,Polychroma Games,Maximum Entertainment,18531,17925,606,Overwhelmingly Positive,"['Adventure', 'Casual', 'Indie']",Adventure,Casual,Indie,2024.0,,96.72980411202849,3.2701958879715076
1249,Six Days in Fallujah,2023-06-22,39.99,0.0,Highwire Games,Victura,16326,12999,3327,Mixed,"['Action', 'Early Access']",Action,Early Access,,2023.0,,79.62146269753767,20.37853730246233
1250,Assassin's Creed Black Flag Resynced - Sea Serpent Character Pack,2026-07-09,9.99,0.0,Ubisoft,Ubisoft,20,16,4,Positive,"['Action', 'Adventure']",Action,Adventure,,2026.0,,80.0,20.0
1251,Prince of Persia The Lost Crown,2024-08-08,29.99,14.99,Ubisoft Montpellier,Ubisoft,6879,5800,1079,Very Positive,"['Action', 'Adventure']",Action,Adventure,,2024.0,50.0,84.31458060764646,15.68541939235354
1252,Firewatch,2016-02-09,19.99,0.0,Campo Santo,Panic,99020,89677,9343,Very Positive,"['Adventure', 'Indie']",Adventure,Indie,,2016.0,,90.5645324176934,9.435467582306604
1253,Untitled Goose Game,2020-09-23,19.99,0.0,House House,Panic,24797,23771,1026,Overwhelmingly Positive,"['Action', 'Indie']",Action,Indie,,2020.0,,95.86240271000524,4.1375972899947575
1254,The Sims™ Legacy Collection,2025-01-31,0.0,0.0,MAXIS,Electronic Arts,2408,1740,668,Very Positive,"['Casual', 'Simulation']",Casual,Simulation,,2025.0,,72.25913621262458,27.740863787375414
1255,Ale & Tale Tavern,2024-09-05,0.0,0.0,Scienart Games,GrabTheGames,10256,9150,1106,Very Positive,"['Action', 'Adventure', 'Casual', 'Indie']",Action,Adventure,Casual,2024.0,,89.21606864274571,10.783931357254291
1256,Ugoku Sushi Bar,2026-07-29,17.98,9.52,Rogue Duck Interactive,Rogue Duck Interactive,172,151,21,Very Positive,"['Casual', 'Indie', 'Simulation', 'Strategy']",Casual,Indie,Simulation,2026.0,47.0,87.79069767441861,12.209302325581394
1257,Outlast,2013-09-04,14.99,0.0,Red Barrels,Red Barrels,137977,133065,4912,Overwhelmingly Positive,"['Action', 'Adventure', 'Indie']",Action,Adventure,Indie,2013.0,,96.43998637454068,3.5600136254593155
1258,WITCH ON THE HOLY NIGHT,2023-12-14,39.99,19.99,TYPE-MOON,Aniplex Inc.,8218,8077,141,Overwhelmingly Positive,['Adventure'],Adventure,,,2023.0,50.0,98.28425407641762,1.7157459235823802
1259,Total War: WARHAMMER III - Bhashiva – Character Pack,2026-05-21,4.99,0.0,CREATIVE ASSEMBLY,SEGA,1183,636,547,Mixed,"['Action', 'Strategy']",Action,Strategy,,2026.0,,53.76162299239222,46.23837700760778
1260,Rabbit and Steel,2024-05-09,14.99,0.0,mino_dev,mino_dev,11449,11112,337,Overwhelmingly Positive,"['Action', 'Adventure', 'Indie', 'RPG']",Action,Adventure,Indie,2024.0,,97.05651148571928,2.9434885142807232
1261,SimplePlanes 2,2026-04-23,19.99,0.0,"Jundroo, LLC","Jundroo, LLC",1232,1131,101,Very Positive,"['Indie', 'Racing', 'Simulation', 'Early Access']",Indie,Racing,Simulation,2026.0,,91.80194805194806,8.19805194805195
1262,MELTY BLOOD: TYPE LUMINA,2021-09-29,49.99,14.99,FRENCH-BREAD,Lasengle Inc.,10522,9325,1197,Very Positive,['Action'],Action,,,2021.0,70.0,88.6238357726668,11.376164227333206
1263,Maneater,2021-05-25,39.99,5.99,Tripwire Interactive,Tripwire Interactive,26082,22775,3307,Very Positive,"['Action', 'Adventure', 'Indie', 'RPG']",Action,Adventure,Indie,2021.0,85.0,87.32075761061269,12.679242389387316
1264,SWAPMEAT,2026-06-17,16.49,9.89,One More Game,One More Game,351,308,43,Very Positive,"['Action', 'Adventure', 'Indie']",Action,Adventure,Indie,2026.0,40.0,87.74928774928775,12.250712250712251
1265,LEGO® DC Super-Villains,2018-10-16,99.99,12.99,TT Games,Warner Bros. Interactive Entertainment,8148,7432,716,Very Positive,"['Action', 'Adventure']",Action,Adventure,,2018.0,87.0,91.2125675012273,8.787432498772704
1266,Rune Dice,2026-05-19,0.0,0.0,Smart Raven Studio,Kwalee,1220,966,254,Very Positive,"['Indie', 'RPG', 'Strategy']",Indie,RPG,Strategy,2026.0,,79.18032786885246,20.81967213114754
1267,Dragon Age™ Inquisition,2014-11-18,0.0,0.0,BioWare,Electronic Arts,21283,16123,5160,Mostly Positive,"['Action', 'Adventure', 'RPG', 'Strategy']",Action,Adventure,RPG,2014.0,,75.75529765540571,24.244702344594277
1268,Door Kickers 2: Task Force North,2025-02-10,24.99,0.0,KillHouse Games,KillHouse Games,13465,12933,532,Overwhelmingly Positive,"['Action', 'Indie', 'Simulation', 'Strategy']",Action,Indie,Simulation,2025.0,,96.04901596732269,3.950984032677311
1269,Teamfight Manager 2,2026-05-25,19.99,0.0,Team Samoyed,Team Samoyed,2223,1335,888,Mixed,"['Casual', 'Indie', 'Simulation', 'Sports']",Casual,Indie,Simulation,2026.0,,60.05398110661269,39.94601889338731
1270,Heroes of Hammerwatch II - Celestial Ruins,2026-07-28,6.99,5.59,Crackshell,Team17,73,34,39,Mixed,"['Action', 'Indie', 'RPG']",Action,Indie,RPG,2026.0,20.0,46.57534246575342,53.42465753424658
1271,NO BACKUP,2026-05-09,9.99,0.0,Serundeox,Serundeox,960,652,308,Mixed,"['Action', 'Indie', 'Early Access']",Action,Indie,Early Access,2026.0,,67.91666666666667,32.083333333333336
1272,Echo Point Nova,2024-09-24,24.99,14.99,Greylock Studio,Greylock Studio,7895,7625,270,Overwhelmingly Positive,"['Action', 'Adventure', 'Indie']",Action,Adventure,Indie,2024.0,40.0,96.58011399620013,3.4198860037998733
1273,KINGDOM HEARTS III + Re Mind (DLC),2024-06-13,59.99,0.0,Square Enix,Square Enix,2737,2480,257,Very Positive,"['Action', 'Adventure', 'RPG']",Action,Adventure,RPG,2024.0,,90.61015710632078,9.38984289367921
1274,Poppy Playtime - Chapter 5,2026-02-18,19.99,0.0,Mob Entertainment,Mob Entertainment,8429,6706,1723,Very Positive,"['Action', 'Adventure', 'Indie']",Action,Adventure,Indie,2026.0,,79.55866650848262,20.44133349151738
1275,The Sims™ 4 Growing Together Expansion Pack,2023-03-16,39.99,19.99,Maxis,Electronic Arts,146,99,47,Mixed,"['Casual', 'Simulation']",Casual,Simulation,,2023.0,50.0,67.8082191780822,32.19178082191781
1276,Five Nights at Freddy's: Secret of the Mimic,2025-06-13,39.99,0.0,Steel Wool Studios,ScottGames,11311,9761,1550,Very Positive,['Indie'],Indie,,,2025.0,,86.29652550614446,13.703474493855538
1277,Plants vs. Zombies GOTY Edition,2009-05-05,0.0,0.0,"PopCap Games, Inc.","PopCap Games, Inc.",154688,151122,3566,Overwhelmingly Positive,['Strategy'],Strategy,,,2009.0,,97.69471452213487,2.305285477865122
1278,Dead Space™ 2,2011-01-21,0.0,0.0,Visceral Games,Electronic Arts,29523,27742,1781,Very Positive,"['Action', 'Adventure']",Action,Adventure,,2011.0,,93.96741523557904,6.032584764420959
1279,Guild Wars 2® End of Dragons® Expansion,2022-08-23,29.99,0.0,ArenaNet®,NCSOFT,135,93,42,Mixed,"['Adventure', 'Massively Multiplayer', 'RPG', 'Free To Play']",Adventure,Massively Multiplayer,RPG,2022.0,,68.88888888888889,31.11111111111111
1280,Thronefall,2024-10-11,12.99,0.0,GrizzlyGames,Mythwright,23423,22528,895,Very Positive,"['Action', 'Indie', 'Strategy']",Action,Indie,Strategy,2024.0,,96.17896938906203,3.8210306109379673
1281,Tokyo Xtreme Racer,2025-09-24,49.99,0.0,"Genki Co., Ltd.","Genki Co., Ltd.",15591,14605,986,Very Positive,"['Racing', 'RPG']",Racing,RPG,,2025.0,,93.67583862484767,6.324161375152332
1282,American Truck Simulator - Missouri,2025-04-03,11.99,0.0,SCS Software,SCS Software,270,219,51,Very Positive,"['Indie', 'Simulation']",Indie,Simulation,,2025.0,,81.11111111111111,18.88888888888889
1283,DEVOUR,2021-01-28,9.99,0.0,Straight Back Games,Straight Back Games,87967,79608,8359,Very Positive,['Indie'],Indie,,,2021.0,,90.49757295349391,9.502427046506076
1284,CarX Drift Racing Online,2017-11-17,16.99,0.0,"CarX Technologies, LLC","CarX Technologies, LLC",89131,84770,4361,Very Positive,"['Action', 'Casual', 'Massively Multiplayer', 'Racing']",Action,Casual,Massively Multiplayer,2017.0,,95.10720175920837,4.8927982407916435
1285,The Scroll of Taiwu : Beyond The Dome,2018-09-21,29.99,0.0,ConchShip Games,ConchShip Games,69979,45806,24173,Mixed,"['Adventure', 'Casual', 'Indie', 'RPG']",Adventure,Casual,Indie,2018.0,,65.4567798911102,34.54322010888981
1286,Street Fighter™ 6 - Year 2 Character Pass,2024-06-07,29.99,0.0,"CAPCOM Co., Ltd.","CAPCOM Co., Ltd.",239,122,117,Mixed,"['Action', 'Adventure']",Action,Adventure,,2024.0,,51.04602510460251,48.95397489539749
1287,Forza Motorsport,2023-10-09,69.99,0.0,Turn 10,Xbox Game Studios,12670,6474,6196,Mixed,['Racing'],Racing,,,2023.0,,51.09707971586425,48.90292028413575
1288,Opus Magnum,2017-12-07,19.99,0.0,Zachtronics,Zachtronics,7141,6947,194,Overwhelmingly Positive,"['Indie', 'Simulation']",Indie,Simulation,,2017.0,,97.28329365635065,2.716706343649349
1289,Shards of Order,2026-07-28,9.99,0.0,Fardust,Awaken Realms,325,296,29,Very Positive,"['Adventure', 'Indie', 'RPG', 'Strategy']",Adventure,Indie,RPG,2026.0,,91.07692307692308,8.923076923076923
1290,Bomb Rush Cyberfunk,2023-08-18,39.99,15.99,Team Reptile,Team Reptile,15482,15155,327,Overwhelmingly Positive,"['Action', 'Adventure', 'Indie']",Action,Adventure,Indie,2023.0,60.0,97.8878697842656,2.112130215734401
1291,SOULCALIBUR VI,2018-10-18,89.99,14.39,BANDAI NAMCO Studios Inc.,BANDAI NAMCO Entertainment,14326,11842,2484,Very Positive,['Action'],Action,,,2018.0,84.0,82.66089627251152,17.339103727488485
1292,Fishing Planet: Valkyrie Saga Pack,2025-12-18,59.99,0.0,Fishing Planet LLC,Fishing Planet LLC,47,19,28,Mixed,"['Massively Multiplayer', 'Simulation', 'Sports', 'Free To Play']",Massively Multiplayer,Simulation,Sports,2025.0,,40.42553191489361,59.57446808510638
1293,Return of the Obra Dinn,2018-10-18,19.99,0.0,Lucas Pope,3909,34868,33715,1153,Overwhelmingly Positive,"['Adventure', 'Indie']",Adventure,Indie,,2018.0,,96.69324308821842,3.306756911781576
1294,ヘブンバーンズレッド,2022-08-10,0.0,0.0,WRIGHT FLYER STUDIOS,WRIGHT FLYER STUDIOS,6112,3697,2415,Mixed,"['Adventure', 'RPG', 'Free To Play']",Adventure,RPG,Free To Play,2022.0,,60.48756544502618,39.51243455497382
1295,Cozy Cleaner,2026-06-22,6.99,0.0,Payoff Games,Rogue Duck Interactive,908,828,80,Very Positive,"['Adventure', 'Casual', 'Simulation']",Adventure,Casual,Simulation,2026.0,,91.18942731277532,8.81057268722467
1296,Pizza Tower,2023-01-26,19.99,0.0,Tour De Pizza,Tour De Pizza,72313,71080,1233,Overwhelmingly Positive,"['Action', 'Indie']",Action,Indie,,2023.0,,98.29491239472847,1.705087605271528
1297,We Were Here Forever,2022-05-10,17.99,7.19,Total Mayhem Games,Total Mayhem Games,18648,16899,1749,Very Positive,"['Adventure', 'Casual', 'Indie']",Adventure,Casual,Indie,2022.0,60.0,90.62097812097812,9.37902187902188
1298,Total War: WARHAMMER III - Forge of the Chaos Dwarfs,2023-04-13,24.99,0.0,CREATIVE ASSEMBLY,SEGA,4463,2663,1800,Mostly Positive,"['Action', 'Strategy']",Action,Strategy,,2023.0,,59.66838449473448,40.33161550526552
1299,Dinkum,2025-04-22,0.0,0.0,James Bendon,"KRAFTON, Inc.",29029,26663,2366,Very Positive,"['Adventure', 'Casual', 'Indie', 'RPG']",Adventure,Casual,Indie,2025.0,,91.84952978056427,8.150470219435736
1300,The Sims™ 4 Island Living,2019-06-20,39.99,19.99,Maxis,Electronic Arts,175,116,59,Mixed,"['Casual', 'Simulation']",Casual,Simulation,,2019.0,50.0,66.28571428571428,33.714285714285715
1301,DragonSword : Awakening - Costume : White Flower of the Blue Waves,2026-07-31,7.99,7.19,Hound13 Inc.,Hound13 Inc.,63,58,5,Very Positive,"['Action', 'Adventure', 'RPG']",Action,Adventure,RPG,2026.0,10.0,92.06349206349206,7.936507936507936
1302,The Sims™ 4 Adventure Awaits Expansion Pack,2025-10-02,39.99,29.99,Maxis,Electronic Arts,19,9,10,Mixed,"['Simulation', 'Strategy']",Simulation,Strategy,,2025.0,25.0,47.368421052631575,52.63157894736842
1303,CarX Drift Racing Online 2,2026-05-07,24.99,0.0,"CarX Technologies, LLC","CarX Technologies, LLC",1092,759,333,Very Positive,"['Massively Multiplayer', 'Racing', 'Simulation', 'Sports']",Massively Multiplayer,Racing,Simulation,2026.0,,69.5054945054945,30.494505494505496
1304,GUNDAM BREAKER 4,2024-08-28,99.99,39.99,"CRAFTS & MEISTER Co., Ltd.",Bandai Namco Entertainment Inc.,4191,3072,1119,Very Positive,"['Action', 'RPG']",Action,RPG,,2024.0,60.0,73.29992841803865,26.700071581961343
1305,The Witcher 2: Assassins of Kings Enhanced Edition,2011-05-17,19.99,2.99,CD PROJEKT RED,CD PROJEKT RED,91042,81425,9617,Very Positive,['RPG'],RPG,,,2011.0,85.0,89.43674348103073,10.563256518969268
1306,Trackmania,2023-02-02,0.0,0.0,Nadeo,Ubisoft,21258,16558,4700,Mostly Positive,['Racing'],Racing,,,2023.0,,77.89067645121837,22.109323548781635
1307,The Jackbox Party Pack 6,2019-10-16,29.99,0.0,"Jackbox Games, Inc.","Jackbox Games, Inc.",3095,2937,158,Very Positive,"['Casual', 'Indie', 'Strategy']",Casual,Indie,Strategy,2019.0,,94.89499192245557,5.105008077544426
1308,Dominions 6 - Rise of the Pantokrator,2024-01-17,44.99,0.0,Illwinter Game Design,Illwinter Game Design,1727,1570,157,Very Positive,['Strategy'],Strategy,,,2024.0,,90.9090909090909,9.090909090909092
1309,RoboCop: Rogue City - Unfinished Business,2025-07-17,29.99,11.99,Teyon,Nacon,4562,3883,679,Very Positive,"['Action', 'Adventure']",Action,Adventure,,2025.0,60.0,85.1161771153003,14.883822884699693
1310,Spirit City: Lofi Sessions,2024-04-08,11.99,0.0,Mooncube Games,Mooncube Games,16450,16060,390,Very Positive,"['Casual', 'Indie', 'Simulation']",Casual,Indie,Simulation,2024.0,,97.62917933130699,2.370820668693009
1311,Going Medieval,2026-03-17,0.0,0.0,Foxy Voxel,Mythwright,21266,18956,2310,Very Positive,"['Indie', 'RPG', 'Simulation', 'Strategy']",Indie,RPG,Simulation,2026.0,,89.137590520079,10.862409479921
1312,Devil Spire Falls,2025-07-06,0.0,0.0,Ithiro Sumi,Ithiro Sumi,979,933,46,Overwhelmingly Positive,"['Action', 'Adventure', 'Indie', 'RPG']",Action,Adventure,Indie,2025.0,,95.30132788559756,4.698672114402451
1313,Yu-Gi-Oh! Duel Links,2017-11-16,0.0,0.0,KONAMI,KONAMI,44891,37211,7680,Mostly Positive,"['Strategy', 'Free To Play']",Strategy,Free To Play,,2017.0,,82.89189369806866,17.108106301931343
1314,Ori and the Will of the Wisps,2020-03-10,29.99,0.0,Moon Studios GmbH,Xbox Game Studios,145793,140699,5094,Very Positive,['Action'],Action,,,2020.0,,96.50600508940758,3.493994910592415
1315,Rain World: The Watcher,2025-03-28,14.99,0.0,Videocult,Akupara Games,3906,2811,1095,Mostly Positive,"['Action', 'Adventure', 'Indie']",Action,Adventure,Indie,2025.0,,71.96620583717358,28.03379416282642
1316,Empires of the Undergrowth,2024-06-07,29.99,0.0,Slug Disco,Hooded Horse,18610,17561,1049,Very Positive,"['Simulation', 'Strategy']",Simulation,Strategy,,2024.0,,94.36324556689951,5.636754433100483
1317,Is This Seat Taken?,2025-08-07,0.0,0.0,Poti Poti Studio,Wholesome Games Presents,9192,8946,246,Overwhelmingly Positive,"['Casual', 'Indie']",Casual,Indie,,2025.0,,97.32375979112271,2.6762402088772843
1318,Megastore Simulator,2026-02-02,13.99,0.0,Yolo Games Studio,Yolo Games Studio,1799,1673,126,Very Positive,"['Casual', 'Indie', 'Simulation', 'Early Access']",Casual,Indie,Simulation,2026.0,,92.99610894941634,7.003891050583658
1319,STRANGER OF PARADISE FINAL FANTASY ORIGIN,2023-04-06,39.99,0.0,Square Enix,Square Enix,4597,3830,767,Mostly Positive,"['Action', 'Adventure', 'RPG']",Action,Adventure,RPG,2023.0,,83.31520556884925,16.684794431150753
1320,Gloomwood,2022-09-05,19.99,14.99,Dillon Rogers,New Blood Interactive,8307,7896,411,Very Positive,"['Action', 'Indie', 'Early Access']",Action,Indie,Early Access,2022.0,25.0,95.0523654749007,4.947634525099314
1321,Farming Simulator 25: Highlands Fishing Expansion,2025-11-04,29.99,0.0,GIANTS Software,GIANTS Software,438,235,203,Mixed,['Simulation'],Simulation,,,2025.0,,53.65296803652968,46.34703196347032
1322,Aliens: Fireteam Elite,2021-08-23,29.99,0.0,Cold Iron Studios,Cold Iron Studios,26935,21469,5466,Mostly Positive,"['Action', 'RPG']",Action,RPG,,2021.0,,79.70670131798775,20.29329868201225
1323,A Difficult Game About Climbing,2024-03-06,9.99,4.99,Pontypants,Pontypants,5631,4916,715,Mostly Positive,"['Action', 'Adventure']",Action,Adventure,,2024.0,50.0,87.30243296039781,12.697567039602204
1324,Company of Heroes 3: Dare & Destroy,2026-05-14,24.99,0.0,Relic Entertainment,Relic Entertainment,271,143,128,Mostly Negative,"['Action', 'Strategy']",Action,Strategy,,2026.0,,52.767527675276746,47.23247232472325
1325,Easy Delivery Co.,2025-09-18,12.99,0.0,Sam C,Oro Interactive,10102,9608,494,Very Positive,"['Casual', 'Indie', 'Racing', 'Simulation']",Casual,Indie,Racing,2025.0,,95.10987923183528,4.89012076816472
1326,INAZUMA ELEVEN: Victory Road,2025-11-13,69.99,0.0,LEVEL5 Inc.,LEVEL5 Inc.,11962,10681,1281,Very Positive,"['RPG', 'Sports']",RPG,Sports,,2025.0,,89.29108844674803,10.708911553251966
1327,"MAZEBOUND: Hunt, Gather, Run!",2026-05-13,9.99,0.0, Absam Studios, Absam Studios,604,499,105,Very Positive,"['Action', 'Adventure', 'Indie']",Action,Adventure,Indie,2026.0,,82.6158940397351,17.3841059602649
1328,Forensics: Crime Scene Detective,2026-07-13,0.0,0.0,Binary Impact,Aerosoft GmbH,296,183,113,Mixed,['Simulation'],Simulation,,,2026.0,,61.82432432432432,38.17567567567568
1329,Assassin's Creed Mirage,2024-10-17,49.99,0.0,Ubisoft Bordeaux,Ubisoft,12061,9191,2870,Mostly Positive,"['Action', 'Adventure']",Action,Adventure,,2024.0,,76.20429483459083,23.79570516540917
1330,Rise of the Ronin,2025-03-10,49.99,24.99,"KOEI TECMO GAMES CO., LTD.","KOEI TECMO GAMES CO., LTD.",10830,6820,4010,Mostly Positive,"['Action', 'Adventure', 'RPG']",Action,Adventure,RPG,2025.0,50.0,62.97322253000923,37.02677746999077
1331,Outer Wilds - Echoes of the Eye,2021-09-28,14.99,0.0,Mobius Digital,Annapurna Interactive,6445,5824,621,Mostly Positive,"['Action', 'Adventure']",Action,Adventure,,2021.0,,90.36462373933281,9.635376260667183
1332,Hell Clock,2025-07-22,19.99,0.0,Rogue Snail,Mad Mushroom,4129,3453,676,Very Positive,"['Action', 'Indie', 'RPG']",Action,Indie,RPG,2025.0,,83.62799709372729,16.372002906272705
1333,Valve Index® Base Station,,149.0,0.0,,,0,0,0,['None'],"['None', 'None', 'None', 'None']",None,None,None,,,,
1334,Animal Company,2026-05-21,19.99,0.0,Wooster Games,Wooster Games,647,552,95,Very Positive,"['Action', 'Adventure', 'Early Access']",Action,Adventure,Early Access,2026.0,,85.31684698608964,14.683153013910355
1335,Viewfinder,2023-07-18,24.99,0.0,Sad Owl Studios,Thunderful Publishing,12875,12160,715,Overwhelmingly Positive,"['Adventure', 'Indie']",Adventure,Indie,,2023.0,,94.44660194174757,5.5533980582524265
1336,Bendy and the Dark Revival,2022-11-15,19.99,0.0,Joey Drew Studios,Joey Drew Studios,16015,14761,1254,Very Positive,"['Action', 'Adventure']",Action,Adventure,,2022.0,,92.16984077427412,7.830159225725882
1337,Age of Wonders 4: Secrets of the Archmages,2026-06-16,19.99,0.0,Triumph Studios,Paradox Interactive,76,52,24,Very Positive,['Strategy'],Strategy,,,2026.0,,68.42105263157895,31.57894736842105
1338,Bootstrap Island,2026-03-12,0.0,0.0,Maru VR,Maru VR,1378,1137,241,Very Positive,"['Action', 'Adventure', 'Indie', 'Simulation']",Action,Adventure,Indie,2026.0,,82.51088534107403,17.48911465892598
1339,LEGO® Star Wars™ - The Complete Saga,2009-11-12,19.99,0.0,Traveller's Tales,LucasArts,25409,24572,837,Overwhelmingly Positive,['Adventure'],Adventure,,,2009.0,,96.70589161320791,3.2941083867920815
1340,Like a Dragon: Pirate Yakuza in Hawaii,2025-02-20,0.0,0.0,RGG Studio,SEGA,9788,8591,1197,Very Positive,"['Action', 'Adventure', 'RPG']",Action,Adventure,RPG,2025.0,,87.77073968124233,12.229260318757662
1341,Destiny 2: Lightfall,2023-02-28,19.99,1.99,Bungie,Bungie,12182,3502,8680,Mostly Negative,"['Action', 'Adventure', 'Free To Play']",Action,Adventure,Free To Play,2023.0,90.0,28.747332129371205,71.2526678706288
1342,Parcel Simulator,2025-06-20,17.99,0.0,Dansan Digital,Dansan Digital,2743,2562,181,Very Positive,"['Casual', 'Indie', 'Simulation']",Casual,Indie,Simulation,2025.0,,93.40138534451332,6.598614655486694
1343,Devil May Cry 4 Special Edition,2015-06-23,24.99,0.0,"CAPCOM Co., Ltd.","CAPCOM Co., Ltd. ",22139,19243,2896,Mostly Positive,['Action'],Action,,,2015.0,,86.91901169881206,13.080988301187949
1344,Resident Evil 2 (1998),2026-04-01,9.99,0.0,"CAPCOM Co., Ltd.","CAPCOM Co., Ltd.",2102,1905,197,Very Positive,"['Action', 'Adventure']",Action,Adventure,,2026.0,,90.62797335870599,9.372026641294005
1345,Sudden Strike 5,2026-04-23,0.0,0.0,Kite Games,Kalypso Media,726,540,186,Very Positive,"['Action', 'Strategy']",Action,Strategy,,2026.0,,74.3801652892562,25.6198347107438
1346,Sonic Frontiers,2022-11-07,39.99,0.0,Sonic Team,SEGA,28196,25161,3035,Very Positive,"['Action', 'Adventure']",Action,Adventure,,2022.0,,89.23606185274508,10.76393814725493
1347,Rhythia,2026-02-20,3.99,0.0,Capo Games,Capo Games,1744,1456,288,Very Positive,"['Casual', 'Indie', 'Early Access']",Casual,Indie,Early Access,2026.0,,83.4862385321101,16.51376146788991
1348,Sineus Arena Survivors,2026-06-22,10.99,0.0,Sineus Games,Sineus Games,957,718,239,Mostly Positive,"['Action', 'Indie']",Action,Indie,,2026.0,,75.02612330198536,24.973876698014628
1349,Magicraft,2024-11-01,0.0,0.0,Wave Games,bilibili,16714,15502,1212,Very Positive,"['Action', 'Adventure', 'Indie', 'RPG']",Action,Adventure,Indie,2024.0,,92.74859399305971,7.2514060069402895
1350,Undisputed,2024-10-08,49.99,0.0,Steel City Interactive,Deep Silver,22637,13408,9229,Mixed,"['Action', 'Simulation', 'Sports']",Action,Simulation,Sports,2024.0,,59.230463400627286,40.76953659937271
1351,Mega Man Star Force Legacy Collection,2026-03-26,39.99,0.0,"CAPCOM Co., Ltd.","CAPCOM Co., Ltd.",754,725,29,Very Positive,"['Action', 'RPG', 'Strategy']",Action,RPG,Strategy,2026.0,,96.15384615384616,3.8461538461538463
1352,Company of Heroes 2,2013-06-25,19.99,4.99,Relic Entertainment,Relic Entertainment,112995,89322,23673,Mostly Positive,['Strategy'],Strategy,,,2013.0,75.0,79.04951546528608,20.950484534713926
1353,Cash Cleaner Simulator,2025-05-08,19.99,0.0,Mind Control Games,Forklift Interactive,7811,7215,596,Very Positive,"['Casual', 'Indie', 'Simulation']",Casual,Indie,Simulation,2025.0,,92.36973498911792,7.6302650108820895
1354,Resident Evil 4 - Separate Ways,2023-09-20,9.99,0.0,"CAPCOM Co., Ltd.","CAPCOM Co., Ltd.",8409,8018,391,Very Positive,"['Action', 'Adventure']",Action,Adventure,,2023.0,,95.3502200023784,4.6497799976215966
1355,Blood Trail,2019-03-27,24.99,0.0,Electrovore,Electrovore,7532,6040,1492,Mixed,"['Action', 'Early Access']",Action,Early Access,,2019.0,,80.19118428040362,19.80881571959639
1356,Frog Sqwad 🐸,2026-06-11,7.99,0.0,Panic Stations,Panic Stations,402,312,90,Mostly Positive,"['Action', 'Adventure', 'Indie']",Action,Adventure,Indie,2026.0,,77.61194029850746,22.388059701492537
1357,The Sims™ 4 Discover University,2019-11-14,39.99,19.99,Maxis,Electronic Arts,203,85,118,Mixed,"['Casual', 'Simulation']",Casual,Simulation,,2019.0,50.0,41.87192118226601,58.128078817733986
1358,Substance 3D Modeler 2025,2022-12-15,149.99,0.0,Adobe,Adobe,92,62,30,Mixed,"['Animation & Modeling', 'Design & Illustration']",Animation & Modeling,Design & Illustration,,2022.0,,67.3913043478261,32.608695652173914
1359,NARUTO X BORUTO Ultimate Ninja STORM CONNECTIONS,2023-11-16,84.99,33.99,"CyberConnect2 Co., Ltd.",Bandai Namco Entertainment,5065,3075,1990,Mostly Positive,"['Action', 'Adventure']",Action,Adventure,,2023.0,60.0,60.710760118460016,39.28923988153998
1360,G-Rebels,2026-07-20,0.0,0.0,Reakktor Studios,Senatis,186,148,38,Mostly Positive,"['Action', 'Simulation', 'Early Access']",Action,Simulation,Early Access,2026.0,,79.56989247311827,20.43010752688172
1361,Metro 2033 Redux,2014-08-25,19.99,0.0,4A Games,Deep Silver,139653,128855,10798,Very Positive,['Action'],Action,,,2014.0,,92.26797848954193,7.732021510458063
1362,UBOAT,2024-08-02,40.78,29.31,Deep Water Studio,PlayWay S.A.,27001,22740,4261,Very Positive,"['Action', 'Indie', 'RPG', 'Simulation']",Action,Indie,RPG,2024.0,28.0,84.21910299618533,15.780897003814673
1363,FINAL FANTASY IX,2016-04-14,20.99,0.0,Square Enix,Square Enix,14152,13462,690,Overwhelmingly Positive,['RPG'],RPG,,,2016.0,,95.12436404748445,4.8756359525155455
1364,DragonSword : Awakening - Costume : Coral Summer Mischief,2026-07-31,7.99,7.19,Hound13 Inc.,Hound13 Inc.,73,69,4,Very Positive,"['Action', 'Adventure', 'RPG']",Action,Adventure,RPG,2026.0,10.0,94.52054794520548,5.47945205479452
1365,Kingdom Two Crowns,2018-12-11,19.99,0.0,Stumpy🐙Squid,Raw Fury,39249,35406,3843,Very Positive,"['Adventure', 'Indie', 'Simulation', 'Strategy']",Adventure,Indie,Simulation,2018.0,,90.20866773675762,9.791332263242374
1366,Beachwear Armor Set,2026-06-29,9.99,0.0,The Fun Pimps,The Fun Pimps,80,73,7,Very Positive,"['Action', 'Adventure', 'Indie', 'RPG']",Action,Adventure,Indie,2026.0,,91.25,8.75
1367,Half-Life 2,2004-11-16,0.0,0.0,Valve,Valve,277399,270745,6654,Overwhelmingly Positive,['Action'],Action,,,2004.0,,97.60128911784108,2.398710882158912
1368,FINAL FANTASY RESONANCE,2026-10-22,49.99,0.0,Square Enix,Square Enix,0,0,0,['RPG'],"['None', 'None', 'None', 'None']",None,None,None,2026.0,,,
1369,Prehistoric Kingdom,2022-04-27,29.99,0.0,Blue Meridian,Crytivo,6580,5913,667,Very Positive,"['Indie', 'Simulation', 'Strategy', 'Early Access']",Indie,Simulation,Strategy,2022.0,,89.86322188449847,10.136778115501519
1370,Farm to Table,2026-05-09,14.99,0.0,indieGiant,indieGiant,605,556,49,Very Positive,"['Casual', 'Indie', 'RPG', 'Simulation']",Casual,Indie,RPG,2026.0,,91.90082644628099,8.099173553719009
1371,Scarlet Deer Inn,2026-07-21,0.0,0.0,Attu Games,Attu Games,274,245,29,Very Positive,"['Action', 'Adventure', 'Indie']",Action,Adventure,Indie,2026.0,,89.41605839416059,10.583941605839415
1372,Hyper Light Drifter,2016-03-31,19.99,4.99,Heart Machine,Heart Machine,19034,17699,1335,Very Positive,"['Action', 'Adventure', 'Indie', 'RPG']",Action,Adventure,Indie,2016.0,75.0,92.98623515813806,7.013764841861931
1373,Dungeon Defenders II,2017-06-20,0.0,0.0,Chromatic Games,Chromatic Games,22151,17106,5045,Mostly Positive,"['Action', 'Indie', 'RPG', 'Strategy']",Action,Indie,RPG,2017.0,,77.22450453704121,22.775495462958784
1374,Void Crew,2024-11-25,24.99,0.0,Hutlihut Games,Focus Entertainment,8399,7261,1138,Very Positive,"['Action', 'Adventure']",Action,Adventure,,2024.0,,86.45076794856531,13.549232051434695
1375,Cepheus Protocol,2020-05-15,19.99,0.0,Halcyon Winds,Halcyon Winds,3718,2804,914,Mixed,"['Action', 'Adventure', 'Indie', 'Massively Multiplayer']",Action,Adventure,Indie,2020.0,,75.41689080150618,24.583109198493812
1376,WARRIORS: Abyss,2025-02-12,24.99,9.99,"KOEI TECMO GAMES CO., LTD.","KOEI TECMO GAMES CO., LTD.",2281,1963,318,Very Positive,"['Action', 'RPG']",Action,RPG,,2025.0,60.0,86.05874616396318,13.941253836036827
1377,PowerWash Simulator 2 - Adventure Time Pack,2026-04-09,7.99,0.0,FuturLab,FuturLab,352,185,167,Mixed,"['Casual', 'Indie', 'Simulation']",Casual,Indie,Simulation,2026.0,,52.55681818181818,47.44318181818182
1378,3DMark,,0.0,0.0,UL Solutions,UL Solutions,20746,19393,1353,Very Positive,['Utilities'],Utilities,,,,,93.47826086956522,6.521739130434782
1379,Sengoku Dynasty,2024-11-07,0.0,0.0,Superkami,Toplitz Productions,7743,5785,1958,Mostly Positive,"['Adventure', 'RPG', 'Simulation']",Adventure,RPG,Simulation,2024.0,,74.71264367816092,25.287356321839084
1380,Voyagers of Nera,2025-09-16,29.99,0.0,Treehouse Games,Treehouse Games,2592,2201,391,Very Positive,"['Action', 'Adventure', 'Indie', 'RPG']",Action,Adventure,Indie,2025.0,,84.91512345679013,15.084876543209877
1381,LumenTale: Memories of Trey,2026-05-26,29.99,23.99,Beehive Studios,Team17,1317,959,358,Mixed,"['Action', 'Adventure', 'RPG']",Action,Adventure,RPG,2026.0,20.0,72.81700835231587,27.18299164768413
1382,Tempest Rising,2025-04-24,0.0,0.0,Slipgate Ironworks™,3D Realms,11780,10296,1484,Mostly Positive,"['Action', 'Strategy']",Action,Strategy,,2025.0,,87.40237691001698,12.597623089983024
1383,Coal LLC,2025-09-11,14.99,0.0,Bye Bye Ocean,Bye Bye Ocean,1303,1209,94,Very Positive,"['Indie', 'Simulation', 'Strategy']",Indie,Simulation,Strategy,2025.0,,92.78587874136608,7.214121258633923
1384,R.U.S.E.™,2010-09-09,29.99,0.0,Eugen Systems,Eugen Systems,4513,4315,198,Very Positive,['Strategy'],Strategy,,,2010.0,,95.61267449590073,4.387325504099269
1385,Destiny 2: Beyond Light Pack,2020-11-10,9.99,0.99,Bungie,Bungie,5867,2825,3042,Mixed,"['Action', 'Adventure', 'Free To Play']",Action,Adventure,Free To Play,2020.0,90.0,48.15067325720129,51.84932674279871
1386,Carpet Cleaning Simulator,2026-07-12,0.0,0.0,daimaGAME,daimaGAME,375,326,49,Very Positive,"['Indie', 'Simulation']",Indie,Simulation,,2026.0,,86.93333333333332,13.066666666666665
1387,Demon Slayer -Kimetsu no Yaiba- The Hinokami Chronicles 2,2025-08-05,59.99,0.0,CyberConnect2,SEGA,3574,2957,617,Very Positive,"['Action', 'Adventure']",Action,Adventure,,2025.0,,82.7364297705652,17.26357022943481
1388,Dragon Age: Origins - Ultimate Edition,2010-10-26,0.0,0.0,BioWare,Electronic Arts,31157,26687,4470,Mostly Positive,['RPG'],RPG,,,2010.0,,85.6533042333986,14.346695766601405
1389,Over The Top: WWI,2026-03-06,19.14,0.0,Flying Squirrel Entertainment,GG Publishing,6645,5601,1044,Mostly Positive,"['Action', 'Indie', 'Massively Multiplayer', 'Simulation']",Action,Indie,Massively Multiplayer,2026.0,,84.28893905191873,15.711060948081265
1390,TerraTech Legion,2026-04-30,0.0,0.0,Payload Studios,Mythwright,1999,1630,369,Very Positive,['Action'],Action,,,2026.0,,81.5407703851926,18.459229614807406
1391,Last Train Home,2023-11-28,39.99,0.0,Ashborne Games,THQ Nordic,5440,4736,704,Very Positive,['Strategy'],Strategy,,,2023.0,,87.05882352941177,12.941176470588237
1392,Starship Troopers: Terran Command,2022-06-16,29.99,0.0,The Artistocrats,Slitherine Ltd.,11965,10445,1520,Very Positive,['Strategy'],Strategy,,,2022.0,,87.29628081905558,12.70371918094442
1393,Class of '09,2021-06-10,9.99,0.0,SBN3,SBN3,8971,8481,490,Very Positive,"['Casual', 'Indie', 'RPG', 'Simulation']",Casual,Indie,RPG,2021.0,,94.53795563482332,5.462044365176681
1394,The Séance of Blake Manor,2025-10-27,0.0,0.0,Spooky Doorway,Raw Fury,3734,3557,177,Very Positive,['Adventure'],Adventure,,,2025.0,,95.2597750401714,4.740224959828602
1395,Unravel Two,2018-06-09,0.0,0.0,Coldwood Interactive,Electronic Arts,9063,7086,1977,Mostly Positive,"['Action', 'Adventure']",Action,Adventure,,2018.0,,78.18603111552466,21.81396888447534
1396,"Rust - Warhammer 40,000 Pack",2025-10-23,12.99,10.39,Facepunch Studios,Facepunch Studios,1017,807,210,Very Positive,"['Action', 'Adventure', 'Indie', 'Massively Multiplayer']",Action,Adventure,Indie,2025.0,20.0,79.35103244837758,20.64896755162242
1397,Dorfromantik,2022-04-28,13.99,0.0,Toukana Interactive,Toukana Interactive,29506,28427,1079,Very Positive,"['Casual', 'Indie', 'Simulation', 'Strategy']",Casual,Indie,Simulation,2022.0,,96.34311665423981,3.656883345760184
1398,Rust - Voice Props Pack,2021-07-01,12.99,6.49,Facepunch Studios,Facepunch Studios,2058,1777,281,Very Positive,"['Action', 'Adventure', 'Indie', 'Massively Multiplayer']",Action,Adventure,Indie,2021.0,50.0,86.34596695821186,13.654033041788145
1399,Papa's Mocharia Deluxe,2026-06-02,5.99,0.0,Flipline Studios,Flipline Studios,777,744,33,Overwhelmingly Positive,"['Action', 'Casual', 'Indie', 'Simulation']",Action,Casual,Indie,2026.0,,95.75289575289575,4.247104247104247
1400,Mecha BREAK,2025-07-01,0.0,0.0,Amazing Seasun Games,Amazing Seasun Games,28965,17521,11444,Mostly Positive,"['Action', 'Massively Multiplayer', 'Free To Play']",Action,Massively Multiplayer,Free To Play,2025.0,,60.49024684964613,39.50975315035387
1401,Resident Evil 7 Gold Edition & Village Gold Edition,2021-05-06,0.0,0.0,"CAPCOM Co., Ltd.","CAPCOM Co., Ltd.",152235,145578,6657,Overwhelmingly Positive,['Action'],Action,,,2021.0,,95.62715538476697,4.372844615233028
1402,Who's Your Daddy?!,2015-12-23,9.99,0.0,Evil Tortilla Games,Evil Tortilla Games,31900,25507,6393,Very Positive,"['Action', 'Casual', 'Indie']",Action,Casual,Indie,2015.0,,79.95924764890282,20.04075235109718
1403,The Wandering Village,2025-07-17,29.99,0.0,Stray Fawn Studio,Stray Fawn Publishing,8384,7709,675,Very Positive,"['Simulation', 'Strategy']",Simulation,Strategy,,2025.0,,91.94895038167938,8.05104961832061
1404,Granblue Fantasy: Relink - Endless Ragnarok (Standard Edition),2024-01-31,0.0,0.0,"Cygames, Inc.","Cygames, Inc.",54973,49529,5444,Very Positive,"['Action', 'Adventure', 'RPG']",Action,Adventure,RPG,2024.0,,90.09695668782857,9.903043312171429
1405,Shadow of the Tomb Raider: Definitive Edition,2018-09-14,0.0,0.0,Eidos-Montréal,Crystal Dynamics,89079,74682,14397,Very Positive,"['Action', 'Adventure']",Action,Adventure,,2018.0,,83.83794160239788,16.162058397602127
1406,"Warhammer 40,000: Space Marine - Anniversary Edition",2011-09-05,0.0,0.0,Relic Entertainment,Relic Entertainment,33291,30519,2772,Very Positive,['Action'],Action,,,2011.0,,91.67342525006758,8.326574749932414
1407,Two Point Hospital,2018-08-29,29.99,0.0,Two Point Studios,SEGA,34850,32048,2802,Very Positive,"['Indie', 'Simulation']",Indie,Simulation,,2018.0,,91.95982783357245,8.040172166427546
1408,DRAGON QUEST® XI S: Echoes of an Elusive Age™ - Definitive Edition,2020-12-04,0.0,0.0,Square Enix,Square Enix,11998,11133,865,Very Positive,"['Adventure', 'RPG']",Adventure,RPG,,2020.0,,92.79046507751292,7.20953492248708
1409,Worms W.M.D,2016-08-23,29.99,5.99,Team17,Team17,14826,12622,2204,Very Positive,"['Action', 'Strategy']",Action,Strategy,,2016.0,80.0,85.13422366113585,14.865776338864158
1410,Cyber Knights: Flashpoint,2025-06-02,29.99,19.79,Trese Brothers,Trese Brothers,3032,2851,181,Very Positive,"['Action', 'Indie', 'RPG', 'Strategy']",Action,Indie,RPG,2025.0,34.0,94.03034300791556,5.969656992084433
1411,Ascend to ZERO,2026-07-13,0.0,0.0,"Flyway Games, Inc.","Flyway Games, Inc.",871,727,144,Very Positive,"['Action', 'RPG', 'Strategy']",Action,RPG,Strategy,2026.0,,83.46727898966705,16.532721010332953
1412,Mall Together,2026-07-24,19.78,10.51,Business Tycoon,Business Tycoon,303,286,17,Very Positive,"['Casual', 'Simulation']",Casual,Simulation,,2026.0,47.0,94.38943894389439,5.6105610561056105
1413,Shovel Knight: Treasure Trove,2014-06-26,42.73,33.72,Yacht Club Games,Yacht Club Games,16863,16105,758,Very Positive,"['Action', 'Adventure', 'Indie']",Action,Adventure,Indie,2014.0,21.0,95.50495166933524,4.495048330664769
1414,The Last Gas Station,2026-04-28,13.99,9.79,Alawar,Alawar,1162,1011,151,Very Positive,"['Adventure', 'Casual', 'Indie', 'Simulation']",Adventure,Casual,Indie,2026.0,30.0,87.00516351118762,12.994836488812393
1415,The 7th Guest Remake,2026-06-03,19.99,13.99,Vertigo Games,Vertigo Games,242,210,32,Mostly Positive,['Adventure'],Adventure,,,2026.0,30.0,86.77685950413223,13.223140495867769
1416,Cookie Clicker,2021-09-01,4.99,0.0,Orteil,Playsaurus,92396,89087,3309,Very Positive,"['Casual', 'Indie', 'Simulation', 'Strategy']",Casual,Indie,Simulation,2021.0,,96.41867613316593,3.581323866834062
1417,The Mortuary Assistant,2022-08-02,0.0,0.0,DarkStone Digital,DreadXP,8675,7972,703,Very Positive,"['Adventure', 'Indie', 'Simulation']",Adventure,Indie,Simulation,2022.0,,91.89625360230548,8.103746397694525
1418,"Warhammer 40,000: Boltgun",2023-05-23,21.99,0.0,Auroch Digital,Focus Entertainment,18033,16144,1889,Very Positive,"['Action', 'Indie']",Action,Indie,,2023.0,,89.52476016192536,10.475239838074641
1419,Cat Chess,2026-07-14,6.99,0.0,Capricia Labs,Capricia Productions,430,372,58,Very Positive,"['Casual', 'Indie', 'Sports', 'Strategy']",Casual,Indie,Sports,2026.0,,86.51162790697674,13.488372093023257
1420,Battlefield 4™,2013-10-29,0.0,0.0,DICE,Electronic Arts,81251,68934,12317,Very Positive,['Action'],Action,,,2013.0,,84.8408019593605,15.159198040639499
1421,NARUTO SHIPPUDEN: Ultimate Ninja STORM 4,2016-02-04,19.99,0.0,CyberConnect2 Co. Ltd.,BANDAI NAMCO Entertainment,90620,82587,8033,Very Positive,"['Action', 'Adventure']",Action,Adventure,,2016.0,,91.13551092474067,8.864489075259325
1422,STAR WARS™ Empire at War - Gold Pack,2006-02-16,19.99,0.0,Petroglyph,LucasArts,42969,41996,973,Overwhelmingly Positive,['Strategy'],Strategy,,,2006.0,,97.73557681118946,2.2644231888105377
1423,Borderlands: The Pre-Sequel,2014-10-14,39.99,3.99,2K Australia,2K,44633,34620,10013,Mostly Positive,"['Action', 'RPG']",Action,RPG,,2014.0,90.0,77.56592655658369,22.434073443416306
1424,Jurassic World Evolution 2,2021-11-09,59.99,0.0,Frontier Developments,Frontier Developments,46838,42317,4521,Very Positive,"['Simulation', 'Strategy']",Simulation,Strategy,,2021.0,,90.3475810239549,9.652418976045093
1425,Destiny 2: Forsaken Pack,2018-09-04,9.99,0.99,Bungie,Bungie,6253,3169,3084,Mixed,"['Action', 'Adventure']",Action,Adventure,,2018.0,90.0,50.679673756596834,49.320326243403166
1426,Hellblade II: Senua’s Saga,2024-05-21,49.99,0.0,Ninja Theory,Xbox Game Studios,9843,8531,1312,Very Positive,"['Action', 'Adventure']",Action,Adventure,,2024.0,,86.67073046835314,13.329269531646856
1427,The Sims™ 4 Lovestruck Expansion Pack,2024-07-25,39.99,19.99,Maxis,Electronic Arts,121,53,68,Mixed,"['Adventure', 'Casual', 'Simulation']",Adventure,Casual,Simulation,2024.0,50.0,43.80165289256198,56.19834710743802
1428,Gunfire Reborn - Echoes From Primal Grove,2025-10-22,6.99,6.29,Gunfire Reborn Studio,Duoyi Games,254,195,59,Mostly Positive,"['Action', 'Adventure', 'Indie', 'RPG']",Action,Adventure,Indie,2025.0,10.0,76.77165354330708,23.228346456692915
1429,Assassin’s Creed® IV Black Flag™,,39.99,0.0,Ubisoft Montreal,Ubisoft,78382,69242,9140,Mostly Positive,"['Action', 'Adventure']",Action,Adventure,,,,88.33915950090582,11.66084049909418
1430,Project Wingman,2020-12-01,24.99,0.0,Sector D2,Sector D2,22032,20656,1376,Very Positive,"['Action', 'Indie', 'Simulation']",Action,Indie,Simulation,2020.0,,93.75453885257808,6.245461147421931
1431,Tower Dominion,2025-05-07,17.49,10.49,Parallel 45 Games,Parallel 45 Games,5350,4581,769,Very Positive,['Strategy'],Strategy,,,2025.0,40.0,85.62616822429906,14.373831775700936
1432,Shadowverse: Worlds Beyond,2025-06-14,0.0,0.0,"Cygames, Inc.","Cygames, Inc.",24252,7129,17123,Mostly Negative,"['Casual', 'RPG', 'Strategy', 'Free To Play']",Casual,RPG,Strategy,2025.0,,29.39551377206004,70.60448622793997
1433,Assassin's Creed® III Remastered,2019-03-29,39.99,0.0,Ubisoft Entertainment,Ubisoft Entertainment				,15623,9779,5844,Mixed,"['Action', 'Adventure']",Action,Adventure,,2019.0,,62.59361198233374,37.40638801766626
1434,Stranded Deep,2022-08-10,19.99,0.0,Beam Team Games,Beam Team Publishing,47733,35412,12321,Mostly Positive,"['Adventure', 'Indie']",Adventure,Indie,,2022.0,,74.18766890830243,25.812331091697565
1435,The Planet Crafter - Planet Humble,2024-10-09,7.99,0.0,Miju Games,Miju Games,921,687,234,Mostly Positive,['Adventure'],Adventure,,,2024.0,,74.5928338762215,25.407166123778502
1436,Total War: WARHAMMER III - Sayl – Tides of Torment,2025-12-04,8.99,0.0,CREATIVE ASSEMBLY,SEGA,418,303,115,Mostly Positive,"['Action', 'Strategy']",Action,Strategy,,2025.0,,72.48803827751196,27.51196172248804
1437,inKONBINI: One Store. Many Stories,2026-04-30,19.99,0.0,Nagai Industries,Nagai Industries,1016,877,139,Very Positive,"['Adventure', 'Casual', 'Indie', 'Simulation']",Adventure,Casual,Indie,2026.0,,86.31889763779527,13.681102362204726
1438,Game of Thrones Winter is Coming,2019-11-14,0.0,0.0,YOUZU (SINGAPORE) PTE. LTD.,YOUZU (SINGAPORE) PTE. LTD.,2749,1680,1069,Mixed,"['Massively Multiplayer', 'RPG', 'Simulation', 'Strategy']",Massively Multiplayer,RPG,Simulation,2019.0,,61.11313204801746,38.88686795198254
1439,Goblin Company,2026-06-12,9.99,7.99,BitBorne Studio,BitBorne Studio,313,249,64,Mostly Positive,"['Action', 'Adventure', 'Indie']",Action,Adventure,Indie,2026.0,20.0,79.55271565495208,20.447284345047922
1440,Ancestors: The Humankind Odyssey,2020-08-27,39.99,7.99,Panache Digital Games,Private Division,11847,9362,2485,Very Positive,"['Action', 'Adventure', 'Indie', 'RPG']",Action,Adventure,Indie,2020.0,80.0,79.0242255423314,20.97577445766861
1441,My Winter Car,2025-12-29,14.99,0.0,Amistech Games,Amistech Games,18713,17640,1073,Very Positive,"['Indie', 'Racing', 'Simulation', 'Early Access']",Indie,Racing,Simulation,2025.0,,94.26601827606477,5.733981723935233
1442,Hello Neighbor,2017-12-08,29.99,0.0,Dynamic Pixels,tinyBuild,32012,27529,4483,Very Positive,"['Adventure', 'Indie', 'Strategy']",Adventure,Indie,Strategy,2017.0,,85.99587654629514,14.004123453704862
1443,Roboquest,2023-11-07,0.0,0.0,RyseUp Studios,RyseUp Studios,24280,23127,1153,Overwhelmingly Positive,"['Action', 'Indie']",Action,Indie,,2023.0,,95.2512355848435,4.748764415156508
1444,Poker Night at the Inventory,2026-03-05,9.99,0.0,Skunkape Games,Skunkape Games,8369,7940,429,Very Positive,['Casual'],Casual,,,2026.0,,94.87393953877404,5.126060461225953
1445,Mass Effect™: Andromeda Deluxe Edition,2017-03-20,0.0,0.0,BioWare,Electronic Arts,18632,13749,4883,Mostly Positive,"['Action', 'RPG']",Action,RPG,,2017.0,,73.79240017174753,26.20759982825247
1446,Alchemy Factory,2025-12-11,17.99,0.0,D5 Copperhead, Gamirror Games,2487,2228,259,Mostly Positive,"['Casual', 'Indie', 'Simulation', 'Strategy']",Casual,Indie,Simulation,2025.0,,89.5858464012867,10.414153598713309
1447,The Texas Chain Saw Massacre,2023-08-18,14.99,0.0,Sumo Digital,Gun Interactive,23140,15297,7843,Mostly Positive,"['Action', 'Indie']",Action,Indie,,2023.0,,66.10630942091616,33.89369057908384
1448,Fears to Fathom - Ironbark Lookout,2023-10-20,9.99,0.0,Rayll Studios,Rayll Studios,6280,5807,473,Very Positive,"['Adventure', 'Casual', 'Indie']",Adventure,Casual,Indie,2023.0,,92.46815286624204,7.531847133757961
1449,Nuclear Epoch,2026-06-25,0.0,0.0,Cat Play Studio,Cat Play Studio,475,382,93,Very Positive,"['Adventure', 'Casual', 'Indie']",Adventure,Casual,Indie,2026.0,,80.42105263157895,19.57894736842105
1450,Total War: WARHAMMER III - Aislinn – Tides of Torment,2025-12-04,8.99,0.0,CREATIVE ASSEMBLY,SEGA,708,393,315,Mixed,"['Action', 'Strategy']",Action,Strategy,,2025.0,,55.50847457627118,44.49152542372881
1451,Restore Your Island,2026-04-09,12.99,9.74, Paiband Game Studio, Paiband Game Studio,1674,1324,350,Very Positive,"['Adventure', 'Casual', 'Indie', 'Simulation']",Adventure,Casual,Indie,2026.0,25.0,79.09199522102747,20.908004778972522
1452,BattleBlock Theater®,2014-05-15,14.99,0.0,The Behemoth,The Behemoth,72817,70759,2058,Overwhelmingly Positive,"['Action', 'Adventure', 'Casual', 'Indie']",Action,Adventure,Casual,2014.0,,97.17373690209705,2.826263097902962
1453,Anomalous Coffee Machine 2,2025-12-12,6.99,0.0,HoruBrain Interactive,Hexapede Games,681,549,132,Very Positive,['Indie'],Indie,,,2025.0,,80.61674008810573,19.383259911894275
1454,Five Nights at Freddy's,2014-08-18,4.99,0.0,Scott Cawthon,Scott Cawthon,58894,55249,3645,Overwhelmingly Positive,"['Indie', 'Simulation']",Indie,Simulation,,2014.0,,93.81091452439976,6.189085475600232
1455,The Sims™ 4 Get Together,2015-12-07,39.99,19.99,Maxis,Electronic Arts,143,113,30,Mostly Positive,['Simulation'],Simulation,,,2015.0,50.0,79.02097902097903,20.97902097902098
1456,EARTH DEFENSE FORCE 6,2024-07-25,59.99,0.0,SANDLOT,D3PUBLISHER,7167,4997,2170,Very Positive,['Action'],Action,,,2024.0,,69.72233849588392,30.27766150411609
1457,Assassin's Creed Black Flag Resynced - Hellfire Character Pack,2026-07-09,9.99,0.0,Ubisoft Singapore,Ubisoft,14,9,5,Mixed,"['Action', 'Adventure']",Action,Adventure,,2026.0,,64.28571428571429,35.714285714285715
1458,ASKA,2024-06-20,24.99,19.99,Sand Sailor Studio,Thunderful Publishing,12015,9590,2425,Mostly Positive,"['Adventure', 'Simulation', 'Strategy', 'Early Access']",Adventure,Simulation,Strategy,2024.0,20.0,79.81689554723262,20.183104452767374
1459,Sonic Mania,2017-08-29,19.99,0.0,Christian Whitehead,SEGA,28636,26879,1757,Very Positive,"['Action', 'Adventure', 'Casual']",Action,Adventure,Casual,2017.0,,93.8643665316385,6.135633468361503
1460,Uncrashed : FPV Drone Simulator,2021-09-01,14.99,0.0,Luminite,Luminite,7615,7250,365,Overwhelmingly Positive,"['Action', 'Indie', 'Racing', 'Simulation']",Action,Indie,Racing,2021.0,,95.20682862770848,4.79317137229153
1461,Spelunky 2,2020-09-29,19.99,0.0,Mossmouth,Mossmouth,21872,20298,1574,Very Positive,"['Action', 'Indie']",Action,Indie,,2020.0,,92.80358449158742,7.196415508412582
1462,JDM: Japanese Drift Master,2025-05-21,34.99,13.99,Gaming Factory,Gaming Factory,5962,4518,1444,Mostly Positive,"['Casual', 'Racing', 'Simulation', 'Sports']",Casual,Racing,Simulation,2025.0,60.0,75.779939617578,24.220060382422005
1463,Rivals of Aether,2017-03-28,29.99,0.0,Aether Studios,Aether Studios,37993,36451,1542,Overwhelmingly Positive,['Indie'],Indie,,,2017.0,,95.94135761850868,4.058642381491327
1464,Superliminal,2020-11-05,19.99,0.0,Pillow Castle,Pillow Castle,33819,31994,1825,Very Positive,"['Action', 'Adventure']",Action,Adventure,,2020.0,,94.60362518111121,5.39637481888879
1465,Assassin's Creed® Syndicate,2015-11-18,29.99,0.0,"Ubisoft Quebec, in collaboration with Ubisoft Annecy, Bucharest, Kiev, Montreal, Montpellier, Shanghai, Singapore, Sofia, Toronto studios",Ubisoft,32901,26346,6555,Very Positive,"['Action', 'Adventure']",Action,Adventure,,2015.0,,80.07659341661348,19.923406583386523
1466,"Gunner, HEAT, PC!",2022-09-06,29.99,0.0,Radian Simulations LLC,Radian Simulations LLC,7983,7314,669,Very Positive,"['Action', 'Indie', 'Simulation', 'Early Access']",Action,Indie,Simulation,2022.0,,91.61969184517099,8.380308154829013
1467,RUNNING TRAIN | 走ル列車！,2026-05-24,19.99,0.0,Novatetsu Games,Novatetsu Games,1476,1443,33,Overwhelmingly Positive,"['Casual', 'Indie', 'Simulation', 'Early Access']",Casual,Indie,Simulation,2026.0,,97.76422764227642,2.2357723577235773
1468,Euro Truck Simulator 2 - Nordic Horizons,2025-11-27,17.99,0.0,SCS Software,SCS Software,1275,1174,101,Very Positive,"['Indie', 'Simulation']",Indie,Simulation,,2025.0,,92.07843137254902,7.92156862745098
1469,Still Wakes the Deep,2024-06-18,0.0,0.0,The Chinese Room,Secret Mode,12726,11162,1564,Mostly Positive,"['Action', 'Adventure', 'Indie']",Action,Adventure,Indie,2024.0,,87.7101995913877,12.289800408612289
1470,Prelude Dark Pain,2026-07-27,19.99,17.99,QUICKFIREGAMES,Firesquid,328,271,57,Mostly Positive,"['Adventure', 'Indie', 'RPG', 'Strategy']",Adventure,Indie,RPG,2026.0,10.0,82.6219512195122,17.378048780487802
1471,Blood West,2023-12-05,24.99,18.74,Hyperstrange,New Blood Interactive,6625,5961,664,Very Positive,"['Action', 'Indie', 'RPG']",Action,Indie,RPG,2023.0,25.0,89.97735849056603,10.022641509433962
1472,Disney Dreamlight Valley: Wishblossom Ranch,2025-11-19,29.99,0.0,Gameloft,Gameloft,171,99,72,Mixed,"['Action', 'Adventure', 'Casual', 'RPG']",Action,Adventure,Casual,2025.0,,57.89473684210527,42.10526315789473
1473,"Hot Dogs, Horseshoes & Hand Grenades",2026-07-04,19.99,0.0,RUST LTD.,RUST LTD.,23827,23113,714,Very Positive,"['Action', 'Simulation']",Action,Simulation,,2026.0,,97.0033995047635,2.9966004952364966
1474,Rhythm Doctor,2025-12-06,19.99,0.0,7th Beat Games,7th Beat Games,26823,26328,495,Overwhelmingly Positive,"['Action', 'Casual', 'Indie', 'Strategy']",Action,Casual,Indie,2025.0,,98.15456884017448,1.8454311598255229
1475,Punishing: Gray Raven,2026-02-02,0.0,0.0,KURO GAMES,KURO GAMES,1419,1054,365,Mostly Positive,"['Action', 'Adventure', 'RPG', 'Free To Play']",Action,Adventure,RPG,2026.0,,74.27766032417196,25.72233967582805
1476,Ultimate Epic Battle Simulator 2,2023-07-21,19.99,0.0,Brilliant Game Studios,Brilliant Game Studios,7432,6277,1155,Very Positive,"['Action', 'Adventure', 'Casual', 'Indie']",Action,Adventure,Casual,2023.0,,84.45909580193756,15.540904198062433
1477,Age of Empires IV: Dynasties of the East,2025-11-04,19.99,0.0,Relic Entertainment,Xbox Game Studios,1109,677,432,Mixed,['Strategy'],Strategy,,,2025.0,,61.04598737601443,38.95401262398558
1478,Anomaly President,2026-08-03,14.99,11.99,Phew Phew Games,Phew Phew Games,323,315,8,Very Positive,"['Action', 'Adventure', 'Indie', 'RPG']",Action,Adventure,Indie,2026.0,20.0,97.52321981424149,2.476780185758514
1479,Paint the Town Red,2021-07-29,19.99,0.0,South East Games,South East Games,32407,31108,1299,Overwhelmingly Positive,"['Action', 'Indie']",Action,Indie,,2021.0,,95.99160675162773,4.008393248372266
1480,Max Payne 3,2012-05-31,19.99,0.0,Rockstar Studios,Rockstar Games,63710,55412,8298,Very Positive,['Action'],Action,,,2012.0,,86.97535708679956,13.02464291320044
1481,Assassin's Creed 2,2010-03-09,19.99,0.0,Ubisoft Montreal,Ubisoft,61064,54632,6432,Very Positive,"['Action', 'Adventure']",Action,Adventure,,2010.0,,89.4667889427486,10.533211057251409
1482,DEATHLOOP,2021-09-13,59.99,11.99,Arkane Studios,Bethesda Softworks,30364,23102,7262,Mixed,['Action'],Action,,,2021.0,80.0,76.08351995784481,23.916480042155182
1483,Crab Champions,2023-04-01,9.99,0.0,Noisestorm,Noisestorm,30937,30283,654,Overwhelmingly Positive,"['Action', 'Adventure', 'Casual', 'Indie']",Action,Adventure,Casual,2023.0,,97.88602644083136,2.1139735591686333
1484,Hardspace: Shipbreaker,2022-05-24,34.99,0.0,Blackbird Interactive,Blackbird Interactive,22276,19898,2378,Very Positive,['Simulation'],Simulation,,,2022.0,,89.32483390195726,10.675166098042736
1485,ERROR143,2022-07-26,0.0,0.0,Jenny Vi Pham,Jenny Vi Pham,5219,4824,395,Very Positive,"['Casual', 'Indie', 'Simulation', 'Free To Play']",Casual,Indie,Simulation,2022.0,,92.43150028741138,7.568499712588618
1486,"Dwarves: Glory, Death and Loot",2026-01-22,22.48,9.57,Hamma Studios,Sidekick Publishing,2647,2182,465,Mostly Positive,"['Adventure', 'Casual', 'Indie', 'RPG']",Adventure,Casual,Indie,2026.0,57.0,82.43294295428787,17.567057045712126
1487,Brawlhalla - All Legends (Current and Future),2015-11-03,39.99,0.0,Blue Mammoth Games,Ubisoft,420,348,72,Very Positive,"['Action', 'Indie', 'Free To Play']",Action,Indie,Free To Play,2015.0,,82.85714285714286,17.142857142857142
1488,Slip & Skid,2026-06-03,12.99,0.0,NHOGS Interactive,NHOGS Interactive,88,86,2,Very Positive,"['Action', 'Casual', 'Indie', 'Racing']",Action,Casual,Indie,2026.0,,97.72727272727273,2.272727272727273
1489,Astral Party ,2024-02-28,0.0,0.0,STAR ENGINE PROJECT,Neverland Entertainment,21022,11475,9547,Mostly Negative,"['Casual', 'Indie', 'RPG', 'Strategy']",Casual,Indie,RPG,2024.0,,54.58567215298259,45.41432784701741
1490,Guild Wars 2® Visions of Eternity™ Expansion,2025-10-28,24.99,0.0,ArenaNet®,ArenaNet®,83,38,45,Mixed,"['Adventure', 'Massively Multiplayer', 'RPG', 'Free To Play']",Adventure,Massively Multiplayer,RPG,2025.0,,45.78313253012048,54.21686746987952
1491,VTube Studio,2021-03-12,0.0,0.0,DenchiSoft,DenchiSoft,7193,6671,522,Very Positive,"['Indie', 'Animation & Modeling', 'Video Production']",Indie,Animation & Modeling,Video Production,2021.0,,92.74294452940359,7.257055470596413
1492,Battlefield™ 2042,2021-11-19,0.0,0.0,DICE,Electronic Arts,325403,153399,172004,Mixed,"['Action', 'Adventure', 'Casual']",Action,Adventure,Casual,2021.0,,47.14123717359705,52.85876282640295
1493,BLUE REFLECTION Quartet,2026-07-29,49.99,0.0,"KOEI TECMO GAMES CO., LTD.","KOEI TECMO GAMES CO., LTD.",119,63,56,Mixed,"['Adventure', 'Casual', 'RPG']",Adventure,Casual,RPG,2026.0,,52.94117647058824,47.05882352941176
1494,Tales of Berseria Remastered,2026-02-26,39.99,29.99,D.A.G Inc.,Bandai Namco Entertainment Inc.,206,152,54,Mixed,"['Action', 'RPG']",Action,RPG,,2026.0,25.0,73.7864077669903,26.21359223300971
1495,KuloNiku: Bowl Up!,2026-04-07,0.0,0.0,Gambir Studio,Raw Fury,2291,2208,83,Overwhelmingly Positive,"['Casual', 'Indie', 'Simulation']",Casual,Indie,Simulation,2026.0,,96.37712789175032,3.6228721082496724
1496,Danganronpa: Trigger Happy Havoc,2016-02-18,19.99,0.0,"Spike Chunsoft Co., Ltd.","Spike Chunsoft Co., Ltd.",38045,36525,1520,Overwhelmingly Positive,['Adventure'],Adventure,,,2016.0,,96.00473123932186,3.9952687606781447
1497,Warframe: Constellations Complete Collection,2026-06-17,34.99,0.0,Digital Extremes,Digital Extremes,11,9,2,Positive,"['Action', 'RPG', 'Free To Play']",Action,RPG,Free To Play,2026.0,,81.81818181818183,18.181818181818183
1498,STORY OF SEASONS: Grand Bazaar,2025-08-27,49.99,0.0,Marvelous Inc.,XSEED Games,3997,3746,251,Very Positive,"['Casual', 'Simulation']",Casual,Simulation,,2025.0,,93.72029021766325,6.279709782336752
1499,Jurassic World Evolution 3: Wetlands ,2025-12-09,9.99,0.0,Frontier Developments,Frontier Developments,97,76,21,Mostly Positive,"['Simulation', 'Strategy']",Simulation,Strategy,,2025.0,,78.35051546391753,21.649484536082475
1500,The Dark Pictures Anthology: House of Ashes,2021-10-21,0.0,0.0,Supermassive Games,BANDAI NAMCO Entertainment Europe,10882,9675,1207,Very Positive,['Adventure'],Adventure,,,2021.0,,88.9082889174784,11.091711082521595
1501,Master of Command - The Lion & Eagle,2026-06-01,14.99,12.74, Armchair Interactive, Armchair Interactive,72,71,1,Very Positive,['Strategy'],Strategy,,,2026.0,15.0,98.61111111111111,1.3888888888888888
1502,Another Crab's Treasure,2024-04-25,29.99,0.0,Aggro Crab,Aggro Crab,21519,19930,1589,Very Positive,"['Action', 'Adventure', 'Indie']",Action,Adventure,Indie,2024.0,,92.61582787304242,7.384172126957572
1503,Cargo Hunters,2026-03-09,19.99,14.99,Order Of Meta,HypeTrain Digital,608,510,98,Mostly Positive,"['Action', 'Adventure', 'Early Access']",Action,Adventure,Early Access,2026.0,25.0,83.88157894736842,16.11842105263158
1504,BRUTALISTICK VR,2024-03-31,0.0,0.0,Kubunautilus,Kubunautilus,1629,1556,73,Very Positive,"['Action', 'Indie', 'Early Access']",Action,Indie,Early Access,2024.0,,95.51872314303253,4.481276856967464
1505,Grim Dawn - Crucible Mode DLC,2016-08-03,7.99,0.0,Crate Entertainment,Crate Entertainment,621,515,106,Very Positive,"['Action', 'Adventure', 'Indie', 'RPG']",Action,Adventure,Indie,2016.0,,82.93075684380032,17.06924315619968
1506,Xenonauts 2,2026-04-02,39.99,0.0,Goldhawk Interactive,Hooded Horse,5675,4625,1050,Mostly Positive,"['RPG', 'Simulation', 'Strategy']",RPG,Simulation,Strategy,2026.0,,81.4977973568282,18.502202643171806
1507,Lost and Found Co.,2026-03-05,0.0,0.0,Bit Egg Inc.,Bit Egg Inc.,2669,2582,87,Very Positive,"['Casual', 'Indie']",Casual,Indie,,2026.0,,96.74035219183214,3.259647808167853
1508,Stationeers,2017-12-12,34.99,0.0,RocketWerkz,RocketWerkz,9190,8064,1126,Very Positive,"['Action', 'Indie', 'Simulation', 'Early Access']",Action,Indie,Simulation,2017.0,,87.74755168661589,12.252448313384114
1509,Rust - Sunburn Pack,2020-07-09,9.99,4.99,Facepunch Studios,Facepunch Studios,2232,2055,177,Very Positive,"['Action', 'Adventure', 'Indie', 'Massively Multiplayer']",Action,Adventure,Indie,2020.0,50.0,92.06989247311827,7.93010752688172
1510,Taiko no Tatsujin: Rhythm Festival,2024-11-06,0.0,0.0,Bandai Namco Amusement Lab Inc.,Bandai Namco Entertainment Inc.,1580,1335,245,Mostly Positive,['Casual'],Casual,,,2024.0,,84.49367088607595,15.50632911392405
1511,Cooking Simulator,2019-06-06,19.99,0.0,Big Cheese Studio,Big Cheese Studio,19653,16648,3005,Very Positive,"['Casual', 'Simulation']",Casual,Simulation,,2019.0,,84.70971352974101,15.290286470258993
1512,Little Witch in the Woods,2025-09-14,19.99,0.0,SUNNY SIDE UP,SUNNY SIDE UP,12958,11535,1423,Very Positive,"['Adventure', 'Casual', 'Indie', 'RPG']",Adventure,Casual,Indie,2025.0,,89.01836703194938,10.981632968050626
1513,Northgard: Definitive Edition,2018-03-07,34.99,0.0,Shiro Games,Shiro Games,68619,58526,10093,Very Positive,"['Adventure', 'Indie', 'Simulation', 'Strategy']",Adventure,Indie,Simulation,2018.0,,85.29124586484794,14.708754135152072
1514,Viscera Cleanup Detail,2015-10-23,12.99,0.0,RuneStorm,RuneStorm,23695,21851,1844,Very Positive,"['Indie', 'Simulation']",Indie,Simulation,,2015.0,,92.21776746148976,7.782232538510233
1515,"Little Kitty, Big City",2024-05-09,0.0,0.0,Double Dagger Studio,Double Dagger Studio,13757,13327,430,Overwhelmingly Positive,"['Adventure', 'Casual', 'Indie', 'Simulation']",Adventure,Casual,Indie,2024.0,,96.874318528749,3.1256814712509997
1516,Sonic Adventure 2,2012-11-19,9.99,0.0,SEGA,SEGA,28308,25268,3040,Very Positive,['Action'],Action,,,2012.0,,89.26098629362724,10.739013706372756
1517,MIO: Memories in Orbit,2026-01-20,19.99,0.0,Douze Dixièmes,Focus Entertainment,4587,3814,773,Very Positive,"['Action', 'Adventure', 'Indie']",Action,Adventure,Indie,2026.0,,83.14802703291912,16.85197296708088
1518,Divinity: Original Sin - Enhanced Edition,2015-10-27,39.99,3.99,Larian Studios,Larian Studios,32699,29197,3502,Very Positive,"['Adventure', 'Indie', 'RPG', 'Strategy']",Adventure,Indie,RPG,2015.0,90.0,89.29019236062264,10.70980763937735
1519,American Truck Simulator - Arkansas,2024-09-16,11.99,0.0,SCS Software,SCS Software,306,249,57,Very Positive,"['Indie', 'Simulation']",Indie,Simulation,,2024.0,,81.37254901960785,18.627450980392158
1520,Broken Reality 2000,2026-07-27,14.99,13.49,Dynamic Media Triad,Digital Tribe,216,171,45,Mostly Positive,"['Adventure', 'Casual', 'Indie']",Adventure,Casual,Indie,2026.0,10.0,79.16666666666666,20.833333333333336
1521,CarX Street,2024-08-29,19.99,0.0,"CarX Technologies, LLC","CarX Technologies, LLC",19259,13662,5597,Mostly Positive,"['Massively Multiplayer', 'Racing', 'Simulation', 'Sports']",Massively Multiplayer,Racing,Simulation,2024.0,,70.93826263045848,29.06173736954151
1522,Star Birds,2025-09-10,19.99,0.0,Toukana Interactive,Toukana Interactive,3045,2805,240,Very Positive,"['Casual', 'Indie', 'Simulation', 'Strategy']",Casual,Indie,Simulation,2025.0,,92.11822660098522,7.8817733990147785
1523,The Jackbox Party Pack 8,2021-10-13,29.99,0.0,"Jackbox Games, Inc.","Jackbox Games, Inc.",1432,1290,142,Very Positive,"['Casual', 'Indie', 'Strategy']",Casual,Indie,Strategy,2021.0,,90.08379888268156,9.916201117318437
1524,Sleeping Dogs: Definitive Edition,2014-10-08,19.99,0.0,United Front Games,Square Enix,78719,74068,4651,Overwhelmingly Positive,"['Action', 'Adventure', 'Racing']",Action,Adventure,Racing,2014.0,,94.09164242431942,5.9083575756805855
1525,Getting Over It with Bennett Foddy,2017-12-06,7.99,0.0,Bennett Foddy,Bennett Foddy,82233,67658,14575,Mostly Positive,['Action'],Action,,,2017.0,,82.27597193340873,17.72402806659127
1526,Life is Strange Remastered,2022-02-01,39.99,0.0,Deck Nine,Square Enix,10720,9850,870,Overwhelmingly Positive,"['Action', 'Adventure']",Action,Adventure,,2022.0,,91.88432835820896,8.115671641791044
1527,Lightyear Frontier,2024-03-19,24.99,0.0,FRAME BREAK,FRAME BREAK,4658,3909,749,Mostly Positive,['Early Access'],Early Access,,,2024.0,,83.9201373980249,16.079862601975098
1528,Far Cry® Primal,2016-02-29,29.99,0.0,Ubisoft,Ubisoft,40898,35316,5582,Very Positive,"['Action', 'Adventure']",Action,Adventure,,2016.0,,86.35141082693531,13.648589173064698
1529,Sid Meier’s Civilization® VI: Rise and Fall,2018-02-07,29.99,14.99,Firaxis Games,2K,2873,1687,1186,Mixed,['Strategy'],Strategy,,,2018.0,50.0,58.71910894535329,41.28089105464671
1530,Old World,2022-05-18,39.99,0.0,Mohawk Games,Hooded Horse,6769,5576,1193,Very Positive,"['RPG', 'Simulation', 'Strategy']",RPG,Simulation,Strategy,2022.0,,82.37553552962032,17.62446447037967
1531,VOIN,2024-12-10,19.99,0.0,Nikita Sozidar,tinyBuild,3548,3334,214,Very Positive,"['Action', 'Adventure', 'Indie', 'RPG']",Action,Adventure,Indie,2024.0,,93.9684329199549,6.031567080045096
1532,Atelier Yumia: The Alchemist of Memories & the Envisioned Land,2025-03-20,69.99,39.89,"KOEI TECMO GAMES CO., LTD.","KOEI TECMO GAMES CO., LTD.",3265,2096,1169,Mixed,"['Action', 'Adventure', 'RPG']",Action,Adventure,RPG,2025.0,43.0,64.19601837672282,35.80398162327718
1533,Teenage Mutant Ninja Turtles: Splintered Fate,2024-11-06,29.99,0.0,Super Evil Megacorp,Super Evil Megacorp,4366,3636,730,Very Positive,"['Action', 'Adventure', 'Indie', 'RPG']",Action,Adventure,Indie,2024.0,,83.27989005955108,16.720109940448925
1534,Letter Lost,2026-06-10,19.99,0.0,FlatNine Games,FlatNine Games,172,147,25,Very Positive,"['Adventure', 'Indie']",Adventure,Indie,,2026.0,,85.46511627906976,14.534883720930234
1535,FINAL FANTASY V,2021-11-10,17.99,0.0,Square Enix,Square Enix,2465,2208,257,Very Positive,['RPG'],RPG,,,2021.0,,89.57403651115618,10.425963488843813
1536,The Sims™ 4 Get Famous,2018-11-15,39.99,19.99,Maxis,Electronic Arts,184,114,70,Mixed,['Simulation'],Simulation,,,2018.0,50.0,61.95652173913043,38.04347826086957
1537,Crusader Kings III: Royal Court,2022-02-08,29.99,0.0,Paradox Development Studio,Paradox Interactive,4649,1935,2714,Mixed,"['RPG', 'Simulation', 'Strategy']",RPG,Simulation,Strategy,2022.0,,41.621854162185414,58.378145837814586
1538,Fallout Tactics: Brotherhood of Steel,2001-03-01,9.99,2.49,14° East,Bethesda Softworks,2923,2303,620,Very Positive,['Strategy'],Strategy,,,2001.0,75.0,78.78891549777626,21.21108450222374
1539,KLETKA,2026-02-19,9.99,0.0,Callback,Callback,7725,6988,737,Very Positive,"['Action', 'Adventure', 'Indie']",Action,Adventure,Indie,2026.0,,90.45954692556634,9.540453074433657
1540,theHunter: Call of the Wild™ - Emerald Coast Australia,2023-06-20,7.99,3.99,Expansive Worlds,Avalanche Studios,543,478,65,Very Positive,"['Adventure', 'Simulation', 'Sports']",Adventure,Simulation,Sports,2023.0,50.0,88.02946593001842,11.970534069981584
1541,Erenshor,2025-04-14,0.0,0.0,Burgee Media,Burgee Media,2153,2030,123,Very Positive,"['Action', 'Adventure', 'RPG', 'Early Access']",Action,Adventure,RPG,2025.0,,94.28704133766837,5.712958662331631
1542,SOMA,2015-09-21,29.99,0.0,Frictional Games,Frictional Games,52235,50075,2160,Very Positive,"['Action', 'Adventure', 'Indie']",Action,Adventure,Indie,2015.0,,95.8648415813152,4.1351584186847905
1543,ARK: Genesis Season Pass,2019-08-08,14.99,0.0,Studio Wildcard,Snail Games USA,6806,3658,3148,Mostly Negative,"['Action', 'Adventure', 'Indie', 'Massively Multiplayer']",Action,Adventure,Indie,2019.0,,53.746694093446955,46.253305906553045
1544,Thomas & Friends™: Wonders of Sodor,2026-03-17,39.99,0.0,Dovetail Games,Dovetail Games,847,749,98,Very Positive,['Simulation'],Simulation,,,2026.0,,88.42975206611571,11.570247933884298
1545,Dungeons & Degenerate Gamblers,2024-08-08,0.0,0.0,Purple Moss Collectors,Yogscast Games,3469,2832,637,Mostly Positive,"['Casual', 'Indie', 'RPG', 'Strategy']",Casual,Indie,RPG,2024.0,,81.63735946958778,18.36264053041222
1546,Feed and Grow: Fish,2016-01-08,14.99,0.0,Old B1ood,Greens s.r.o.,21521,16820,4701,Mostly Positive,"['Action', 'Indie', 'Simulation', 'Early Access']",Action,Indie,Simulation,2016.0,,78.15621950652852,21.843780493471492
1547,Mortal Online 2,2022-01-25,39.99,0.0,Star Vault AB,Star Vault AB,13875,8333,5542,Mixed,"['Action', 'Indie', 'Massively Multiplayer', 'RPG']",Action,Indie,Massively Multiplayer,2022.0,,60.05765765765766,39.94234234234234
1548,The Evil Within,2014-10-13,19.99,4.99,Tango Gameworks,Bethesda Softworks,33313,28386,4927,Very Positive,['Action'],Action,,,2014.0,75.0,85.20997808663284,14.790021913367154
1549,Potion Craft: Alchemist Simulator,2022-12-13,19.99,0.0,niceplay games,tinyBuild,44276,41145,3131,Overwhelmingly Positive,"['Indie', 'Simulation']",Indie,Simulation,,2022.0,,92.92844882103171,7.071551178968289
1550,ZERO Sievert,2024-10-23,19.99,0.0,CABO Studio,Modern Wolf,15110,12792,2318,Very Positive,"['Action', 'Adventure', 'Indie']",Action,Adventure,Indie,2024.0,,84.65916611515553,15.340833884844473
1551,BATTLETECH,2018-04-24,39.99,0.0,Harebrained Schemes,Paradox Interactive,33060,27762,5298,Very Positive,"['Action', 'Adventure', 'Strategy']",Action,Adventure,Strategy,2018.0,,83.97459165154265,16.02540834845735
1552,Crusader Kings III: Tours & Tournaments,2023-05-11,29.99,0.0,Paradox Development Studio,Paradox Interactive,1601,1177,424,Mostly Positive,"['RPG', 'Simulation', 'Strategy']",RPG,Simulation,Strategy,2023.0,,73.51655215490318,26.483447845096812
1553,Need for Speed™ Payback,2017-11-06,0.0,0.0,Ghost Games,Electronic Arts,31769,27143,4626,Very Positive,"['Action', 'Adventure', 'Racing', 'Sports']",Action,Adventure,Racing,2017.0,,85.4386351474708,14.561364852529197
1554,"Expansion - Hearts of Iron IV: No Compromise, No Surrender",2025-11-20,29.99,0.0,Paradox Development Studio,Paradox Interactive,1847,597,1250,Very Negative,"['Simulation', 'Strategy']",Simulation,Strategy,,2025.0,,32.322685435841905,67.6773145641581
1555,A Hat in Time,2017-10-05,29.99,0.0,Gears for Breakfast,Gears for Breakfast,53349,52180,1169,Overwhelmingly Positive,"['Adventure', 'Indie']",Adventure,Indie,,2017.0,,97.80876867420196,2.191231325798047
1556,Rune Factory: Guardians of Azuma,2025-06-04,59.99,0.0,Marvelous Inc.,XSEED Games,3619,3202,417,Very Positive,"['Action', 'Adventure', 'RPG']",Action,Adventure,RPG,2025.0,,88.47747996684167,11.522520033158331
1557,Aliens: Dark Descent,2023-06-19,39.99,0.0,Tindalos Interactive,Focus Entertainment,18565,16264,2301,Very Positive,"['Action', 'Strategy']",Action,Strategy,,2023.0,,87.60570966873148,12.394290331268516
1558,Grimshire,2025-07-22,0.0,0.0,Acute Owl Studio,Acute Owl Studio,3265,3192,73,Overwhelmingly Positive,"['Indie', 'RPG', 'Simulation', 'Early Access']",Indie,RPG,Simulation,2025.0,,97.76416539050537,2.23583460949464
1559,ROMEO IS A DEAD MAN,2026-02-10,49.99,0.0,GRASSHOPPER MANUFACTURE INC.,GRASSHOPPER MANUFACTURE INC.,2147,1897,250,Mostly Positive,"['Action', 'Adventure']",Action,Adventure,,2026.0,,88.35584536562645,11.644154634373544
1560,Little Nightmares II,2021-02-10,0.0,0.0,Tarsier Studios,BANDAI NAMCO Entertainment,58220,54152,4068,Very Positive,['Adventure'],Adventure,,,2021.0,,93.01271040879423,6.987289591205771
1561,Sonic Origins,2022-06-22,29.99,0.0,Sonic Team,SEGA,6313,4814,1499,Very Positive,"['Action', 'Adventure', 'Casual']",Action,Adventure,Casual,2022.0,,76.25534611119912,23.744653888800887
1562,Cursed Companions,2026-07-09,8.99,0.0,Crimson Forge Studios,Crimson Forge Studios,432,349,83,Mixed,"['Action', 'Adventure', 'Indie']",Action,Adventure,Indie,2026.0,,80.78703703703704,19.212962962962962
1563,theHunter: Call of the Wild™ - Silver Ridge Peaks,2020-06-23,7.99,3.99,Expansive Worlds,Avalanche Studios,868,637,231,Mostly Positive,"['Adventure', 'Simulation', 'Sports']",Adventure,Simulation,Sports,2020.0,50.0,73.38709677419355,26.61290322580645
1564,Tiny Tina's Wonderlands,2022-06-23,29.99,0.0,Gearbox Software,2K,24600,17355,7245,Mixed,"['Action', 'Adventure', 'RPG']",Action,Adventure,RPG,2022.0,,70.54878048780488,29.45121951219512
1565,Peripeteia,2025-02-21,0.0,0.0,Ninth Exodus,Ninth Exodus,3281,2822,459,Very Positive,"['Action', 'Indie', 'RPG', 'Simulation']",Action,Indie,RPG,2025.0,,86.01036269430051,13.989637305699482
1566,Alice: Madness Returns,2011-06-17,0.0,0.0,Spicy Horse Games,Electronic Arts,30391,27573,2818,Very Positive,"['Action', 'Adventure']",Action,Adventure,,2011.0,,90.72751801520187,9.27248198479813
1567,LEGO® The Lord of the Rings™,2012-11-27,19.99,3.99,Traveller's Tales,Warner Bros. Interactive Entertainment,16001,14422,1579,Very Positive,"['Action', 'Adventure']",Action,Adventure,,2012.0,80.0,90.1318667583276,9.868133241672396
1568,Mahou Arms,2026-07-27,39.99,0.0,Dischan Media,Sekai Project,629,473,156,Mixed,"['Action', 'Adventure']",Action,Adventure,,2026.0,,75.19872813990462,24.80127186009539
1569,Mafia: Definitive Edition,2020-09-24,39.99,0.0,Hangar 13,2K,109469,95096,14373,Very Positive,"['Action', 'Adventure']",Action,Adventure,,2020.0,,86.87025550612503,13.129744493874979
1570,Idle Champions of the Forgotten Realms,2020-03-25,0.0,0.0,Codename Entertainment Inc.,Codename Entertainment Inc.,15014,11562,3452,Mixed,"['Action', 'Adventure', 'Indie', 'Strategy']",Action,Adventure,Indie,2020.0,,77.00812574930065,22.991874250699347
1571,ENDLESS Legend™ 2,2025-09-22,49.99,0.0,AMPLITUDE Studios,Hooded Horse,2744,2289,455,Mostly Positive,"['RPG', 'Simulation', 'Strategy', 'Early Access']",RPG,Simulation,Strategy,2025.0,,83.41836734693877,16.581632653061224
1572,ANIMAL WELL,2024-05-09,24.99,0.0,Billy Basso,Bigmode,24365,23334,1031,Overwhelmingly Positive,"['Action', 'Adventure', 'Indie']",Action,Adventure,Indie,2024.0,,95.76852041863329,4.231479581366714
1573,Gambonanza,2026-05-01,14.99,0.0,Blukulélé,Sidekick Publishing,1593,1206,387,Mostly Positive,"['Casual', 'Simulation', 'Strategy']",Casual,Simulation,Strategy,2026.0,,75.70621468926554,24.293785310734464
1574,UNBEATABLE - Breakout Edition Upgrade,2025-12-09,9.99,0.0,D-CELL GAMES,Playstack,113,112,1,Very Positive,['Adventure'],Adventure,,,2025.0,,99.11504424778761,0.8849557522123894
1575,Two Point Museum: Zooseum,2025-12-02,10.99,0.0,Two Point Studios,SEGA,194,166,28,Very Positive,"['Casual', 'Indie', 'Simulation', 'Strategy']",Casual,Indie,Simulation,2025.0,,85.56701030927834,14.432989690721648
1576,The Precinct,2025-05-13,29.99,20.09,Fallen Tree Games Ltd,Kwalee,9107,7971,1136,Very Positive,"['Action', 'Indie', 'Simulation']",Action,Indie,Simulation,2025.0,33.0,87.5260788404524,12.4739211595476
1577,Bendy and the Ink Machine,2017-02-10,19.99,0.0,Joey Drew Studios,Joey Drew Studios,36636,32618,4018,Very Positive,"['Action', 'Adventure', 'Indie', 'Strategy']",Action,Adventure,Indie,2017.0,,89.03264548531499,10.96735451468501
1578,The Sims™ 4 Vampires,2017-01-24,19.99,13.99,Maxis,Electronic Arts,316,216,100,Mixed,"['Casual', 'Simulation']",Casual,Simulation,,2017.0,30.0,68.35443037974683,31.645569620253166
1579,Age of Wonders 4: Giant Kings,2025-04-01,24.99,0.0,Triumph Studios,Paradox Interactive,272,233,39,Very Positive,['Strategy'],Strategy,,,2025.0,,85.66176470588235,14.338235294117647
1580,Legacy of Kain: Defiance Remastered,2026-03-03,24.99,12.49,Crystal Dynamics,Crystal Dynamics,695,674,21,Very Positive,"['Action', 'Adventure']",Action,Adventure,,2026.0,50.0,96.97841726618705,3.0215827338129495
1581,NieR Replicant™ ver.1.22474487139...,2021-04-23,59.99,0.0,Square Enix,Square Enix,28192,24882,3310,Very Positive,"['Action', 'Adventure', 'RPG']",Action,Adventure,RPG,2021.0,,88.25908059023837,11.740919409761634
1582,Cruelty Squad,2021-06-15,19.99,1.99,Consumer Softproducts,Consumer Softproducts,24603,23641,962,Very Positive,"['Action', 'Indie', 'Simulation']",Action,Indie,Simulation,2021.0,90.0,96.08990773482908,3.9100922651709142
1583,"Below, Rusted Gods",2026-07-29,11.68,7.14,FromSouthGames,FromSouthGames,177,159,18,Very Positive,"['Adventure', 'Indie', 'Simulation']",Adventure,Indie,Simulation,2026.0,39.0,89.83050847457628,10.16949152542373
1584,City Car Driving 2.0,2026-06-16,29.99,0.0,"Forward Development, Ltd."," Forward Global Group, Ltd.",1094,682,412,Mixed,"['Indie', 'Racing', 'Simulation', 'Early Access']",Indie,Racing,Simulation,2026.0,,62.3400365630713,37.6599634369287
1585,For The King II: Into The Wild Character Pack,2026-05-05,7.99,6.39,IronOak Games,Curve Games,17,16,1,Positive,"['Adventure', 'Indie', 'RPG', 'Strategy']",Adventure,Indie,RPG,2026.0,20.0,94.11764705882352,5.88235294117647
1586,The Long Drive,2019-09-25,15.99,0.0,Genesz,Genesz,56022,49546,6476,Very Positive,"['Action', 'Adventure', 'Casual', 'Indie']",Action,Adventure,Casual,2019.0,,88.44025561386599,11.55974438613402
1587,Call to Arms - Gates of Hell: Talvisota,2022-06-08,19.99,0.0,Barbedwire Studios,Digitalmindsoft,667,513,154,Very Positive,"['Action', 'Simulation', 'Strategy']",Action,Simulation,Strategy,2022.0,,76.91154422788605,23.088455772113946
1588,Attack on Titan 2 - A.O.T.2,2023-04-26,39.99,0.0,"KOEI TECMO GAMES CO., LTD.","KOEI TECMO GAMES CO., LTD.",7804,7278,526,Very Positive,['Action'],Action,,,2023.0,,93.25986673500769,6.740133264992311
1589,"Warhammer 40,000: Space Marine 2 - Black Templars Champion Pack",2025-09-04,7.99,0.0,Saber Interactive,Focus Entertainment,246,222,24,Mostly Positive,"['Action', 'Adventure', 'RPG']",Action,Adventure,RPG,2025.0,,90.2439024390244,9.75609756097561
1590,Directive 8020,2026-05-12,49.99,0.0,Supermassive Games,Supermassive Games,2182,1365,817,Mixed,"['Action', 'Adventure']",Action,Adventure,,2026.0,,62.55728689275893,37.44271310724107
1591,Dead by Daylight: Five Nights at Freddy’s,2025-06-17,4.99,0.0,Behaviour Interactive Inc.,Behaviour Interactive Inc.,2727,2370,357,Very Positive,['Action'],Action,,,2025.0,,86.90869086908691,13.091309130913093
1592,Dungeon Alchemist,2022-03-31,0.0,0.0,Briganti,Briganti,3889,3686,203,Very Positive,"['RPG', 'Early Access']",RPG,Early Access,,2022.0,,94.78014913859603,5.21985086140396
1593,High Times,2026-07-23,0.0,0.0,Yangyang Mobile,Yangyang Mobile,126,117,9,Very Positive,"['Casual', 'Indie', 'Simulation']",Casual,Indie,Simulation,2026.0,,92.85714285714286,7.142857142857142
1594,Hellish Quart,2021-02-16,17.99,0.0,Kubold,Kubold,8459,7478,981,Very Positive,"['Action', 'Early Access']",Action,Early Access,,2021.0,,88.40288450171415,11.59711549828585
1595,Throne and Liberty Nix Celebration Pack: Platinum,2026-06-25,149.99,0.0,NC,Amazon Game Studios,0,0,0,"['Action', 'Adventure', 'Massively Multiplayer', 'RPG']","['None', 'None', 'None', 'None']",None,None,None,2026.0,,,
1596,Rocksmith® 2014 Edition REMASTERED LEARN & PLAY,2024-12-19,9.99,0.0,Ubisoft - San Francisco,Ubisoft,25270,22225,3045,Mostly Positive,"['Casual', 'Simulation']",Casual,Simulation,,2024.0,,87.95013850415513,12.049861495844876
1597,Ghost Janitors,2025-11-08,0.0,0.0,Interactive Wave Studio,Interactive Wave Studio,1083,934,149,Very Positive,"['Action', 'Adventure', 'Indie']",Action,Adventure,Indie,2025.0,,86.24192059095105,13.758079409048937
1598,Nothing To Declare,2026-07-25,9.99,6.99,Rogue Duck Interactive,Rogue Duck Interactive,165,127,38,Mostly Positive,"['Casual', 'Indie', 'Simulation']",Casual,Indie,Simulation,2026.0,30.0,76.96969696969697,23.03030303030303
1599,Besiege: The Broken Beyond,2026-06-22,8.99,7.19,Spiderling Studios,Spiderling Studios,160,140,20,Mostly Positive,"['Indie', 'Simulation']",Indie,Simulation,,2026.0,20.0,87.5,12.5
1600,The Headliners,2025-01-30,7.99,0.0,KAFI,KAFI,10346,8923,1423,Very Positive,"['Action', 'Indie']",Action,Indie,,2025.0,,86.24589213222501,13.754107867774987
1601,Storebound,2026-07-16,7.99,0.0,Embers,Embers,1273,996,277,Mostly Positive,"['Action', 'Adventure', 'Indie']",Action,Adventure,Indie,2026.0,,78.24037706205813,21.75962293794187
1602,Street Fighter™ 6 - Year 2 Ultimate Pass,2024-06-07,49.99,0.0,"CAPCOM Co., Ltd.","CAPCOM Co., Ltd.",153,100,53,Mixed,"['Action', 'Adventure']",Action,Adventure,,2024.0,,65.359477124183,34.64052287581699
1603,PICO PARK 2,2024-09-12,8.99,0.0,TECOPARK,TECOPARK,4681,4149,532,Very Positive,"['Action', 'Casual']",Action,Casual,,2024.0,,88.63490707113864,11.365092928861355
1604,Destiny 2: Triumphant Silver Bundle,2021-12-07,9.99,0.0,Bungie,Bungie,203,128,75,Mixed,"['Action', 'Adventure', 'Free To Play']",Action,Adventure,Free To Play,2021.0,,63.05418719211823,36.94581280788177
1605,Dune: Imperium - Uprising,2026-06-09,14.99,0.0,Dire Wolf,Dire Wolf,55,48,7,Very Positive,"['Simulation', 'Strategy']",Simulation,Strategy,,2026.0,,87.27272727272727,12.727272727272727
1606,Yakuza: Like a Dragon,2020-11-10,19.99,0.0,RGG Studio,SEGA,37261,35034,2227,Very Positive,"['Action', 'Adventure', 'RPG']",Action,Adventure,RPG,2020.0,,94.02324145889804,5.976758541101956
1607,Bully: Scholarship Edition,2008-10-21,7.99,0.0,Rockstar New England,Rockstar Games,41695,35215,6480,Very Positive,"['Action', 'Adventure']",Action,Adventure,,2008.0,,84.45856817364192,15.541431826358076
1608,Two Point Museum: Arty-Facts,2026-05-07,10.99,0.0,Two Point Studios,SEGA,98,90,8,Very Positive,"['Casual', 'Indie', 'Simulation', 'Strategy']",Casual,Indie,Simulation,2026.0,,91.83673469387756,8.16326530612245
1609,Bopl Battle,2023-11-16,0.0,0.0,Johan Grönvall,Zapray Games,25427,24716,711,Overwhelmingly Positive,['Action'],Action,,,2023.0,,97.20375978290792,2.7962402170920675
1610,Melvor Idle,2021-11-18,9.99,0.0,Games by Malcs,Jagex Ltd,16039,14457,1582,Very Positive,"['Adventure', 'Casual', 'Indie', 'RPG']",Adventure,Casual,Indie,2021.0,,90.13654217844005,9.863457821559948
1611,Friends vs Friends,2023-05-30,9.99,2.49,Brainwash Gang,Raw Fury,14654,12120,2534,Mostly Positive,"['Action', 'Indie']",Action,Indie,,2023.0,75.0,82.70779309403575,17.292206905964242
1612,FIVE NIGHTS AT FREDDY'S: HELP WANTED,2019-05-28,29.99,0.0,Steel Wool Studios,ScottGames,13096,12538,558,Very Positive,"['Action', 'Casual']",Action,Casual,,2019.0,,95.73915699450214,4.260843005497862
1613,Pinball FX,2023-04-13,0.0,0.0,Zen Studios,Zen Studios,2723,1984,739,Very Positive,"['Simulation', 'Free To Play']",Simulation,Free To Play,,2023.0,,72.86081527726772,27.139184722732278
1614,Age of Empires II: DE – The Last Chieftains,2026-02-17,19.99,0.0,Forgotten Empires,Xbox Game Studios,529,263,266,Mixed,['Strategy'],Strategy,,,2026.0,,49.7164461247637,50.2835538752363
1615,Scriptorium: Master of Manuscripts,2026-04-16,0.0,0.0,Yaza Games,Mythwright,1074,1053,21,Very Positive,"['Casual', 'Indie', 'Simulation']",Casual,Indie,Simulation,2026.0,,98.04469273743017,1.9553072625698324
1616,Valve Index® Headset,,499.0,0.0,,,0,0,0,['None'],"['None', 'None', 'None', 'None']",None,None,None,,,,
1617,Bladesong,2026-01-22,0.0,0.0,SUN AND SERPENT creations,Mythwright,1484,1412,72,Very Positive,"['Indie', 'RPG', 'Simulation', 'Early Access']",Indie,RPG,Simulation,2026.0,,95.14824797843666,4.8517520215633425
1618,Mechabellum,2024-09-26,14.99,10.49,Game River,Dreamhaven,19200,16079,3121,Very Positive,"['Action', 'Indie', 'Massively Multiplayer', 'Simulation']",Action,Indie,Massively Multiplayer,2024.0,30.0,83.74479166666666,16.255208333333336
1619,Sackboy™: A Big Adventure,2022-10-27,59.99,0.0,Sumo Digital,PlayStation Publishing LLC,4419,3698,721,Very Positive,['Adventure'],Adventure,,,2022.0,,83.68409142339895,16.31590857660104
1620,Aviassembly,2025-04-11,9.99,0.0,Jelle Booij,Jelle Booij,9251,8938,313,Overwhelmingly Positive,"['Simulation', 'Early Access']",Simulation,Early Access,,2025.0,,96.6165819911361,3.3834180088639068
1621,Monsters are Coming!,2025-11-20,8.99,6.29,Ludogram,Raw Fury,2759,2223,536,Mostly Positive,"['Action', 'Indie', 'Strategy']",Action,Indie,Strategy,2025.0,30.0,80.57267125770207,19.427328742297934
1622,Ghostrunner,2020-10-27,0.0,0.0,One More Level,505 Games,66515,60676,5839,Very Positive,['Action'],Action,,,2020.0,,91.22152897842591,8.77847102157408
1623,Just Cause™ 3,2015-11-30,19.99,0.0,Avalanche Studios,Square Enix,127600,107674,19926,Very Positive,"['Action', 'Adventure']",Action,Adventure,,2015.0,,84.38401253918495,15.615987460815047
1624,Baby Steps,2025-09-23,29.73,19.53,Gabe Cuzzillo,Devolver Digital,2605,2351,254,Very Positive,"['Action', 'Adventure', 'Casual', 'Indie']",Action,Adventure,Casual,2025.0,34.0,90.24952015355086,9.750479846449137
1625,Five Nights at Freddy's 2,2014-11-10,7.99,0.0,Scott Cawthon,Scott Cawthon,25991,24352,1639,Very Positive,['Indie'],Indie,,,2014.0,,93.69397098995806,6.306029010041938
1626,Screamer,2026-03-26,0.0,0.0,Milestone S.r.l.,Milestone S.r.l.,1164,952,212,Mostly Positive,['Racing'],Racing,,,2026.0,,81.78694158075601,18.213058419243985
1627,American Truck Simulator - Oregon,2018-10-04,11.99,0.0,SCS Software,SCS Software,1028,970,58,Very Positive,"['Indie', 'Simulation']",Indie,Simulation,,2018.0,,94.3579766536965,5.642023346303502
1628,Killing Floor 2,2016-11-18,29.99,0.0,Tripwire Interactive,Tripwire Interactive,130546,114686,15860,Very Positive,['Action'],Action,,,2016.0,,87.85102569209322,12.148974307906792
1629,Gamblers Table,2026-01-11,6.99,0.0,greenpixels,greenpixels,2722,1996,726,Very Positive,"['Casual', 'Indie', 'Simulation', 'Strategy']",Casual,Indie,Simulation,2026.0,,73.32843497428362,26.671565025716387
1630,Total War: WARHAMMER III - Dechala – Tides of Torment,2025-12-04,8.99,0.0,CREATIVE ASSEMBLY,SEGA,442,263,179,Mixed,"['Action', 'Strategy']",Action,Strategy,,2025.0,,59.502262443438916,40.497737556561084
1631,Guild Wars 2® Secrets of the Obscure™ Expansion,2023-08-22,24.99,0.0,ArenaNet®,NCSOFT,165,76,89,Mixed,"['Adventure', 'Massively Multiplayer', 'RPG', 'Free To Play']",Adventure,Massively Multiplayer,RPG,2023.0,,46.06060606060606,53.939393939393945
1632,MOLDRISE,2026-07-20,11.99,0.0,Raffaele Picca,Raffaele Picca,307,299,8,Very Positive,"['Adventure', 'Indie']",Adventure,Indie,,2026.0,,97.39413680781759,2.6058631921824107
1633,Moonlighter 2: The Endless Vault,2025-11-19,29.99,0.0,Digital Sun,11 bit studios,3028,2577,451,Mixed,"['Action', 'Adventure', 'RPG', 'Early Access']",Action,Adventure,RPG,2025.0,,85.10568031704095,14.894319682959049
1634,BERSERK and the Band of the Hawk,2017-02-21,59.99,23.99,"KOEI TECMO GAMES CO., LTD.","KOEI TECMO GAMES CO., LTD.",4170,3430,740,Very Positive,['Action'],Action,,,2017.0,60.0,82.25419664268586,17.74580335731415
1635,RollerCoaster Tycoon® 3: Complete Edition,2020-09-24,19.99,0.0,Frontier Developments,Atari,2968,2590,378,Very Positive,"['Simulation', 'Strategy']",Simulation,Strategy,,2020.0,,87.26415094339622,12.735849056603774
1636,News Tower,2025-11-18,0.0,0.0,Sparrow Night,Twin Sails Interactive,4509,4239,270,Very Positive,"['Simulation', 'Strategy']",Simulation,Strategy,,2025.0,,94.01197604790418,5.9880239520958085
1637,BOXROOM,2026-06-11,7.99,0.0,Nested Loop Studios,Pantaloon,271,192,79,Mostly Positive,"['Indie', 'Simulation', 'Strategy', 'Early Access']",Indie,Simulation,Strategy,2026.0,,70.84870848708486,29.15129151291513
1638,Half-Life,1998-11-19,9.99,0.0,Valve,Valve,163271,157555,5716,Overwhelmingly Positive,['Action'],Action,,,1998.0,,96.4990720948607,3.5009279051393083
1639,Yakuza Kiwami 3 & Dark Ties,2026-02-11,0.0,0.0,RGG Studio,SEGA,3287,2046,1241,Mostly Positive,"['Action', 'Adventure', 'RPG']",Action,Adventure,RPG,2026.0,,62.245208396714325,37.75479160328567
1640,Age of Wonders 4: Thrones of Blood,2025-11-11,19.99,0.0,Triumph Studios,Paradox Interactive,191,137,54,Mostly Positive,['Strategy'],Strategy,,,2025.0,,71.72774869109948,28.272251308900525
1641,Sitting Ducks,2026-06-04,7.99,0.0,The Gang Studio,The Gang Studio ,87,72,15,Very Positive,"['Action', 'Adventure', 'Casual', 'Indie']",Action,Adventure,Casual,2026.0,,82.75862068965517,17.24137931034483
1642,The Quinfall,2026-02-06,9.99,0.0,Vawraek Technology Inc.,Vawraek Technology Inc.,12882,6613,6269,Mixed,['Massively Multiplayer'],Massively Multiplayer,,,2026.0,,51.335196398074835,48.664803601925165
1643,Terminator: Dark Fate - Defiance,2024-02-21,39.99,0.0,Slitherine Ltd.,Slitherine Ltd.,4411,3664,747,Very Positive,['Strategy'],Strategy,,,2024.0,,83.06506461119928,16.934935388800724
1644,The Wolf Among Us,2013-10-11,14.99,0.0,Telltale,Telltale,39965,39120,845,Overwhelmingly Positive,"['Action', 'Adventure', 'Casual']",Action,Adventure,Casual,2013.0,,97.88564994370074,2.1143500562992616
1645,Cities: Skylines II - Creator Pack: City Stations,2026-03-18,7.99,0.0,BadPeanut,Paradox Interactive,195,175,20,Very Positive,['Simulation'],Simulation,,,2026.0,,89.74358974358975,10.256410256410255
1646,Ukrainian Fight Drone Simulator (UFDS) - FPV drone simulator,2025-12-10,29.99,0.0,SIMTECH SOLUTIONS,SIMTECH SOLUTIONS,690,556,134,Very Positive,"['Action', 'Massively Multiplayer', 'Simulation']",Action,Massively Multiplayer,Simulation,2025.0,,80.57971014492755,19.420289855072465
1647,A Date with Death,2023-12-07,0.0,0.0,Two and a Half Studios,Two and a Half Studios,14502,14212,290,Overwhelmingly Positive,"['Indie', 'Simulation', 'Free To Play']",Indie,Simulation,Free To Play,2023.0,,98.00027582402427,1.9997241759757274
1648,FINAL FANTASY IV,2021-09-08,17.99,0.0,Square Enix,Square Enix,2993,2738,255,Very Positive,['RPG'],RPG,,,2021.0,,91.48012028065486,8.51987971934514
1649,Valve Index® Controllers,,279.0,0.0,,,0,0,0,['None'],"['None', 'None', 'None', 'None']",None,None,None,,,,
1650,Homura Hime,2026-03-04,24.99,19.99,Crimson Dusk,PLAYISM,2606,2342,264,Very Positive,"['Action', 'Indie']",Action,Indie,,2026.0,20.0,89.8695318495779,10.130468150422104
1651,Hello Kitty Island Adventure - City Town,2026-04-16,24.99,0.0,Sunblink,Sunblink,63,52,11,Very Positive,"['Action', 'Adventure', 'Casual', 'Indie']",Action,Adventure,Casual,2026.0,,82.53968253968253,17.46031746031746
1652,The Coffin of Andy and Leyley,2023-10-13,11.99,0.0,Kit9 Studio,Kit9 Studio,38823,37246,1577,Overwhelmingly Positive,"['Adventure', 'RPG', 'Early Access']",Adventure,RPG,Early Access,2023.0,,95.9379749117791,4.062025088220899
1653,Lost Judgment,2022-09-14,39.99,0.0,RGG Studio,SEGA,9542,8947,595,Very Positive,"['Action', 'Adventure', 'RPG']",Action,Adventure,RPG,2022.0,,93.76440997694404,6.2355900230559635
1654,The Great Ace Attorney Chronicles,2021-07-26,39.99,0.0,"CAPCOM Co., Ltd.","CAPCOM Co., Ltd.",9389,8854,535,Very Positive,['Adventure'],Adventure,,,2021.0,,94.3018425817446,5.698157418255406
1655,Dome Keeper: The Lost Keepers,2026-04-13,7.99,0.0,Bippinbits,Raw Fury,190,151,39,Very Positive,"['Action', 'Adventure', 'Indie', 'Simulation']",Action,Adventure,Indie,2026.0,,79.47368421052632,20.526315789473685
1656,DayZ Frostline,2024-10-15,26.99,0.0,Bohemia Interactive,Bohemia Interactive,3238,1762,1476,Mixed,"['Action', 'Adventure', 'Massively Multiplayer']",Action,Adventure,Massively Multiplayer,2024.0,,54.416306361951825,45.58369363804818
1657,Lunarium,2026-07-28,0.0,0.0,月相仪Lunarium,月相仪Lunarium,282,240,42,Very Positive,"['Action', 'Adventure', 'Indie', 'RPG']",Action,Adventure,Indie,2026.0,,85.1063829787234,14.893617021276595
1658,Rise of the Tomb Raider™,2016-02-09,29.99,0.0,Crystal Dynamics,Crystal Dynamics,154671,145654,9017,Very Positive,"['Action', 'Adventure']",Action,Adventure,,2016.0,,94.1702064381817,5.829793561818311
1659,Kathana,2025-08-08,0.0,0.0,Gameolic Development Studio,Gameolic Development Studio,567,421,146,Very Positive,"['Massively Multiplayer', 'RPG', 'Early Access']",Massively Multiplayer,RPG,Early Access,2025.0,,74.25044091710758,25.749559082892414
1660,Subway Builder,2026-07-17,39.99,0.0,Colin Miller,Borough Studio,311,165,146,Mixed,"['Indie', 'Simulation', 'Strategy']",Indie,Simulation,Strategy,2026.0,,53.054662379421224,46.94533762057878
1661,Resident Evil (1996),2026-04-01,9.99,0.0,"CAPCOM Co., Ltd.","CAPCOM Co., Ltd.",1632,1464,168,Overwhelmingly Positive,"['Action', 'Adventure']",Action,Adventure,,2026.0,,89.70588235294117,10.294117647058822
1662,Kusan: City of Wolves,2026-07-30,0.0,0.0,CIRCLEfromDOT,PQube,142,133,9,Very Positive,"['Action', 'Indie']",Action,Indie,,2026.0,,93.66197183098592,6.338028169014084
1663,The Jackbox Party Pack 4,2017-10-18,24.99,0.0,"Jackbox Games, Inc.","Jackbox Games, Inc.",3396,3227,169,Overwhelmingly Positive,"['Casual', 'Indie', 'Strategy']",Casual,Indie,Strategy,2017.0,,95.02355712603062,4.976442873969376
1664,ALL WILL FALL,2026-04-03,29.99,0.0,All Parts Connected,tinyBuild,1300,1005,295,Mostly Positive,"['Indie', 'Simulation', 'Strategy']",Indie,Simulation,Strategy,2026.0,,77.3076923076923,22.692307692307693
1665,My Friend Pedro,2019-06-20,19.99,3.99,DeadToast Entertainment,Devolver Digital,28395,27125,1270,Very Positive,"['Action', 'Indie']",Action,Indie,,2019.0,80.0,95.52738158126431,4.472618418735693
1666,SUPREMACY: WORLD WAR 3,2018-03-15,0.0,0.0,Dorado Games,Dorado Games,5954,4446,1508,Mostly Positive,"['Indie', 'Massively Multiplayer', 'Strategy', 'Free To Play']",Indie,Massively Multiplayer,Strategy,2018.0,,74.67248908296943,25.327510917030565
1667,Dead by Daylight - All Things Wicked Chapter,2024-03-12,7.99,0.0,Behaviour Interactive Inc.,Behaviour Interactive Inc.,850,729,121,Very Positive,['Action'],Action,,,2024.0,,85.76470588235294,14.23529411764706
1668,Assassin's Creed™: Director's Cut Edition,2008-04-09,19.99,0.0,Ubisoft Montreal,Ubisoft,25217,20322,4895,Mostly Positive,"['Action', 'Adventure']",Action,Adventure,,2008.0,,80.5884918903914,19.411508109608597
1669,A Game About Digging A Hole™,2025-02-07,4.99,0.0,DoubleBee,rokaplay select,19926,17809,2117,Very Positive,"['Adventure', 'Indie']",Adventure,Indie,,2025.0,,89.37569005319683,10.624309946803171
1670,The Complex: Expedition,2025-07-18,14.99,0.0,pgWave,pgWave,2686,2417,269,Very Positive,"['Action', 'Adventure', 'Simulation']",Action,Adventure,Simulation,2025.0,,89.98510796723752,10.014892032762472
1671,Viking Rise,2024-05-21,0.0,0.0,IGG SINGAPORE PTE. LTD.,IGG SINGAPORE PTE. LTD.,959,667,292,Mixed,"['Massively Multiplayer', 'RPG', 'Strategy', 'Free To Play']",Massively Multiplayer,RPG,Strategy,2024.0,,69.55161626694473,30.448383733055266
1672,American Truck Simulator - Washington,2019-06-11,11.99,0.0,SCS Software,SCS Software,757,708,49,Very Positive,"['Indie', 'Simulation']",Indie,Simulation,,2019.0,,93.52708058124173,6.472919418758257
1673,Overcooked,2016-08-03,20.49,4.09,Ghost Town Games Ltd.,Team17 Digital Ltd,16595,14877,1718,Very Positive,"['Action', 'Casual', 'Indie', 'Simulation']",Action,Casual,Indie,2016.0,80.0,89.64748418198253,10.352515818017476
1674,Castlevania Dominus Collection,2024-08-27,24.99,0.0,KONAMI,KONAMI,2707,2552,155,Very Positive,"['Action', 'RPG']",Action,RPG,,2024.0,,94.27410417436276,5.725895825637236
1675,Gloomhaven,2021-10-20,34.99,0.0,Flaming Fowl Studios,Twin Sails Interactive,16049,13164,2885,Mixed,"['Adventure', 'RPG', 'Strategy']",Adventure,RPG,Strategy,2021.0,,82.02380210605023,17.97619789394978
1676,No More Room in Hell 2,2024-10-22,29.99,0.0,Torn Banner Studios,Torn Banner Studios,21290,10447,10843,Mixed,"['Action', 'Indie', 'Early Access']",Action,Indie,Early Access,2024.0,,49.069985908877406,50.93001409112259
1677,What Remains of Edith Finch,2017-04-24,19.99,0.0,Giant Sparrow,Annapurna Interactive,52150,49849,2301,Overwhelmingly Positive,"['Adventure', 'Indie']",Adventure,Indie,,2017.0,,95.58772770853308,4.412272291466922
1678,"1,200 Welcome Pack - Rainbow Six Siege",2026-06-02,9.99,0.0,Ubisoft Montreal,Ubisoft,238,80,158,Mixed,"['Action', 'Free To Play']",Action,Free To Play,,2026.0,,33.61344537815126,66.38655462184873
1679,Unnamed Space Idle,2023-07-27,0.0,0.0,Sylv,Jdog Corp,4329,4009,320,Very Positive,"['Casual', 'Simulation', 'Free To Play', 'Early Access']",Casual,Simulation,Free To Play,2023.0,,92.6079926079926,7.392007392007392
1680,Forage Wizard,2026-05-05,6.99,5.59,Lost Maxim,Lost Maxim,1399,1220,179,Very Positive,"['Casual', 'Indie', 'Simulation', 'Strategy']",Casual,Indie,Simulation,2026.0,20.0,87.20514653323804,12.794853466761975
1681,PARKSIDE: DECAYED SOUL MANIPULATION,2026-07-30,0.0,0.0,Banana Hardsoft,Banana Hardsoft,79,69,10,Very Positive,"['Action', 'Indie', 'RPG']",Action,Indie,RPG,2026.0,,87.34177215189874,12.658227848101266
1682,Operation: New Earth,2016-12-14,0.0,0.0,Hunted Cow Games,Hunted Cow Games,838,506,332,Mixed,"['Massively Multiplayer', 'Simulation', 'Strategy', 'Free To Play']",Massively Multiplayer,Simulation,Strategy,2016.0,,60.381861575178995,39.618138424821005
1683,Dungeon Defenders,2011-10-18,14.99,0.0,Chromatic Games,Chromatic Games,18960,17650,1310,Mostly Positive,"['Action', 'Indie', 'RPG', 'Strategy']",Action,Indie,RPG,2011.0,,93.09071729957806,6.909282700421941
1684,Skate Story,2025-12-08,0.0,0.0,by Sam Eng,Devolver Digital,2992,2886,106,Very Positive,"['Action', 'Adventure', 'Indie', 'RPG']",Action,Adventure,Indie,2025.0,,96.4572192513369,3.5427807486631018
1685,Stellaris: Infernals Species Pack,2025-11-25,12.99,0.0,Paradox Development Studio,Paradox Interactive,261,111,150,Mixed,"['Simulation', 'Strategy']",Simulation,Strategy,,2025.0,,42.5287356321839,57.47126436781609
1686,Backyard Baseball '01,2025-07-08,9.99,0.0,Mega Cat Studios,Playground Productions,637,592,45,Very Positive,"['Casual', 'Sports']",Casual,Sports,,2025.0,,92.93563579277865,7.064364207221351
1687,EVERSPACE™ 2,2023-04-06,0.0,0.0,ROCKFISH Games,ROCKFISH Games,12940,11123,1817,Mostly Positive,"['Action', 'Adventure', 'RPG', 'Simulation']",Action,Adventure,RPG,2023.0,,85.95826893353942,14.041731066460587
1688,Peglin,2024-08-27,19.99,0.0,Red Nexus Games Inc.,Red Nexus Games Inc.,17584,14725,2859,Mostly Positive,"['Casual', 'Indie', 'RPG', 'Strategy']",Casual,Indie,RPG,2024.0,,83.7409008189263,16.2590991810737
1689,Kingdom Rush 5: Alliance TD,2024-07-25,19.99,0.0,Ironhide Game Studio,Ironhide Game Studio,11581,10220,1361,Very Positive,"['Indie', 'Strategy']",Indie,Strategy,,2024.0,,88.24799240134703,11.752007598652966
1690,OneShot,2016-12-08,9.99,5.99,Future Cat LLC,KOMODO,64228,63109,1119,Overwhelmingly Positive,"['Adventure', 'Casual', 'Indie']",Adventure,Casual,Indie,2016.0,40.0,98.25776919723485,1.7422308027651494
1691,Archon Soul,2026-07-29,13.99,9.79,PolyGryph,Goblinz Publishing,113,103,10,Very Positive,['Strategy'],Strategy,,,2026.0,30.0,91.1504424778761,8.849557522123893
1692,Rail Route,2024-02-22,24.99,0.0,Bitrich.info,Bitrich.info,2588,2288,300,Mostly Positive,"['Casual', 'Indie', 'Simulation', 'Strategy']",Casual,Indie,Simulation,2024.0,,88.4080370942813,11.591962905718702
1693,L.A. Noire,2011-11-08,7.99,0.0,Team Bondi,Rockstar Games,36720,31530,5190,Very Positive,"['Adventure', 'Strategy']",Adventure,Strategy,,2011.0,,85.86601307189542,14.133986928104575
1694,NINJA GAIDEN 2 Black,2025-01-23,49.99,24.99,"KOEI TECMO GAMES CO., LTD.","KOEI TECMO GAMES CO., LTD.",4085,3199,886,Mostly Positive,"['Action', 'Adventure']",Action,Adventure,,2025.0,50.0,78.31089351285189,21.689106487148102
1695,METAL GEAR SOLID 2: Sons of Liberty - Master Collection Version,2023-10-24,19.99,0.0,KONAMI,KONAMI,4308,3852,456,Very Positive,['Action'],Action,,,2023.0,,89.41504178272982,10.584958217270195
1696,Dead by Daylight - Stranger Things Chapter,2019-09-17,11.99,0.0,Behaviour Interactive Inc.,Behaviour Interactive Inc.,4125,3726,399,Very Positive,['Action'],Action,,,2019.0,,90.32727272727273,9.672727272727274
1697,Fallout 4: Game of the Year Edition,2015-11-09,19.99,7.99,Bethesda Game Studios,Bethesda Softworks,427453,347057,80396,Very Positive,['RPG'],RPG,,,2015.0,60.0,81.19185033208329,18.80814966791671
1698,KARDS - The WW2 Card Game,2020-04-15,0.0,0.0,1939 Games,1939 Games,50311,34536,15775,Mixed,"['Casual', 'Indie', 'Strategy', 'Free To Play']",Casual,Indie,Strategy,2020.0,,68.64502792629843,31.354972073701575
1699,ONE PIECE: PIRATE WARRIORS 4,2023-09-14,39.99,0.0,Koei Tecmo,BANDAI NAMCO Entertainment,21860,20049,1811,Very Positive,['Action'],Action,,,2023.0,,91.71546203110704,8.284537968892955
1700,Krita,2014-06-10,9.99,0.0,Krita Team,Krita Team,7779,7465,314,Very Positive,"['Indie', 'Animation & Modeling', 'Design & Illustration', 'Photo Editing']",Indie,Animation & Modeling,Design & Illustration,2014.0,,95.96349145134336,4.03650854865664
1701,LOLLIPOP CHAINSAW RePOP,2024-09-11,44.99,0.0,"DRAGAMI GAMES, LTD.","DRAGAMI GAMES, LTD.",2800,2489,311,Very Positive,['Action'],Action,,,2024.0,,88.89285714285714,11.107142857142858
1702,March of Empires,2017-12-11,0.0,0.0,Gameloft,Gameloft,1846,1152,694,Mixed,"['Massively Multiplayer', 'RPG', 'Strategy', 'Free To Play']",Massively Multiplayer,RPG,Strategy,2017.0,,62.405200433369444,37.594799566630556
1703,Project: Gorgon VIP Membership,2021-05-30,11.99,0.0,"Elder Game, LLC","Elder Game, LLC",31,24,7,Mostly Positive,"['Indie', 'Massively Multiplayer', 'RPG']",Indie,Massively Multiplayer,RPG,2021.0,,77.41935483870968,22.58064516129032
1704,The Elder Scrolls IV: Oblivion® Game of the Year Edition (2009),2007-09-11,14.99,3.74,Bethesda Game Studios,Bethesda Softworks,52842,50211,2631,Very Positive,['RPG'],RPG,,,2007.0,75.0,95.02100601794028,4.978993982059725
1705,Kingdom Come: Deliverance II Legacy of the Forge,2025-09-09,13.99,0.0,Warhorse Studios,Deep Silver,2189,1554,635,Very Positive,"['Action', 'Adventure', 'RPG']",Action,Adventure,RPG,2025.0,,70.99132023755139,29.008679762448608
1706,FINAL FANTASY III,2021-07-28,17.99,0.0,Square Enix,Square Enix,2816,2624,192,Very Positive,['RPG'],RPG,,,2021.0,,93.18181818181817,6.8181818181818175
1707,Crow Country,2024-05-09,0.0,0.0,SFB Games,SFB Games,8026,7869,157,Overwhelmingly Positive,"['Action', 'Indie']",Action,Indie,,2024.0,,98.04385746324445,1.9561425367555445
1708,An Eggstremely Hard Game,2026-07-24,0.0,0.0,BBear Studio,Devotion Interactive,115,103,12,Very Positive,['Casual'],Casual,,,2026.0,,89.56521739130436,10.434782608695652
1709,Suncraft,2026-07-28,0.0,0.0,Spicy Tuna Games,Spicy Tuna Games,294,277,17,Very Positive,"['Adventure', 'Casual', 'Simulation']",Adventure,Casual,Simulation,2026.0,,94.21768707482994,5.782312925170068
1710,Better Than Dead,2026-05-12,14.99,0.0,MONTE GALLO,MicroProse Software,1395,1008,387,Mostly Positive,"['Action', 'Indie', 'Early Access']",Action,Indie,Early Access,2026.0,,72.25806451612902,27.741935483870968
1711,ATLYSS,2024-11-22,9.99,0.0,Kiseff,KisSoft,22835,22112,723,Very Positive,"['Action', 'Adventure', 'Casual', 'Indie']",Action,Adventure,Casual,2024.0,,96.83380775125903,3.166192248740968
1712,Doloc Town,2025-05-07,19.99,0.0,RedSaw Games Studio,Logoi Games,2516,2412,104,Very Positive,"['Adventure', 'Casual', 'Indie', 'RPG']",Adventure,Casual,Indie,2025.0,,95.86645468998411,4.133545310015898
1713,The Evil Within 2,2017-10-12,39.99,7.99,Tango Gameworks,Bethesda Softworks,30812,28375,2437,Very Positive,"['Action', 'Adventure']",Action,Adventure,,2017.0,80.0,92.09074386602623,7.909256133973777
1714,Soulstone Survivors,2025-06-17,14.99,10.49,Game Smithing Limited,Game Smithing Limited,26691,24387,2304,Very Positive,"['Action', 'Indie', 'RPG']",Action,Indie,RPG,2025.0,30.0,91.36787681240868,8.632123187591322
1715,Valve Index® Replacement Tether,,129.0,0.0,,,0,0,0,['None'],"['None', 'None', 'None', 'None']",None,None,None,,,,
1716,GigaBash,2022-08-04,0.0,0.0,Passion Republic Games,Passion Republic Games,2118,1997,121,Very Positive,"['Action', 'Casual', 'Indie']",Action,Casual,Indie,2022.0,,94.28706326723324,5.712936732766761
1717,American Truck Simulator - Idaho,2020-07-16,11.99,0.0,SCS Software,SCS Software,621,557,64,Very Positive,"['Indie', 'Simulation']",Indie,Simulation,,2020.0,,89.69404186795491,10.305958132045088
1718,Dungeon Clawler,2026-04-30,14.99,9.74,Stray Fawn Studio,Stray Fawn Publishing,3926,3495,431,Very Positive,"['Action', 'Casual', 'RPG', 'Simulation']",Action,Casual,RPG,2026.0,35.0,89.0219052470708,10.978094752929191
1719,Outward Definitive Edition,2022-05-17,39.99,4.79,Nine Dots Studio,Prime Matter,31261,22721,8540,Mixed,['RPG'],RPG,,,2022.0,88.0,72.68161607114297,27.318383928857042
1720,PIGFACE,2025-09-18,0.0,0.0,titolovesyou,DreadXP,2533,2451,82,Very Positive,"['Action', 'Indie', 'Early Access']",Action,Indie,Early Access,2025.0,,96.76273193841295,3.237268061587051
1721,LEGO® Jurassic World,2015-06-11,19.99,3.99,TT Games Ltd,Warner Bros. Interactive Entertainment,11267,10432,835,Very Positive,"['Action', 'Adventure']",Action,Adventure,,2015.0,80.0,92.58897665749534,7.411023342504659
1722,UFO 50,2024-09-18,24.99,0.0,Mossmouth,Mossmouth,7422,7061,361,Very Positive,"['Action', 'Adventure', 'Indie', 'RPG']",Action,Adventure,Indie,2024.0,,95.13608191862032,4.863918081379682
1723,FINAL FANTASY VIII - REMASTERED,2019-09-03,19.99,0.0,Square Enix,Square Enix,5550,4194,1356,Very Positive,"['Adventure', 'RPG']",Adventure,RPG,,2019.0,,75.56756756756758,24.43243243243243
1724, Assassin's Creed Black Flag Resynced - Hellfire Naval Pack,2026-07-09,9.99,0.0,Ubisoft,Ubisoft,11,6,5,Mixed,"['Action', 'Adventure']",Action,Adventure,,2026.0,,54.54545454545454,45.45454545454545
1725,Need for Speed™,2016-03-15,0.0,0.0,Ghost Games,Electronic Arts,28720,19913,8807,Mixed,"['Action', 'Adventure', 'Racing', 'Simulation']",Action,Adventure,Racing,2016.0,,69.3349582172702,30.66504178272981
1726,Class of '09: The Re-Up,2023-06-01,14.99,0.0,SBN3,SBN3,4714,4579,135,Very Positive,"['Casual', 'Indie', 'RPG', 'Simulation']",Casual,Indie,RPG,2023.0,,97.13619007212559,2.8638099278744167
1727,Suicide Squad: Kill the Justice League,2024-02-02,69.99,0.0,Rocksteady Studios,Warner Bros. Games,17969,11014,6955,Mixed,['Action'],Action,,,2024.0,,61.29445155545662,38.70554844454338
1728,THE KING OF FIGHTERS XV,2024-12-12,39.99,9.99,SNK CORPORATION,SNK CORPORATION,9098,7624,1474,Mostly Positive,['Action'],Action,,,2024.0,75.0,83.79863706309078,16.20136293690921
1729,"Flashing Lights - Police, Firefighting, Emergency Services (EMS) Simulator",2023-05-15,24.99,0.0,Nils Jakrins,Excalibur Games,18569,14775,3794,Mostly Positive,"['Action', 'Indie', 'Massively Multiplayer', 'RPG']",Action,Indie,Massively Multiplayer,2023.0,,79.56809736657871,20.43190263342129
1730,Whisper of the House,2025-08-27,14.99,0.0,元气弹工作室(GD Studio),元气弹工作室(GD Studio),5446,5278,168,Overwhelmingly Positive,"['Casual', 'Indie', 'Simulation']",Casual,Indie,Simulation,2025.0,,96.91516709511568,3.0848329048843186
1731,Don't Panic! It is Just Turbulence,2026-05-11,7.99,0.0,Harmonia Games,Aiolos Studios,427,307,120,Mostly Positive,['Indie'],Indie,,,2026.0,,71.89695550351288,28.10304449648712
1732,Sally Face - Episode One,2016-12-14,2.99,0.0,Portable Moose,Portable Moose,27288,26555,733,Overwhelmingly Positive,"['Adventure', 'Indie']",Adventure,Indie,,2016.0,,97.31383758428613,2.6861624157138673
1733,Call of Duty®: Black Ops III - Gorod Krovi Zombies Map,2018-05-01,7.99,0.0,Treyarch,Activision,168,141,27,Very Positive,"['Action', 'Adventure']",Action,Adventure,,2018.0,,83.92857142857143,16.071428571428573
1734,A Dance of Fire and Ice,2019-01-24,5.99,0.0,7th Beat Games,7th Beat Games,82739,77838,4901,Very Positive,['Indie'],Indie,,,2019.0,,94.0765539830068,5.9234460169931955
1735,Total War: WARHAMMER III - Champions of Chaos,2022-08-23,15.99,0.0,CREATIVE ASSEMBLY,SEGA,1532,903,629,Mostly Positive,"['Action', 'Strategy']",Action,Strategy,,2022.0,,58.942558746736296,41.05744125326371
1736,Tales of ARISE,2023-11-08,0.0,0.0,Bandai Namco Studios Inc.,Bandai Namco Entertainment,36641,31736,4905,Mostly Positive,"['Action', 'RPG']",Action,RPG,,2023.0,,86.61335662236293,13.386643377637073
1737,Small Spaces,2025-05-27,12.99,9.09,Niklas Tomkowitz,Pretty Soon,1522,1358,164,Very Positive,"['Casual', 'Simulation', 'Early Access']",Casual,Simulation,Early Access,2025.0,30.0,89.22470433639947,10.775295663600525
1738,Outlast 2,2017-04-25,19.99,0.0,Red Barrels,Red Barrels,64071,58215,5856,Very Positive,"['Action', 'Adventure', 'Indie']",Action,Adventure,Indie,2017.0,,90.86013953270592,9.139860467294096
1739,CHRONO TRIGGER®,2018-02-27,14.99,0.0,Square Enix,Square Enix,13376,11802,1574,Very Positive,['RPG'],RPG,,,2018.0,,88.23265550239235,11.767344497607656
1740,The Jackbox Party Pack 5,2018-10-17,29.99,0.0,"Jackbox Games, Inc.","Jackbox Games, Inc.",2907,2718,189,Very Positive,"['Casual', 'Indie', 'Strategy']",Casual,Indie,Strategy,2018.0,,93.49845201238391,6.5015479876160995
1741,Dead Frontier 2,2019-07-15,0.0,0.0,Creaky Corpse Ltd,Creaky Corpse Ltd,28308,19783,8525,Mixed,"['Action', 'Indie', 'Massively Multiplayer', 'RPG']",Action,Indie,Massively Multiplayer,2019.0,,69.88483820828034,30.115161791719657
1742,Scam Line,2026-01-10,4.99,0.0,RavenJm,RavenJm,1218,1039,179,Mostly Positive,"['Indie', 'Early Access']",Indie,Early Access,,2026.0,,85.30377668308702,14.69622331691297
1743,American Truck Simulator - Nebraska,2024-05-16,11.99,0.0,SCS Software,SCS Software,299,255,44,Very Positive,"['Indie', 'Simulation']",Indie,Simulation,,2024.0,,85.28428093645485,14.715719063545151
1744,Total War: MEDIEVAL II – Definitive Edition,2006-11-15,24.99,0.0,CREATIVE ASSEMBLY,SEGA,36245,34669,1576,Overwhelmingly Positive,['Strategy'],Strategy,,,2006.0,,95.65181404331632,4.348185956683681
1745,Batman: Arkham City - Game of the Year Edition,2012-09-07,19.99,0.0,Rocksteady Studios,WB Games,77488,74529,2959,Overwhelmingly Positive,"['Action', 'Adventure']",Action,Adventure,,2012.0,,96.18134420813546,3.818655791864547
1746,Once Upon A KATAMARI,2025-10-23,39.99,0.0,RENGAME,Bandai Namco Entertainment Inc.,1651,1515,136,Very Positive,"['Action', 'Casual']",Action,Casual,,2025.0,,91.7625681405209,8.237431859479104
1747,FINAL FANTASY® XIII,2014-10-09,15.99,0.0,Square Enix,Square Enix,19780,14845,4935,Mixed,['RPG'],RPG,,,2014.0,,75.05055611729018,24.949443882709808
1748,Asphalt Legends ,2022-08-02,0.0,0.0,Gameloft,Gameloft,18741,15446,3295,Very Positive,"['Action', 'Adventure', 'Racing', 'Sports']",Action,Adventure,Racing,2022.0,,82.41822741582627,17.581772584173734
1749,Constance,2025-11-24,19.99,13.39,Blue Backpack,Blue Backpack,2811,2332,479,Very Positive,"['Action', 'Adventure', 'Indie']",Action,Adventure,Indie,2025.0,33.0,82.95980078263963,17.040199217360367
1750,Age of Wonders 4: Rise from Ruin,2026-03-09,19.99,0.0,Triumph Studios,Paradox Interactive,117,76,41,Mixed,['Strategy'],Strategy,,,2026.0,,64.95726495726495,35.04273504273504
1751,Sunkenland,2023-08-25,19.99,0.0,Vector3 Studio,Vector3 Studio,23690,19058,4632,Mixed,"['Action', 'Indie', 'Early Access']",Action,Indie,Early Access,2023.0,,80.44744617982272,19.55255382017729
1752,Lay of the Land,2026-04-08,19.99,0.0,Southern Cross Interactive,Southern Cross Interactive,1128,896,232,Very Positive,"['Action', 'Adventure', 'Indie', 'RPG']",Action,Adventure,Indie,2026.0,,79.43262411347519,20.56737588652482
1753,"Warhammer 40,000: Space Marine 2 - Raptors Cosmetic Pack ",2026-07-28,4.99,0.0,Saber Interactive,Focus Entertainment,76,38,38,Mixed,"['Action', 'Adventure', 'RPG']",Action,Adventure,RPG,2026.0,,50.0,50.0
1754,Remnant: From the Ashes,2019-08-19,39.99,0.0,Gunfire Games,Arc Games,57143,48163,8980,Very Positive,"['Action', 'Adventure', 'RPG']",Action,Adventure,RPG,2019.0,,84.28503928740179,15.71496071259822
1755,Call to Arms: Panzer Elite,2025-09-19,29.99,0.0,Digitalmindsoft,Digitalmindsoft Publishing,1859,1289,570,Mixed,"['Action', 'Simulation', 'Early Access']",Action,Simulation,Early Access,2025.0,,69.33835395373858,30.66164604626143
1756,Plague Inc: The Cure,2021-01-28,5.99,0.0,Ndemic Creations,Ndemic Creations,1088,847,241,Mostly Positive,"['Casual', 'Indie', 'Simulation', 'Strategy']",Casual,Indie,Simulation,2021.0,,77.84926470588235,22.150735294117645
1757,Strange Horticulture,2022-01-21,0.0,0.0,Bad Viking,Iceberg Interactive,15910,15032,878,Very Positive,"['Adventure', 'Indie', 'Simulation']",Adventure,Indie,Simulation,2022.0,,94.48145820238844,5.518541797611565
1758,Titanium Court,2026-04-23,0.0,0.0,AP Thomson,Fellow Traveller,1018,963,55,Very Positive,['Strategy'],Strategy,,,2026.0,,94.59724950884086,5.402750491159136
1759,Age of Empires IV: Yue Fei's Legacy,2026-05-07,14.99,0.0,World's Edge,World's Edge,570,248,322,Mixed,['Strategy'],Strategy,,,2026.0,,43.50877192982456,56.49122807017544
1760,Steep™,2016-12-02,29.99,4.49,Ubisoft Annecy,Ubisoft,33070,27415,5655,Very Positive,"['Action', 'Sports']",Action,Sports,,2016.0,85.0,82.89990928333837,17.100090716661626
1761,Kingdoms of Amalur: Re-Reckoning,2020-09-08,39.99,0.0,KAIKO,THQ Nordic,8087,6246,1841,Very Positive,"['Action', 'RPG']",Action,RPG,,2020.0,,77.23506862866329,22.764931371336715
1762,Age of Empires II: DE - The Three Kingdoms ,2025-05-06,19.99,0.0,World's Edge,Xbox Game Studios,1077,512,565,Mixed,['Strategy'],Strategy,,,2025.0,,47.539461467038066,52.460538532961934
1763,Clone Drone in the Danger Zone,2021-07-27,0.0,0.0,Doborog Games,Doborog Games,39149,37635,1514,Very Positive,"['Action', 'Indie']",Action,Indie,,2021.0,,96.13272369664615,3.867276303353853
1764,Fears to Fathom - Woodbury Getaway,2024-09-12,9.99,0.0,Rayll Studios,Rayll Studios,3558,3083,475,Mostly Positive,"['Adventure', 'Casual', 'Indie']",Adventure,Casual,Indie,2024.0,,86.64980326025858,13.350196739741428
1765,Stick Fight: The Game,2017-09-28,4.99,0.0,Landfall West,Landfall,125266,117103,8163,Very Positive,"['Action', 'Casual', 'Indie']",Action,Casual,Indie,2017.0,,93.48346718183706,6.51653281816295
1766,BOOK OF HOURS,2023-08-17,24.99,0.0,Weather Factory,Weather Factory,5140,4353,787,Very Positive,"['Indie', 'RPG', 'Simulation']",Indie,RPG,Simulation,2023.0,,84.6887159533074,15.311284046692608
1767,Ghostrunner 2,2023-10-26,39.99,7.99,One More Level,505 Games,11407,9124,2283,Mostly Positive,"['Action', 'Adventure', 'Strategy']",Action,Adventure,Strategy,2023.0,80.0,79.98597352502848,20.01402647497151
1768,Crypt of the NecroDancer,2015-04-23,14.99,2.99,Brace Yourself Games,Brace Yourself Games,26449,25262,1187,Very Positive,"['Action', 'Indie', 'RPG']",Action,Indie,RPG,2015.0,80.0,95.51211766040304,4.48788233959696
1769,DragonSword : Awakening - Costume : Black-Dyed Vestment,2026-07-24,3.99,0.0,Hound13 Inc.,Hound13 Inc.,51,49,2,Very Positive,"['Action', 'Adventure', 'RPG']",Action,Adventure,RPG,2026.0,,96.07843137254902,3.9215686274509802
1770,Dead by Daylight - Castlevania Chapter,2024-08-27,7.99,0.0,Behaviour Interactive Inc.,Behaviour Interactive Inc.,736,612,124,Very Positive,['Action'],Action,,,2024.0,,83.15217391304348,16.847826086956523
1771,Cuphead - The Delicious Last Course,2022-06-30,7.99,0.0,Studio MDHR Entertainment Inc.,Studio MDHR Entertainment Inc.,4993,4733,260,Very Positive,"['Action', 'Indie']",Action,Indie,,2022.0,,94.7927097937112,5.207290206288804
1772,Bayonetta,2017-04-11,19.99,0.0,PlatinumGames,SEGA,32288,29853,2435,Very Positive,"['Action', 'Adventure']",Action,Adventure,,2017.0,,92.45849851337958,7.541501486620417
1773,Brotato: Abyssal Terrors,2024-10-25,3.99,3.19,Blobfish,Blobfish,2530,1614,916,Mixed,"['Action', 'Casual', 'Indie', 'RPG']",Action,Casual,Indie,2024.0,20.0,63.794466403162055,36.205533596837945
1774,Age of Empires III: Definitive Edition (Base Game),2023-08-02,19.99,0.0,World's Edge,Xbox Game Studios,412,340,72,Very Positive,['Strategy'],Strategy,,,2023.0,,82.52427184466019,17.475728155339805
1775,Wolfenstein: The Old Blood,2015-05-04,19.99,4.99,MachineGames,Bethesda Softworks,23355,21083,2272,Very Positive,['Action'],Action,,,2015.0,75.0,90.27189038749732,9.728109612502676
1776,Wasteland 3,2020-08-27,39.99,0.0,inXile Entertainment,inXile Entertainment,22294,18870,3424,Very Positive,"['RPG', 'Strategy']",RPG,Strategy,,2020.0,,84.641607607428,15.358392392571993
1777,AFK Journey,2026-04-27,0.0,0.0,Farlight Games,Farlight Games,721,559,162,Mostly Positive,"['Adventure', 'Casual', 'RPG', 'Simulation']",Adventure,Casual,RPG,2026.0,,77.53120665742024,22.46879334257975
1778,Gunfire Reborn - Realm of Frost and Inkwash,2024-09-11,6.99,5.59,Gunfire Reborn Studio,Duoyi Games,455,407,48,Very Positive,"['Action', 'Adventure', 'Indie', 'RPG']",Action,Adventure,Indie,2024.0,20.0,89.45054945054946,10.54945054945055
1779,theHunter: Call of the Wild™ - Sundarpatan Nepal Hunting Reserve,2024-06-18,11.99,5.99,Expansive Worlds,Avalanche Studios,504,361,143,Mostly Positive,"['Adventure', 'Simulation', 'Sports']",Adventure,Simulation,Sports,2024.0,50.0,71.62698412698413,28.373015873015873
1780,Icarus: Homestead Content Pack,2026-02-19,15.99,0.0,RocketWerkz,RocketWerkz,47,33,14,Mostly Positive,"['Action', 'Adventure', 'Simulation']",Action,Adventure,Simulation,2026.0,,70.2127659574468,29.78723404255319
1781,Life is Strange - Episode 1,2015-01-29,0.0,0.0,DONTNOD Entertainment,Square Enix,175145,168569,6576,Overwhelmingly Positive,"['Action', 'Adventure']",Action,Adventure,,2015.0,,96.24539667132947,3.75460332867053
1782,Expansion - Hearts of Iron IV: No Step Back,2021-11-23,19.99,0.0,Paradox Development Studio,Paradox Interactive,4249,2862,1387,Very Positive,"['Simulation', 'Strategy']",Simulation,Strategy,,2021.0,,67.35702518239586,32.64297481760414
1783,Railway Empire 2,2023-05-25,49.99,0.0,Gaming Minds Studios,Kalypso Media,2632,1909,723,Mixed,"['Simulation', 'Strategy']",Simulation,Strategy,,2023.0,,72.53039513677811,27.469604863221885
1784,Caribbean Legend,2024-02-15,29.99,7.49,BlackMark Studio,BlackMark Studio,3220,2468,752,Mixed,['RPG'],RPG,,,2024.0,75.0,76.64596273291926,23.354037267080745
1785,Black Mesa,2020-03-06,19.99,0.0,Crowbar Collective,Crowbar Collective,144175,136911,7264,Very Positive,"['Action', 'Adventure', 'Indie']",Action,Adventure,Indie,2020.0,,94.96167851569274,5.038321484307265
1786,Zombie Army 4: Dead War,2021-02-18,0.0,0.0,Rebellion,Rebellion,11094,9578,1516,Very Positive,['Action'],Action,,,2021.0,,86.33495583198125,13.66504416801875
1787,Standable: Full Body Estimation,2023-05-08,19.99,0.0,Standable,Standable,1721,1369,352,Very Positive,"['Indie', 'Utilities']",Indie,Utilities,,2023.0,,79.54677513073794,20.45322486926206
1788,Keep Driving,2025-02-06,17.99,0.0,YCJY Games,YCJY Games,6343,5963,380,Very Positive,"['Adventure', 'Casual', 'Indie', 'RPG']",Adventure,Casual,Indie,2025.0,,94.00914393819959,5.99085606180041
1789,Call of Duty®: Modern Warfare® Remastered (2017),2017-07-27,39.99,0.0,Raven Software,Activision,15707,8532,7175,Very Positive,['Action'],Action,,,2017.0,,54.31973005666263,45.680269943337365
1790,Songs of Conquest,2024-05-20,29.99,0.0,Lavapotion,Coffee Stain Publishing,13507,11566,1941,Very Positive,"['Adventure', 'RPG', 'Strategy']",Adventure,RPG,Strategy,2024.0,,85.62967350262826,14.370326497371732
1791,Stacklands,2022-04-08,7.99,0.0,Sokpop Collective,Sokpop Collective,30083,28895,1188,Very Positive,"['Casual', 'Indie', 'Simulation']",Casual,Indie,Simulation,2022.0,,96.05092577203071,3.9490742279692848
1792,Elin,2024-11-01,0.0,0.0,Lafrontier,Lafrontier,9063,8467,596,Very Positive,"['Indie', 'RPG', 'Simulation', 'Strategy']",Indie,RPG,Simulation,2024.0,,93.42381110007723,6.576188899922764
1793,"Warhammer 40,000: Rogue Trader - Deluxe Pack",2023-12-07,14.99,0.0,Owlcat Games,Owlcat Games,111,81,30,Mostly Positive,"['Adventure', 'Indie', 'RPG', 'Strategy']",Adventure,Indie,RPG,2023.0,,72.97297297297297,27.027027027027028
1794,Age of Wonders 4: Archon Prophecy,2025-08-12,24.99,0.0,Triumph Studios,Paradox Interactive,163,122,41,Mostly Positive,['Strategy'],Strategy,,,2025.0,,74.84662576687117,25.153374233128833
1795,Guilty as Sock!,2025-05-29,5.5,0.0,Demon Max,Demon Max,5653,5066,587,Mostly Positive,"['Casual', 'Simulation']",Casual,Simulation,,2025.0,,89.61613302671148,10.38386697328852
1796,Blush Blush,2019-04-04,0.0,0.0,Sad Panda Studios,Sad Panda Studios,7552,6512,1040,Mostly Positive,"['Casual', 'Indie', 'Simulation', 'Free To Play']",Casual,Indie,Simulation,2019.0,,86.22881355932203,13.771186440677965
1797,Just Shapes & Beats,2018-05-31,19.99,0.0,Berzerk Studio,Berzerk Studio,25890,25275,615,Overwhelmingly Positive,"['Action', 'Indie']",Action,Indie,,2018.0,,97.62456546929317,2.3754345307068365
1798,Harem in Another World,2026-01-29,14.99,0.0,Jong Games,Jong Games,420,398,22,Very Positive,"['Action', 'Adventure', 'RPG', 'Free To Play']",Action,Adventure,RPG,2026.0,,94.76190476190476,5.238095238095238
1799,Planet Coaster,2016-11-17,44.99,0.0,Frontier Developments,Frontier Developments,72507,66118,6389,Very Positive,"['Action', 'Adventure', 'Casual', 'Simulation']",Action,Adventure,Casual,2016.0,,91.18843697849863,8.811563021501373
1800,The Spotter: Dig or Die,2026-04-07,17.08,9.57,Puppyroar Games,Forklift Interactive,1807,1542,265,Very Positive,"['Action', 'Adventure', 'Indie', 'Simulation']",Action,Adventure,Indie,2026.0,44.0,85.33480907581627,14.66519092418373
1801,Demeo x Dungeons & Dragons: Battlemarked,2025-11-20,29.99,0.0,Resolution Games,Resolution Games,1356,1129,227,Very Positive,"['Adventure', 'RPG', 'Strategy']",Adventure,RPG,Strategy,2025.0,,83.25958702064898,16.74041297935103
1802,Crushed In Time,2026-06-10,24.99,0.0,Draw Me A Pixel,Draw Me A Pixel,1179,1062,117,Very Positive,"['Adventure', 'Indie']",Adventure,Indie,,2026.0,,90.07633587786259,9.923664122137405
1803,In Stars And Time,2023-11-20,19.99,0.0,insertdisc5,Armor Games Studios,8665,8413,252,Overwhelmingly Positive,['RPG'],RPG,,,2023.0,,97.09174841315638,2.908251586843624
1804,Baldur's Gate: Enhanced Edition,2013-01-16,19.99,0.0,Beamdog,Beamdog,17893,16536,1357,Very Positive,"['Adventure', 'RPG']",Adventure,RPG,,2013.0,,92.416028614542,7.583971385458001
1805,Call of Duty®: Advanced Warfare - Gold Edition,2014-11-03,39.99,0.0,Sledgehammer Games,Activision,25509,16643,8866,Mostly Positive,['Action'],Action,,,2014.0,,65.2436394997844,34.756360500215614
1806,My Infamous Dungeon,2026-07-28,0.0,0.0,BoxFox Studios,BoxFox Studios,43,35,8,Positive,"['Indie', 'RPG', 'Strategy']",Indie,RPG,Strategy,2026.0,,81.3953488372093,18.6046511627907
1807,Mama's Sleeping Angels,2026-03-11,9.99,0.0,itamu,Oro Interactive,1145,1075,70,Very Positive,"['Action', 'Adventure', 'Indie']",Action,Adventure,Indie,2026.0,,93.88646288209607,6.11353711790393
1808,Rita,2026-07-30,0.0,0.0,SporkTank,SporkTank,73,71,2,Very Positive,"['Adventure', 'Casual', 'Indie']",Adventure,Casual,Indie,2026.0,,97.26027397260275,2.73972602739726
1809,American Truck Simulator - New Mexico,2017-11-09,11.99,0.0,SCS Software,SCS Software,1105,1036,69,Very Positive,"['Indie', 'Simulation']",Indie,Simulation,,2017.0,,93.75565610859728,6.244343891402715
1810,DAVE THE DIVER - Ichiban's Holiday Content Pack,2025-04-10,6.99,0.0,MINTROCKET,MINTROCKET,591,265,326,Mixed,"['Adventure', 'Casual', 'RPG', 'Simulation']",Adventure,Casual,RPG,2025.0,,44.83925549915397,55.16074450084603
1811,Baba Is You,2019-03-13,14.99,0.0,Hempuli Oy,Hempuli Oy,24430,23879,551,Overwhelmingly Positive,['Indie'],Indie,,,2019.0,,97.74457634056488,2.2554236594351207
1812,Hand of Fate: Hordes,2026-07-22,11.99,9.59,Spitfire Interactive,Spicy Koala,258,207,51,Mostly Positive,"['Action', 'Adventure', 'Indie', 'Early Access']",Action,Adventure,Indie,2026.0,20.0,80.23255813953489,19.767441860465116
1813,Dead by Daylight - Tokyo Ghoul,2025-04-02,4.99,0.0,Behaviour Interactive Inc.,Behaviour Interactive Inc.,2091,1395,696,Very Positive,['Action'],Action,,,2025.0,,66.71449067431851,33.28550932568149
1814,Heavenly Bodies,2021-12-07,19.99,4.99,2pt Interactive,2pt Interactive,4470,4258,212,Very Positive,"['Action', 'Adventure', 'Indie', 'Simulation']",Action,Adventure,Indie,2021.0,75.0,95.25727069351231,4.742729306487696
1815,Mon Bazou,2025-12-18,15.99,0.0,Santa Goat,Santa Goat,20521,19934,587,Very Positive,"['Adventure', 'Casual', 'Indie', 'Racing']",Adventure,Casual,Indie,2025.0,,97.13951561814727,2.860484381852736
1816,Disney Dreamlight Valley: A Rift in Time,2023-12-05,29.99,0.0,Gameloft,Gameloft,296,205,91,Mixed,"['Action', 'Adventure', 'Casual', 'RPG']",Action,Adventure,Casual,2023.0,,69.25675675675676,30.743243243243246
1817,Rift Wizard 3,2026-06-23,19.99,0.0,Dylan White,Dylan White,235,213,22,Very Positive,"['Indie', 'RPG', 'Strategy', 'Early Access']",Indie,RPG,Strategy,2026.0,,90.63829787234042,9.361702127659575
1818,Ground of Aces,2025-07-10,41.38,29.14,Blindflug Studios AG,Blindflug Studios AG,1509,1289,220,Very Positive,"['Simulation', 'Strategy', 'Early Access']",Simulation,Strategy,Early Access,2025.0,30.0,85.4208084824387,14.579191517561298
1819,Sol Cesto,2026-04-10,13.99,0.0,Tambouille,Goblinz Publishing,4912,4476,436,Very Positive,"['Indie', 'Strategy']",Indie,Strategy,,2026.0,,91.12377850162866,8.876221498371335
1820,Mycopunk,2025-07-10,14.99,0.0,Pigeons at Play,Devolver Digital,4623,4093,530,Very Positive,"['Action', 'Indie', 'Early Access']",Action,Indie,Early Access,2025.0,,88.53558295479125,11.464417045208739
1821,Bye Sweet Carole,2025-10-09,24.99,12.49,Little Sewing Machine,Maximum Entertainment,1180,851,329,Mostly Positive,"['Adventure', 'Indie']",Adventure,Indie,,2025.0,50.0,72.11864406779661,27.881355932203387
1822,Dewdrop Dynasty,2026-07-23,11.99,0.0,Goodgis,Firith Studio,192,161,31,Very Positive,"['Action', 'Adventure', 'Indie']",Action,Adventure,Indie,2026.0,,83.85416666666666,16.145833333333336
1823,Yakuza Kiwami,2025-12-11,1.99,0.0,RGG Studio,SEGA,1274,1046,228,Very Positive,"['Action', 'Adventure', 'RPG']",Action,Adventure,RPG,2025.0,,82.10361067503925,17.896389324960754
1824,Terrinoth®: Heroes of Descent,2026-06-07,0.0,0.0,Artefacts Studio,New Tales,421,309,112,Mixed,"['Adventure', 'RPG', 'Strategy']",Adventure,RPG,Strategy,2026.0,,73.39667458432304,26.60332541567696
1825,This Bed We Made,2023-11-01,0.0,0.0,Lowbirth Games,Lowbirth Games,3176,2881,295,Very Positive,"['Adventure', 'Indie']",Adventure,Indie,,2023.0,,90.71158690176321,9.288413098236775
1826,Kin and Conquest,2026-08-03,9.99,8.99,The Fox Knocks,The Fox Knocks,29,25,4,Positive,['Indie'],Indie,,,2026.0,10.0,86.20689655172413,13.793103448275861
1827,Danganronpa 2: Goodbye Despair,2016-04-18,19.99,0.0,"Spike Chunsoft Co., Ltd.","Spike Chunsoft Co., Ltd.",32347,30986,1361,Very Positive,['Adventure'],Adventure,,,2016.0,,95.79250007728692,4.2074999227130805
1828,UNDER NIGHT IN-BIRTH II Sys:Celes,2024-01-24,49.99,0.0,FRENCH-BREAD,Arc System Works,2622,2286,336,Very Positive,['Action'],Action,,,2024.0,,87.18535469107552,12.814645308924485
1829,Crusader Kings II,2012-02-14,0.0,0.0,Paradox Development Studio,Paradox Interactive,75138,67565,7573,Very Positive,"['RPG', 'Simulation', 'Strategy', 'Free To Play']",RPG,Simulation,Strategy,2012.0,,89.92121163725412,10.07878836274588
1830,Fate/stay night REMASTERED,2024-08-07,29.99,0.0,TYPE-MOON,Aniplex Inc.,4770,4565,205,Very Positive,['Adventure'],Adventure,,,2024.0,,95.70230607966457,4.29769392033543
1831,DYNASTY WARRIORS: ORIGINS Visions of Four Heroes,2026-01-21,34.99,26.24,"KOEI TECMO GAMES CO., LTD.","KOEI TECMO GAMES CO., LTD.",1351,830,521,Mixed,"['Action', 'RPG', 'Strategy']",Action,RPG,Strategy,2026.0,25.0,61.435973353071795,38.5640266469282
1832,DOOM 3,2012-10-15,9.99,3.99,id Software,Bethesda Softworks,12390,10679,1711,Very Positive,['Action'],Action,,,2012.0,60.0,86.19047619047619,13.80952380952381
1833,Call of Duty®: Black Ops - Rezurrection Content Pack,2011-09-22,9.99,0.0,Treyarch,Activision,499,451,48,Very Positive,['Action'],Action,,,2011.0,,90.38076152304609,9.619238476953909
1834,Dragonheir: Silent Gods,2023-10-26,0.0,0.0,SGRA Studio,Proxima Beta Pte. Limited,3439,2062,1377,Mixed,"['Adventure', 'Massively Multiplayer', 'RPG', 'Strategy']",Adventure,Massively Multiplayer,RPG,2023.0,,59.959290491421925,40.040709508578075
1835,Burgie's Cozy Kitchen,2025-02-10,0.0,0.0,HeyNau,HeyNau,1169,1133,36,Overwhelmingly Positive,"['Casual', 'Simulation', 'Early Access']",Casual,Simulation,Early Access,2025.0,,96.92044482463645,3.0795551753635584
1836,VOID/BREAKER,2025-08-19,0.0,0.0,Stubby Games,Playstack,2699,2473,226,Very Positive,"['Action', 'Adventure', 'Indie', 'RPG']",Action,Adventure,Indie,2025.0,,91.62652834383105,8.373471656168952
1837,DmC: Devil May Cry,2013-01-24,29.99,0.0,Ninja Theory,Capcom,32794,30568,2226,Very Positive,"['Action', 'Adventure']",Action,Adventure,,2013.0,,93.212172958468,6.787827041531988
1838,Company of Heroes 3: Endure & Defy,2025-11-27,24.99,19.99,Relic Entertainment,Relic Entertainment,257,177,80,Mixed,"['Action', 'Strategy']",Action,Strategy,,2025.0,20.0,68.8715953307393,31.1284046692607
1839,Two Point Campus,2022-08-09,29.99,0.0,Two Point Studios,SEGA,8097,7103,994,Very Positive,"['Casual', 'Indie', 'Simulation', 'Strategy']",Casual,Indie,Simulation,2022.0,,87.72384833889095,12.276151661109052
1840,Frosthaven,2025-07-31,39.99,0.0,Snapshot Games Inc.,Arc Games,923,663,260,Mixed,"['RPG', 'Strategy', 'Early Access']",RPG,Strategy,Early Access,2025.0,,71.83098591549296,28.169014084507044
1841,RaceRoom Racing Experience,2013-02-12,0.0,0.0,KW Studios,KW Studios,27863,21204,6659,Very Positive,"['Racing', 'Simulation', 'Sports', 'Free To Play']",Racing,Simulation,Sports,2013.0,,76.10092237016832,23.899077629831677
1842,Panzer Corps 2,2020-03-19,39.99,0.0,Flashback Games,Slitherine Ltd.,4177,3539,638,Mostly Positive,['Strategy'],Strategy,,,2020.0,,84.72587981805123,15.274120181948767
1843,TEKKEN 7,2017-06-01,39.99,0.0,BANDAI NAMCO Studios Inc.,BANDAI NAMCO Entertainment,95284,79635,15649,Very Positive,"['Action', 'Sports']",Action,Sports,,2017.0,,83.57646614331891,16.42353385668108
1844,American Truck Simulator - Oklahoma,2023-08-01,11.99,0.0,SCS Software,SCS Software,442,345,97,Mostly Positive,"['Indie', 'Simulation']",Indie,Simulation,,2023.0,,78.05429864253394,21.945701357466064
1845,THE FINALS - The Apothecarion Set,2025-10-23,19.99,0.0,Embark Studios,Embark Studios,22,22,0,Positive,"['Action', 'Free To Play']",Action,Free To Play,,2025.0,,100.0,0.0
1846,Five Nights at Freddy's 4,2015-07-23,7.99,0.0,Scott Cawthon,Scott Cawthon,16804,15619,1185,Overwhelmingly Positive,"['Action', 'Indie', 'Strategy']",Action,Indie,Strategy,2015.0,,92.94810759343014,7.051892406569864
1847,Monster Hunter Rise + Sunbreak,2022-06-29,0.0,0.0,"CAPCOM Co., Ltd.","CAPCOM Co., Ltd.",6806,4303,2503,Mostly Positive,['Action'],Action,,,2022.0,,63.22362621216574,36.77637378783427
1848,Battlestar Galactica: Scattered Hopes,2026-05-11,0.0,0.0,Alt Shift,Dotemu,1024,789,235,Mostly Positive,"['Action', 'Indie', 'Strategy']",Action,Indie,Strategy,2026.0,,77.05078125,22.94921875
1849,Soulbound: Online,2026-07-21,14.99,0.0,SpiderWare,SpiderWare,455,265,190,Mixed,"['Action', 'Casual', 'Indie', 'Massively Multiplayer']",Action,Casual,Indie,2026.0,,58.24175824175825,41.75824175824176
1850,YOU ARE THE MONSTER,2026-06-18,9.99,0.0,Joshua Hughes,Joshua Hughes,448,310,138,Mixed,"['Action', 'Casual', 'Early Access']",Action,Casual,Early Access,2026.0,,69.19642857142857,30.80357142857143
1851,Granvir,2025-09-23,14.99,0.0,Airborne Games,GIGATANK 3000,844,770,74,Very Positive,"['Action', 'Indie', 'Simulation']",Action,Indie,Simulation,2025.0,,91.23222748815166,8.767772511848342
1852,Gems of War - Puzzle RPG,2014-11-20,0.0,0.0,Infinity Plus 2,505 Games,10796,8481,2315,Mixed,"['Action', 'Adventure', 'Casual', 'RPG']",Action,Adventure,Casual,2014.0,,78.55687291589477,21.443127084105225
1853,Dead by Daylight - Alien Chapter Pack,2023-08-29,11.99,0.0,Behaviour Interactive Inc.,Behaviour Interactive Inc.,1196,784,412,Mixed,['Action'],Action,,,2023.0,,65.55183946488295,34.448160535117054
1854,Arizona Sunshine® VR 2,2023-12-07,39.99,17.99,Vertigo Games,Vertigo Games,2688,2277,411,Very Positive,"['Action', 'Adventure']",Action,Adventure,,2023.0,55.0,84.70982142857143,15.290178571428573
1855,FINAL FANTASY,2021-07-28,11.99,0.0,Square Enix,Square Enix,8588,8165,423,Overwhelmingly Positive,['RPG'],RPG,,,2021.0,,95.07452258965999,4.92547741034001
1856,Mixtape,2026-05-07,19.99,0.0,Beethoven and Dinosaur,Annapurna Interactive,8289,7297,992,Very Positive,"['Adventure', 'Indie']",Adventure,Indie,,2026.0,,88.03233200627338,11.967667993726625
1857,The Killing Antidote,2024-10-05,0.0,0.0,MetalStar Studio,MetalStar Studio,7689,6806,883,Very Positive,"['Action', 'Adventure', 'Indie', 'RPG']",Action,Adventure,Indie,2024.0,,88.51606190661985,11.483938093380154
1858,Company of Heroes 3: Fire & Steel,2025-02-25,24.99,19.99,Relic Entertainment,Relic Entertainment,656,505,151,Mostly Positive,"['Action', 'Strategy']",Action,Strategy,,2025.0,20.0,76.98170731707317,23.01829268292683
1859,THE GAME OF LIFE 2,2020-12-11,12.49,0.0,Marmalade Game Studio Ltd,Marmalade Game Studio Ltd,4571,3568,1003,Mixed,"['Casual', 'Simulation', 'Strategy']",Casual,Simulation,Strategy,2020.0,,78.05731787355064,21.942682126449355
1860,Norland,2024-07-18,29.99,0.0,Long Jaunt,Hooded Horse,10286,8395,1891,Mostly Positive,"['RPG', 'Simulation', 'Strategy', 'Early Access']",RPG,Simulation,Strategy,2024.0,,81.61578845032082,18.384211549679176
1861,Dragon Age II: Ultimate Edition,2011-03-08,0.0,0.0,BioWare,Electronic Arts,7562,6135,1427,Very Positive,"['Action', 'Adventure', 'RPG']",Action,Adventure,RPG,2011.0,,81.12933086485057,18.87066913514943
1862,Tactical Breach Wizards,2024-08-22,19.99,0.0,Suspicious Developments,Suspicious Developments,12037,11791,246,Very Positive,"['Adventure', 'Indie', 'RPG', 'Strategy']",Adventure,Indie,RPG,2024.0,,97.95630140400432,2.04369859599568
1863,Onimusha: Way of the Sword,2026-09-03,0.0,0.0,"CAPCOM Co., Ltd.","CAPCOM Co., Ltd.",0,0,0,"['Action', 'Adventure', 'RPG']","['None', 'None', 'None', 'None']",None,None,None,2026.0,,,
1864,Days Gone - Broken Road DLC,2025-04-24,10.0,0.0,Bend Studio,PlayStation Publishing LLC,811,687,124,Very Positive,"['Action', 'Adventure']",Action,Adventure,,2025.0,,84.71023427866831,15.289765721331689
1865,超凡功夫之王传奇,2026-05-27,0.0,0.0,功夫之王,功夫之王,134,105,29,Mostly Positive,"['Action', 'Adventure', 'Indie', 'Massively Multiplayer']",Action,Adventure,Indie,2026.0,,78.35820895522389,21.641791044776117
1866,Back 4 Blood,2021-10-12,59.99,0.0,Turtle Rock Studios,Warner Bros. Games,73082,50298,22784,Mostly Positive,['Action'],Action,,,2021.0,,68.82406064420788,31.175939355792124
1867,Dragon's Dogma: Dark Arisen,2016-01-15,29.99,0.0,Capcom,Capcom,48888,43235,5653,Very Positive,"['Action', 'Adventure', 'RPG']",Action,Adventure,RPG,2016.0,,88.43683521518572,11.56316478481427
1868,Oxygen Not Included - Spaced Out!,2021-12-16,12.99,0.0,Klei Entertainment,Klei Entertainment,1242,1003,239,Very Positive,"['Indie', 'Simulation']",Indie,Simulation,,2021.0,,80.75684380032206,19.243156199677937
1869,Super Fantasy Kingdom,2025-10-24,19.99,0.0,Super Fantasy Games,Hooded Horse,5916,5138,778,Mostly Positive,"['RPG', 'Simulation', 'Strategy', 'Early Access']",RPG,Simulation,Strategy,2025.0,,86.84922244759973,13.15077755240027
1870,BMX Streets,2024-04-04,24.99,0.0,Mash Games,Mash Games,4381,3522,859,Mostly Positive,"['Casual', 'Indie', 'Simulation', 'Sports']",Casual,Indie,Simulation,2024.0,,80.39260442821274,19.607395571787265
1871,Dead by Daylight: The Walking Dead,2025-07-29,7.99,0.0,Behaviour Interactive Inc.,Behaviour Interactive Inc.,891,563,328,Mixed,['Action'],Action,,,2025.0,,63.18742985409652,36.81257014590348
1872,Metro: Last Light Redux,2014-08-25,19.99,0.0,4A Games,Deep Silver,80821,73754,7067,Very Positive,['Action'],Action,,,2014.0,,91.25598544932629,8.744014550673711
1873,LEGO® Batman™: Legacy of the Dark Knight Deluxe Edition Upgrade,2026-05-22,24.99,19.99,TT Games,Warner Bros. Games,53,51,2,Positive,"['Action', 'Adventure']",Action,Adventure,,2026.0,20.0,96.22641509433963,3.7735849056603774
1874,American Truck Simulator - Kansas,2023-11-30,11.99,0.0,SCS Software,SCS Software,311,274,37,Very Positive,"['Indie', 'Simulation']",Indie,Simulation,,2023.0,,88.10289389067523,11.89710610932476
1875,Oaken Tower,2026-04-28,9.99,7.49,Bocary Studios,Alibi Games,2612,2394,218,Very Positive,"['Strategy', 'Early Access']",Strategy,Early Access,,2026.0,25.0,91.65390505359878,8.346094946401225
1876,Vampire Survivors: Ode to Castlevania,2024-10-31,3.99,0.0,poncle,poncle,1926,1882,44,Very Positive,"['Action', 'Casual', 'Indie', 'RPG']",Action,Casual,Indie,2024.0,,97.71547248182763,2.284527518172378
1877,Amnesia: The Bunker,2023-06-06,24.99,0.0,Frictional Games,Frictional Games,12278,11460,818,Very Positive,"['Action', 'Adventure', 'Indie']",Action,Adventure,Indie,2023.0,,93.337677146115,6.662322853884997
1878,American Truck Simulator - Utah,2019-11-07,11.99,0.0,SCS Software,SCS Software,552,489,63,Very Positive,"['Indie', 'Simulation']",Indie,Simulation,,2019.0,,88.58695652173914,11.41304347826087
1879,Skull and Bones,2024-08-22,0.0,0.0,Ubisoft Singapore,Ubisoft,4713,3133,1580,Mixed,"['Action', 'RPG']",Action,RPG,,2024.0,,66.47570549543815,33.52429450456185
1880,DELTARUNE Soundtrack,2025-06-04,14.99,0.0,tobyfox,tobyfox,488,485,3,Very Positive,['None'],None,,,2025.0,,99.38524590163934,0.6147540983606558
1881,Call of Duty® 4: Modern Warfare® (2007),2007-11-12,19.99,0.0,Infinity Ward,Activision,27001,25292,1709,Very Positive,['Action'],Action,,,2007.0,,93.67060479241509,6.329395207584904
1882,R.I.P. - Reincarnation Insurance Program,2026-01-25,18.88,14.29,WarmCore Studio,2P Games,2702,2062,640,Very Positive,"['Action', 'Adventure', 'Casual', 'Early Access']",Action,Adventure,Casual,2026.0,24.0,76.31384159881569,23.686158401184308
1883,Guild Wars 2® Janthir Wilds™ Expansion,2024-08-20,24.99,0.0,ArenaNet®,ArenaNet®,116,59,57,Mixed,"['Adventure', 'Massively Multiplayer', 'RPG', 'Free To Play']",Adventure,Massively Multiplayer,RPG,2024.0,,50.86206896551724,49.137931034482754
1884,He is Coming,2025-07-17,19.99,0.0,Chronocle,Hooded Horse,4067,3450,617,Very Positive,"['RPG', 'Strategy', 'Early Access']",RPG,Strategy,Early Access,2025.0,,84.8291123678387,15.170887632161298
1885,Total War: ROME REMASTERED,2021-04-29,29.99,0.0,Creative Assembly,SEGA,13617,10488,3129,Very Positive,['Strategy'],Strategy,,,2021.0,,77.02137034589116,22.978629654108833
1886,PC Building Simulator,2019-01-29,19.99,0.0,Claudiu Kiss,The Irregular Corporation,52723,49304,3419,Very Positive,"['Indie', 'Simulation']",Indie,Simulation,,2019.0,,93.51516415985434,6.484835840145667
1887,Farm Together 2,2025-05-30,25.99,0.0,Milkstone Studios,Milkstone Studios,5368,5029,339,Very Positive,"['Casual', 'Indie', 'Simulation']",Casual,Indie,Simulation,2025.0,,93.68479880774963,6.315201192250372
1888,Tom Clancy’s The Division 2 – Into the Dark Supply Drop,2026-06-16,49.99,0.0,Ubisoft,Ubisoft,15,5,10,Mostly Negative,"['Action', 'Adventure', 'RPG']",Action,Adventure,RPG,2026.0,,33.33333333333333,66.66666666666666
1889,Crusader Kings III: Khans of the Steppe,2025-04-28,19.99,0.0,Paradox Development Studio,Paradox Interactive,789,482,307,Mixed,"['RPG', 'Simulation', 'Strategy']",RPG,Simulation,Strategy,2025.0,,61.08998732572877,38.91001267427123
1890,Subliminal,2026-03-31,0.0,0.0,Accidental Studios,Gone Shootin,3672,2722,950,Very Positive,"['Adventure', 'Indie', 'RPG', 'Simulation']",Adventure,Indie,RPG,2026.0,,74.12854030501089,25.871459694989106
1891,EA SPORTS FC™ 25,2024-09-26,0.0,0.0,EA Canada,Electronic Arts,106961,56804,50157,Mixed,"['Simulation', 'Sports']",Simulation,Sports,,2024.0,,53.10720729985696,46.89279270014304
1892,Dead by Daylight - Ghost Face®,2019-06-18,4.99,0.0,Behaviour Interactive Inc.,Behaviour Interactive Inc.,2747,2293,454,Very Positive,['Action'],Action,,,2019.0,,83.47287950491446,16.527120495085548
1893,Sinner Maker,2026-06-05,9.66,0.0,Pantokrator,Metro Team,423,383,40,Overwhelmingly Positive,"['Indie', 'Simulation', 'Early Access']",Indie,Simulation,Early Access,2026.0,,90.54373522458629,9.456264775413711
1894,Total War: PHARAOH,2023-10-11,39.99,0.0,CREATIVE ASSEMBLY,SEGA,5401,3407,1994,Mixed,"['Action', 'Strategy']",Action,Strategy,,2023.0,,63.080910942418065,36.91908905758193
1895,Myst,2021-08-26,34.99,0.0,"Cyan Worlds, Inc.","Cyan Worlds, Inc.",2183,1934,249,Mostly Positive,"['Adventure', 'Casual', 'Indie']",Adventure,Casual,Indie,2021.0,,88.59367842418689,11.4063215758131
1896,The Sims™ 4 Parenthood,2017-05-30,19.99,13.99,Maxis,Electronic Arts,119,78,41,Mixed,['Simulation'],Simulation,,,2017.0,30.0,65.54621848739495,34.45378151260504
1897,Ori and the Blind Forest,2015-03-11,0.0,0.0,Moon Studios GmbH,Xbox Game Studios,60015,56316,3699,Very Positive,['Action'],Action,,,2015.0,,93.8365408647838,6.163459135216196
1898,Sticky Business,2023-07-17,9.99,0.0,Spellgarden Games,Assemble Entertainment,7629,7152,477,Very Positive,"['Casual', 'Simulation']",Casual,Simulation,,2023.0,,93.74754227290602,6.252457727093984
1899,Incrempire,2026-07-21,7.99,0.0,FMGames,FMGames,146,101,45,Mixed,"['Action', 'Casual', 'Indie', 'RPG']",Action,Casual,Indie,2026.0,,69.17808219178082,30.82191780821918
1900,Stonemachia,2026-05-26,0.0,0.0,Crossfall Games,Crossfall Games,1171,1125,46,Very Positive,"['Action', 'Adventure', 'Indie']",Action,Adventure,Indie,2026.0,,96.07173356105892,3.928266438941076
1901,Exo Rally Championship,2026-06-07,24.99,18.74,Exbleative,Future Friends Games,354,324,30,Very Positive,"['Action', 'Racing', 'Simulation']",Action,Racing,Simulation,2026.0,25.0,91.52542372881356,8.47457627118644
1902,Vending Machine Co.,2026-04-25,17.98,8.98,Rogue Duck Interactive,Rogue Duck Interactive,464,404,60,Mostly Positive,"['Casual', 'Indie', 'Simulation']",Casual,Indie,Simulation,2026.0,50.0,87.06896551724138,12.931034482758621
1903,Soundpad,2016-11-09,0.0,0.0,Leppsoft,Leppsoft,103293,99135,4158,Overwhelmingly Positive,"['Audio Production', 'Utilities']",Audio Production,Utilities,,2016.0,,95.97455781127472,4.025442188725277
1904,Call of Duty®: Black Ops III - Revelations Zombies Map,2018-05-01,7.99,0.0,Treyarch,Activision,200,153,47,Mostly Positive,"['Action', 'Adventure']",Action,Adventure,,2018.0,,76.5,23.5
1905,Motion Soccer PRO,2025-07-03,19.99,0.0,Ivanovich Games,Ivanovich Games,134,110,24,Mostly Positive,"['Action', 'Casual', 'Simulation', 'Sports']",Action,Casual,Simulation,2025.0,,82.08955223880598,17.91044776119403
1906,Dead Rising Deluxe Remaster,2024-09-18,0.0,0.0,"CAPCOM Co., Ltd.","CAPCOM Co., Ltd.",4076,3276,800,Mixed,"['Action', 'Adventure']",Action,Adventure,,2024.0,,80.3729146221786,19.627085377821395
1907,theHunter: Call of the Wild™ - Modern Rifle Pack,2022-02-22,3.99,1.99,Expansive Worlds,Avalanche Studios,639,528,111,Very Positive,"['Adventure', 'Simulation', 'Sports']",Adventure,Simulation,Sports,2022.0,50.0,82.62910798122066,17.370892018779344
1908,Mortal Sin,2025-08-29,24.99,0.0,Nikola Todorovic,Nikola Todorovic,5874,5540,334,Mostly Positive,"['Action', 'Indie', 'RPG']",Action,Indie,RPG,2025.0,,94.31392577459992,5.686074225400068
1909,DON'T SCREAM TOGETHER,2025-12-03,7.99,0.0,Digital Cybercherries,Digital Cybercherries,2682,1338,1344,Mixed,"['Casual', 'Simulation']",Casual,Simulation,,2025.0,,49.88814317673378,50.11185682326622
1910,Mecharashi,2025-07-30,0.0,0.0,BlackJack Studio,HK TEN TREE LIMITED,1483,1019,464,Mostly Positive,"['RPG', 'Strategy', 'Free To Play']",RPG,Strategy,Free To Play,2025.0,,68.71207012811867,31.28792987188132
1911,Nuclear Nightmare,2024-10-20,6.99,0.0,BG Productions,BG Productions,18900,15329,3571,Mostly Positive,"['Action', 'Adventure', 'Indie', 'Early Access']",Action,Adventure,Indie,2024.0,,81.1058201058201,18.894179894179892
1912,STAR WARS™ Knights of the Old Republic™,2003-11-19,9.99,0.0,BioWare,LucasArts,33852,30837,3015,Very Positive,"['Adventure', 'RPG']",Adventure,RPG,,2003.0,,91.09358383551933,8.906416164480682
1913,Vindictus,2012-06-22,0.0,0.0,NEXON,NEXON America Inc.,8063,5360,2703,Mixed,"['Action', 'Adventure', 'Massively Multiplayer', 'RPG']",Action,Adventure,Massively Multiplayer,2012.0,,66.47649758154533,33.52350241845467
1914,Walk of Life,2026-04-30,19.99,0.0,Porcelain Fortress,Porcelain Fortress,839,790,49,Very Positive,"['Casual', 'Indie', 'Simulation', 'Strategy']",Casual,Indie,Simulation,2026.0,,94.15971394517283,5.8402860548271756
1915,Kinny and the Cosmic Cauldron,2026-07-27,17.98,9.71,Kinnymoms,Rogue Duck Interactive,384,318,66,Very Positive,"['Casual', 'Indie', 'Strategy']",Casual,Indie,Strategy,2026.0,46.0,82.8125,17.1875
1916,Halls of Torment,2024-09-24,6.66,4.99,Chasing Carrots,Chasing Carrots,31716,30258,1458,Very Positive,"['Action', 'Indie', 'RPG']",Action,Indie,RPG,2024.0,25.0,95.40295119182747,4.597048808172531
1917,Total War: NAPOLEON – Definitive Edition,2010-02-25,24.99,0.0,CREATIVE ASSEMBLY,SEGA,27427,25135,2292,Very Positive,['Strategy'],Strategy,,,2010.0,,91.64327122908084,8.356728770919167
1918,Voor De Kroon,2022-12-09,29.99,22.49,Future Minimalism,Future Minimalism,668,584,84,Very Positive,"['Action', 'Indie', 'RPG', 'Simulation']",Action,Indie,RPG,2022.0,25.0,87.42514970059881,12.574850299401197
1919,Planet Coaster 2: Sorcery Pack,2025-09-16,12.99,0.0,Frontier Developments,Frontier Developments,130,121,9,Very Positive,"['Simulation', 'Strategy']",Simulation,Strategy,,2025.0,,93.07692307692308,6.923076923076923
1920,Castlevania: Belmont's Curse,2026-10-14,29.99,0.0,KONAMI,KONAMI,0,0,0,"['Action', 'RPG']","['None', 'None', 'None', 'None']",None,None,None,2026.0,,,
1921,Resident Evil Village - Winters’ Expansion,2022-10-27,0.0,0.0,"CAPCOM Co., Ltd.","CAPCOM Co., Ltd.",3622,2321,1301,Mixed,['Action'],Action,,,2022.0,,64.08061844284926,35.91938155715075
1922,Total War: WARHAMMER III - Elspeth – Thrones of Decay,2024-04-30,8.99,0.0,CREATIVE ASSEMBLY,SEGA,1330,1140,190,Very Positive,"['Action', 'Strategy']",Action,Strategy,,2024.0,,85.71428571428571,14.285714285714285
1923,Gacha Capsule Shop Simulator - Akihabara,2026-06-08,0.0,0.0,UGC90,UGC90,375,303,72,Very Positive,"['Casual', 'Indie', 'Simulation', 'Early Access']",Casual,Indie,Simulation,2026.0,,80.80000000000001,19.2
1924,American Truck Simulator - Montana,2022-08-04,11.99,0.0,SCS Software,SCS Software,495,442,53,Very Positive,"['Indie', 'Simulation']",Indie,Simulation,,2022.0,,89.29292929292929,10.707070707070706
1925,Le Mans Ultimate - 2024 Pack 3,2024-12-10,17.99,0.0,Studio 397,Studio 397,47,39,8,Positive,"['Racing', 'Simulation', 'Sports']",Racing,Simulation,Sports,2024.0,,82.97872340425532,17.02127659574468
1926,Equinox: Homecoming,2026-03-05,14.99,0.0,Blue Scarab Entertainment,Blue Scarab Entertainment,1322,1069,253,Mostly Positive,"['Massively Multiplayer', 'RPG']",Massively Multiplayer,RPG,,2026.0,,80.8623298033283,19.13767019667171
1927,Crash Bandicoot™ N. Sane Trilogy,2018-06-29,39.99,0.0,Vicarious Visions,Activision,22018,20254,1764,Very Positive,['Action'],Action,,,2018.0,,91.98837314924153,8.01162685075847
1928,Rising Front,2026-01-09,14.99,0.0,Sandstorm Studios Inc.,Sandstorm Studios Inc.,4170,3670,500,Very Positive,"['Action', 'Casual', 'Simulation', 'Strategy']",Action,Casual,Simulation,2026.0,,88.00959232613909,11.990407673860911
1929,Rooftops & Alleys: The Parkour Game,2025-06-16,24.99,0.0,MLMEDIA,MLMEDIA,6937,6572,365,Very Positive,"['Indie', 'Simulation', 'Sports']",Indie,Simulation,Sports,2025.0,,94.73835952140695,5.261640478593052
1930,Scrap Mechanic - Fan Pack,2026-07-24,14.99,0.0,Axolot Games,Axolot Games,51,49,2,Positive,"['Action', 'Adventure', 'Indie', 'Simulation']",Action,Adventure,Indie,2026.0,,96.07843137254902,3.9215686274509802
1931,Kena: Bridge of Spirits,2022-09-26,39.99,0.0,Ember Lab,Ember Lab,17490,16099,1391,Very Positive,"['Action', 'Adventure', 'Indie']",Action,Adventure,Indie,2022.0,,92.04688393367638,7.953116066323614
1932,Inside the Backrooms,2022-06-20,6.99,0.0,MrFatcat,MrFatcat,46678,37293,9385,Mixed,"['Adventure', 'Indie', 'Early Access']",Adventure,Indie,Early Access,2022.0,,79.89416855906423,20.105831440935773
1933,Katana ZERO,2019-04-18,14.99,8.99,Askiisoft,Devolver Digital,75740,74168,1572,Overwhelmingly Positive,"['Action', 'Indie']",Action,Indie,,2019.0,40.0,97.92447847900712,2.0755215209928704
1934,Meltopia,2026-05-01,6.99,4.19,Garden of Dreams,Garden of Dreams,1525,1330,195,Very Positive,"['Adventure', 'Casual', 'Indie', 'Simulation']",Adventure,Casual,Indie,2026.0,40.0,87.21311475409837,12.786885245901638
1935,BlazBlue Centralfiction,2017-04-26,39.99,0.0,Arc System Works,Arc System Works,12217,11477,740,Overwhelmingly Positive,['Action'],Action,,,2017.0,,93.94286649750347,6.057133502496521
1936,Counter-Strike: Source,2004-11-01,9.99,0.0,Valve,Valve,192701,185558,7143,Overwhelmingly Positive,['Action'],Action,,,2004.0,,96.29322110419768,3.7067788958023056
1937,Cleared Hot,2025-11-20,14.99,0.0,Not Knowing Corporation,MicroProse Software,3832,3696,136,Very Positive,"['Action', 'Indie', 'Early Access']",Action,Indie,Early Access,2025.0,,96.4509394572025,3.549060542797495
1938,Atomic Heart - Blood On Crystal,2026-04-16,9.99,0.0,Mundfish,Focus Entertainment,1004,901,103,Very Positive,"['Action', 'Adventure', 'RPG']",Action,Adventure,RPG,2026.0,,89.7410358565737,10.258964143426295
1939,Wrench,2018-12-19,29.99,0.0,Missing Digit,Missing Digit,2033,1724,309,Mostly Positive,"['Indie', 'Racing', 'Simulation', 'Early Access']",Indie,Racing,Simulation,2018.0,,84.80078701426463,15.199212985735366
1940,LISA: The Painful,2014-12-15,19.99,11.99,Dingaling Productions,Serenity Forge,15123,14440,683,Very Positive,"['Adventure', 'Indie', 'RPG']",Adventure,Indie,RPG,2014.0,40.0,95.48370032400979,4.516299675990214
1941,Atelier Ryza: Ever Darkness & the Secret Hideout DX,2025-11-12,39.99,25.99,"KOEI TECMO GAMES CO., LTD.","KOEI TECMO GAMES CO., LTD.",320,254,66,Very Positive,"['Action', 'Adventure', 'Casual', 'RPG']",Action,Adventure,Casual,2025.0,35.0,79.375,20.625
1942,Granny,2018-11-20,7.99,0.0,DVloper,DVloper,11066,10423,643,Overwhelmingly Positive,"['Adventure', 'Indie']",Adventure,Indie,,2018.0,,94.1894090005422,5.810590999457799
1943,Jotunnslayer: Hordes of Hel,2025-09-03,18.88,14.29,Games Farm,Grindstone,7668,6327,1341,Mostly Positive,"['Action', 'Indie', 'RPG']",Action,Indie,RPG,2025.0,24.0,82.51173708920187,17.48826291079812
1944,Sunderfolk,2025-04-23,0.0,0.0,Secret Door,Dreamhaven,2225,1997,228,Very Positive,"['RPG', 'Strategy']",RPG,Strategy,,2025.0,,89.75280898876404,10.247191011235955
1945,Forest Escape: Last Train,2026-07-10,13.48,9.88,"Frag Lab, LLC",Two Cakes Studio,443,361,82,Very Positive,"['Action', 'Adventure', 'Indie', 'Early Access']",Action,Adventure,Indie,2026.0,27.0,81.48984198645599,18.510158013544018
1946,Echoes of the End: Enhanced Edition,2025-08-12,39.99,11.99,Myrkur Games,Deep Silver,1814,1403,411,Mostly Positive,"['Action', 'Adventure']",Action,Adventure,,2025.0,70.0,77.34288864388093,22.657111356119074
1947,Cult of the Lamb: Pilgrim Pack,2024-08-12,6.99,0.0,Massive Monster,Devolver Digital,223,211,12,Very Positive,"['Action', 'Adventure', 'Indie', 'Strategy']",Action,Adventure,Indie,2024.0,,94.61883408071749,5.381165919282512
1948,Kynseed,2022-12-06,24.99,0.0,PixelCount Studios,PixelCount Studios,3836,3180,656,Mostly Positive,"['Adventure', 'Indie', 'RPG', 'Simulation']",Adventure,Indie,RPG,2022.0,,82.89885297184567,17.10114702815433
1949,Desktop Mate,2025-01-07,0.0,0.0,infiniteloop,infiniteloop,9179,6137,3042,Very Positive,"['Free To Play', 'Animation & Modeling', 'Utilities']",Free To Play,Animation & Modeling,Utilities,2025.0,,66.85913498202419,33.14086501797581
1950,Fallen Aces,2024-06-14,14.99,11.24,Trey Powell,New Blood Interactive,6787,6581,206,Very Positive,"['Action', 'Indie', 'Early Access']",Action,Indie,Early Access,2024.0,25.0,96.96478561956681,3.0352143804331813
1951,theHunter: Call of the Wild™ - Scotland Hunting Reserve,2025-12-09,11.99,8.99,Expansive Worlds,Avalanche Studios,148,105,43,Mixed,"['Adventure', 'Simulation', 'Sports']",Adventure,Simulation,Sports,2025.0,25.0,70.94594594594594,29.054054054054053
1952,Icarus: Pet Companions Pack,2024-04-25,15.99,0.0,RocketWerkz,RocketWerkz,76,54,22,Mostly Positive,"['Action', 'Adventure', 'Simulation']",Action,Adventure,Simulation,2024.0,,71.05263157894737,28.947368421052634
1953,Oxygen Not Included: Neutronium Cosmetics Pack,2025-11-20,4.99,0.0,Klei Entertainment,Klei Entertainment,145,133,12,Very Positive,"['Indie', 'Simulation']",Indie,Simulation,,2025.0,,91.72413793103448,8.275862068965518
1954,Shelldiver,2025-11-16,4.99,0.0,Gagonfe,Gagonfe,16739,16532,207,Overwhelmingly Positive,"['Action', 'Adventure']",Action,Adventure,,2025.0,,98.76336698727522,1.2366330127247744
1955,For The King II: Tinkerers Of Fate Character Pack,2025-09-11,7.99,6.39,IronOak Games,Curve Games,65,60,5,Very Positive,"['Adventure', 'Indie', 'RPG', 'Strategy']",Adventure,Indie,RPG,2025.0,20.0,92.3076923076923,7.6923076923076925
1956,We Were Here Together,2019-10-10,12.99,0.0,Total Mayhem Games,Total Mayhem Games,17620,14435,3185,Mostly Positive,"['Adventure', 'Casual', 'Indie']",Adventure,Casual,Indie,2019.0,,81.9239500567537,18.07604994324631
1957,NEBULOUS: Fleet Command,2022-02-11,29.99,0.0,Eridanus Industries,Hooded Horse,4384,3556,828,Mixed,"['Simulation', 'Strategy', 'Early Access']",Simulation,Strategy,Early Access,2022.0,,81.11313868613139,18.886861313868614
1958,Tales of Xillia Remastered,2025-10-30,39.99,29.99,"DOKIDOKI GROOVEWORKS, Inc.",Bandai Namco Entertainment,506,394,112,Mixed,"['Action', 'RPG']",Action,RPG,,2025.0,25.0,77.86561264822134,22.134387351778656
1959,They Are Billions,2019-06-18,29.99,0.0,Numantian Games,Numantian Games,51273,43658,7615,Mostly Positive,['Strategy'],Strategy,,,2019.0,,85.14812864470579,14.851871355294211
1960,Make Way,2023-12-04,11.49,9.88,Ice BEAM,Secret Mode,2211,2011,200,Very Positive,"['Action', 'Casual', 'Indie', 'Racing']",Action,Casual,Indie,2023.0,14.0,90.95431931252827,9.045680687471732
1961,American Truck Simulator - Colorado,2020-11-12,11.99,0.0,SCS Software,SCS Software,748,694,54,Very Positive,"['Indie', 'Simulation']",Indie,Simulation,,2020.0,,92.7807486631016,7.219251336898395
1962,Tomb Raider Game of the Year,2013-03-04,19.99,0.0,Crystal Dynamics,Crystal Dynamics,268649,257982,10667,Overwhelmingly Positive,"['Action', 'Adventure']",Action,Adventure,,2013.0,,96.02939151085617,3.970608489143827
1963,Fishing Inc,2026-04-14,4.99,0.0,BigBonk Studio,BigBonk Studio,1700,1554,146,Very Positive,"['Casual', 'Indie', 'Simulation']",Casual,Indie,Simulation,2026.0,,91.41176470588235,8.588235294117647
1964,"Warhammer 40,000: Chaos Gate - Daemonhunters",2022-05-05,44.99,0.0,Complex Games,Frontier Foundry,14659,11233,3426,Mostly Positive,"['RPG', 'Strategy']",RPG,Strategy,,2022.0,,76.62869227095982,23.37130772904018
1965,ENDLESS Space™ 2,2017-05-18,39.99,0.0,AMPLITUDE Studios,AMPLITUDE Studios,23001,19170,3831,Mostly Positive,['Strategy'],Strategy,,,2017.0,,83.34420242598148,16.65579757401852
1966,Tyranny,2016-11-10,29.99,0.0,Obsidian Entertainment,Paradox Interactive,13288,11544,1744,Very Positive,"['Adventure', 'RPG']",Adventure,RPG,,2016.0,,86.8753762793498,13.124623720650211
1967,Space Imperia 4X,2026-07-28,22.99,19.54,Breich Games,Breich Games,38,34,4,Positive,['Strategy'],Strategy,,,2026.0,15.0,89.47368421052632,10.526315789473683
1968,The Rise of the Golden Idol,2024-11-12,0.0,0.0,Color Gray Games,Playstack,4094,3790,304,Very Positive,"['Adventure', 'Indie']",Adventure,Indie,,2024.0,,92.57449926722032,7.425500732779677
1969,Cities: Skylines II - Creator Pack: Supply Chains,2025-12-03,7.99,0.0,Badi_Dea,Paradox Interactive,92,77,15,Very Positive,['Simulation'],Simulation,,,2025.0,,83.69565217391305,16.304347826086957
1970,ARC Raiders - The Wasp Hunter Set,2026-03-31,20.0,0.0,Embark Studios,Embark Studios,67,59,8,Very Positive,['Action'],Action,,,2026.0,,88.05970149253731,11.940298507462686
1971,Gunfire Reborn - Artisan and Magician,2023-05-31,6.99,5.59,Gunfire Reborn Studio,Duoyi Games,607,545,62,Very Positive,"['Action', 'Adventure', 'Indie', 'RPG']",Action,Adventure,Indie,2023.0,20.0,89.78583196046128,10.214168039538714
1972,Vampire: The Masquerade - Bloodlines,2004-11-16,19.99,0.0,Troika Games,Activision,15304,14451,853,Very Positive,['Action'],Action,,,2004.0,,94.42629377940408,5.5737062205959225
1973,The Jackbox Party Pack 9,2022-10-19,0.0,0.0,"Jackbox Games, Inc.","Jackbox Games, Inc.",808,676,132,Very Positive,"['Casual', 'Indie', 'Strategy']",Casual,Indie,Strategy,2022.0,,83.66336633663366,16.33663366336634
1974,Cooking Simulator 2: Better Together,2026-03-31,24.99,0.0,Big Cheese Studio,Big Cheese Studio,864,419,445,Mostly Positive,"['Casual', 'Indie', 'RPG', 'Simulation']",Casual,Indie,RPG,2026.0,,48.495370370370374,51.504629629629626
1975,RISK: Global Domination,2020-02-19,0.0,0.0,SMG Studio,SMG Studio,41497,32906,8591,Mixed,"['Casual', 'Strategy', 'Free To Play']",Casual,Strategy,Free To Play,2020.0,,79.2972985998988,20.702701400101212
1976,PICO PARK,2021-05-07,4.99,0.0,TECOPARK,TECOPARK,29880,27125,2755,Very Positive,"['Action', 'Casual', 'Indie']",Action,Casual,Indie,2021.0,,90.77978580990629,9.220214190093708
1977,Scorn,2022-10-14,39.99,0.0,Ebb Software,Kepler Interactive,19488,14938,4550,Mostly Positive,"['Action', 'Adventure', 'Indie']",Action,Adventure,Indie,2022.0,,76.65229885057471,23.347701149425287
1978,Sniper Elite 4,2017-02-13,59.99,0.0,Rebellion,Rebellion,62824,57344,5480,Very Positive,"['Action', 'Adventure']",Action,Adventure,,2017.0,,91.27721889723672,8.722781102763275
1979,Gladio Mori,2024-11-26,0.0,0.0,Plebeian Studio,Bonus Stage Publishing,1160,948,212,Very Positive,"['Action', 'Simulation', 'Early Access']",Action,Simulation,Early Access,2024.0,,81.72413793103448,18.275862068965516
1980,Luma Island,2024-11-20,19.99,0.0,Feel Free Games,Feel Free Games,12578,10585,1993,Very Positive,"['Adventure', 'Casual', 'Indie', 'RPG']",Adventure,Casual,Indie,2024.0,,84.15487358880586,15.84512641119415
1981,TrackDayR,2021-03-17,24.99,0.0,MadCow S.r.l.,MadCow S.r.l.,2226,1929,297,Very Positive,"['Indie', 'Massively Multiplayer', 'Racing', 'Simulation']",Indie,Massively Multiplayer,Racing,2021.0,,86.6576819407008,13.34231805929919
1982,"Warhammer 40,000: Mechanicus II",2026-05-21,39.99,0.0,Bulwark Studios,Kasedo Games,2243,1211,1032,Mixed,"['Action', 'RPG', 'Strategy']",Action,RPG,Strategy,2026.0,,53.99019170753455,46.00980829246545
1983,BLACK SOULS,2025-08-15,13.99,0.0,"Eeny, meeny, miny, moe?",OTAKU Plan,7312,6971,341,Very Positive,"['Adventure', 'Indie', 'RPG']",Adventure,Indie,RPG,2025.0,,95.33643326039387,4.663566739606127
1984,Builder Simulator,2022-06-09,19.99,2.99,Live Motion Games,Live Motion Games,2214,1585,629,Mixed,"['Adventure', 'Casual', 'Indie', 'Simulation']",Adventure,Casual,Indie,2022.0,85.0,71.58988256549233,28.410117434507676
1985,X4: Kingdom End,2023-04-12,14.99,4.49,Egosoft,Egosoft,488,398,90,Very Positive,"['Action', 'Simulation']",Action,Simulation,,2023.0,70.0,81.55737704918032,18.442622950819672
1986,Labyrinthine,2023-08-18,9.99,0.0,Valko Game Studios,Valko Game Studios,17426,14698,2728,Mostly Positive,"['Action', 'Adventure', 'Indie']",Action,Adventure,Indie,2023.0,,84.34523126362906,15.654768736370938
1987,Yarimono,2024-08-30,24.99,0.0,にゅう工房,072 Project,4165,3626,539,Very Positive,"['Adventure', 'Indie', 'RPG']",Adventure,Indie,RPG,2024.0,,87.05882352941177,12.941176470588237
1988,Warframe: The Old Peace Complete Collection,2025-12-10,44.99,35.99,Digital Extremes,Digital Extremes,14,12,2,Positive,"['Action', 'RPG', 'Free To Play']",Action,RPG,Free To Play,2025.0,20.0,85.71428571428571,14.285714285714285
1989,The Dark Pictures Anthology: The Devil in Me,2022-11-17,0.0,0.0,Supermassive Games,Bandai Namco Entertainment Europe,6180,3403,2777,Mixed,['Adventure'],Adventure,,,2022.0,,55.064724919093855,44.93527508090615
1990,Rina's Undercover Train Operation,2026-06-12,0.0,0.0,Metamorphose,Saikey Studios,289,211,78,Mixed,['Simulation'],Simulation,,,2026.0,,73.01038062283737,26.989619377162633
1991,Moonstone Island,2023-09-20,0.0,0.0,Studio Supersoft,Raw Fury,4993,4185,808,Very Positive,"['Adventure', 'Indie', 'RPG']",Adventure,Indie,RPG,2023.0,,83.81734428199479,16.182655718005208
1992,CURE - A Hospital Simulator,2025-11-20,9.99,6.89,Sentinel Games,Sentinel Games,905,790,115,Very Positive,"['Simulation', 'Early Access']",Simulation,Early Access,,2025.0,31.0,87.29281767955801,12.70718232044199
1993,BONEWORKS,2019-12-10,29.99,0.0,Stress Level Zero,Stress Level Zero,36415,33610,2805,Very Positive,"['Action', 'Adventure', 'Indie', 'Simulation']",Action,Adventure,Indie,2019.0,,92.29713030344638,7.702869696553619
1994,Poppy Playtime - Chapter 3,2024-01-30,14.99,0.0,Mob Entertainment,Mob Entertainment,10871,9427,1444,Very Positive,"['Action', 'Adventure', 'Indie']",Action,Adventure,Indie,2024.0,,86.71695336215619,13.283046637843803
