GameID,Name,Release Date,Price,Discount,Developer,Publisher,Total Reviews,Positive Reviews,Negative Reviews,Review Sentiment,Genre(s)
730,Counter-Strike 2,"Aug 21, 2012",Free To Play,No Discount,Valve,Valve,"9,769,692","8,403,277","1,366,415",Mostly Positive,"['Action', 'Free To Play']"
1623730,Palworld,"Jul 9, 2026",$29.99,No Discount,Pocketpair,Pocketpair,"467,152","441,307","25,845",Very Positive,"['Action', 'Adventure', 'Indie', 'RPG']"
1091500,Cyberpunk 2077,"Dec 9, 2020",$59.99,$17.99,CD PROJEKT RED,CD PROJEKT RED,"974,419","840,820","133,599",Overwhelmingly Positive,['RPG']
2767030,Marvel Rivals,"Dec 5, 2024",Free To Play,No Discount,NetEase Games,NetEase Games,"405,654","307,916","97,738",Mixed,"['Action', 'Free To Play']"
230410,Warframe,"Mar 25, 2013",Free To Play,No Discount,Digital Extremes,Digital Extremes,"679,001","593,750","85,251",Very Positive,"['Action', 'RPG', 'Free To Play']"
2651280,Marvel's Spider-Man 2,"Jan 30, 2025",$59.99,$40.19,Insomniac Games,PlayStation Publishing LLC,"42,241","34,957","7,284",Very Positive,"['Action', 'Adventure']"
1086940,Baldur's Gate 3,"Aug 3, 2023",$59.99,$41.99,Larian Studios,Larian Studios,"851,064","823,750","27,314",Very Positive,"['Adventure', 'RPG', 'Strategy']"
3282300,Mistfall Hunter,"Jul 29, 2026",$24.99,$22.49,Bellring Games,Skystone Games,"6,538","4,312","2,226",Mixed,"['Action', 'Adventure']"
1172470,Apex Legends™,"Nov 4, 2020",Free To Play,No Discount,Respawn,Electronic Arts,"1,061,161","718,607","342,554",Mixed,"['Action', 'Adventure', 'Free To Play']"
3751950,Assassin's Creed Black Flag Resynced,"Jul 9, 2026",$59.99,No Discount,Ubisoft Singapore,Ubisoft,"25,882","20,535","5,347",Very Positive,"['Action', 'Adventure']"
3513350,Wuthering Waves,"Apr 28, 2025",Free To Play,No Discount,KURO GAMES,KURO GAMES,"53,721","47,298","6,423",Very Positive,"['Action', 'Adventure', 'RPG', 'Free To Play']"
3722330,Shift At Midnight,"Jul 22, 2026",$9.99,No Discount,Bun Muen,Kwalee,"6,676","5,903",773,Overwhelmingly Positive,"['Indie', 'Simulation']"
381210,Dead by Daylight,"Jun 14, 2016",$19.99,No Discount,Behaviour Interactive Inc.,Behaviour Interactive Inc.,"925,003","725,553","199,450",Mostly Positive,['Action']
4704690,MECCHA CHAMELEON,"Jun 9, 2026",$5.99,No Discount,lemorion_1224,lemorion_1224,"80,018","69,788","10,230",Very Positive,['Casual']
2806050,Halo: Campaign Evolved,"Jul 28, 2026",$49.99,No Discount,Halo Studios,Xbox Game Studios,"10,604","6,745","3,859",Mixed,"['Action', 'Adventure']"
359550,Tom Clancy's Rainbow Six Siege,"Dec 1, 2015",Free To Play,No Discount,Ubisoft Montreal,Ubisoft,"1,537,277","1,264,348","272,929",Mostly Positive,"['Action', 'Free To Play']"
1364780,Street Fighter™ 6,"Jun 1, 2023",No Price,No Discount,"CAPCOM Co., Ltd.","CAPCOM Co., Ltd.","77,902","64,286","13,616",Mostly Positive,"['Action', 'Adventure']"
252490,Rust,"Feb 8, 2018",$39.99,$19.99,Facepunch Studios,Facepunch Studios,"1,387,333","1,204,307","183,026",Very Positive,"['Action', 'Adventure', 'Indie', 'Massively Multiplayer']"
1817070,Marvel’s Spider-Man Remastered,"Aug 12, 2022",$59.99,$23.99,Insomniac Games,PlayStation Publishing LLC,"137,199","131,707","5,492",Overwhelmingly Positive,"['Action', 'Adventure', 'Casual']"
2807960,Battlefield™ 6,"Oct 10, 2025",$69.99,$34.99,Battlefield Studios,Electronic Arts,"358,784","231,704","127,080",Mixed,['Action']
2138330,Cyberpunk 2077: Phantom Liberty,"Sep 25, 2023",$29.99,$17.99,CD PROJEKT RED,CD PROJEKT RED,"23,566","21,226","2,340",Very Positive,['RPG']
3932890,Escape from Tarkov,"Nov 15, 2025",$49.99,No Discount,Battlestate Games,Battlestate Games,"60,166","29,394","30,772",Mixed,"['Action', 'Massively Multiplayer', 'RPG', 'Simulation']"
236390,War Thunder,"Aug 15, 2013",Free To Play,No Discount,Gaijin Entertainment,Gaijin Network Ltd,"898,887","575,695","323,192",Mixed,"['Action', 'Massively Multiplayer', 'Simulation', 'Free To Play']"
570,Dota 2,"Jul 9, 2013",Free To Play,No Discount,Valve,Valve,"2,751,860","2,218,225","533,635",Mixed,"['Action', 'Strategy', 'Free To Play']"
3564740,Where Winds Meet,"Nov 14, 2025",Free To Play,No Discount,Everstone Studio,NetEase Games,"113,785","98,518","15,267",Very Positive,"['Action', 'Adventure', 'RPG', 'Free To Play']"
3240220,Grand Theft Auto V Enhanced,"Mar 4, 2025",$29.99,No Discount,Rockstar North,Rockstar Games,"212,038","174,911","37,127",Mostly Positive,"['Action', 'Adventure', 'Racing']"
4162040,Zenless Zone Zero,"Jun 16, 2026",Free To Play,No Discount,COGNOSPHERE PTE. LTD.,COGNOSPHERE PTE. LTD.,"12,534","11,018","1,516",Very Positive,"['Action', 'Adventure', 'RPG', 'Free To Play']"
1085660,Destiny 2,"Oct 1, 2019",Free To Play,No Discount,Bungie,Bungie,"660,819","518,853","141,966",Very Positive,"['Action', 'Adventure', 'Free To Play']"
2483190,Forza Horizon 6,"May 18, 2026",$69.99,No Discount,Playground Games,Xbox Game Studios,"92,164","76,797","15,367",Mostly Positive,"['Racing', 'Simulation', 'Sports']"
4570720,DragonSword : Awakening,"Jul 22, 2026",$29.99,No Discount,Hound13 Inc.,Hound13 Inc.,"7,794","7,022",772,Very Positive,"['Action', 'Adventure', 'RPG']"
1222670,The Sims™ 4,"Sep 2, 2014",Free To Play,No Discount,Maxis,Electronic Arts,"198,481","171,502","26,979",Very Positive,"['Adventure', 'Casual', 'Simulation', 'Free To Play']"
3164500,Schedule I,"Mar 24, 2025",No Price,No Discount,TVGS,TVGS,"310,973","304,169","6,804",Overwhelmingly Positive,"['Action', 'Indie', 'Simulation', 'Strategy']"
1245620,ELDEN RING,"Feb 24, 2022",$59.99,No Discount,"FromSoftware, Inc.","FromSoftware, Inc.","1,147,097","1,067,663","79,434",Very Positive,"['Action', 'RPG']"
553850,HELLDIVERS™ 2,"Feb 8, 2024",$39.99,No Discount,Arrowhead Game Studios,PlayStation Publishing LLC,"1,153,015","866,803","286,212",Very Positive,['Action']
440,Team Fortress 2,"Oct 10, 2007",Free To Play,No Discount,Valve,Valve,"1,245,073","1,133,138","111,935",Very Positive,"['Action', 'Free To Play']"
306130,The Elder Scrolls® Online,"Apr 4, 2014",$19.99,$4.99,ZeniMax Online Studios,Bethesda Softworks,"161,219","130,441","30,778",Mixed,"['Action', 'Adventure', 'Massively Multiplayer', 'RPG']"
39210,FINAL FANTASY XIV Online,"Feb 18, 2014",No Price,No Discount,Square Enix,Square Enix,"85,318","73,822","11,496",Very Positive,"['Massively Multiplayer', 'RPG']"
1151340,Fallout 76,"Apr 14, 2020",$39.99,$9.99,Bethesda Game Studios,Bethesda Softworks,"140,033","100,714","39,319",Mixed,['RPG']
3712080,Funnel Runners,"Jul 16, 2026",$14.99,No Discount,Supernova Studios LLC,Supernova Studios LLC,"2,420","2,039",381,Very Positive,"['Action', 'Indie', 'Simulation', 'Early Access']"
582660,Black Desert,"May 24, 2017",$9.99,$0.99,Pearl Abyss,Pearl Abyss,"93,780","68,959","24,821",Mixed,"['Action', 'Adventure', 'Massively Multiplayer', 'RPG']"
2694490,Path of Exile 2,"Dec 6, 2024",$29.99,No Discount,Grinding Gear Games,Grinding Gear Games,"224,027","167,201","56,826",Very Positive,"['Action', 'Adventure', 'Massively Multiplayer', 'RPG']"
2569760,The Mound: Omen of Cthulhu,"Jul 15, 2026",$29.99,No Discount,ACE Team,Nacon,"3,329","2,300","1,029",Mostly Positive,"['Action', 'Adventure']"
1368140,Corsair Cove,"Jul 31, 2026",$39.99,$29.99,Limbic Entertainment,Hooded Horse,"1,196","1,057",139,Very Positive,"['Simulation', 'Strategy']"
438100,VRChat,"Feb 1, 2017",Free To Play,No Discount,VRChat Inc.,VRChat Inc.,"266,651","200,532","66,119",Mostly Positive,"['Adventure', 'Casual', 'Massively Multiplayer', 'Simulation']"
3405690,EA SPORTS FC™ 26,"Sep 25, 2025",No Price,No Discount,EA Canada,Electronic Arts,"98,465","49,397","49,068",Mixed,"['Simulation', 'Sports']"
1671210,DELTARUNE,"Jun 4, 2025",No Price,No Discount,tobyfox,tobyfox,"127,830","125,444","2,386",Overwhelmingly Positive,"['Indie', 'RPG']"
216150,MapleStory,"Aug 9, 2012",Free To Play,No Discount,NEXON Korea Corporation,Nexon America Inc.,"15,688","9,447","6,241",Mostly Negative,"['Action', 'Adventure', 'Casual', 'Massively Multiplayer']"
2141910,Magic: The Gathering Arena,"May 23, 2023",Free To Play,No Discount,Wizards of the Coast,Wizards of the Coast,"30,487","18,661","11,826",Mixed,"['Strategy', 'Free To Play']"
108600,Project Zomboid,"Nov 8, 2013",$24.99,No Discount,The Indie Stone,The Indie Stone,"466,488","438,441","28,047",Very Positive,"['Indie', 'RPG', 'Simulation', 'Early Access']"
2424420,Avatar Legends: The Fighting Game,"Jul 23, 2026",$29.99,No Discount,Gameplay Group International,"PM Studios, Inc.","2,507","2,040",467,Very Positive,['Action']
266410,iRacing,"Jan 12, 2015",No Price,No Discount,iRacing.com Motorsport Simulations,iRacing.com Motorsport Simulations,"7,434","6,341","1,093",Mostly Positive,"['Massively Multiplayer', 'Racing', 'Simulation', 'Sports']"
3017860,DOOM: The Dark Ages,"May 14, 2025",$69.99,$23.09,id Software,Bethesda Softworks,"43,881","38,751","5,130",Very Positive,['Action']
1817190,Marvel’s Spider-Man: Miles Morales,"Nov 18, 2022",$49.99,$19.99,Insomniac Games,PlayStation Publishing LLC,"54,510","50,825","3,685",Very Positive,"['Action', 'Adventure']"
1790600,DRAGON BALL: Sparking! ZERO,"Oct 10, 2024",$49.99,No Discount,"Spike Chunsoft Co., Ltd.",Bandai Namco Entertainment,"72,030","62,517","9,513",Mixed,['Action']
1962700,Subnautica 2,"May 14, 2026",$29.99,No Discount,Unknown Worlds Entertainment,Unknown Worlds Entertainment,"125,026","113,931","11,095",Very Positive,"['Action', 'Adventure', 'Early Access']"
311210,Call of Duty®: Black Ops III,"Nov 5, 2015",$59.99,No Discount,Treyarch,Activision,"231,955","197,404","34,551",Very Positive,"['Action', 'Adventure']"
2868840,Slay the Spire 2,"Mar 5, 2026",$24.99,No Discount,Mega Crit,Mega Crit,"223,185","126,920","96,265",Mixed,"['Indie', 'Strategy', 'Early Access']"
489830,The Elder Scrolls V: Skyrim Special Edition,"Oct 27, 2016",$39.99,$9.99,Bethesda Game Studios,Bethesda Softworks,"372,652","344,469","28,183",Overwhelmingly Positive,['RPG']
3764200,Resident Evil Requiem,"Feb 26, 2026",No Price,No Discount,"CAPCOM Co., Ltd.","CAPCOM Co., Ltd.","181,635","174,322","7,313",Very Positive,"['Action', 'Adventure']"
2246340,Monster Hunter Wilds,"Feb 27, 2025",$69.99,No Discount,"CAPCOM Co., Ltd.","CAPCOM Co., Ltd.","326,345","160,031","166,314",Mixed,"['Action', 'Adventure', 'RPG']"
2215200,LEGO® Batman™: Legacy of the Dark Knight,"May 22, 2026",$69.99,$55.99,TT Games,Warner Bros. Games,"12,978","12,426",552,Very Positive,"['Action', 'Adventure']"
2183900,"Warhammer 40,000: Space Marine 2","Sep 9, 2024",$59.99,No Discount,Saber Interactive,Focus Entertainment,"220,819","185,425","35,394",Very Positive,"['Action', 'Adventure', 'RPG']"
1361210,"Warhammer 40,000: Darktide","Nov 30, 2022",$39.99,No Discount,Fatshark,Fatshark,"137,348","98,345","39,003",Mostly Positive,"['Action', 'Adventure', 'RPG']"
1144200,Ready or Not,"Dec 13, 2023",$49.99,No Discount,VOID Interactive,VOID Interactive,"340,683","267,502","73,181",Very Positive,"['Action', 'Adventure', 'Indie']"
3892270,Gamble With Your Friends,"May 1, 2026",$7.99,No Discount,TEAM GWYF,TENSTACK,"18,732","16,802","1,930",Very Positive,"['Adventure', 'Indie', 'Simulation']"
3321460,Crimson Desert,"Mar 19, 2026",$69.99,No Discount,Pearl Abyss,Pearl Abyss,"166,545","139,719","26,826",Mostly Positive,"['Action', 'Adventure']"
1913120,Tears of Metal,"Jul 22, 2026",$24.99,$22.49,Paper Cult,Paper Cult,"1,951","1,679",272,Very Positive,"['Action', 'Indie', 'Early Access']"
2139460,Once Human,"Jul 9, 2024",Free To Play,No Discount,Starry Studio,Starry Studio,"180,194","141,209","38,985",Very Positive,"['Action', 'Adventure', 'RPG', 'Simulation']"
1943950,Escape the Backrooms,"Oct 23, 2025",$9.99,$7.99,Fancy Games,Secret Mode,"159,171","143,262","15,909",Very Positive,"['Action', 'Indie']"
2399830,ARK: Survival Ascended,"Oct 25, 2023",$44.99,No Discount,Studio Wildcard,Studio Wildcard,"114,793","68,782","46,011",Mixed,"['Action', 'Adventure', 'Indie', 'Massively Multiplayer']"
202970,Call of Duty®: Black Ops II,"Nov 12, 2012",$39.99,No Discount,Treyarch,Activision,"49,237","42,437","6,800",Very Positive,['Action']
4108000,Machine Party,"Jul 30, 2026",$7.99,$6.79,Mike Klubnika,Oro Interactive,"1,582","1,407",175,Very Positive,"['Action', 'Indie']"
1401590,Disney Dreamlight Valley,"Dec 5, 2023",$39.99,$27.99,Gameloft,Gameloft,"24,573","22,658","1,915",Very Positive,"['Action', 'Adventure', 'Casual', 'RPG']"
2050650,Resident Evil 4,"Mar 23, 2023",No Price,No Discount,"CAPCOM Co., Ltd.","CAPCOM Co., Ltd.","270,634","263,433","7,201",Overwhelmingly Positive,"['Action', 'Adventure']"
238960,Path of Exile,"Oct 23, 2013",Free To Play,No Discount,Grinding Gear Games,Grinding Gear Games,"248,962","221,762","27,200",Very Positive,"['Action', 'Adventure', 'Indie', 'Massively Multiplayer']"
2073620,Arena Breakout: Infinite,"Sep 15, 2025",Free To Play,No Discount,Morefun Studios,Morefun Studios,"71,837","53,027","18,810",Mostly Positive,"['Action', 'Adventure', 'Massively Multiplayer', 'RPG']"
3768760,007 First Light,"May 26, 2026",$69.99,No Discount,IO Interactive A/S,IO Interactive A/S,"43,278","39,617","3,661",Very Positive,"['Action', 'Adventure']"
1903340,Clair Obscur: Expedition 33,"Apr 24, 2025",$49.99,$39.99,Sandfall Interactive,Kepler Interactive,"275,112","262,173","12,939",Very Positive,"['Action', 'RPG']"
2073850,THE FINALS,"Dec 7, 2023",Free To Play,No Discount,Embark Studios,Embark Studios,"273,698","214,298","59,400",Mostly Positive,"['Action', 'Free To Play']"
281990,Stellaris,"May 9, 2016",$49.99,No Discount,Paradox Development Studio,Paradox Interactive,"200,913","170,359","30,554",Mostly Positive,"['Simulation', 'Strategy']"
2357570,Overwatch®,"Aug 10, 2023",Free To Play,No Discount,"Blizzard Entertainment, Inc.","Blizzard Entertainment, Inc.","415,652","129,597","286,055",Mixed,"['Action', 'Free To Play']"
294100,RimWorld,"Oct 17, 2018",$34.99,No Discount,Ludeon Studios,Ludeon Studios,"244,205","238,971","5,234",Overwhelmingly Positive,"['Indie', 'Simulation', 'Strategy']"
578080,PUBG: BATTLEGROUNDS,"Dec 21, 2017",Free To Play,No Discount,PUBG Corporation,"KRAFTON, Inc.","2,739,962","1,657,162","1,082,800",Mostly Positive,"['Action', 'Adventure', 'Massively Multiplayer', 'Free To Play']"
881020,Granblue Fantasy: Relink,"Jan 31, 2024",No Price,No Discount,"Cygames, Inc.","Cygames, Inc.","54,978","49,533","5,445",Very Positive,"['Action', 'Adventure', 'RPG']"
3404260,Dead as Disco,"May 5, 2026",$24.99,$19.99,"Brain Jar Games, Inc.","Brain Jar Games, Inc.","12,513","12,146",367,Overwhelmingly Positive,"['Action', 'Indie', 'Early Access']"
812140,Assassin's Creed® Odyssey,"Oct 5, 2018",$59.99,$11.99,Ubisoft Quebec,Ubisoft,"186,250","165,285","20,965",Very Positive,"['Action', 'Adventure', 'RPG']"
3934270,How Many Dudes?,"Jul 30, 2026",No Price,No Discount,Butterscotch Shenanigans,Butterscotch Shenanigans,"1,406","1,293",113,Very Positive,"['Casual', 'Indie', 'Strategy', 'Free To Play']"
219990,Grim Dawn,"Feb 25, 2016",$24.99,No Discount,Crate Entertainment,Crate Entertainment,"108,495","101,492","7,003",Very Positive,"['Action', 'Adventure', 'Indie', 'RPG']"
270880,American Truck Simulator,"Feb 2, 2016",No Price,No Discount,SCS Software,SCS Software,"196,996","190,753","6,243",Overwhelmingly Positive,"['Indie', 'Simulation']"
1374490,RuneScape: Dragonwilds,"Apr 15, 2025",$29.99,No Discount,Jagex Ltd,Jagex Ltd,"28,595","23,206","5,389",Very Positive,"['Action', 'Adventure', 'RPG', 'Early Access']"
1285190,Borderlands 4,"Sep 11, 2025",$99.99,$49.99,Gearbox Software,2K,"82,178","48,106","34,072",Mixed,"['Action', 'Adventure', 'RPG']"
1118520,Paralives,"May 25, 2026",$39.99,No Discount,Alex Massé and team,Paralives Studio,"20,328","18,353","1,975",Very Positive,"['Simulation', 'Early Access']"
3787240,MARVEL Tōkon: Fighting Souls,"Aug 6, 2026",$59.99,No Discount,"ARC SYSTEM WORKS CO., LTD",PlayStation Publishing LLC,0,0,0,"['Action', 'Casual']",
3241660,R.E.P.O.,"Feb 26, 2025",$9.99,$6.49,semiwork,semiwork,"415,498","399,083","16,415",Very Positive,"['Action', 'Early Access']"
1174180,Red Dead Redemption 2,"Dec 5, 2019",$59.99,No Discount,Rockstar Games,Rockstar Games,"905,075","836,647","68,428",Very Positive,"['Action', 'Adventure']"
518790,theHunter: Call of the Wild™,"Feb 16, 2017",$19.99,$3.99,Expansive Worlds,Avalanche Studios,"201,334","179,345","21,989",Very Positive,"['Adventure', 'Simulation', 'Sports']"
394360,Hearts of Iron IV,"Jun 6, 2016",$49.99,No Discount,Paradox Development Studio,Paradox Interactive,"386,798","343,035","43,763",Very Positive,"['Simulation', 'Strategy']"
2537590,Microsoft Flight Simulator 2024,"Nov 19, 2024",$69.99,No Discount,Asobo Studio,Xbox Game Studios,"21,440","12,604","8,836",Mostly Positive,['Simulation']
1295660,Sid Meier's Civilization VII,"Feb 10, 2025",$69.99,$34.99,Firaxis Games,2K,"58,049","28,087","29,962",Mixed,"['Simulation', 'Strategy']"
4032350,EA SPORTS™ College Football 27,"Jul 9, 2026",No Price,No Discount,Tiburon,Electronic Arts,"2,086",832,"1,254",Mixed,"['Simulation', 'Sports']"
413150,Stardew Valley,"Feb 26, 2016",$14.99,No Discount,ConcernedApe,ConcernedApe,"1,029,310","1,013,660","15,650",Overwhelmingly Positive,"['Indie', 'RPG', 'Simulation']"
3472040,NBA 2K26,"Sep 4, 2025",$79.99,$19.99,Visual Concepts,2K,"31,780","20,434","11,346",Mixed,['Sports']
3293260,Waterpark Simulator,"Jul 31, 2026",No Price,No Discount,CayPlay,CayPlay,"11,592","11,142",450,Overwhelmingly Positive,"['Casual', 'Indie', 'Simulation']"
250900,The Binding of Isaac: Rebirth,"Nov 4, 2014",$14.99,No Discount,"Nicalis, Inc.","Nicalis, Inc.","439,488","426,050","13,438",Very Positive,['Action']
1286830,STAR WARS™: The Old Republic™,"Dec 20, 2011",Free To Play,No Discount,Broadsword,Electronic Arts,"74,860","67,091","7,769",Very Positive,"['Massively Multiplayer', 'RPG', 'Free To Play']"
3041230,Windrose,"Apr 14, 2026",$29.99,No Discount,Kraken Express,Kraken Express,"51,476","44,843","6,633",Very Positive,"['Action', 'Adventure', 'RPG', 'Early Access']"
1158310,Crusader Kings III,"Sep 1, 2020",$49.99,No Discount,Paradox Development Studio,Paradox Interactive,"145,872","130,942","14,930",Very Positive,"['RPG', 'Simulation', 'Strategy']"
284160,BeamNG.drive,"May 29, 2015",$24.99,No Discount,BeamNG,BeamNG,"411,243","400,165","11,078",Very Positive,"['Racing', 'Simulation', 'Early Access']"
4433900,DRAGON BALL: Sparking! ZERO - Super Limit-Breaking NEO,"Jul 29, 2026",$34.99,No Discount,"Spike Chunsoft Co., Ltd.",Bandai Namco Entertainment,276,174,102,Mixed,['Action']
2344520,Diablo® IV,"Oct 17, 2023",$49.99,No Discount,"Blizzard Entertainment, Inc.","Blizzard Entertainment, Inc.","74,593","48,618","25,975",Mixed,"['Action', 'Adventure', 'Casual', 'Massively Multiplayer']"
2417610,METAL GEAR SOLID Δ: SNAKE EATER,"Aug 28, 2025",$69.99,$27.99,KONAMI,KONAMI,"18,652","15,597","3,055",Mostly Positive,"['Action', 'Adventure']"
3156770,Witchfire,"Sep 23, 2024",$39.99,$31.99,The Astronauts,The Astronauts,"16,895","15,470","1,425",Very Positive,"['Action', 'Early Access']"
2001760,Beast of Reincarnation,"Aug 3, 2026",$59.99,No Discount,GAME FREAK inc.,Fictions,0,0,0,"['Action', 'Adventure', 'RPG']",
3010850,Gears of War: E-Day,"Oct 6, 2026",$69.99,No Discount,The Coalition,Xbox Game Studios,0,0,0,"['Action', 'Adventure']",
2300320,Farming Simulator 25,"Nov 12, 2024",$29.99,No Discount,GIANTS Software,GIANTS Software,"56,196","48,908","7,288",Very Positive,['Simulation']
393380,Squad,"Sep 23, 2020",$39.99,No Discount,Offworld,Offworld,"241,197","195,910","45,287",Very Positive,"['Action', 'Indie', 'Massively Multiplayer', 'Strategy']"
2429640,Throne and Liberty,"Oct 1, 2024",Free To Play,No Discount,NC,Amazon Game Studios,"68,647","46,084","22,563",Mixed,"['Action', 'Adventure', 'Massively Multiplayer', 'RPG']"
1449850,Yu-Gi-Oh! Master Duel,"Jan 18, 2022",Free To Play,No Discount,KONAMI,KONAMI,"100,445","71,981","28,464",Mixed,"['Simulation', 'Strategy', 'Free To Play']"
739630,Phasmophobia,"Sep 18, 2020",$19.99,No Discount,Kinetic Games,Kinetic Games,"836,387","789,504","46,883",Very Positive,"['Action', 'Indie', 'Early Access']"
1808500,ARC Raiders,"Oct 30, 2025",$39.99,No Discount,Embark Studios,Embark Studios,"412,848","341,091","71,757",Mixed,['Action']
2001120,Split Fiction,"Mar 6, 2025",No Price,No Discount,Hazelight Studios,Electronic Arts,"124,874","121,069","3,805",Overwhelmingly Positive,"['Action', 'Adventure']"
1973530,Limbus Company,"Feb 26, 2023",Free To Play,No Discount,ProjectMoon,ProjectMoon,"114,990","101,287","13,703",Very Positive,['Free To Play']
4412690,Street Fighter™ 6 - Year 4 Ultimate Pass,"Jun 5, 2026",$45.99,No Discount,"CAPCOM Co., Ltd.","CAPCOM Co., Ltd.",55,42,13,Mostly Positive,"['Action', 'Adventure']"
1284210,Guild Wars 2®,"Aug 23, 2022",Free To Play,No Discount,ArenaNet®,ArenaNet®,"29,101","25,683","3,418",Very Positive,"['Adventure', 'Massively Multiplayer', 'RPG', 'Free To Play']"
3008130,Dying Light: The Beast,"Sep 18, 2025",$59.99,$39.59,Techland,Techland,"70,035","60,660","9,375",Very Positive,"['Action', 'Adventure', 'RPG']"
376210,The Isle,"Dec 1, 2015",$19.99,No Discount,Afterthought LLC,Afterthought LLC,"117,627","94,279","23,348",Mostly Positive,"['Action', 'Adventure', 'Indie', 'Massively Multiplayer']"
4572310,Mistfall Hunter - Upgrade to Deluxe Edition,"Jul 29, 2026",$14.99,$13.49,Bellring Games,Skystone Games,71,36,35,Mixed,"['Action', 'Adventure']"
3224770,Umamusume: Pretty Derby,"Jun 24, 2025",Free To Play,No Discount,"Cygames, Inc.","Cygames, Inc.","59,003","55,293","3,710",Very Positive,"['Simulation', 'Sports', 'Free To Play']"
4025700,Heartopia,"Jan 16, 2026",Free To Play,No Discount,XD,XD,"15,272","10,080","5,192",Mostly Positive,"['Casual', 'Simulation', 'Free To Play']"
2592160,Dispatch,"Oct 22, 2025",$29.99,No Discount,AdHoc Studio,AdHoc Studio,"182,660","178,161","4,499",Overwhelmingly Positive,"['Action', 'Adventure', 'Casual', 'Indie']"
3527290,PEAK,"Jun 16, 2025",$7.99,No Discount,Team PEAK,Aggro Crab,"342,548","324,237","18,311",Very Positive,"['Action', 'Adventure', 'Indie']"
1599340,Lost Ark,"Feb 11, 2022",Free To Play,No Discount,Smilegate RPG,Amazon Game Studios,"203,235","143,113","60,122",Mixed,"['Action', 'Adventure', 'Massively Multiplayer', 'RPG']"
2186680,"Warhammer 40,000: Rogue Trader","Dec 7, 2023",$49.99,No Discount,Owlcat Games,Owlcat Games,"46,976","41,208","5,768",Very Positive,"['Action', 'Adventure', 'Indie', 'RPG']"
292030,The Witcher 3: Wild Hunt,"May 18, 2015",$39.99,$7.99,CD PROJEKT RED,CD PROJEKT RED,"891,223","856,961","34,262",Very Positive,['RPG']
4600470,Season 4 Battlefield Pro - Battlefield™ 6 and REDSEC,"Jul 21, 2026",$24.99,No Discount,Battlefield Studios,Electronic Arts,30,24,6,Positive,['Action']
1149460,ICARUS,"Dec 3, 2021",$34.99,No Discount,RocketWerkz,RocketWerkz,"66,762","49,747","17,015",Very Positive,"['Action', 'Adventure', 'Simulation']"
1326470,Sons Of The Forest,"Feb 22, 2024",$29.99,No Discount,Endnight Games Ltd,Newnight ,"316,455","279,846","36,609",Very Positive,"['Action', 'Adventure', 'Indie', 'Simulation']"
552990,World of Warships,"Nov 15, 2017",Free To Play,No Discount,Wargaming Group Limited,Wargaming Group Limited,"155,929","119,209","36,720",Mixed,"['Action', 'Massively Multiplayer', 'Simulation', 'Strategy']"
4380490,Cat Mail Co.,"Jul 9, 2026",No Price,No Discount,Maracas Studio,Maracas Studio,"5,029","4,618",411,Very Positive,"['Indie', 'Simulation']"
3028330,Battlefield™ REDSEC,"Oct 28, 2025",Free To Play,No Discount,Battlefield Studios,Electronic Arts,"16,511","7,372","9,139",Mostly Negative,"['Action', 'Free To Play']"
261550,Mount & Blade II: Bannerlord,"Oct 25, 2022",$49.99,No Discount,TaleWorlds Entertainment,TaleWorlds Entertainment,"295,225","258,775","36,450",Very Positive,"['Action', 'Indie', 'RPG', 'Simulation']"
3844970,Burglin' Gnomes,"Jun 10, 2026",$9.99,No Discount,Fobri,Fobri,"4,602","3,894",708,Very Positive,"['Action', 'Adventure']"
427520,Factorio,"Aug 14, 2020",Factorio Demo,No Discount,Wube Software LTD.,Wube Software LTD.,"237,613","230,949","6,664",Overwhelmingly Positive,"['Casual', 'Indie', 'Simulation', 'Strategy']"
2699230,Grim Dawn - Fangs of Asterkarn,"Jul 23, 2026",$18.99,No Discount,Crate Entertainment,Crate Entertainment,"1,049",791,258,Mostly Positive,"['Action', 'Adventure', 'Indie', 'RPG']"
2958130,Jurassic World Evolution 3,"Oct 21, 2025",$59.99,No Discount,Frontier Developments,Frontier Developments,"12,757","11,915",842,Overwhelmingly Positive,"['Simulation', 'Strategy']"
1874880,Arma Reforger,"Nov 16, 2023",$39.99,No Discount,Bohemia Interactive,Bohemia Interactive,"55,218","44,069","11,149",Very Positive,"['Action', 'Simulation', 'Strategy']"
976730,Halo: The Master Chief Collection,"Dec 3, 2019",$39.99,No Discount,343 Industries,Xbox Game Studios,"261,268","240,377","20,891",Very Positive,['Action']
949230,Cities: Skylines II,"Oct 24, 2023",$49.99,No Discount,Iceflake Studios,Paradox Interactive,"91,174","50,575","40,599",Mostly Positive,['Simulation']
784080,MechWarrior 5: Mercenaries,"May 26, 2021",$29.99,$7.49,Piranha Games Inc.,Piranha Games Inc.,"15,653","13,266","2,387",Very Positive,"['Action', 'Simulation']"
3186540,Destiny 2: Renegades,"Dec 2, 2025",$19.99,$10.99,Bungie,Bungie,"2,141","1,122","1,019",Very Negative,"['Action', 'Adventure', 'Free To Play']"
377160,Fallout 4,"Nov 9, 2015",$19.99,$7.99,Bethesda Game Studios,Bethesda Softworks,"427,452","347,058","80,394",Very Positive,['RPG']
4594150,"Sir, We Have an Orc Problem","Jul 28, 2026",$9.99,$8.99,Mumpitz Games,Mumpitz Games,"2,022","1,753",269,Very Positive,"['Indie', 'Simulation', 'Strategy']"
1190970,House Flipper 2,"Dec 14, 2023",$50.98,$36.53,Frozen District,Frozen District,"19,649","17,122","2,527",Very Positive,"['Casual', 'Indie', 'Simulation']"
1172620,Sea of Thieves: 2026 Edition,"Jun 3, 2020",$39.99,No Discount,Rare Ltd,Xbox Game Studios,"371,973","329,759","42,214",Very Positive,"['Action', 'Adventure']"
2684630,Endacopia,"Jul 27, 2026",No Price,No Discount,Andyland,Andyland,"2,147","2,130",17,Overwhelmingly Positive,"['Adventure', 'Indie']"
526870,Satisfactory,"Sep 10, 2024",$39.99,No Discount,Coffee Stain Studios,Coffee Stain Publishing,"277,110","269,514","7,596",Overwhelmingly Positive,"['Adventure', 'Indie', 'Simulation', 'Strategy']"
1289670,EA Play,"Aug 31, 2020",No Price,No Discount,Electronic Arts,Electronic Arts,10,5,5,Mixed,"['Action', 'Sports']"
1304930,The Outlast Trials,"Mar 5, 2024",$39.99,No Discount,Red Barrels,Red Barrels,"110,055","101,835","8,220",Very Positive,"['Action', 'Adventure', 'Indie']"
1771300,Kingdom Come: Deliverance II,"Feb 4, 2025",$59.99,No Discount,Warhorse Studios,Deep Silver,"191,352","179,775","11,577",Very Positive,"['Action', 'Adventure', 'RPG']"
594650,Hunt: Showdown 1896,"Aug 27, 2019",$29.99,$11.99,Crytek,Crytek,"276,499","203,825","72,674",Mostly Positive,['Action']
440900,Conan Exiles Enhanced,"May 8, 2018",$39.99,No Discount,Funcom,Funcom,"116,988","92,437","24,551",Mostly Positive,"['Action', 'Adventure', 'Massively Multiplayer', 'RPG']"
371970,Barony,"Jun 23, 2015",$19.99,$14.99,Turning Wheel LLC,Turning Wheel LLC,"17,542","15,921","1,621",Very Positive,"['Action', 'Adventure', 'Indie', 'RPG']"
1659040,HITMAN World of Assassination,"Jan 20, 2022",No Price,No Discount,IO Interactive A/S,IO Interactive A/S,"67,603","58,958","8,645",Very Positive,"['Action', 'Adventure']"
1297900,Gothic 1 Remake,"Jun 5, 2026",$49.99,No Discount,Alkimia Interactive,Alkimia Interactive,"38,361","34,116","4,245",Very Positive,"['Action', 'RPG']"
2244210,Echoes of Aincrad,"Jul 9, 2026",No Price,No Discount,Game Studio Inc.,Bandai Namco Entertainment Inc.,"4,706","2,308","2,398",Mixed,"['Action', 'RPG']"
2436940,Sephiria,"Jul 31, 2026",No Price,No Discount,TEAM HORAY,TEAM HORAY,"7,001","6,547",454,Very Positive,"['Action', 'Adventure', 'Indie', 'RPG']"
2622380,ELDEN RING NIGHTREIGN,"May 29, 2025",$39.99,No Discount,"FromSoftware, Inc.","FromSoftware, Inc.","188,921","154,473","34,448",Mostly Positive,"['Action', 'RPG']"
632360,Risk of Rain 2,"Aug 11, 2020",$24.99,No Discount,Hopoo Games,Gearbox Publishing,"351,303","329,560","21,743",Very Positive,"['Action', 'Indie']"
3808690,Pathogenic,"Jul 16, 2026",$9.99,No Discount,Aberrant Labs,Slug Disco,"2,838","2,651",187,Overwhelmingly Positive,"['Action', 'Indie', 'RPG', 'Simulation']"
1971650,OCTOPATH TRAVELER II,"Feb 24, 2023",No Price,No Discount,Square Enix,Square Enix,"16,952","15,833","1,119",Very Positive,['RPG']
1913370,OPERATOR,"Aug 1, 2023",$19.99,No Discount,VECTOR INTERACTIVE PTY LTD,VECTOR INTERACTIVE PTY LTD,"8,296","7,147","1,149",Very Positive,"['Action', 'Indie', 'RPG', 'Simulation']"
2707930,Palia,"Mar 25, 2024",Free To Play,No Discount,Singularity 6 Corporation,Singularity 6 Corporation,"43,577","37,669","5,908",Very Positive,"['Adventure', 'Casual', 'Indie', 'RPG']"
4412680,Street Fighter™ 6 - Year 4 Character Pass,"Jun 5, 2026",$29.99,No Discount,"CAPCOM Co., Ltd.","CAPCOM Co., Ltd.",63,40,23,Mixed,"['Action', 'Adventure']"
2209900,Moonlight Peaks,"Jul 6, 2026",No Price,No Discount,Little Chicken,XSEED Games,"1,687","1,509",178,Very Positive,"['Casual', 'Indie', 'RPG', 'Simulation']"
2059170,Quasimorph,"Jul 31, 2026",$24.99,$16.74,Magnum Scriptum,HypeTrain Digital,"6,735","5,595","1,140",Mostly Positive,"['Action', 'Adventure', 'Indie', 'RPG']"
2668510,Red Dead Redemption,"Oct 29, 2024",$7.99 / month,No Discount,Rockstar Games,Rockstar Games,"20,862","19,288","1,574",Very Positive,['Action']
4435490,Call of Duty®: Modern Warfare® 4,"Oct 22, 2026",$69.99,No Discount,Infinity Ward,Activision,0,0,0,['Action'],
1142710,Total War: WARHAMMER III,"Feb 16, 2022",$59.99,No Discount,CREATIVE ASSEMBLY,SEGA,"146,517","104,015","42,502",Very Positive,"['Action', 'Strategy']"
392160,X4: Foundations,"Nov 30, 2018",$49.99,$9.99,Egosoft,Egosoft,"29,747","23,779","5,968",Mostly Positive,"['Action', 'Simulation', 'Strategy']"
2457220,Avowed,"Feb 18, 2025",$49.99,$29.99,Obsidian Entertainment,Xbox Game Studios,"12,927","9,958","2,969",Mostly Positive,['RPG']
3065800,Marathon,"Mar 5, 2026",$39.99,$27.99,Bungie,Bungie,"63,424","48,950","14,474",Mostly Positive,['Action']
3105440,Heroes of Might and Magic: Olden Era,"Apr 30, 2026",$39.99,$29.99,Unfrozen,Hooded Horse,"21,486","18,785","2,701",Very Positive,"['RPG', 'Strategy', 'Early Access']"
251570,7 Days to Die,"Jul 25, 2024",$44.99,No Discount,The Fun Pimps,The Fun Pimps Entertainment LLC,"406,872","351,233","55,639",Very Positive,"['Action', 'Adventure', 'Indie', 'RPG']"
387990,Scrap Mechanic,"Jul 24, 2026",$28.99,No Discount,Axolot Games,Axolot Games,"120,957","111,252","9,705",Very Positive,"['Action', 'Adventure', 'Indie', 'Simulation']"
1716740,Starfield,"Sep 5, 2023",$49.99,$39.99,Bethesda Game Studios,Bethesda Softworks,"174,658","99,352","75,306",Mixed,['RPG']
1431300,SAND: Raiders of Sophie,"Jun 22, 2026",$24.99,No Discount,Hologryph,tinyBuild,"12,700","6,314","6,386",Mixed,"['Action', 'Adventure', 'Early Access']"
304390,FOR HONOR™,"Feb 13, 2017",$29.99,No Discount,Ubisoft Montreal,Ubisoft,"163,404","112,907","50,497",Mixed,['Action']
921570,OCTOPATH TRAVELER™,"Jun 7, 2019",$59.99,$17.99,Square Enix,Square Enix,"16,876","14,452","2,424",Mostly Positive,['RPG']
1974050,Torchlight: Infinite,"May 9, 2023",Free To Play,No Discount,XD,XD,"21,363","14,764","6,599",Mixed,"['Action', 'Adventure', 'RPG', 'Free To Play']"
3440070,Dinoblade,"Jul 23, 2026",$19.99,No Discount,Team Spino LLC,Team Spino LLC,"2,073","1,871",202,Very Positive,"['Action', 'Indie', 'RPG']"
1665460,eFootball™,"Sep 29, 2021",Free To Play,No Discount,KONAMI,KONAMI,"114,384","58,658","55,726",Mixed,"['Simulation', 'Sports', 'Free To Play']"
208650,Batman™: Arkham Knight,"Jun 23, 2015",$19.99,No Discount,Rocksteady Studios,WB Games,"158,522","142,109","16,413",Overwhelmingly Positive,"['Action', 'Adventure']"
431960,Wallpaper Engine,"Nov 16, 2018",$4.99,No Discount,Wallpaper Engine Team,Wallpaper Engine Team,"1,007,175","982,702","24,473",Very Positive,"['Casual', 'Indie', 'Animation & Modeling', 'Design & Illustration']"
1984270,Digimon Story Time Stranger,"Oct 2, 2025",No Price,No Discount,Media.Vision Inc.,Bandai Namco Entertainment Inc.,"22,197","19,877","2,320",Very Positive,['RPG']
2397300,Half Sword,"Jan 30, 2026",No Price,No Discount,Half Sword Games,Game Seer Publishing,"28,146","20,172","7,974",Mostly Positive,"['Action', 'Adventure', 'Indie', 'Simulation']"
1203620,Enshrouded,"Jan 24, 2024",$29.99,No Discount,Keen Games GmbH,Keen Games GmbH,"104,283","89,479","14,804",Mostly Positive,"['Action', 'Adventure', 'Indie', 'RPG']"
3949040,RV There Yet?,"Oct 21, 2025",$7.99,No Discount,Nuggets Entertainment,Nuggets Entertainment,"83,190","75,115","8,075",Very Positive,"['Action', 'Adventure', 'Indie']"
105600,Terraria,"May 16, 2011",$9.99,No Discount,Re-Logic,Re-Logic,"1,543,201","1,502,796","40,405",Overwhelmingly Positive,"['Action', 'Adventure', 'Indie', 'RPG']"
2968420,PowerWash Simulator 2,"Oct 23, 2025",No Price,No Discount,FuturLab,FuturLab,"11,607","10,583","1,024",Very Positive,"['Casual', 'Indie', 'Simulation']"
2416450,MOUSE: P.I. For Hire,"Apr 16, 2026",$29.99,$23.99,Fumi Games,PlaySide,"14,877","13,999",878,Very Positive,"['Action', 'Indie']"
1169040,Necesse,"Oct 16, 2025",$14.99,$7.49,Fair Games ApS,Fair Games ApS,"28,152","26,138","2,014",Very Positive,"['Action', 'Adventure', 'Indie', 'RPG']"
2074920,The First Descendant,"Jun 30, 2024",Free To Play,No Discount,"NEXON Games Co., Ltd.",NEXON,"111,474","64,021","47,453",Mixed,"['Action', 'Adventure', 'RPG', 'Free To Play']"
648800,Raft,"Jun 20, 2022",$19.99,No Discount,Redbeet Interactive,Axolot Games,"376,615","350,286","26,329",Very Positive,"['Adventure', 'Indie', 'Simulation']"
2623190,The Elder Scrolls IV: Oblivion Remastered,"Apr 22, 2025",$49.99,$34.99,Bethesda Game Studios,Bethesda Softworks,"69,530","52,660","16,870",Mixed,['RPG']
221100,DayZ,"Dec 13, 2018",$59.99,No Discount,Bohemia Interactive,Bohemia Interactive,"466,937","363,261","103,676",Very Positive,"['Action', 'Adventure', 'Massively Multiplayer']"
3935020,Backyard Baseball,"Jul 9, 2026",No Price,No Discount,Mega Cat Studios,Playground Productions,"1,014",803,211,Mostly Positive,"['Action', 'Adventure', 'Casual', 'Indie']"
1868140,DAVE THE DIVER,"Jun 28, 2023",$19.99,No Discount,MINTROCKET,MINTROCKET,"159,899","154,339","5,560",Very Positive,"['Adventure', 'Casual', 'RPG', 'Simulation']"
2399420,Le Mans Ultimate,"Jul 22, 2025",$39.99,No Discount,Studio 397,Studio 397,"19,323","15,259","4,064",Mostly Positive,"['Racing', 'Simulation', 'Sports']"
291550,Brawlhalla,"Oct 17, 2017",Free To Play,No Discount,Blue Mammoth Games,Ubisoft,"410,399","327,769","82,630",Mixed,"['Action', 'Indie', 'Free To Play']"
4197610,Librarian: Tidy Up the Arcane Library!,"Apr 30, 2026",$5.99,No Discount,ArtRising,ArtRising,"22,839","21,608","1,231",Very Positive,"['Casual', 'Indie', 'Simulation']"
4000,Garry's Mod,"Nov 29, 2006",$9.99,$4.99,Facepunch Studios,Valve,"1,256,017","1,216,730","39,287",Overwhelmingly Positive,"['Casual', 'Indie', 'Simulation']"
2141730,Backrooms: Escape Together,"Oct 18, 2022",$9.99,No Discount,Triiodide Studios,Triiodide Studios,"47,540","42,188","5,352",Very Positive,"['Action', 'Adventure', 'Casual', 'Indie']"
3124540,Far Far West,"Apr 28, 2026",$19.99,No Discount,Evil Raptor,Fireshine Games,"35,897","34,407","1,490",Very Positive,"['Action', 'Adventure', 'Indie', 'Early Access']"
289070,Sid Meier’s Civilization® VI,"Oct 20, 2016",$59.99,$5.99,Firaxis Games,2K,"377,405","324,966","52,439",Very Positive,['Strategy']
2778580,ELDEN RING Shadow of the Erdtree,"Jun 20, 2024",$39.99,No Discount,"FromSoftware, Inc.","FromSoftware, Inc.","104,030","73,066","30,964",Mixed,"['Action', 'RPG']"
4421010,Bills Must Be Paid,"Jul 29, 2026",$6.99,$4.89,Rike Games,Rike Games,"3,303","3,213",90,Overwhelmingly Positive,"['Action', 'Casual', 'Indie', 'Simulation']"
1938090,Call of Duty®,"Oct 27, 2022",$69.99,No Discount,Treyarch,Activision,"778,710","455,745","322,965",Mixed,['Action']
3079210,Hell Let Loose: Vietnam,"Aug 13, 2026",$39.99,$35.99,Expression Games,Team17,0,0,0,"['Action', 'Massively Multiplayer', 'Simulation', 'Strategy']",
960090,Bloons TD 6,"Dec 17, 2018",$13.99,No Discount,Ninja Kiwi,Ninja Kiwi,"392,210","381,195","11,015",Overwhelmingly Positive,['Strategy']
534380,Dying Light 2 Stay Human: Reloaded Edition,"Feb 3, 2022",$59.99,$11.99,Techland,Techland,"217,733","171,593","46,140",Mostly Positive,"['Action', 'Adventure', 'RPG']"
1426210,It Takes Two Friend's Pass,"Mar 25, 2021",No Price,No Discount,Hazelight Studios,Electronic Arts,"266,662","254,460","12,202",Overwhelmingly Positive,"['Action', 'Adventure']"
286160,Tabletop Simulator,"Jun 5, 2015",$19.99,No Discount,Berserk Games,Berserk Games,"77,119","72,845","4,274",Very Positive,"['Casual', 'Indie', 'RPG', 'Simulation']"
220200,Kerbal Space Program,"Apr 27, 2015",$39.99,$9.99,Squad,Private Division,"145,397","138,955","6,442",Overwhelmingly Positive,"['Indie', 'Simulation']"
2221490,Tom Clancy’s The Division® 2,"Jan 12, 2023",No Price,No Discount,Ubisoft,Ubisoft,"35,293","27,820","7,473",Mostly Positive,"['Action', 'Adventure', 'RPG']"
3489700,Stellar Blade™,"Jun 11, 2025",No Price,No Discount,SHIFT UP Corporation,PlayStation Publishing LLC (excluding China),"92,461","86,753","5,708",Very Positive,"['Action', 'Adventure', 'RPG']"
714010,Aimlabs,"Jun 16, 2023",Free,No Discount,Statespace,Statespace,"136,576","124,414","12,162",Mostly Positive,"['Action', 'Adventure', 'Casual', 'Indie']"
1313140,Cult of the Lamb,"Aug 11, 2022",$24.99,No Discount,Massive Monster,Devolver Digital,"126,972","121,739","5,233",Overwhelmingly Positive,"['Action', 'Adventure', 'Indie', 'Strategy']"
4508340,NTE: Neverness to Everness,"Jul 7, 2026",Free To Play,No Discount,Hotta Studio,Perfect World Games,"4,201","3,551",650,Very Positive,"['Action', 'Adventure', 'RPG', 'Free To Play']"
418370,Resident Evil 7 Biohazard,"Jan 23, 2017",No Price,No Discount,"CAPCOM Co., Ltd.","CAPCOM Co., Ltd.","125,148","119,276","5,872",Very Positive,"['Action', 'Adventure']"
2016590,Dark and Darker,"Jun 7, 2024",Free To Play,No Discount,IRONMACE,IRONMACE,"84,673","55,034","29,639",Mixed,"['Action', 'RPG', 'Free To Play', 'Early Access']"
892970,Valheim,"Feb 2, 2021",$29.99,No Discount,Iron Gate AB,Coffee Stain Publishing,"539,473","507,064","32,409",Very Positive,"['Action', 'Adventure', 'Indie', 'RPG']"
2661300,Grounded 2,"Jul 29, 2025",$29.99,No Discount,Obsidian Entertainment,Xbox Game Studios,"22,611","18,281","4,330",Very Positive,"['Action', 'Adventure', 'Early Access']"
1097840,Gears 5,"Sep 9, 2019",$29.99,$4.49,The Coalition,Xbox Game Studios,"24,530","17,317","7,213",Mostly Positive,"['Action', 'Adventure']"
2215430,Ghost of Tsushima DIRECTOR'S CUT,"May 16, 2024",$59.99,No Discount,Sucker Punch Productions,PlayStation Publishing LLC,"94,967","89,192","5,775",Very Positive,"['Action', 'Adventure']"
3357650,PRAGMATA,"Apr 16, 2026",No Price,No Discount,"CAPCOM Co., Ltd.","CAPCOM Co., Ltd.","51,269","49,523","1,746",Very Positive,"['Action', 'Adventure']"
2479810,Gray Zone Warfare,"Apr 30, 2024",$39.99,No Discount,"MADFINGER Games, a.s.","MADFINGER Games, a.s.","78,102","56,468","21,634",Mostly Positive,"['Action', 'Massively Multiplayer', 'Simulation', 'Early Access']"
1229490,ULTRAKILL,"Sep 3, 2020",$29.99,$22.49,"Arsi ""Hakita"" Patala",New Blood Interactive,"239,346","233,079","6,267",Overwhelmingly Positive,"['Action', 'Indie', 'Early Access']"
1805110,Solarpunk™,"Jun 8, 2026",$22.99,No Discount,Cyberwave,rokaplay,"4,030","3,293",737,Very Positive,"['Adventure', 'Indie', 'Simulation']"
2507950,Delta Force,"Dec 4, 2024",Free To Play,No Discount,Team Jade,TiMi Studio Group,"191,281","110,835","80,446",Mixed,"['Action', 'Adventure', 'Massively Multiplayer', 'Free To Play']"
427410,Abiotic Factor,"Jul 22, 2025",$34.99,No Discount,Deep Field Games,Playstack,"57,879","55,451","2,428",Very Positive,"['Action', 'Adventure', 'RPG', 'Simulation']"
813780,Age of Empires II: Definitive Edition,"Nov 14, 2019",$34.99,No Discount,World's Edge,Xbox Game Studios,"181,266","172,067","9,199",Very Positive,['Strategy']
2379780,Balatro,"Feb 20, 2024",$14.99,$11.99,LocalThunk,Playstack,"196,242","192,016","4,226",Overwhelmingly Positive,"['Casual', 'Indie', 'Strategy']"
1462040,FINAL FANTASY VII REMAKE INTERGRADE,"Jun 17, 2022",$39.99,No Discount,Square Enix,Square Enix,"50,890","44,305","6,585",Very Positive,"['Action', 'Adventure', 'RPG']"
2677660,Indiana Jones and the Great Circle,"Dec 8, 2024",$69.99,$41.99,MachineGames,Bethesda Softworks,"20,145","18,204","1,941",Very Positive,"['Action', 'Adventure']"
1818450,STALZONE,"Dec 9, 2022",Free To Play,No Discount,EXBO,EXBO,"104,916","76,056","28,860",Mixed,"['Action', 'Massively Multiplayer', 'RPG', 'Free To Play']"
1476970,IdleOn,"Nov 6, 2025",Free To Play,No Discount,Lavaflame2,Lavaflame2,"29,443","22,831","6,612",Mostly Positive,"['Adventure', 'Casual', 'Indie', 'Massively Multiplayer']"
1284190,The Planet Crafter,"Apr 10, 2024",No Price,No Discount,Miju Games,Miju Games,"72,630","69,753","2,877",Very Positive,['Adventure']
1203220,NARAKA: BLADEPOINT,"Aug 11, 2021",Free To Play,No Discount,24 Entertainment,NetEase Games ,"342,354","236,923","105,431",Mixed,"['Action', 'Adventure', 'Massively Multiplayer', 'Free To Play']"
1145350,Hades II,"Sep 25, 2025",$29.99,No Discount,Supergiant Games,Supergiant Games,"122,139","116,908","5,231",Overwhelmingly Positive,"['Action', 'Indie', 'RPG']"
2004680,Voidling Bound,"Jun 9, 2026",No Price,No Discount,Hatchery Games,Hatchery Games,"3,258","3,032",226,Very Positive,"['Action', 'Adventure', 'RPG']"
268910,Cuphead,"Sep 29, 2017",$19.99,No Discount,Studio MDHR Entertainment Inc.,Studio MDHR Entertainment Inc.,"218,504","210,129","8,375",Very Positive,"['Action', 'Indie']"
582010,Monster Hunter: World,"Aug 8, 2018",$29.99,No Discount,"CAPCOM Co., Ltd.","CAPCOM Co., Ltd.","521,245","459,633","61,612",Very Positive,['Action']
1669000,Age of Wonders 4,"May 2, 2023",$49.99,No Discount,Triumph Studios,Paradox Interactive,"22,846","18,573","4,273",Mostly Positive,"['RPG', 'Strategy']"
1693980,Dead Space,"Jan 27, 2023",No Price,No Discount,Motive,Electronic Arts,"69,555","62,943","6,612",Very Positive,"['Action', 'Adventure']"
1721110,Abyssus,"Aug 12, 2025",$24.99,$14.99,DoubleMoose Games,The Arcade Crew,"5,396","4,584",812,Very Positive,"['Action', 'Adventure', 'Indie']"
454650,DRAGON BALL XENOVERSE 2,"Oct 27, 2016",$19.99,No Discount,QLOC,Bandai Namco Entertainment,"59,144","53,129","6,015",Very Positive,"['Action', 'Adventure', 'Casual', 'Massively Multiplayer']"
2138720,REMATCH,"Jun 19, 2025",$29.99,$14.99,Sloclap,Sloclap,"52,179","36,003","16,176",Mostly Positive,"['Action', 'Indie', 'Sports']"
400750,Call to Arms - Gates of Hell: Ostfront,"Jun 11, 2021",$34.99,No Discount,Barbedwire Studios,Digitalmindsoft,"33,452","28,487","4,965",Very Positive,"['Action', 'Simulation', 'Strategy']"
1466060,Tainted Grail: The Fall of Avalon,"May 23, 2025",No Price,No Discount,Questline,Awaken Realms,"34,530","30,302","4,228",Very Positive,"['Action', 'Adventure', 'Indie', 'RPG']"
2679100,Witchspire,"Jun 10, 2026",$22.99,No Discount,Envar Games,Envar Games,"1,917","1,592",325,Mostly Positive,"['Adventure', 'RPG', 'Early Access']"
2322010,God of War Ragnarök,"Sep 19, 2024",$59.99,No Discount,Santa Monica Studio,PlayStation Publishing LLC,"49,047","43,572","5,475",Very Positive,"['Action', 'Adventure', 'RPG']"
2456740,inZOI,"Mar 27, 2025",$39.99,No Discount,inZOI Studio,"KRAFTON, Inc.","32,249","24,877","7,372",Very Positive,"['Adventure', 'Casual', 'Simulation', 'Early Access']"
380600,Fishing Planet,"Aug 11, 2015",Free To Play,No Discount,Fishing Planet LLC,Fishing Planet LLC,"76,592","66,485","10,107",Very Positive,"['Massively Multiplayer', 'Simulation', 'Sports', 'Free To Play']"
686810,Hell Let Loose,"Jul 27, 2021",$49.99,$12.49,Expression Games,Team17,"149,026","121,855","27,171",Mostly Positive,"['Action', 'Indie', 'Massively Multiplayer', 'Simulation']"
4200770,Call of Duty®: Black Ops 7 - BlackCell (Season 05),"Jul 23, 2026",$29.99,No Discount,Treyarch,Activision,15,14,1,Positive,['Action']
275850,No Man's Sky,"Aug 12, 2016",$59.99,No Discount,Hello Games,Hello Games,"413,275","351,233","62,042",Very Positive,"['Action', 'Adventure']"
255710,Cities: Skylines,"Mar 10, 2015",$29.99,No Discount,Colossal Order,Paradox Interactive,"291,068","270,356","20,712",Very Positive,"['Simulation', 'Strategy']"
4069520,Super Battle Golf,"Feb 19, 2026",$12.99,No Discount,Brimstone,Oro Interactive,"11,109","10,348",761,Very Positive,"['Casual', 'Indie', 'Sports']"
3948120,Scritchy Scratchy,"Mar 18, 2026",No Price,No Discount,Lunch Money Games,Funday Games,"14,223","13,450",773,Overwhelmingly Positive,"['Casual', 'Indie', 'Simulation']"
945360,Among Us,"Nov 16, 2018",$4.99,No Discount,Innersloth,Innersloth,"742,005","682,608","59,397",Very Positive,['Casual']
2840770,Avatar: Frontiers of Pandora™,"Jun 17, 2024",$29.99,No Discount,Massive Entertainment – A Ubisoft Studio,Ubisoft,"15,332","11,912","3,420",Mostly Positive,"['Action', 'Adventure']"
4121170,Fears to Fathom® - Scratch Creek,"Jun 10, 2026",$7.99,No Discount,Rayll,Rayll Studios,"7,272","5,516","1,756",Mostly Positive,"['Adventure', 'Casual', 'Indie']"
1962663,Call of Duty®: Warzone™,"Nov 16, 2022",Free,No Discount,Infinity Ward,Activision,"50,614","15,578","35,036",Mostly Negative,"['Action', 'Free To Play']"
814380,Sekiro™: Shadows Die Twice - GOTY Edition,"Mar 21, 2019",$59.99,No Discount,"FromSoftware, Inc.",Activision (Excluding Japan and Asia),"353,382","336,621","16,761",Very Positive,"['Action', 'Adventure']"
3014320,OCTOPATH TRAVELER 0,"Dec 4, 2025",No Price,No Discount,Square Enix,Square Enix,"3,631","2,848",783,Very Positive,['RPG']
3172660,Marvel's Spider-Man 2 - Digital Deluxe Upgrade,"Jan 30, 2025",$69.99,$46.89,Insomniac Games,PlayStation Publishing LLC,112,88,24,Mostly Positive,"['Action', 'Adventure']"
2385530,PGA TOUR 2K25,"Feb 27, 2025",No Price,No Discount,HB Studios,2K,"4,647","3,218","1,429",Mostly Positive,"['RPG', 'Simulation', 'Sports']"
3717070,WWE 2K26,"Mar 12, 2026",$69.99,No Discount,Visual Concepts,2K,"2,996","1,630","1,366",Mixed,"['Simulation', 'Sports']"
3552140,Retro Rewind - Video Store Simulator,"Mar 17, 2026",No Price,No Discount,Blood Pact Studios,Blood Pact Studios,"9,671","9,264",407,Very Positive,"['Casual', 'Indie', 'Simulation']"
703080,Planet Zoo,"Nov 5, 2019",$44.99,No Discount,Frontier Developments,Frontier Developments,"97,128","88,382","8,746",Very Positive,"['Casual', 'Simulation', 'Strategy']"
3839790,Granblue Fantasy: Relink - Endless Ragnarok Upgrade Kit (Standard Edition),"Jul 8, 2026",$29.99,No Discount,"Cygames, Inc.","Cygames, Inc.","1,189",943,246,Mostly Positive,"['Action', 'Adventure', 'RPG']"
4282500,hololive Dreams,"Jul 22, 2026",Free To Play,No Discount,"QualiArts, Inc.","QualiArts, Inc.","2,437","1,586",851,Mixed,"['Action', 'Adventure', 'RPG', 'Free To Play']"
548430,Deep Rock Galactic,"May 13, 2020",$29.99,$8.99,Ghost Ship Games,Coffee Stain Publishing,"378,730","367,874","10,856",Very Positive,['Action']
550,Left 4 Dead 2,"Nov 16, 2009",$9.99,No Discount,Valve,Valve,"1,051,055","1,025,050","26,005",Overwhelmingly Positive,['Action']
3784030,RACCOIN: Coin Pusher Roguelike,"Mar 31, 2026",$11.99,$9.59,Doraccoon ,Playstack,"4,446","3,679",767,Very Positive,"['Casual', 'Indie', 'Simulation', 'Strategy']"
3059520,F1® 25,"May 30, 2025",No Price,No Discount,Codemasters,Electronic Arts,"28,053","24,433","3,620",Very Positive,"['Racing', 'Sports']"
3606480,Call of Duty®: Black Ops 7,"Nov 13, 2025",$69.99,No Discount,Treyarch,Activision,"4,757","1,815","2,942",Mostly Negative,['Action']
1371980,No Rest for the Wicked,"Apr 18, 2024",$39.99,No Discount,Moon Studios GmbH,Moon Studios GmbH,"80,316","64,496","15,820",Mostly Positive,"['Action', 'Adventure', 'RPG', 'Early Access']"
2552430,KINGDOM HEARTS -HD 1.5+2.5 ReMIX-,"Jun 13, 2024",$49.99,No Discount,Square Enix,Square Enix,"11,214","9,690","1,524",Very Positive,"['Action', 'Adventure', 'RPG']"
1643320,S.T.A.L.K.E.R. 2: Heart of Chornobyl,"Nov 20, 2024",$59.99,No Discount,GSC Game World,GSC Game World (worldwide),"136,524","108,337","28,187",Mostly Positive,"['Action', 'Adventure', 'RPG']"
3159330,Assassin’s Creed Shadows,"Mar 19, 2025",$69.99,No Discount,Ubisoft Quebec,Ubisoft,"38,951","29,369","9,582",Mixed,"['Action', 'Adventure', 'RPG']"
2437170,SMITE 2,"Aug 27, 2024",Free To Play,No Discount,Titan Forge Games,Hi-Rez Studios,"23,055","12,645","10,410",Mixed,"['Action', 'Adventure', 'Casual', 'Massively Multiplayer']"
1426300,The Binding of Isaac: Repentance,"Mar 31, 2021",No Price,No Discount,"Nicalis, Inc.","Nicalis, Inc.","13,632","11,487","2,145",Very Positive,"['Action', 'Adventure', 'RPG']"
1384160,GUILTY GEAR -STRIVE-,"Jun 11, 2021",$39.99,No Discount,Arc System Works,Arc System Works,"66,503","58,496","8,007",Very Positive,['Action']
1607250,MY HERO ULTRA RUMBLE,"Sep 28, 2023",Free To Play,No Discount,Byking Inc.,Bandai Namco Entertainment,"26,903","18,414","8,489",Mostly Positive,"['Action', 'Casual', 'Free To Play']"
42700,Call of Duty®: Black Ops,"Nov 9, 2010",$39.99,No Discount,Treyarch,Activision,"42,997","39,112","3,885",Very Positive,['Action']
218620,PAYDAY 2,"Aug 13, 2013",$9.99,No Discount,OVERKILL - a Starbreeze Studio.,Starbreeze Entertainment,"673,949","602,162","71,787",Very Positive,"['Action', 'RPG']"
2688950,Planet Coaster 2,"Nov 6, 2024",$49.99,No Discount,Frontier Developments,Frontier Developments,"14,171","10,457","3,714",Very Positive,"['Simulation', 'Strategy']"
799960,Wizard101,"Sep 2, 2008",Free To Play,No Discount,KingsIsle Entertainment,KingsIsle Entertainment,"9,456","7,812","1,644",Mostly Positive,"['Adventure', 'Casual', 'Massively Multiplayer', 'RPG']"
962130,Grounded,"Sep 27, 2022",$39.99,No Discount,Obsidian Entertainment,Xbox Game Studios,"95,260","85,474","9,786",Very Positive,"['Action', 'Adventure']"
686060,Mewgenics,"Feb 10, 2026",$29.99,No Discount,Edmund McMillen,Edmund McMillen,"52,430","47,140","5,290",Very Positive,"['Adventure', 'Indie', 'RPG', 'Simulation']"
2142790,Fields of Mistria,"Aug 5, 2024",$13.99,No Discount,NPC Studio,NPC Studio,"29,220","28,541",679,Very Positive,"['Indie', 'RPG', 'Simulation', 'Early Access']"
1466860,Age of Empires IV: Anniversary Edition,"Oct 28, 2021",$39.99,No Discount,World's Edge,Xbox Game Studios,"94,960","81,409","13,551",Very Positive,['Strategy']
1888930,The Last of Us™ Part I,"Mar 28, 2023",$59.99,No Discount,Naughty Dog LLC,PlayStation Publishing LLC,"107,294","90,371","16,923",Overwhelmingly Positive,"['Action', 'Adventure']"
3280350,DEATH STRANDING 2: ON THE BEACH,"Mar 19, 2026",$69.99,No Discount,KOJIMA PRODUCTIONS,PlayStation Publishing LLC,"26,089","24,858","1,231",Very Positive,"['Action', 'Adventure']"
2054970,Dragon's Dogma 2,"Mar 21, 2024",No Price,No Discount,"CAPCOM Co., Ltd.","CAPCOM Co., Ltd.","115,847","71,314","44,533",Mostly Positive,"['Action', 'RPG']"
435150,Divinity: Original Sin 2 - Definitive Edition,"Sep 14, 2017",$59.49,$10.66,Larian Studios,Larian Studios,"204,918","196,022","8,896",Very Positive,"['Adventure', 'RPG', 'Strategy']"
2075800,STAR WARS Zero Company™,"Aug 27, 2026",$49.99,No Discount,Bit Reactor,Electronic Arts,0,0,0,['Strategy'],
1062090,Timberborn,"Mar 12, 2026",$34.99,No Discount,Mechanistry,Mechanistry,"41,098","39,391","1,707",Overwhelmingly Positive,"['Indie', 'Simulation', 'Strategy']"
2358720,Black Myth: Wukong,"Aug 19, 2024",$59.99,No Discount,Game Science,Game Science,"1,204,280","1,162,428","41,852",Very Positive,"['Action', 'Adventure', 'RPG']"
1774580,STAR WARS Jedi: Survivor™,"Apr 27, 2023",No Price,No Discount,Respawn,Electronic Arts,"85,231","60,461","24,770",Mostly Positive,"['Action', 'Adventure']"
244210,Assetto Corsa,"Dec 19, 2014",$19.99,No Discount,Kunos Simulazioni,505 Games,"172,773","160,413","12,360",Very Positive,"['Indie', 'Racing', 'Simulation', 'Sports']"
3558600,Leafy Corner,"Jul 30, 2026",No Price,No Discount,Fireline Games,Fireline Games,896,883,13,Overwhelmingly Positive,"['Casual', 'Indie', 'Simulation']"
3347400,GIRLS' FRONTLINE 2: EXILIUM,"Feb 10, 2025",Free To Play,No Discount,"SUNBORN Information Co., Ltd.",Darkwinter Software Limited,"3,170","2,192",978,Very Positive,"['Action', 'Adventure', 'RPG', 'Strategy']"
1605850,ZeroSpace,"Jul 20, 2026",$39.99,No Discount,Starlance Studios,Starlance Studios,"1,032",827,205,Mostly Positive,"['Action', 'Indie', 'Massively Multiplayer', 'RPG']"
1363080,Manor Lords,"Apr 26, 2024",$39.99,No Discount,Slavic Magic,Hooded Horse,"89,702","75,513","14,189",Mostly Positive,"['Simulation', 'Strategy', 'Early Access']"
2531310,The Last of Us™ Part II Remastered,"Apr 3, 2025",$49.99,No Discount,Naughty Dog LLC,PlayStation Publishing LLC,"53,592","48,749","4,843",Very Positive,"['Action', 'Adventure']"
2161700,Persona 3 Reload,"Feb 1, 2024",No Price,No Discount,ATLUS,SEGA,"60,829","57,411","3,418",Overwhelmingly Positive,"['Adventure', 'RPG', 'Strategy']"
1407200,World of Tanks,"Apr 28, 2021",Free To Play,No Discount,Wargaming Group Limited,Wargaming Group Limited,"100,188","80,110","20,078",Mixed,"['Action', 'Massively Multiplayer', 'Simulation', 'Free To Play']"
585420,Trailmakers,"Sep 18, 2019",$24.99,$4.99,Flashbulb,Flashbulb,"38,180","35,161","3,019",Very Positive,"['Action', 'Adventure', 'Indie', 'Racing']"
1857950,VEIN,"Oct 24, 2025",No Price,No Discount,Ramjet Studios,Ramjet Studios,"11,722","10,351","1,371",Very Positive,"['Action', 'RPG', 'Simulation', 'Early Access']"
3656800,Train Sim World® 6,"Sep 30, 2025",$39.99,No Discount,Dovetail Games,Dovetail Games - TSW,"3,927","2,978",949,Mostly Positive,['Simulation']
391540,Undertale,"Sep 15, 2015",$9.99,$2.49,tobyfox,tobyfox,"334,745","323,023","11,722",Overwhelmingly Positive,"['Indie', 'RPG']"
588650,Dead Cells,"Aug 6, 2018",$24.99,$12.49,Motion Twin,Motion Twin,"182,322","176,926","5,396",Overwhelmingly Positive,"['Action', 'Adventure', 'Indie']"
1824220,Chivalry 2,"Jun 12, 2022",$39.99,$7.99,Torn Banner Studios,Tripwire Presents,"58,330","46,125","12,205",Mostly Positive,"['Action', 'Massively Multiplayer']"
1966720,Lethal Company,"Oct 23, 2023",$9.99,No Discount,Zeekerss,Zeekerss,"510,083","494,655","15,428",Very Positive,"['Action', 'Adventure', 'Indie', 'Early Access']"
3186490,Destiny 2: The Edge of Fate,"Jul 15, 2025",$19.99,$7.99,Bungie,Bungie,"3,968","1,038","2,930",Very Negative,"['Action', 'Adventure', 'Free To Play']"
397540,Borderlands 3,"Mar 13, 2020",$59.99,$5.99,Gearbox Software,2K,"163,568","132,517","31,051",Very Positive,"['Action', 'RPG']"
244850,Space Engineers,"Feb 28, 2019",No Price,No Discount,Keen Software House,Keen Software House,"137,024","121,258","15,766",Mostly Positive,"['Action', 'Indie', 'Simulation', 'Strategy']"
9900,Star Trek Online,"Feb 2, 2010",Free to Play,No Discount,Cryptic Studios,Arc Games,"21,215","16,777","4,438",Mostly Positive,"['Massively Multiplayer', 'RPG', 'Free To Play']"
3061570,Persona5: The Phantom X,"Jun 25, 2025",Free To Play,No Discount,ATLUS,SEGA,"13,237","6,744","6,493",Mixed,"['Adventure', 'RPG', 'Free To Play']"
782330,DOOM Eternal,"Mar 19, 2020",$29.99,$9.89,id Software,Bethesda Softworks,"219,605","200,092","19,513",Very Positive,['Action']
1971870,Mortal Kombat 1,"Sep 19, 2023",$49.99,No Discount,NetherRealm Studios,Warner Bros. Games,"48,868","35,363","13,505",Very Positive,['Action']
1627720,Lies of P,"Sep 18, 2023",$59.99,No Discount,NEOWIZ,NEOWIZ,"80,815","74,085","6,730",Very Positive,"['Action', 'Adventure', 'RPG']"
1217060,Gunfire Reborn,"Nov 17, 2021",$19.99,$13.99,Gunfire Reborn Studio,Duoyi Games,"103,547","96,416","7,131",Very Positive,"['Action', 'Adventure', 'Indie', 'RPG']"
3940610,EA SPORTS™ Madden NFL 27,"Aug 13, 2026",$69.99,No Discount,Tiburon,Electronic Arts,0,0,0,"['Simulation', 'Sports']",
367270,Angels Fall First,"Jul 11, 2026",$17.99,No Discount,Strangely Interactive Ltd,Strangely Interactive Ltd,"3,942","3,230",712,Mostly Positive,"['Action', 'Indie', 'Simulation']"
1167630,Teardown,"Apr 21, 2022",$29.99,No Discount,Tuxedo Labs,Tuxedo Labs,"134,343","128,750","5,593",Overwhelmingly Positive,"['Action', 'Indie', 'Simulation', 'Strategy']"
2670630,Supermarket Simulator,"Jun 19, 2025",$19.99,No Discount,Nokta Games,Nokta Games,"83,538","76,907","6,631",Very Positive,"['Casual', 'Indie', 'Simulation']"
883710,Resident Evil 2,"Jan 24, 2019",No Price,No Discount,"CAPCOM Co., Ltd.","CAPCOM Co., Ltd.","219,986","213,490","6,496",Overwhelmingly Positive,['Action']
1778820,TEKKEN 8,"Jan 25, 2024",No Price,No Discount,Bandai Namco Studios Inc.,Bandai Namco Entertainment,"74,033","40,932","33,101",Mostly Positive,['Action']
346110,ARK: Survival Evolved,"Aug 27, 2017",$14.99,No Discount,Studio Wildcard,Studio Wildcard,"774,766","645,633","129,133",Very Positive,"['Action', 'Adventure', 'Indie', 'Massively Multiplayer']"
227300,Euro Truck Simulator 2,"Oct 18, 2012",No Price,No Discount,SCS Software,SCS Software,"970,120","944,027","26,093",Overwhelmingly Positive,"['Indie', 'Simulation']"
589290,Holdfast: Nations At War,"Mar 5, 2020",$19.99,No Discount,Anvil Game Studios,Anvil Game Studios,"29,351","26,368","2,983",Very Positive,"['Action', 'Indie', 'Massively Multiplayer', 'RPG']"
728880,Overcooked! 2,"Aug 7, 2018",$24.99,$6.24,Ghost Town Games Ltd.,Team17,"83,457","75,465","7,992",Very Positive,"['Action', 'Casual', 'Indie']"
223750,DCS World Steam Edition,"Mar 18, 2018",Free,No Discount,Eagle Dynamics SA,Eagle Dynamics SA,"40,853","34,746","6,107",Very Positive,"['Simulation', 'Free To Play']"
1030300,Hollow Knight: Silksong,"Sep 4, 2025",$19.99,No Discount,Team Cherry,Team Cherry,"417,830","373,575","44,255",Very Positive,"['Action', 'Adventure', 'Indie']"
3641000,The Incident at Galley House,"Jul 14, 2026",$19.99,No Discount,William Rous,Evil Trout Inc.,"2,924","2,772",152,Overwhelmingly Positive,['Adventure']
2406770,Bodycam,"Jun 7, 2024",$33.32,No Discount,Reissad Studio,Reissad Studio,"44,547","33,884","10,663",Very Positive,"['Action', 'Indie', 'Massively Multiplayer', 'Simulation']"
2524850,Denshattack!,"Jul 15, 2026",$19.99,No Discount,Undercoders,Fireshine Games,"2,435","2,392",43,Overwhelmingly Positive,"['Action', 'Adventure']"
1446780,MONSTER HUNTER RISE,"Jan 12, 2022",No Price,No Discount,"CAPCOM Co., Ltd.","CAPCOM Co., Ltd.","125,273","104,443","20,830",Very Positive,['Action']
1875580,Mina the Hollower,"May 28, 2026",$19.99,No Discount,Yacht Club Games,Yacht Club Games,"8,122","7,188",934,Very Positive,"['Action', 'Adventure']"
2131680,METAL GEAR & METAL GEAR 2: Solid Snake,"Oct 24, 2023",$19.99,No Discount,KONAMI,KONAMI,930,782,148,Mostly Positive,['Action']
3337380,Tabletop Tavern,"Jun 11, 2026",No Price,No Discount,TJ,Frostbloom,"1,882","1,699",183,Very Positive,['Strategy']
2747330,Species: Unknown,"Oct 23, 2025",No Price,No Discount,WanadevStudio,WanadevStudio,"10,459","9,895",564,Very Positive,"['Action', 'Indie', 'Early Access']"
2948190,World of Sea Battle,"Oct 21, 2025",Free To Play,No Discount,Thera Interactive,Thera Interactive,"8,382","6,319","2,063",Mostly Positive,"['Action', 'Massively Multiplayer', 'RPG', 'Free To Play']"
2605790,Deep Rock Galactic: Rogue Core,"May 20, 2026",$29.99,$23.99,Ghost Ship Games,Ghost Ship Publishing,"14,935","9,023","5,912",Mixed,"['Action', 'Early Access']"
1934680,Age of Mythology: Retold,"Sep 4, 2024",$29.99,No Discount,World's Edge,Xbox Game Studios,"23,235","21,020","2,215",Very Positive,['Strategy']
602960,Barotrauma,"Mar 13, 2023",$34.99,$17.49,FakeFish,Daedalic Entertainment,"88,710","83,400","5,310",Very Positive,"['Action', 'Indie', 'Simulation', 'Strategy']"
2240620,UNBEATABLE,"Dec 9, 2025",$27.99,No Discount,D-CELL GAMES,Playstack,"7,204","6,658",546,Very Positive,['Adventure']
1677280,Company of Heroes 3,"Feb 23, 2023",$59.99,$23.99,Relic Entertainment,Relic Entertainment,"39,696","22,571","17,125",Mixed,"['Action', 'Strategy']"
4324480,Dirty Business,"Jul 22, 2026",No Price,No Discount,Plan Dirty Games,Plan Dirty Games,683,528,155,Mostly Positive,"['Simulation', 'Early Access']"
645390,Factorio: Space Age,"Oct 21, 2024",$35.00,No Discount,Wube Software LTD.,Wube Software LTD.,"6,767","6,212",555,Very Positive,"['Casual', 'Indie', 'Simulation', 'Strategy']"
767560,War Robots,"Apr 5, 2018",Free To Play,No Discount,MY.GAMES,MY.GAMES,"30,541","18,350","12,191",Mixed,"['Action', 'Free To Play']"
1783560,The Last Caretaker,"Nov 6, 2025",No Price,No Discount,Channel37 Ltd,Channel37 Ltd,"12,779","10,987","1,792",Very Positive,"['Action', 'Adventure', 'Indie', 'Simulation']"
3834090,YAPYAP,"Feb 3, 2026",$9.99,No Discount,Maison Bap,Maison Bap,"9,476","7,986","1,490",Very Positive,['Action']
4090980,Escape from Tarkov - The Unheard Steam Edition Expansion Pack,"May 20, 2026",No Price,No Discount,Battlestate Games,Battlestate Games,124,103,21,Very Positive,"['Action', 'Massively Multiplayer', 'RPG', 'Simulation']"
1593500,God of War,"Jan 14, 2022",$49.99,No Discount,Santa Monica Studio,PlayStation Publishing LLC,"183,262","175,836","7,426",Overwhelmingly Positive,"['Action', 'Adventure', 'RPG']"
1465360,SnowRunner,"May 17, 2021",$29.99,No Discount,Saber Interactive,Focus Entertainment,"55,346","49,879","5,467",Very Positive,"['Adventure', 'Simulation']"
4080220,EA SPORTS FC™ 27,"Sep 24, 2026",$69.99,No Discount,EA CANADA,Electronic Arts,0,0,0,"['Simulation', 'Sports']",
4355570,"Warhammer 40,000: Darktide - Skitarii Class","Jun 23, 2026",$11.99,No Discount,Fatshark,Fatshark,"1,285",735,550,Mixed,"['Action', 'Adventure', 'RPG']"
1196590,Resident Evil Village,"May 6, 2021",No Price,No Discount,"CAPCOM Co., Ltd.","CAPCOM Co., Ltd.","152,240","145,583","6,657",Overwhelmingly Positive,['Action']
1562430,DREDGE,"Mar 30, 2023",$39.99,$19.99,Black Salt Games,Team17,"55,972","53,635","2,337",Overwhelmingly Positive,"['Adventure', 'RPG']"
530611,End of Zoe,"Dec 11, 2017",$14.99,No Discount,"CAPCOM Co., Ltd.","CAPCOM Co., Ltd.","1,794","1,549",245,Mostly Positive,"['Action', 'Adventure']"
1547000,Grand Theft Auto: San Andreas – The Definitive Edition,"Jan 19, 2023",$7.99 / month,No Discount,Rockstar Games,Rockstar Games,"15,656","12,499","3,157",Very Positive,"['Action', 'Adventure']"
457140,Oxygen Not Included,"Jul 30, 2019",$24.99,No Discount,Klei Entertainment,Klei Entertainment,"143,156","138,484","4,672",Overwhelmingly Positive,"['Indie', 'Simulation']"
4836540,Company of Heroes 3: Final Stand,"Jul 29, 2026",$29.99,$26.99,Relic Entertainment,Relic Entertainment,731,367,364,Mixed,"['Action', 'Strategy']"
2927200,Mount & Blade II: Bannerlord - War Sails,"Nov 26, 2025",$24.99,No Discount,TaleWorlds Entertainment,TaleWorlds Entertainment,"5,616","2,510","3,106",Mostly Negative,"['Action', 'Indie', 'RPG', 'Simulation']"
1888160,ARMORED CORE™ VI FIRES OF RUBICON™,"Aug 24, 2023",$59.99,No Discount,"FromSoftware, Inc.","FromSoftware, Inc.","85,251","78,159","7,092",Very Positive,['Action']
2185060,Two Point Museum,"Mar 4, 2025",$29.99,No Discount,Two Point Studios,SEGA,"13,022","12,419",603,Overwhelmingly Positive,"['Casual', 'Indie', 'Simulation', 'Strategy']"
22380,Fallout: New Vegas,"Oct 19, 2010",$9.99,$4.99,Obsidian Entertainment,Bethesda Softworks,"260,206","249,771","10,435",Very Positive,"['Action', 'RPG']"
1657630,Slime Rancher 2,"Sep 23, 2025",$29.99,$17.99,Monomi Park,Monomi Park,"49,436","46,728","2,708",Very Positive,"['Action', 'Adventure', 'Casual', 'Indie']"
1206560,WorldBox - God Simulator,"Dec 2, 2021",$19.99,No Discount,Maxim Karpenko,Maxim Karpenko,"55,956","53,336","2,620",Overwhelmingly Positive,"['Indie', 'Simulation', 'Early Access']"
2964090,World of Warships: Legends,"May 4, 2026",Free To Play,No Discount,Wargaming Group Limited,Wargaming Group Limited,560,364,196,Mixed,"['Action', 'Massively Multiplayer', 'Simulation', 'Strategy']"
3561220,Pass the Fear,"Jul 22, 2026",$18.99,$17.09,PlayMud Studio,Paras Games,"2,252","1,724",528,Mostly Positive,"['Action', 'Adventure', 'Casual', 'Indie']"
367520,Hollow Knight,"Feb 24, 2017",$14.99,No Discount,Team Cherry,Team Cherry,"555,523","538,370","17,153",Overwhelmingly Positive,"['Action', 'Adventure', 'Indie']"
239140,Dying Light,"Jan 26, 2015",$24.99,$4.99,Techland,Techland,"498,942","474,755","24,187",Very Positive,"['Action', 'Adventure', 'RPG']"
1324780,Easy Red 2,"Nov 10, 2020",$8.99,No Discount,Marco Amadei,Corvostudio di Amadei Marco,"14,372","12,974","1,398",Very Positive,"['Action', 'Indie', 'Simulation', 'Strategy']"
1328670,Mass Effect™ Legendary Edition,"May 14, 2021",No Price,No Discount,BioWare,Electronic Arts,"66,464","60,606","5,858",Very Positive,"['Action', 'RPG']"
107410,Arma 3,"Sep 12, 2013",$29.99,No Discount,Bohemia Interactive,Bohemia Interactive,"297,366","268,572","28,794",Very Positive,"['Action', 'Simulation', 'Strategy']"
4742640,DragonSword Awakening - Deluxe Pack,"Jul 22, 2026",$19.99,No Discount,Hound13 Inc.,Hound13 Inc.,52,42,10,Very Positive,"['Action', 'Adventure', 'RPG']"
1172710,Dune: Awakening,"Jun 10, 2025",$49.99,No Discount,Funcom,Funcom,"77,790","54,984","22,806",Mostly Positive,"['Action', 'Adventure', 'Massively Multiplayer', 'RPG']"
3022790,RimWorld - Odyssey,"Jul 11, 2025",$24.99,No Discount,Ludeon Studios,Ludeon Studios,"3,303","2,968",335,Mostly Positive,"['Indie', 'Simulation', 'Strategy']"
4212480,Ragnarok: The New World,"Jul 26, 2026",Free To Play,No Discount,Gravity Game Vision Limited,Gravity Game Vision Limited,509,143,366,Mostly Negative,"['Action', 'Adventure', 'Massively Multiplayer', 'RPG']"
401920,The Binding of Isaac: Afterbirth,"Oct 30, 2015",$10.99,No Discount,"Nicalis, Inc.","Nicalis, Inc.","8,229","7,677",552,Very Positive,"['Action', 'Adventure']"
264710,Subnautica,"Jan 23, 2018",$29.99,No Discount,Unknown Worlds Entertainment,Unknown Worlds Entertainment,"378,084","367,095","10,989",Overwhelmingly Positive,"['Adventure', 'Indie']"
1176470,Terra Invicta,"Jan 5, 2026",$39.99,$19.99,Pavonis Interactive,Hooded Horse,"9,683","7,796","1,887",Mostly Positive,"['Simulation', 'Strategy']"
753640,Outer Wilds,"Jun 18, 2020",$24.99,No Discount,Mobius Digital,Annapurna Interactive,"106,131","101,464","4,667",Very Positive,"['Action', 'Adventure']"
322330,Don't Starve Together,"Apr 21, 2016",$14.99,No Discount,Klei Entertainment,Klei Entertainment,"540,802","513,429","27,373",Very Positive,"['Action', 'Adventure', 'Indie', 'RPG']"
2129530,REANIMAL,"Feb 13, 2026",No Price,No Discount,Tarsier Studios,THQ Nordic,"24,295","18,126","6,169",Very Positive,['Adventure']
1676840,For The King II,"Nov 2, 2023",$24.99,$8.49,IronOak Games,Curve Games,"15,965","11,312","4,653",Mostly Positive,"['Adventure', 'Indie', 'RPG', 'Strategy']"
1941540,Mafia: The Old Country,"Aug 7, 2025",$49.99,No Discount,Hangar 13,2K,"28,889","21,087","7,802",Mostly Positive,"['Action', 'Adventure']"
431240,Golf With Your Friends,"May 19, 2020",$23.99,$2.39,Blacklight Interactive,Team17,"74,933","65,460","9,473",Mostly Positive,"['Casual', 'Indie', 'Sports']"
3483510,The Adventures of Elliot: The Millennium Tales,"Jun 18, 2026",No Price,No Discount,Square Enix,Square Enix,"2,186","1,733",453,Very Positive,"['Action', 'Adventure', 'RPG']"
3679080,The Seven Deadly Sins: Origin,"Mar 16, 2026",Free To Play,No Discount,Netmarble F&C,Netmarble,"15,459","9,304","6,155",Mixed,"['Action', 'Adventure', 'Massively Multiplayer', 'RPG']"
2186990,Fatekeeper,"Jun 2, 2026",$9.99,No Discount,Paraglacial,THQ Nordic,"10,216","8,143","2,073",Very Positive,"['Action', 'RPG', 'Early Access']"
1812450,Bellwright,"Apr 23, 2024",$29.99,No Discount,Donkey Crew,Donkey Crew,"21,142","16,971","4,171",Mostly Positive,"['Action', 'RPG', 'Simulation', 'Strategy']"
4731620,Fortune Mill,"Jun 2, 2026",$7.99,No Discount,Lavaflame2,Lavaflame2,"3,133","2,567",566,Very Positive,"['Casual', 'Indie', 'Simulation']"
4244510,Pratfall,"Apr 20, 2026",$7.99,No Discount,Quad Head,Quad Head,"2,887","2,612",275,Very Positive,"['Action', 'Adventure', 'Indie']"
4131670,Jurassic World Evolution 3: Rebirth Expansion,"Jun 16, 2026",$24.99,No Discount,Frontier Developments,Frontier Developments,258,155,103,Mixed,"['Simulation', 'Strategy']"
3164330,Infinity Nikki,"Apr 28, 2025",Free To Play,No Discount,Infold Games,Infold Games,"10,327","5,828","4,499",Mostly Positive,"['Action', 'Adventure', 'Casual', 'RPG']"
374320,DARK SOULS™ III,"Apr 11, 2016",$59.99,No Discount,"FromSoftware, Inc.","FromSoftware, Inc.","438,568","413,768","24,800",Very Positive,['Action']
242760,The Forest,"Apr 30, 2018",$19.99,No Discount,Endnight Games Ltd,Endnight Games Ltd,"679,812","649,440","30,372",Very Positive,"['Action', 'Adventure', 'Indie', 'Simulation']"
1129580,Medieval Dynasty,"Sep 23, 2021",$34.99,No Discount,Render Cube,Toplitz Productions,"51,810","46,827","4,983",Very Positive,"['Action', 'Adventure', 'Indie', 'RPG']"
646570,Slay the Spire,"Jan 23, 2019",$24.99,$6.24,Mega Crit,Mega Crit,"218,939","212,750","6,189",Very Positive,"['Indie', 'Strategy']"
1757300,Jump Space,"Sep 19, 2025",$19.99,No Discount,Keepsake Games,Keepsake Games,"11,924","10,194","1,730",Very Positive,"['Action', 'Adventure', 'Indie', 'Early Access']"
2527160,Desktop Explorer,"Jul 17, 2026",No Price,No Discount,Recurring Dream,Recurring Dream,"1,317","1,273",44,Overwhelmingly Positive,"['Adventure', 'Indie', 'Simulation']"
49520,Borderlands 2,"Sep 17, 2012",$19.99,$4.99,Gearbox Software,2K,"319,541","282,979","36,562",Very Positive,"['Action', 'RPG']"
1551360,Forza Horizon 5,"Nov 8, 2021",$59.99,No Discount,Playground Games,Xbox Game Studios,"278,862","248,685","30,177",Very Positive,"['Action', 'Adventure', 'Racing', 'Simulation']"
594570,Total War: WARHAMMER II,"Sep 28, 2017",$59.99,No Discount,CREATIVE ASSEMBLY,SEGA,"125,285","115,597","9,688",Very Positive,"['Action', 'Strategy']"
1237950,STAR WARS™ Battlefront™ II,"Nov 16, 2017",No Price,No Discount,DICE,Electronic Arts,"99,313","87,702","11,611",Very Positive,"['Action', 'Adventure']"
2057760,Esoteric Ebb,"Mar 3, 2026",$24.99,No Discount,Christoffer Bodegård,Raw Fury,"8,776","8,372",404,Overwhelmingly Positive,"['Indie', 'RPG']"
529340,Victoria 3,"Oct 25, 2022",$49.99,No Discount,Paradox Development Studio,Paradox Interactive,"62,394","43,234","19,160",Mixed,"['Simulation', 'Strategy']"
3681010,Nioh 3,"Feb 5, 2026",No Price,No Discount,"KOEI TECMO GAMES CO., LTD.","KOEI TECMO GAMES CO., LTD.","18,733","14,775","3,958",Mixed,"['Action', 'RPG']"
2881650,Content Warning,"Apr 1, 2024",$7.99,No Discount,Zorro,Evil Landfall?,"162,235","152,259","9,976",Very Positive,"['Action', 'Adventure', 'Indie']"
3981100,Leaf it Alone,"Oct 30, 2025",$5.99,No Discount,Eternity,Eternity,"5,671","5,448",223,Very Positive,"['Casual', 'Indie', 'Simulation']"
2781620,Risk of Rain 2: Alloyed Collective,"Nov 18, 2025",$14.99,No Discount,Gearbox Software,2K Games,"3,651","3,397",254,Mixed,"['Action', 'Indie']"
236850,Europa Universalis IV,"Aug 13, 2013",No Price,No Discount,Paradox Development Studio,Paradox Interactive,"139,358","121,260","18,098",Very Positive,"['Simulation', 'Strategy']"
2426960,Summoners War,"Jan 7, 2024",Free To Play,No Discount,Com2uS,Com2uS,"10,635","7,593","3,042",Mixed,"['RPG', 'Strategy', 'Free To Play']"
1569580,Blue Prince,"Apr 10, 2025",$29.99,No Discount,Dogubomb,Raw Fury,"19,541","16,899","2,642",Very Positive,"['Adventure', 'Indie', 'Strategy']"
3595270,Call of Duty®: Modern Warfare® III,"Nov 10, 2023",$69.99,No Discount,Sledgehammer Games,Activision,"19,612","8,730","10,882",Mostly Positive,['Action']
2168680,Nuclear Option,"Oct 15, 2023",$19.99,No Discount,Shockfront Studios,Shockfront Studios,"10,372","9,906",466,Overwhelmingly Positive,"['Action', 'Indie', 'Simulation', 'Early Access']"
2272360,"Warhammer 40,000: Dawn of War IV","Sep 17, 2026",$59.99,$53.99,KING Art,Deep Silver,0,0,0,"['Action', 'Strategy']",
570660,The Binding of Isaac: Afterbirth+,"Jan 3, 2017",No Price,No Discount,"Nicalis, Inc.","Nicalis, Inc.","7,127","4,900","2,227",Mixed,"['Action', 'Adventure', 'Indie']"
668580,Atomic Heart,"Feb 20, 2023",No Price,No Discount,Mundfish,Focus Entertainment,"50,150","40,496","9,654",Mostly Positive,"['Action', 'Adventure', 'RPG']"
2909400,FINAL FANTASY VII REBIRTH,"Jan 23, 2025",$49.99,No Discount,Square Enix,Square Enix,"33,926","25,542","8,384",Mixed,"['Action', 'Adventure', 'RPG']"
2486820,Sonic Racing: CrossWorlds,"Sep 25, 2025",No Price,No Discount,Sonic Team,SEGA,"16,511","15,330","1,181",Very Positive,"['Action', 'Adventure', 'Racing']"
3070070,TCG Card Shop Simulator,"Sep 15, 2024",$19.99,No Discount,OPNeon Games,OPNeon Games,"48,860","47,176","1,684",Very Positive,"['Simulation', 'Early Access']"
2536520,Diablo II: Resurrected – Infernal Edition,"Feb 11, 2026",$39.99,No Discount,"Blizzard Entertainment, Inc.","Blizzard Entertainment, Inc.","5,771","5,014",757,Very Positive,"['Action', 'RPG', 'Strategy']"
312520,Rain World,"Mar 28, 2017",$24.99,No Discount,Videocult,Akupara Games,"55,848","52,356","3,492",Very Positive,"['Action', 'Adventure', 'Indie']"
805550,Assetto Corsa Competizione,"May 29, 2019",$39.99,No Discount,Kunos Simulazioni,505 Games,"47,708","44,199","3,509",Very Positive,"['Racing', 'Simulation', 'Sports']"
4394810,DAVE THE DIVER - In the Jungle Content Pack,"Jun 18, 2026",$9.99,No Discount,MINTROCKET,MINTROCKET,"1,945","1,464",481,Mostly Positive,"['Adventure', 'Casual', 'RPG', 'Simulation']"
570940,DARK SOULS™: REMASTERED,"May 23, 2018",$39.99,No Discount,QLOC,"FromSoftware, Inc.","153,793","142,169","11,624",Very Positive,['Action']
3595230,Call of Duty®: Modern Warfare® II,"Oct 22, 2022",$69.99,No Discount,Infinity Ward,Activision,"27,380","12,522","14,858",Mixed,['Action']
2288340,ACE COMBAT 8: WINGS OF THEVE,"Oct 1, 2026",$69.99,No Discount,Bandai Namco Aces Inc.,Bandai Namco Entertainment Inc.,0,0,0,['Action'],
4128400,eBaseball™: PRO SPIRIT,"Mar 4, 2026",Free To Play,No Discount,KONAMI,KONAMI,"1,255",960,295,Mostly Positive,"['Action', 'Sports', 'Free To Play']"
606160,ROUTINE,"Dec 4, 2025",$24.99,$17.49,Lunar Software,Raw Fury,"7,970","7,327",643,Very Positive,"['Action', 'Adventure', 'Indie']"
1687950,Persona 5 Royal,"Oct 20, 2022",$59.99,No Discount,ATLUS,SEGA,"136,267","131,339","4,928",Overwhelmingly Positive,['RPG']
322170,Geometry Dash,"Dec 22, 2014",$4.99,No Discount,RobTop Games,RobTop Games,"629,689","585,894","43,795",Very Positive,"['Action', 'Indie']"
2352620,Fellowship,"Oct 16, 2025",$24.99,$14.99,Chief Rebel,Coffee Stain Publishing,"17,543","13,144","4,399",Mostly Positive,"['RPG', 'Early Access']"
2195120,Go-Go Town!,"Jul 16, 2026",No Price,No Discount,Prideful Sloth,Prideful Sloth,"2,603","2,427",176,Very Positive,"['Casual', 'Indie', 'Simulation', 'Strategy']"
1826140,RimWorld - Biotech,"Oct 21, 2022",$24.99,No Discount,Ludeon Studios,Ludeon Studios,"3,323","3,104",219,Very Positive,"['Indie', 'Simulation', 'Strategy']"
204360,Castle Crashers®,"Sep 26, 2012",No Price,No Discount,The Behemoth,The Behemoth,"140,030","134,676","5,354",Overwhelmingly Positive,"['Action', 'Adventure', 'Casual', 'Indie']"
3526710,Everything is Crab: The Animal Evolution Roguelite,"May 8, 2026",$9.99,$7.99,Odd Dreams Digital,Secret Mode,"6,884","5,248","1,636",Very Positive,"['Action', 'Indie', 'Simulation', 'Strategy']"
4584110,Soul Land: Awakening World,"Jun 1, 2026",Free To Play,No Discount,37GAMES,37GAMES,349,167,182,Mixed,"['Action', 'Adventure', 'Massively Multiplayer', 'RPG']"
1145360,Hades,"Sep 17, 2020",$24.99,No Discount,Supergiant Games,Supergiant Games,"307,266","301,168","6,098",Overwhelmingly Positive,"['Action', 'Indie', 'RPG']"
1222680,Need for Speed™ Heat,"Jun 4, 2020",No Price,No Discount,Ghost Games,Electronic Arts,"150,941","127,063","23,878",Very Positive,"['Action', 'Adventure', 'Racing', 'Sports']"
3092660,Reverse: 1999,"Oct 8, 2024",Free To Play,No Discount,"BLUEPOCH GAMES CO., LIMITED","BLUEPOCH GAMES CO., LIMITED","4,880","4,540",340,Very Positive,"['RPG', 'Free To Play']"
1681430,RoboCop: Rogue City,"Nov 2, 2023",$39.99,$3.99,Teyon,Nacon,"36,187","31,556","4,631",Very Positive,"['Action', 'Adventure']"
2325290,Sky: Children of the Light,"Apr 10, 2024",Free To Play,No Discount,thatgamecompany,thatgamecompany,"24,702","21,514","3,188",Very Positive,"['Adventure', 'Casual', 'Indie', 'Massively Multiplayer']"
246620,Plague Inc: Evolved,"Feb 18, 2016",$14.99,No Discount,Ndemic Creations,Ndemic Creations,"65,215","61,440","3,775",Very Positive,"['Casual', 'Indie', 'Simulation', 'Strategy']"
1604030,V Rising,"May 8, 2024",$34.99,No Discount,Stunlock Studios,Stunlock Studios,"136,486","121,413","15,073",Very Positive,"['Action', 'Adventure', 'Massively Multiplayer']"
1430190,Killing Floor 3,"Jul 24, 2025",$39.99,$19.99,Tripwire Interactive,Tripwire Interactive,"23,110","10,131","12,979",Mixed,['Action']
2071280,Ravenswatch,"Sep 26, 2024",$49.99,$19.99,Passtech Games,Nacon,"22,355","17,850","4,505",Mostly Positive,"['Action', 'Adventure']"
3419520,Quarantine Zone: The Last Check,"Jan 12, 2026",$19.99,No Discount,Brigada Games,Devolver Digital,"12,928","10,602","2,326",Mostly Positive,"['Indie', 'Simulation', 'Strategy']"
2420110,Horizon Forbidden West™ Complete Edition,"Mar 21, 2024",$59.99,No Discount,Guerrilla,PlayStation Publishing LLC,"29,940","26,402","3,538",Very Positive,"['Action', 'RPG']"
3211120,Dark and Darker - Legendary Status,"Dec 5, 2024",$30.00,No Discount,IRONMACE,IRONMACE,318,141,177,Mixed,"['Action', 'RPG', 'Free To Play']"
952060,Resident Evil 3,"Apr 2, 2020",No Price,No Discount,"CAPCOM Co., Ltd.","CAPCOM Co., Ltd.","124,588","103,909","20,679",Very Positive,['Action']
3316940,The Legend of Heroes: Trails beyond the Horizon,"Jan 15, 2026",No Price,No Discount,Nihon Falcom,"NIS America, Inc.",700,652,48,Very Positive,"['Action', 'Adventure', 'RPG']"
4229450,PowerWash Simulator 2 - STAR WARS Pack,"Jul 16, 2026",$9.99,No Discount,FuturLab,FuturLab,140,108,32,Mostly Positive,"['Casual', 'Indie', 'Simulation']"
1343400,RuneScape ®,"Oct 14, 2020",Free To Play,No Discount,Jagex Ltd,Jagex Ltd,"27,111","22,194","4,917",Mixed,"['Massively Multiplayer', 'RPG', 'Free To Play']"
2114740,Blasphemous 2,"Aug 24, 2023",$44.99,$11.24,The Game Kitchen,Team17,"20,686","18,754","1,932",Very Positive,"['Action', 'Adventure', 'Indie']"
3557620,Blue Archive,"Jul 3, 2025",Free To Play,No Discount,NEXON Games,NEXON Korea,"27,513","17,837","9,676",Overwhelmingly Negative,"['Adventure', 'Casual', 'RPG', 'Strategy']"
444200,World of Tanks Blitz,"Nov 9, 2016",Free To Play,No Discount,Wargaming Group Limited,Wargaming Group Limited,"153,097","119,323","33,774",Mixed,"['Action', 'Massively Multiplayer', 'Simulation', 'Strategy']"
3199170,Blood Strike,"Mar 13, 2025",Free To Play,No Discount,NetEase Games,NetEase Games,"21,599","17,458","4,141",Mostly Positive,"['Action', 'Adventure', 'Massively Multiplayer', 'Strategy']"
3672400,Farever,"May 6, 2026",$19.99,No Discount,Shiro Games,Shiro Games,"9,110","6,898","2,212",Mostly Positive,"['Action', 'Adventure', 'RPG', 'Early Access']"
1746860,The Elder Scrolls V: Skyrim Anniversary Upgrade,"Nov 10, 2021",$19.99,$9.99,Bethesda Game Studios,Bethesda Softworks,"8,087","3,863","4,224",Mostly Negative,['RPG']
1222140,Detroit: Become Human,"Jun 18, 2020",No Price,No Discount,Quantic Dream,Quantic Dream,"257,534","248,131","9,403",Overwhelmingly Positive,"['Action', 'Adventure']"
2138710,Sifu,"Mar 28, 2023",$39.99,$9.99,Sloclap,Sloclap,"28,276","25,971","2,305",Very Positive,"['Action', 'Indie']"
3198890,Scale the Depths,"May 28, 2026",No Price,No Discount,Glass Gecko Games,Pretty Soon,"1,747","1,541",206,Very Positive,"['Casual', 'Indie', 'Simulation']"
1989270,Slay the Princess — The Pristine Cut,"Oct 23, 2023",$17.99,$9.89,Black Tabby Games,Black Tabby Games,"33,215","32,126","1,089",Overwhelmingly Positive,"['Adventure', 'Indie', 'RPG', 'Simulation']"
1577120,The Quarry,"Jun 9, 2022",$59.99,$5.99,Supermassive Games,2K Games,"24,270","19,914","4,356",Very Positive,['Adventure']
990080,Hogwarts Legacy,"Feb 10, 2023",$59.99,No Discount,Avalanche Software,Warner Bros. Games,"370,746","332,950","37,796",Very Positive,"['Action', 'Adventure', 'RPG']"
3052450,Morimens,"Aug 1, 2024",Free To Play,No Discount,B.I.A.V. Studio,B.I.A.V. Studio,"4,936","4,112",824,Very Positive,"['RPG', 'Strategy', 'Free To Play']"
3483740,Cast n Chill,"Jun 16, 2025",$14.99,$9.74,Wombat Brawler,Wombat Brawler,"8,184","7,772",412,Very Positive,"['Casual', 'Indie', 'RPG', 'Simulation']"
3556750,"Warhammer 40,000: Dawn of War - Definitive Edition","Aug 14, 2025",$19.99,$13.99,Relic Entertainment,Relic Entertainment ,"12,423","10,655","1,768",Very Positive,['Strategy']
4791830,Dead by Daylight: Jason,"Jun 16, 2026",$4.99,No Discount,Behaviour Interactive Inc.,Behaviour Interactive Inc.,"1,288","1,037",251,Mixed,['Action']
233860,Kenshi,"Dec 6, 2018",$29.99,No Discount,Lo-Fi Games,Lo-Fi Games,"115,301","110,194","5,107",Very Positive,"['Action', 'Indie', 'RPG', 'Simulation']"
1044720,Farthest Frontier,"Oct 23, 2025",$34.99,No Discount,Crate Entertainment,Crate Entertainment,"25,214","21,703","3,511",Mostly Positive,"['Indie', 'Simulation', 'Strategy']"
1260320,Party Animals,"Sep 20, 2023",No Price,No Discount,Recreate Games,Source Technology,"81,057","62,862","18,195",Very Positive,"['Action', 'Casual', 'Indie']"
1259420,Days Gone,"May 17, 2021",$39.99,No Discount,Bend Studio,PlayStation Publishing LLC,"116,117","107,677","8,440",Very Positive,"['Action', 'Adventure']"
3274580,Anno 117: Pax Romana,"Nov 12, 2025",$59.99,No Discount,Ubisoft Mainz,Ubisoft,"12,593","8,763","3,830",Mixed,"['Simulation', 'Strategy']"
678950,DRAGON BALL FighterZ,"Jan 26, 2018",$59.99,$9.59,Arc System Works,Bandai Namco Entertainment,"76,620","69,299","7,321",Very Positive,['Action']
3643170,Roadside Research,"Feb 12, 2026",$12.99,No Discount,Cybernetic Walrus,Oro Interactive,"4,464","3,830",634,Very Positive,"['Action', 'Casual', 'Massively Multiplayer', 'RPG']"
2072560,DRAGON BALL GEKISHIN SQUADRA,"Sep 9, 2025",Free To Play,No Discount,"GANBARION Co., Ltd.",Bandai Namco Entertainment,"10,608","6,906","3,702",Mixed,"['Action', 'Free To Play']"
1240440,Halo Infinite,"Nov 15, 2021",Free To Play,No Discount,343 Industries,Xbox Game Studios,"181,243","125,498","55,745",Mixed,"['Action', 'Free To Play']"
1621690,Core Keeper,"Aug 27, 2024",$19.99,No Discount,Pugstorm,Fireshine Games,"65,837","61,195","4,642",Very Positive,"['Action', 'Adventure', 'Indie', 'RPG']"
4376930,Disney Dreamlight Valley: Honeyglow Woods,"Jul 8, 2026",$16.99,No Discount,Gameloft,Gameloft,69,48,21,Mixed,"['Action', 'Adventure', 'Casual', 'RPG']"
1601580,Frostpunk 2,"Sep 20, 2024",$44.99,$22.49,11 bit studios,11 bit studios,"26,776","20,037","6,739",Mixed,"['Simulation', 'Strategy']"
1282100,REMNANT II®,"Jul 25, 2023",$49.99,No Discount,Gunfire Games,Arc Games,"67,941","55,956","11,985",Mostly Positive,"['Action', 'Adventure', 'RPG']"
1866130,Morbid Metal,"Apr 8, 2026",$17.99,$13.49,SCREEN JUICE,Ubisoft,"1,568","1,294",274,Very Positive,"['Action', 'Early Access']"
3375780,Trails in the Sky 1st Chapter,"Sep 19, 2025",No Price,No Discount,Nihon Falcom,"GungHo Online Entertainment America, Inc.","4,557","4,353",204,Very Positive,"['Action', 'Adventure', 'RPG']"
2124490,SILENT HILL 2,"Oct 7, 2024",$69.99,No Discount,Bloober Team SA,KONAMI,"63,496","60,107","3,389",Very Positive,"['Action', 'Adventure']"
12210,Grand Theft Auto IV: The Complete Edition,"Mar 24, 2020",$19.99,No Discount,Rockstar North,Rockstar Games,"201,091","167,500","33,591",Very Positive,"['Action', 'Adventure']"
2679460,Metaphor: ReFantazio,"Oct 10, 2024",No Price,No Discount,ATLUS,SEGA,"42,377","38,026","4,351",Very Positive,"['Action', 'Adventure', 'RPG']"
2373990,Solo Leveling: ARISE OVERDRIVE,"Nov 24, 2025",$39.99,No Discount,Netmarble Neo,Netmarble,"8,913","6,338","2,575",Mostly Positive,"['Action', 'RPG']"
1845250,Rubinite,"Jul 22, 2026",$19.99,$17.99,Cup Dog Games,Cup Dog Games,"2,274","2,113",161,Very Positive,"['Action', 'Indie', 'RPG']"
2879840,Escape Simulator 2,"Oct 27, 2025",$19.99,$15.99,Pine Studio,Pine Studio,"4,547","4,190",357,Very Positive,"['Adventure', 'Casual', 'Indie', 'Simulation']"
2567870,Chained Together,"Jun 19, 2024",$4.99,No Discount,Anegar Games,Secret Mode,"63,070","56,669","6,401",Very Positive,"['Adventure', 'Casual', 'Indie', 'Simulation']"
2444750,Shape of Dreams,"Sep 10, 2025",$24.99,$17.49,Lizard Smoothie,NEOWIZ,"19,988","17,993","1,995",Very Positive,"['Action', 'Adventure', 'Indie', 'RPG']"
588030,Derail Valley,"Jan 25, 2019",$39.99,No Discount,Altfuture,Altfuture,"9,574","9,251",323,Overwhelmingly Positive,"['Adventure', 'Indie', 'Simulation', 'Early Access']"
3840050,Cult of the Lamb: Woolhaven,"Jan 22, 2026",$16.99,No Discount,Massive Monster,Devolver Digital,"1,313","1,221",92,Very Positive,"['Action', 'Adventure', 'Indie', 'Strategy']"
1641960,Forever Skies,"Apr 14, 2025",$29.99,$11.99,Far From Home,Far From Home,"8,722","6,859","1,863",Mixed,"['Action', 'Adventure', 'Indie', 'Simulation']"
2515020,FINAL FANTASY XVI,"Sep 17, 2024",No Price,No Discount,Square Enix,Square Enix,"32,846","25,790","7,056",Mostly Positive,"['Action', 'RPG']"
1010822,Barony: Deserters & Disciples,"Jan 29, 2026",$7.99,No Discount,Turning Wheel LLC,Turning Wheel LLC,199,179,20,Very Positive,"['Action', 'Adventure', 'Indie', 'RPG']"
1133870,Space Engineers 2,"Jan 27, 2025",$29.99,No Discount,Keen Software House,Keen Software House,"5,224","3,907","1,317",Mixed,"['Action', 'Indie', 'Simulation', 'Strategy']"
2384580,DYNASTY WARRIORS: ORIGINS,"Jan 16, 2025",No Price,No Discount,"KOEI TECMO GAMES CO., LTD.","KOEI TECMO GAMES CO., LTD.","29,843","27,840","2,003",Very Positive,"['Action', 'RPG', 'Strategy']"
4210580,Ore Factory Squad ⛏️,"Jul 16, 2026",No Price,No Discount,threeW,PlayWay S.A.,"1,190","1,092",98,Very Positive,"['Indie', 'Simulation']"
3326230,Hozy,"Mar 30, 2026",$14.99,No Discount,Come On Studio,tinyBuild,"4,489","3,627",862,Mostly Positive,"['Casual', 'Indie', 'Simulation']"
1592190,BONELAB,"Sep 29, 2022",$39.99,No Discount,Stress Level Zero,Stress Level Zero,"20,040","16,438","3,602",Very Positive,"['Action', 'Adventure', 'Simulation']"
2495100,Hello Kitty Island Adventure,"Jan 30, 2025",$39.99,No Discount,Sunblink,Sunblink,"12,192","11,454",738,Very Positive,"['Action', 'Adventure', 'Casual', 'Indie']"
655500,MX Bikes,"Oct 7, 2019",$34.99,No Discount,PiBoSo,PiBoSo,"36,617","34,533","2,084",Very Positive,"['Racing', 'Simulation', 'Sports', 'Early Access']"
4323990,EMPULSE,"Jun 24, 2026",$19.99,No Discount,1047 Games,1047 Games,"1,609","1,170",439,Mostly Positive,"['Action', 'Early Access']"
1353230,Bomb Rush Cyberfunk,"Aug 18, 2023",$39.99,$15.99,Team Reptile,Team Reptile,"15,483","15,156",327,Overwhelmingly Positive,"['Action', 'Adventure', 'Indie']"
3469450,DOOM: The Dark Ages | Revelations,"Jul 7, 2026",$19.99,No Discount,id Software,Bethesda Softworks,"3,019","2,681",338,Very Positive,['Action']
1392860,Little Nightmares III,"Oct 9, 2025",$39.99,$19.99,Supermassive Games,Bandai Namco Entertainment,"20,774","9,718","11,056",Mixed,['Adventure']
1672970,Minecraft Dungeons,"Sep 22, 2021",$19.99,No Discount,Mojang Studios,Xbox Game Studios,"18,565","16,812","1,753",Very Positive,"['Action', 'Adventure', 'RPG']"
21690,Resident Evil 5,"Sep 15, 2009",$19.99,No Discount,Capcom,Capcom,"66,618","57,942","8,676",Very Positive,"['Action', 'Adventure']"
2101960,Cronos: The New Dawn,"Sep 5, 2025",No Price,No Discount,Bloober Team,Bloober Team SA,"11,373","10,015","1,358",Very Positive,['Action']
4224910,Ready or Not: Boiling Point,"Mar 12, 2026",$9.99,No Discount,VOID Interactive,VOID Interactive,"1,855","1,454",401,Mostly Positive,"['Action', 'Adventure', 'Indie']"
513710,SCUM,"Jun 17, 2025",$44.99,No Discount,Gamepires,Gamepires,"126,101","93,557","32,544",Mostly Positive,"['Action', 'Adventure', 'Indie', 'Massively Multiplayer']"
1004640,FINAL FANTASY TACTICS - The Ivalice Chronicles,"Sep 30, 2025",$49.99,No Discount,Square Enix,Square Enix,"6,623","5,915",708,Very Positive,"['RPG', 'Strategy']"
333640,Caves of Qud,"Dec 5, 2024",$29.99,$23.99,Freehold Games,Kitfox Games,"12,503","11,890",613,Very Positive,"['Adventure', 'Indie', 'RPG', 'Strategy']"
2975950,Solasta II,"Mar 12, 2026",$39.99,No Discount,Tactical Adventures,Tactical Adventures,"3,047","2,310",737,Mostly Positive,"['Adventure', 'Indie', 'RPG', 'Strategy']"
2947440,SILENT HILL f,"Sep 24, 2025",$69.99,No Discount,NeoBards Entertainment Ltd.,KONAMI,"28,441","22,882","5,559",Mostly Positive,"['Action', 'Adventure']"
2162800,shapez 2 - Factory,"Apr 23, 2026",$29.99,No Discount,tobspr Games,tobspr Games,"14,993","14,553",440,Very Positive,"['Casual', 'Indie', 'Simulation', 'Strategy']"
1162750,Songs of Syx,"Sep 21, 2020",Try the Demo!,No Discount,Gamatron AB,Gamatron AB,"9,034","8,534",500,Very Positive,"['Casual', 'Indie', 'Simulation', 'Strategy']"
1290000,PowerWash Simulator,"Jul 14, 2022",No Price,No Discount,FuturLab,FuturLab,"58,500","56,393","2,107",Very Positive,"['Casual', 'Indie', 'Simulation']"
502500,ACE COMBAT™ 7: SKIES UNKNOWN,"Jan 31, 2019",$74.99,$14.99,Bandai Namco Studios Inc.,Bandai Namco Entertainment,"56,355","49,523","6,832",Very Positive,"['Action', 'Simulation']"
2863680,ZERO PARADES: For Dead Spies,"May 21, 2026",$39.99,No Discount,ZA/UM,ZA/UM,"2,770","2,325",445,Very Positive,"['Indie', 'RPG']"
979690,The Ascent,"Jul 29, 2021",$29.99,$7.49,Neon Giant,"KRAFTON, Inc.","24,459","18,056","6,403",Very Positive,"['Action', 'Adventure', 'Indie', 'RPG']"
4045750,Out of the Park Baseball 27,"Mar 13, 2026",$49.99,No Discount,Out of the Park Developments,Out of the Park Developments,428,356,72,Very Positive,"['Indie', 'Simulation', 'Sports', 'Strategy']"
1794680,Vampire Survivors,"Oct 20, 2022",$4.99,No Discount,poncle,poncle,"264,487","260,065","4,422",Overwhelmingly Positive,"['Action', 'Casual', 'Indie', 'RPG']"
1435790,Escape Simulator,"Oct 19, 2021",$19.99,$9.99,Pine Studio,Pine Studio,"19,266","18,094","1,172",Very Positive,"['Adventure', 'Casual', 'Indie', 'Simulation']"
3097560,Liar's Bar,"Oct 2, 2024",$6.99,No Discount,Curve Animation,Curve Animation,"56,006","50,198","5,808",Mostly Positive,"['Casual', 'Indie', 'Simulation', 'Strategy']"
920210,LEGO® Star Wars™: The Skywalker Saga,"Apr 5, 2022",$49.99,$9.99,TT Games,Warner Bros. Games,"48,299","43,510","4,789",Very Positive,"['Action', 'Adventure']"
619820,Heroes of Hammerwatch II,"Jan 14, 2025",$19.99,$7.99,Crackshell,Team17,"6,407","5,287","1,120",Mostly Positive,"['Action', 'Indie', 'RPG']"
1022980,Ostranauts,"Aug 3, 2026",$19.99,$15.99,Blue Bottle Games,Kitfox Games,"2,765","2,227",538,Mostly Positive,"['Indie', 'RPG', 'Simulation']"
761890,Albion Online,"Jul 17, 2017",Free To Play,No Discount,Sandbox Interactive GmbH,Sandbox Interactive GmbH,"92,993","72,971","20,022",Mostly Positive,"['Massively Multiplayer', 'RPG', 'Free To Play']"
1222700,A Way Out,"Mar 23, 2018",No Price,No Discount,Hazelight Studios,Electronic Arts,"102,111","89,778","12,333",Very Positive,"['Action', 'Adventure', 'Indie']"
2584270,Mortal Shell II,"Aug 20, 2026",No Price,No Discount,Cold Symmetry,Playstack,0,0,0,['Action'],
2432860,MENACE,"Feb 5, 2026",$39.99,No Discount,Overhype Studios,Hooded Horse,"12,837","11,660","1,177",Very Positive,"['RPG', 'Simulation', 'Strategy', 'Early Access']"
3405340,Megabonk,"Sep 18, 2025",$9.99,No Discount,vedinad,vedinad,"105,054","99,217","5,837",Very Positive,"['Action', 'Casual', 'Indie']"
1465460,Infection Free Zone,"Apr 11, 2024",$44.98,$17.31,Jutsu Games,Games Operators,"18,357","14,791","3,566",Very Positive,"['Action', 'Indie', 'Simulation', 'Strategy']"
3180070,"No, I'm not a Human","Sep 15, 2025",$14.99,No Discount,Trioskaz,CRITICAL REFLEX,"30,033","28,009","2,024",Very Positive,"['Indie', 'Simulation']"
1190000,Car Mechanic Simulator 2021,"Aug 11, 2021",Car Mechanic Simulator 2021 Demo,No Discount,Red Dot Games,PlayWay S.A.,"38,064","36,432","1,632",Very Positive,"['Racing', 'Simulation']"
3100310,Arms of God,"Jun 8, 2026",$15.74,$10.11,Dark Jay Studio,Dark Jay Studio,"1,661","1,473",188,Very Positive,"['Action', 'Casual', 'Indie', 'RPG']"
926990,WolfQuest: Anniversary Edition,"Jul 22, 2025",$29.99,No Discount,eduweb,eduweb,"13,158","12,833",325,Overwhelmingly Positive,"['Action', 'RPG', 'Simulation']"
1250410,Microsoft Flight Simulator (2020) 40th Anniversary Edition,"Aug 17, 2020",$59.99,No Discount,Asobo Studio,Xbox Game Studios,"72,506","57,015","15,491",Very Positive,['Simulation']
1809540,Nine Sols,"May 28, 2024",$29.99,No Discount,RedCandleGames,RedCandleGames,"44,356","41,877","2,479",Very Positive,"['Action', 'Adventure', 'Indie']"
447040,Watch_Dogs® 2,"Nov 28, 2016",$49.99,No Discount,Ubisoft,Ubisoft,"100,106","82,231","17,875",Mostly Positive,"['Action', 'Adventure']"
1054490,Wingspan,"Sep 17, 2020",$19.99,$9.99,Monster Couch,Monster Couch,"11,890","11,210",680,Very Positive,"['Indie', 'Strategy']"
1272080,PAYDAY 3,"Sep 21, 2023",$29.99,No Discount,Starbreeze Studios,Starbreeze Entertainment,"65,058","29,522","35,536",Mostly Positive,"['Action', 'Adventure', 'RPG']"
1805320,Romestead,"May 25, 2026",$13.99,No Discount,Beartwigs,Three Friends,"4,640","3,542","1,098",Very Positive,"['Action', 'Adventure', 'Indie', 'RPG']"
4148240,Road to Empress Ⅱ,"Jun 8, 2026",No Price,No Discount, New One Studio, New One Studio,"8,175","6,618","1,557",Very Positive,"['Adventure', 'Casual', 'Indie', 'RPG']"
1237970,Titanfall® 2,"Oct 28, 2016",No Price,No Discount,Respawn Entertainment,Electronic Arts,"284,196","271,791","12,405",Overwhelmingly Positive,['Action']
209000,Batman™: Arkham Origins,"Oct 24, 2013",$19.99,No Discount,WB Games Montreal,Warner Bros. Interactive Entertainment,"64,968","58,364","6,604",Very Positive,"['Action', 'Adventure']"
1648533,Icarus: Dangerous Horizons Expansion,"Mar 5, 2026",$29.99,No Discount,RocketWerkz,RocketWerkz,244,201,43,Very Positive,"['Action', 'Adventure', 'Simulation', 'Free To Play']"
2336880,Destiny 2: The Final Shape,"Jun 4, 2024",$19.99,$1.99,Bungie,Bungie,"8,282","6,525","1,757",Mixed,"['Action', 'Adventure', 'Free To Play']"
212500,The Lord of the Rings Online™,"Jun 6, 2012",Play for Free!,No Discount,Standing Stone Games,Daybreak Game Company LLC,"23,060","18,770","4,290",Mostly Positive,"['Action', 'Adventure', 'Massively Multiplayer', 'RPG']"
2842040,Star Wars Outlaws,"Nov 21, 2024",No Price,No Discount,Massive Entertainment – A Ubisoft Studio,Ubisoft,"12,132","8,678","3,454",Mostly Positive,"['Action', 'Adventure']"
880940,Pummel Party,"Sep 20, 2018",$14.99,No Discount,Rebuilt Games,Rebuilt Games,"57,630","51,050","6,580",Very Positive,"['Action', 'Casual', 'Indie']"
1040200,Crime Scene Cleaner,"Aug 14, 2024",$29.99,No Discount,President Studio,President Studio,"33,741","33,096",645,Overwhelmingly Positive,"['Action', 'Simulation']"
1922560,Plants vs. Zombies™ Garden Warfare 2: Deluxe Edition,"May 16, 2022",No Price,No Discount,PopCap,Electronic Arts,"49,721","44,701","5,020",Very Positive,"['Action', 'Casual', 'Strategy']"
3115220,Town to City,"May 26, 2026",$29.99,No Discount,Galaxy Grove,Kwalee,"6,940","6,773",167,Overwhelmingly Positive,"['Indie', 'Simulation', 'Strategy']"
1846380,Need for Speed™ Unbound,"Dec 1, 2022",No Price,No Discount,Criterion Games,Electronic Arts,"59,025","35,582","23,443",Mixed,"['Action', 'Racing']"
629730,Blade and Sorcery,"Jun 17, 2024",$29.99,No Discount,WarpFrog,WarpFrog,"61,933","59,769","2,164",Very Positive,"['Action', 'Adventure', 'Indie', 'RPG']"
965580,Root,"Sep 24, 2020",$14.99,$7.49,Dire Wolf,Dire Wolf,"5,463","4,922",541,Very Positive,"['Indie', 'Simulation', 'Strategy']"
307960,IL-2 Sturmovik: Battle of Stalingrad,"Oct 22, 2014",$49.99,$12.49,1C Game Studios,FOR-GAMES CR LTD,"9,876","7,819","2,057",Mostly Positive,"['Action', 'Simulation']"
1533390,Gorilla Tag,"Jan 1, 2023",$19.99,No Discount,Another Axiom Inc.,Another Axiom Inc.,"85,147","77,759","7,388",Very Positive,"['Action', 'Casual']"
2625420,Drive Beyond Horizons,"Mar 24, 2025",No Price,No Discount,Drive Beyond Horizons,Tacty Studio,"19,940","15,535","4,405",Mostly Positive,"['Action', 'Adventure', 'Casual', 'Indie']"
1332010,Stray,"Jul 19, 2022",$29.99,No Discount,BlueTwelve Studio,Annapurna Interactive,"176,436","171,520","4,916",Overwhelmingly Positive,"['Adventure', 'Indie']"
1696770,The Mermaid Mask,"Jul 16, 2026",No Price,No Discount,SFB Games,SFB Games,"2,073","2,064",9,Overwhelmingly Positive,"['Adventure', 'Casual', 'Indie']"
851850,DRAGON BALL Z: KAKAROT,"Jan 16, 2020",No Price,No Discount,CyberConnect2 Co. Ltd.,Bandai Namco Entertainment Inc.,"58,129","54,159","3,970",Very Positive,"['Action', 'RPG']"
3100370,Black Jacket,"May 12, 2026",$14.99,$11.24,Mi'pu'mi Games GmbH,Skystone Games,"1,410","1,282",128,Very Positive,"['Adventure', 'Casual', 'Indie', 'Strategy']"
3314070,The Sims™ 2 Legacy Collection,"Jan 31, 2025",No Price,No Discount,MAXIS,Electronic Arts,"4,892","3,522","1,370",Very Positive,['Simulation']
364360,Total War: WARHAMMER,"May 24, 2016",$59.99,No Discount,CREATIVE ASSEMBLY,SEGA,"53,013","41,393","11,620",Very Positive,"['Action', 'Strategy']"
4558480,ARK Tides of Fortune,"Jul 3, 2026",$19.99,No Discount,Studio Wildcard,Studio Wildcard,511,110,401,Overwhelmingly Negative,"['Action', 'Adventure', 'Indie', 'Massively Multiplayer']"
1629520,A Little to the Left,"Nov 8, 2022",$14.99,$5.99,Max Inferno,Secret Mode,"18,755","17,184","1,571",Very Positive,"['Casual', 'Indie']"
4384550,Call of Duty®: Black Ops 6,"Nov 1, 2024",$69.99,No Discount,Treyarch,Activision,"15,739","6,963","8,776",Mostly Positive,['Action']
1181550,Carnival Hunt,"Jul 23, 2026",$19.99,$17.99,Crytivo,Crytivo,"2,105","1,419",686,Mixed,"['Action', 'Indie', 'Strategy', 'Early Access']"
2627260,NINJA GAIDEN 4,"Oct 20, 2025",$69.99,$41.99,"PlatinumGames Inc. / Team NINJA / KOEI TECMO GAMES CO., LTD.",Xbox Game Studios,"9,523","8,410","1,113",Very Positive,"['Action', 'Adventure']"
573090,Stormworks: Build and Rescue,"Sep 17, 2020",$24.99,No Discount,Geometa,Geometa,"59,509","53,867","5,642",Very Positive,['Simulation']
3767850,SpiritVale,"Jul 15, 2026",$14.99,No Discount,Baikun Interactive,Baikun Interactive,"4,044","2,090","1,954",Mixed,"['Action', 'Indie', 'Massively Multiplayer', 'RPG']"
2231380,Tom Clancy's Ghost Recon® Breakpoint,"Jan 23, 2023",$59.99,No Discount,Ubisoft Paris,Ubisoft,"43,669","32,204","11,465",Mostly Positive,"['Action', 'Adventure']"
620,Portal 2,"Apr 18, 2011",$9.99,No Discount,Valve,Valve,"464,945","458,926","6,019",Overwhelmingly Positive,"['Action', 'Adventure']"
2378500,Baldur's Gate 3 - Digital Deluxe Edition DLC,"Aug 3, 2023",$9.99,$6.99,Larian Studios,Larian Studios,"4,679","4,513",166,Very Positive,"['Adventure', 'RPG', 'Strategy']"
2835570,Buckshot Roulette,"Apr 4, 2024",$2.99,No Discount,Mike Klubnika,CRITICAL REFLEX,"123,357","117,433","5,924",Very Positive,"['Action', 'Indie', 'Simulation']"
2019620,GERONIMO,"Jul 10, 2026",$19.99,No Discount,Dark Matter Studios,Dark Matter Studios,"1,118",936,182,Very Positive,"['Action', 'Early Access']"
285900,Gang Beasts,"Dec 12, 2017",$19.99,No Discount,Boneloaf,Boneloaf,"66,965","57,287","9,678",Very Positive,"['Action', 'Adventure', 'Casual', 'Indie']"
1501750,Lords of the Fallen,"Oct 13, 2023",No Price,No Discount,CI Games,CI Games,"54,754","37,112","17,642",Mostly Positive,"['Action', 'Adventure', 'RPG']"
2980270,HackHub - Ultimate Hacker Simulator,"Aug 1, 2026",No Price,No Discount,HotBunny,G-DEVS.com,760,680,80,Very Positive,"['Indie', 'Simulation', 'Strategy']"
359320,Elite Dangerous,"Apr 2, 2015",$19.99,No Discount,Frontier Developments,Frontier Developments,"107,118","82,815","24,303",Mostly Positive,"['Action', 'Adventure', 'Massively Multiplayer', 'RPG']"
1066890,Automobilista 2,"Mar 31, 2020",No Price,No Discount,Reiza Studios,Reiza Studios,"15,799","14,491","1,308",Very Positive,"['Action', 'Indie', 'Racing', 'Simulation']"
4241420,Stellaris: Nomads,"Jun 15, 2026",$24.99,No Discount,Paradox Development Studio,Paradox Interactive,476,236,240,Mostly Negative,"['Simulation', 'Strategy']"
1645820,SurrounDead,"Jun 24, 2022",$11.99,No Discount,Zurvivor,PlaySurrounDead,"26,204","23,997","2,207",Very Positive,"['Action', 'Adventure', 'Indie', 'RPG']"
1721470,Poppy Playtime,"Oct 12, 2021",Free To Play,No Discount,Mob Entertainment,Mob Entertainment,"141,232","124,222","17,010",Very Positive,"['Action', 'Adventure', 'Indie']"
3590290,DIVE or DIE - Children of Rain,"Jul 21, 2026",No Price,No Discount,Drop Rate Studio,Dear Villagers,884,812,72,Very Positive,"['Action', 'Adventure', 'Indie']"
2866670,NBA THE RUN,"Jun 9, 2026",$29.99,No Discount,Play by Play Studios,Play by Play Studios,917,637,280,Mixed,"['Action', 'Casual', 'Sports']"
1172380,STAR WARS Jedi: Fallen Order™,"Nov 14, 2019",No Price,No Discount,Respawn Entertainment,Electronic Arts,"174,605","154,421","20,184",Very Positive,"['Action', 'Adventure']"
205100,Dishonored,"Oct 8, 2012",$9.99,$2.49,Arkane Studios,Bethesda Softworks,"87,597","85,518","2,079",Overwhelmingly Positive,"['Action', 'Adventure']"
1158160,Coral Island,"Nov 14, 2023",$29.99,No Discount,Stairway Games,Balor Games,"27,368","24,320","3,048",Very Positive,"['Adventure', 'Casual', 'Indie', 'RPG']"
1238840,Battlefield™ 1,"Oct 20, 2016",No Price,No Discount,DICE,Electronic Arts,"225,104","194,692","30,412",Very Positive,"['Action', 'Massively Multiplayer']"
4800590,Supermarket Chaos,"Jun 29, 2026",$4.99,No Discount,BunnyHop,BunnyHopHome,"2,075","1,940",135,Very Positive,"['Indie', 'Simulation']"
3486960,American Truck Simulator - Illinois,"May 14, 2026",$11.99,No Discount,SCS Software,SCS Software,211,167,44,Mostly Positive,"['Indie', 'Simulation']"
934700,Dead Island 2,"Apr 22, 2024",$49.99,No Discount,Dambuster Studios,Deep Silver,"28,695","22,203","6,492",Mostly Positive,"['Action', 'Adventure']"
24010,Train Simulator Classic,"Jul 12, 2009",$29.99,No Discount,Dovetail Games,Dovetail Games - Trains,"29,356","21,036","8,320",Mostly Positive,['Simulation']
2277560,WUCHANG: Fallen Feathers,"Jul 23, 2025",$49.99,$34.99,Leenzee,505 Games,"104,336","58,875","45,461",Very Positive,"['Action', 'Adventure', 'RPG']"
2878450,Master of Command,"Oct 27, 2025",No Price,No Discount,Armchair Interactive,Armchair Interactive,"3,877","3,581",296,Very Positive,['Strategy']
1343370,Old School RuneScape,"Feb 22, 2013",Free To Play,No Discount,Jagex Ltd,Jagex Ltd,"20,619","17,062","3,557",Very Positive,"['Adventure', 'Massively Multiplayer', 'RPG', 'Free To Play']"
546560,Half-Life: Alyx,"Mar 23, 2020",$59.99,No Discount,Valve,Valve,"104,903","103,083","1,820",Overwhelmingly Positive,"['Action', 'Adventure']"
552520,Far Cry® 5,"Mar 26, 2018",$59.99,No Discount,Ubisoft Montreal,Ubisoft,"188,132","152,509","35,623",Very Positive,"['Action', 'Adventure']"
2201320,Date Everything!,"Jun 17, 2025",$29.99,No Discount,Sassy Chap Games,Team17,"7,560","7,061",499,Very Positive,['Simulation']
4013290,"Warhammer 40,000: Darktide - Hive Scum Class","Dec 2, 2025",$11.99,No Discount,Fatshark,Fatshark,"2,171","1,056","1,115",Mixed,"['Action', 'Adventure', 'RPG']"
975370,Dwarf Fortress,"Dec 6, 2022",$29.99,$23.99,Bay 12 Games,Kitfox Games,"31,344","29,711","1,633",Very Positive,"['Indie', 'Simulation', 'Strategy']"
3453910,Happy's Humble Burger Cult,"Jul 16, 2026",$9.99,No Discount,Scythe Dev Team,tinyBuild,426,367,59,Very Positive,"['Action', 'Indie', 'Simulation']"
1244090,Sea of Stars: Sunset Edition,"Aug 28, 2023",$34.99,No Discount,Sabotage Studio,Sabotage Studio,"15,109","13,411","1,698",Very Positive,"['Adventure', 'Indie', 'RPG']"
4735170,"5,000 Premier Pack - Rainbow Six Siege","Jun 4, 2026",$39.99,No Discount,Ubisoft Montreal,Ubisoft,36,17,19,Mixed,"['Action', 'Free To Play']"
1118010,Monster Hunter World: Iceborne,"Jan 9, 2020",$39.99,No Discount,"CAPCOM Co., Ltd.","CAPCOM Co., Ltd.","24,171","13,746","10,425",Mixed,['Action']
2904000,The Spell Brigade,"Apr 29, 2026",No Price,No Discount,Bolt Blaster Games,Bolt Blaster Games,"16,384","13,327","3,057",Very Positive,"['Action', 'Casual', 'Indie', 'Free To Play']"
916440,Anno 1800,"Apr 16, 2019",$59.99,No Discount,Ubisoft Mainz,Ubisoft,"32,068","26,081","5,987",Mostly Positive,"['Simulation', 'Strategy']"
22370,Fallout 3: Game of the Year Edition,"Oct 13, 2009",$19.99,$6.59,Bethesda Game Studios,Bethesda Softworks,"55,954","45,678","10,276",Very Positive,['RPG']
1963610,Road to Vostok,"Apr 7, 2026",No Price,No Discount,Road to Vostok Ltd.,Road to Vostok Ltd.,"8,592","7,256","1,336",Very Positive,"['Action', 'Early Access']"
613100,House Flipper,"May 17, 2018",$38.23,$23.78,Empyrean,Frozen District,"111,143","104,466","6,677",Very Positive,"['Action', 'Adventure', 'Casual', 'Indie']"
1669480,Firefighting Simulator: Ignite,"Sep 9, 2025",$54.99,$32.99,weltenbauer. Software Entwicklung GmbH,astragon Entertainment,"2,497","2,002",495,Very Positive,"['Action', 'Simulation']"
2739990,Mahjong Soul,"Jul 23, 2024",Free To Play,No Discount,Catfood Studio,YOSTAR HONG KONG LIMITED,"4,076","3,414",662,Mostly Positive,"['Casual', 'Strategy']"
459820,Crush Crush,"May 13, 2016",Free To Play,No Discount,Sad Panda Studios,Sad Panda Studios,"28,310","25,142","3,168",Very Positive,"['Casual', 'Indie', 'Free To Play']"
3276050,SpaceCraft,"Jun 11, 2026",$29.99,No Discount,Shiro Games,Shiro Games,"2,574","1,688",886,Mixed,"['Adventure', 'Indie', 'Massively Multiplayer', 'Simulation']"
221040,Resident Evil 6,"Mar 22, 2013",$19.99,No Discount,Capcom,Capcom,"70,368","54,377","15,991",Mixed,"['Action', 'Adventure']"
2124120,SULFUR,"Oct 28, 2024",No Price,No Discount,Perfect Random,Perfect Random,"9,761","8,532","1,229",Very Positive,"['Action', 'Adventure', 'Indie', 'RPG']"
2649240,FINAL FANTASY XIV: Dawntrail,"Jul 2, 2024",$39.99,No Discount,Square Enix,Square Enix,"5,513","2,708","2,805",Mixed,"['Massively Multiplayer', 'RPG']"
835570,Conqueror's Blade,"Apr 5, 2020",Free To Play,No Discount,Booming Tech,Poros Interactive,"38,743","26,019","12,724",Mixed,"['Action', 'Massively Multiplayer', 'RPG', 'Strategy']"
2404880,Car Dealer Simulator,"May 29, 2025",No Price,No Discount,Garage Monkeys,Garage Monkeys,"10,099","8,984","1,115",Very Positive,"['Casual', 'Indie', 'Simulation']"
4226770,"Warhammer 40,000: Rogue Trader - The Infinite Museion","Jun 11, 2026",$17.99,No Discount,Owlcat Games,Owlcat Games,414,306,108,Mostly Positive,"['Adventure', 'Indie', 'RPG', 'Strategy']"
632470,Disco Elysium - The Final Cut,"Oct 15, 2019",$39.99,No Discount,ZA/UM,ZA/UM,"129,562","119,963","9,599",Very Positive,['RPG']
1150690,OMORI,"Dec 25, 2020",$19.99,No Discount,"OMOCAT, LLC","OMOCAT, LLC","87,933","85,371","2,562",Overwhelmingly Positive,"['Adventure', 'Indie', 'RPG']"
4064510,MOLE,"Jun 15, 2026",$12.99,$10.39,Off Black Creations,Oro Interactive,"2,955","2,872",83,Overwhelmingly Positive,"['Adventure', 'Indie', 'Simulation']"
3314790,CloverPit,"Sep 26, 2025",$9.99,No Discount,Panik Arcade,Future Friends Games,"25,392","22,910","2,482",Very Positive,"['Action', 'Adventure', 'Indie', 'Simulation']"
460930,Tom Clancy's Ghost Recon® Wildlands,"Mar 6, 2017",$49.99,No Discount,Ubisoft Paris,Ubisoft,"105,909","84,312","21,597",Mostly Positive,"['Action', 'Adventure']"
1663850,REPLACED,"Apr 14, 2026",No Price,No Discount,Sad Cat Studios,Thunderful Publishing,"8,980","7,577","1,403",Very Positive,"['Action', 'Adventure', 'Indie']"
287700,METAL GEAR SOLID V: THE PHANTOM PAIN,"Sep 1, 2015",$19.99,No Discount,KONAMI,KONAMI,"107,566","98,742","8,824",Very Positive,"['Action', 'Adventure']"
2379740,Wizardry Variants Daphne,"Mar 5, 2025",Free To Play,No Discount,"Drecom Co., Ltd.","Drecom Co., Ltd.","3,730","2,128","1,602",Mixed,['RPG']
24200,DC Universe™ Online,"Nov 2, 2011",Free to Play,No Discount,Dimensional Ink Games,Daybreak Game Company,"21,910","17,660","4,250",Mixed,"['Action', 'Adventure', 'Massively Multiplayer', 'RPG']"
4558490,ARK: Dragontopia,"Jul 3, 2026",$29.99,No Discount,Studio Wildcard,Studio Wildcard,193,72,121,Mostly Negative,"['Action', 'Adventure', 'Indie', 'Massively Multiplayer']"
1282270,Strinova,"Nov 21, 2024",Free To Play,No Discount,iDreamSky,iDreamSky,"30,373","22,582","7,791",Mostly Positive,"['Action', 'Massively Multiplayer', 'Free To Play']"
1996840,Guild Wars 2® Heart of Thorns® and Path of Fire™ Expansions,"Aug 23, 2022",$29.99,No Discount,ArenaNet®,ArenaNet®,337,266,71,Mostly Positive,"['Adventure', 'Massively Multiplayer', 'RPG', 'Free To Play']"
2253100,Everwind,"Mar 17, 2026",$24.99,No Discount,Enjoy Studio S.A.,Bohemia Interactive,"3,712","3,025",687,Mostly Positive,"['Adventure', 'Indie', 'RPG', 'Simulation']"
2852190,Monster Hunter Stories 3: Twisted Reflection,"Mar 12, 2026",No Price,No Discount,"CAPCOM Co., Ltd.","CAPCOM Co., Ltd.","8,828","6,785","2,043",Mostly Positive,"['Adventure', 'RPG']"
2208920,Assassin's Creed Valhalla,"Dec 6, 2022",$59.99,No Discount,Ubisoft Montreal,Ubisoft,"44,146","30,674","13,472",Mostly Positive,"['Action', 'Adventure', 'RPG']"
986130,Shadows of Doubt,"Sep 26, 2024",$24.99,$9.99,ColePowered Games,Fireshine Games,"17,615","14,480","3,135",Mostly Positive,"['Action', 'Adventure', 'Indie', 'RPG']"
961200,Predecessor,"Aug 20, 2024",Free To Play,No Discount,Omeda Studios,Omeda Studios,"17,401","12,449","4,952",Mixed,"['Action', 'Indie', 'Massively Multiplayer', 'RPG']"
2306620,Risk of Rain 2: Seekers of the Storm,"Aug 27, 2024",$14.99,No Discount,Gearbox Software,Gearbox Publishing,"12,228","6,645","5,583",Mostly Positive,"['Action', 'Indie']"
2881150,ARK: Bob's Tall Tales,"Apr 1, 2024",$29.99,No Discount,Studio Wildcard,Studio Wildcard,"1,470",705,765,Mostly Negative,"['Action', 'Adventure', 'Indie', 'Massively Multiplayer']"
976310,Mortal Kombat 11,"Apr 23, 2019",$49.99,No Discount,NetherRealm Studios,Warner Bros. Games,"115,737","101,934","13,803",Very Positive,['Action']
214950,Total War: ROME II - Emperor Edition,"Sep 2, 2013",$59.99,No Discount,CREATIVE ASSEMBLY,SEGA,"93,747","78,828","14,919",Very Positive,['Strategy']
495420,State of Decay 2: Juggernaut Edition,"Mar 13, 2020",$29.99,No Discount,Undead Labs,Xbox Game Studios,"69,530","57,552","11,978",Very Positive,"['Action', 'RPG', 'Simulation']"
552500,Warhammer: Vermintide 2,"Mar 8, 2018",$29.99,No Discount,Fatshark,Fatshark,"147,259","125,212","22,047",Very Positive,"['Action', 'Indie', 'RPG']"
3710910,"Warhammer 40,000: Darktide - Arbites Class","Jun 23, 2025",$11.99,No Discount,Fatshark,Fatshark,"1,447",944,503,Very Positive,"['Action', 'Adventure', 'Indie']"
412020,Metro Exodus,"Feb 14, 2019",$29.99,No Discount,4A Games,Deep Silver,"134,601","121,102","13,499",Very Positive,['Action']
2815310,The Sims™ 4 Businesses & Hobbies Expansion Pack,"Mar 6, 2025",$39.99,$19.99,Maxis,Electronic Arts,104,78,26,Mostly Positive,"['Adventure', 'Casual', 'Simulation']"
1205970,MX vs ATV Legends,"Jun 28, 2022",$39.99,No Discount,Rainbow Studios,THQ Nordic,"5,207","4,214",993,Very Positive,"['Racing', 'Sports']"
2380740,RimWorld - Anomaly,"Apr 11, 2024",$24.99,No Discount,Ludeon Studios,Ludeon Studios,"3,032","2,436",596,Mostly Positive,"['Indie', 'Simulation', 'Strategy']"
2051620,Enlisted,"Jul 16, 2024",Free To Play,No Discount,Darkflow Software,Gaijin Network Ltd,"46,260","37,093","9,167",Mostly Positive,"['Action', 'Massively Multiplayer', 'Free To Play']"
1985810,Call of Duty®: Black Ops Cold War,"Mar 8, 2023",$59.99,No Discount,Treyarch,Activision,"22,926","18,234","4,692",Mostly Positive,['Action']
489630,"Warhammer 40,000: Gladius - Relics of War","Jul 12, 2018",$39.99,No Discount,Proxy Studios,Slitherine Ltd.,"18,489","15,100","3,389",Mostly Positive,['Strategy']
3265700,Vampire Crawlers: The Turbo Wildcard from Vampire Survivors,"Apr 21, 2026",No Price,No Discount,poncle,poncle,"18,695","17,995",700,Very Positive,"['Action', 'Indie', 'Strategy']"
2963800,DrainSim,"Mar 3, 2026",No Price,No Discount,CodePeas,CodePeas,"2,428","2,225",203,Very Positive,"['Casual', 'Indie', 'Simulation', 'Early Access']"
4371500,MechWarrior 5: Mercenaries - Chaos Reign,"May 26, 2026",$19.99,$17.99,Piranha Games Inc.,Piranha Games Inc.,191,146,45,Mostly Positive,"['Action', 'Simulation']"
1659420,UNCHARTED™: Legacy of Thieves Collection,"Oct 19, 2022",$49.99,No Discount,Naughty Dog LLC,PlayStation Publishing LLC,"43,089","39,010","4,079",Very Positive,['Adventure']
2848330,Lies of P: Overture,"Jun 6, 2025",$29.99,No Discount,NEOWIZ,NEOWIZ,"6,405","5,521",884,Very Positive,"['Action', 'Adventure', 'RPG']"
993090,Lossless Scaling,"Dec 28, 2018",$6.99,No Discount,THS,THS,"38,142","34,484","3,658",Very Positive,['Utilities']
1419170,My Singing Monsters,"Mar 24, 2021",Free To Play,No Discount,Big Blue Bubble,Big Blue Bubble,"48,604","45,456","3,148",Very Positive,"['Casual', 'Simulation', 'Free To Play']"
2697000,The Legend of Khiimori,"Mar 3, 2026",No Price,No Discount,Aesir Interactive,Mindscape,"2,075","1,808",267,Very Positive,"['Adventure', 'Casual', 'Simulation', 'Early Access']"
361420,ASTRONEER,"Dec 16, 2016",$29.99,No Discount,System Era Softworks,System Era Softworks,"138,925","127,712","11,213",Very Positive,"['Adventure', 'Indie']"
293760,Automation - The Car Company Tycoon Game,"Mar 12, 2015",$29.99,No Discount,Camshaft Software Ltd,Camshaft Software Ltd,"17,775","16,691","1,084",Overwhelmingly Positive,"['Indie', 'Racing', 'Simulation', 'Strategy']"
379720,DOOM,"May 12, 2016",$19.99,$3.99,id Software,Bethesda Softworks,"220,559","210,625","9,934",Overwhelmingly Positive,['Action']
2763740,Revolution Idle,"May 1, 2025",Free To Play,No Discount,Oni Gaming,Oni Gaming,"11,960","10,377","1,583",Very Positive,"['Casual', 'Indie', 'Simulation', 'Free To Play']"
1432860,Sun Haven,"Mar 10, 2023",$24.99,$8.74,Pixel Sprout Studios,Pixel Sprout Studios,"25,369","20,421","4,948",Mostly Positive,"['Adventure', 'Casual', 'Indie', 'RPG']"
29720,Guild Wars® Reforged,"Dec 3, 2025",$19.99,No Discount,ArenaNet®,ArenaNet®,"3,382","2,957",425,Very Positive,"['Action', 'Adventure', 'Massively Multiplayer', 'RPG']"
3372060,Hell Maiden,"Jul 16, 2026",$9.99,No Discount,AstralShift,AstralShift,"1,443","1,298",145,Very Positive,"['Action', 'Casual', 'Indie', 'RPG']"
1449110,The Outer Worlds 2,"Oct 29, 2025",$69.99,No Discount,Obsidian Entertainment,Xbox Game Studios,"8,795","6,480","2,315",Mixed,"['Action', 'Adventure', 'RPG']"
8930,Sid Meier's Civilization® V,"Sep 21, 2010",$29.99,$7.49,Firaxis Games,2K,"210,415","201,168","9,247",Overwhelmingly Positive,['Strategy']
2273430,BlazBlue Entropy Effect,"Feb 14, 2024",$19.99,$11.99,91Act,91Act,"35,743","33,691","2,052",Very Positive,"['Action', 'Adventure', 'Indie']"
4223300,Birds of War,"Jul 22, 2026",$9.99,No Discount,HexNest Games,HexNest Games,280,250,30,Very Positive,"['Action', 'Casual', 'Indie']"
2333480,RAID: Shadow Legends,"Jan 9, 2024",Free To Play,No Discount,Plarium Global Ltd,Plarium Global Ltd,"2,702","1,653","1,049",Mixed,"['Massively Multiplayer', 'RPG', 'Strategy', 'Free To Play']"
379430,Kingdom Come: Deliverance,"Feb 13, 2018",$29.99,No Discount,Warhorse Studios,Warhorse Studios,"184,261","155,520","28,741",Very Positive,"['Action', 'Adventure', 'RPG']"
1631270,StarRupture,"Jan 6, 2026",$19.99,No Discount,Creepy Jar,Creepy Jar,"13,160","10,644","2,516",Mostly Positive,"['Action', 'Adventure', 'Indie', 'Simulation']"
1942280,Brotato,"Jun 23, 2023",$4.99,$2.99,Blobfish,Blobfish,"117,396","112,745","4,651",Very Positive,"['Action', 'Casual', 'Indie', 'RPG']"
3364070,The Jackbox Party Pack 11,"Oct 22, 2025",No Price,No Discount,"Jackbox Games, Inc.","Jackbox Games, Inc.",497,465,32,Very Positive,"['Adventure', 'Casual', 'Indie', 'RPG']"
1594320,Captain of Industry,"May 31, 2022",$34.99,No Discount,MaFi Games,MaFi Games,"11,367","10,260","1,107",Very Positive,"['Indie', 'Simulation', 'Strategy', 'Early Access']"
47890,The Sims™ 3,"Jun 2, 2009",No Price,No Discount,The Sims Studio,Electronic Arts,"34,284","29,571","4,713",Mostly Positive,['Simulation']
2073250,Rift of the NecroDancer,"Feb 5, 2025",No Price,No Discount,Brace Yourself Games,Klei Publishing,"6,036","5,690",346,Very Positive,"['Action', 'Indie', 'RPG']"
620980,Beat Saber,"May 21, 2019",$29.99,No Discount,Beat Games,Beat Games,"76,212","72,787","3,425",Very Positive,['Indie']
1335200,Action Taimanin,"Oct 5, 2020",Free To Play,No Discount,LiLith,Infini-Brain inc.,"19,361","16,059","3,302",Mostly Positive,"['Action', 'Adventure', 'RPG', 'Free To Play']"
1475810,Ghostwire: Tokyo,"Mar 24, 2022",$59.99,$14.99,Tango Gameworks,Bethesda Softworks,"20,847","17,281","3,566",Very Positive,['Action']
2643390,Star Trek: Voyager - Across the Unknown,"Feb 18, 2026",$34.99,No Discount,Gamexcite,Daedalic Entertainment,"4,565","3,627",938,Mixed,"['Indie', 'Strategy']"
3410460,Street Fighter™ 6 - Year 3 Character Pass,"Jul 15, 2025",$29.99,No Discount,"CAPCOM Co., Ltd.","CAPCOM Co., Ltd.",122,67,55,Very Positive,"['Action', 'Adventure']"
1601570,The Alters,"Jun 13, 2025",$34.99,No Discount,11 bit studios,11 bit studios,"19,115","17,280","1,835",Very Positive,['Adventure']
1969370,LEGO® Party!,"Sep 30, 2025",$39.99,$27.99,SMG Studio,Fictions,"1,449","1,266",183,Mixed,"['Action', 'Casual']"
2239550,Watch Dogs®: Legion,"Jan 26, 2023",$59.99,$8.99,Ubisoft Toronto,Ubisoft,"12,378","6,979","5,399",Mixed,"['Action', 'Adventure']"
433340,Slime Rancher,"Aug 1, 2017",No Price,No Discount,Monomi Park,Monomi Park,"156,025","152,903","3,122",Overwhelmingly Positive,"['Action', 'Adventure', 'Indie', 'Simulation']"
4148930,F1® 25: 2026 Season Pack,"Jun 3, 2026",$24.99,No Discount,Codemasters,Electronic Arts,571,282,289,Mixed,"['Racing', 'Simulation', 'Sports']"
1620730,Hell is Us,"Sep 4, 2025",$69.99,$27.99,Rogue Factor,Nacon,"6,451","5,512",939,Very Positive,"['Action', 'Adventure']"
997010,Police Simulator: Patrol Officers,"Nov 10, 2022",$39.99,$19.99,Aesir Interactive,astragon Entertainment,"22,594","17,106","5,488",Mixed,['Simulation']
493520,GTFO,"Dec 9, 2021",$39.99,No Discount,10 Chambers,10 Chambers,"66,534","55,839","10,695",Mostly Positive,['Action']
3710840,House Flipper Remastered Collection,"Jun 4, 2026",$49.99,$39.99,Frozen Way,Frozen Way,773,523,250,Mostly Positive,"['Casual', 'Indie', 'Simulation']"
4132150,Tainted Grail: The Fall of Avalon - Sanctuary of Sarras DLC,"Dec 15, 2025",$14.99,No Discount,Questline,Awaken Realms,534,460,74,Very Positive,"['Action', 'Adventure', 'Indie', 'RPG']"
2198150,Tiny Glade,"Sep 23, 2024",$14.99,No Discount,Pounce Light,Pounce Light,"24,296","23,637",659,Overwhelmingly Positive,"['Casual', 'Indie', 'Simulation']"
1611600,WARNO,"May 23, 2024",$39.99,No Discount,Eugen Systems,Eugen Systems,"15,890","12,682","3,208",Very Positive,"['Action', 'Indie', 'Simulation', 'Strategy']"
1997040,MARVEL SNAP,"Aug 22, 2023",Free,No Discount,"Second Dinner Studios, Inc.","Second Dinner Studios, Inc.","35,023","25,536","9,487",Mostly Positive,"['Casual', 'Strategy', 'Free To Play']"
508440,Totally Accurate Battle Simulator,"Apr 1, 2021",$19.99,No Discount,Landfall,Landfall,"152,811","149,481","3,330",Overwhelmingly Positive,"['Indie', 'Simulation', 'Strategy']"
1092790,Inscryption,"Oct 19, 2021",$19.99,No Discount,Daniel Mullins Games,Devolver Digital,"147,526","142,840","4,686",Overwhelmingly Positive,"['Adventure', 'Indie', 'Strategy']"
731040,The Invincible,"Nov 6, 2023",$29.99,No Discount,Starward Industries,11 bit studios,"12,666","11,131","1,535",Very Positive,"['Action', 'Adventure', 'Indie']"
1184370,Pathfinder: Wrath of the Righteous - Enhanced Edition,"Sep 2, 2021",$40.48,$19.56,Owlcat Games,META Publishing,"43,707","36,496","7,211",Mostly Positive,"['Action', 'Adventure', 'Indie', 'RPG']"
2062430,BALL x PIT,"Oct 15, 2025",$14.99,No Discount,Kenny Sun and Friends,Devolver Digital,"26,189","24,975","1,214",Very Positive,"['Action', 'Indie']"
1501310,The Ranchers,"Jul 30, 2026",$24.99,$22.49,The Ranchers,Trophy Games Publishing ApS,418,247,171,Mixed,"['Action', 'Adventure', 'Casual', 'Indie']"
3551340,Football Manager 26,"Nov 4, 2025",No Price,No Discount,Sports Interactive,SEGA,"35,095","12,152","22,943",Mixed,"['Simulation', 'Sports', 'Strategy']"
601150,Devil May Cry 5,"Mar 7, 2019",$29.99,No Discount,"CAPCOM Co., Ltd.","CAPCOM Co., Ltd.","169,073","162,377","6,696",Overwhelmingly Positive,['Action']
477160,Human Fall Flat,"Jul 22, 2016",$19.99,$5.99,No Brakes Games,Curve Games,"226,018","213,882","12,136",Very Positive,"['Adventure', 'Casual', 'Indie', 'Simulation']"
1164940,Trepang2,"Jun 21, 2023",$39.99,$9.99,Trepang Studios,Team17,"19,042","17,681","1,361",Very Positive,"['Action', 'Indie']"
4512570,A Game About Chopping Trees,"Jul 15, 2026",$7.99,No Discount,Space Raccoon Game Studio,Spaghetti Cat,834,719,115,Very Positive,"['Casual', 'Simulation']"
2814990,Screamer,"Mar 26, 2026",No Price,No Discount,Milestone S.r.l.,Milestone S.r.l.,"1,164",952,212,Mostly Positive,['Racing']
4351410,House Flipper 2 - Sakura DLC,"May 21, 2026",$14.99,No Discount,Frozen District,Frozen District,131,98,33,Mostly Positive,"['Casual', 'Indie', 'Simulation']"
1336490,Against the Storm,"Dec 8, 2023",$29.99,No Discount,Eremite Games,Hooded Horse,"37,070","35,025","2,045",Very Positive,"['Simulation', 'Strategy']"
3195790,White Knuckle,"Apr 17, 2025",No Price,No Discount,Dark Machine Games,DreadXP,"13,596","13,322",274,Overwhelmingly Positive,['Early Access']
1013320,Firestone – Idle Clicker Online RPG,"Apr 1, 2024",Free To Play,No Discount,Holyday Studios,Holyday Studios,"6,919","5,333","1,586",Mostly Positive,"['Casual', 'Indie', 'RPG', 'Free To Play']"
2754380,The Roottrees are Dead,"Jan 15, 2025",$19.99,No Discount,Evil Trout Inc.,Evil Trout Inc.,"9,588","9,258",330,Very Positive,['Adventure']
2827200,MIMESIS,"Oct 27, 2025",$9.99,No Discount,"ReLU Games, Inc.","ReLU Games, Inc.","10,181","8,597","1,584",Very Positive,"['Action', 'Adventure', 'Casual', 'Indie']"
298110,Far Cry® 4,"Nov 18, 2014",$29.99,No Discount,"Ubisoft Montreal, Red Storm, Shanghai, Toronto, Kiev",Ubisoft,"72,695","61,507","11,188",Very Positive,"['Action', 'Adventure']"
3450310,Europa Universalis V,"Nov 4, 2025",$59.99,No Discount,Paradox Tinto,Paradox Interactive,"30,301","20,261","10,040",Mixed,['Strategy']
1599600,PlateUp!,"Aug 4, 2022",No Price,No Discount,It's happening,Yogscast Games,"26,806","25,392","1,414",Very Positive,"['Action', 'Casual', 'Indie', 'Strategy']"
4468030,OFFBEAT,"Jul 22, 2026",No Price,No Discount,Whetstone Games,Pantaloon,278,272,6,Very Positive,"['Indie', 'Simulation', 'Early Access']"
2119830,MISERY,"Oct 23, 2025",$12.99,No Discount,Platypus Entertainment,Ytopia,"25,078","21,000","4,078",Very Positive,"['Action', 'Adventure', 'Indie', 'Massively Multiplayer']"
3219630,Halloween: The Game,"Sep 8, 2026",$39.99,No Discount,IllFonic,IllFonic Publishing,0,0,0,['Action'],
897670,Grim Dawn - Forgotten Gods Expansion,"Mar 27, 2019",$15.99,No Discount,Crate Entertainment,Crate Entertainment,"1,170","1,012",158,Very Positive,"['Action', 'Adventure', 'Indie', 'RPG']"
3681810,Blue Protocol: Star Resonance,"Oct 9, 2025",Free To Play,No Discount,Shanghai Bokura Network Technology Co.Ltd,A Plus,"18,939","9,492","9,447",Mixed,"['Action', 'Adventure', 'Massively Multiplayer', 'RPG']"
1286220,Sea Power : Naval Combat in the Missile Age,"Nov 12, 2024",$49.99,No Discount,Triassic Games,MicroProse Software,"6,254","5,679",575,Very Positive,"['Action', 'Simulation', 'Strategy', 'Early Access']"
3531720,ELDEN RING NIGHTREIGN The Forsaken Hollows,"Dec 3, 2025",$15.00,No Discount,"FromSoftware, Inc.","FromSoftware, Inc.","9,807","4,259","5,548",Mostly Negative,"['Action', 'RPG']"
1151640,Horizon Zero Dawn™ Complete Edition,"Aug 7, 2020",No Price,No Discount,Guerrilla,PlayStation Publishing LLC,"128,148","112,733","15,415",Very Positive,"['Action', 'Adventure', 'RPG']"
2819400,Disc Golf Masters,"Jun 23, 2026",$24.99,No Discount,Spinoff Games,Bonus Stage Publishing,337,294,43,Very Positive,"['Simulation', 'Sports', 'Early Access']"
313690,LEGO® Batman™ 3: Beyond Gotham,"Nov 11, 2014",$19.99,$4.99,TT Games Ltd,WB Games,"10,438","9,225","1,213",Very Positive,"['Action', 'Adventure']"
1527950,Wartales,"Apr 12, 2023",$34.99,No Discount,Shiro Games,Shiro Games,"35,409","30,433","4,976",Mostly Positive,"['Adventure', 'Indie', 'RPG', 'Strategy']"
1689620,BLEACH Rebirth of Souls,"Mar 20, 2025",$84.99,$33.99,TAMSOFT CORPORATION,Bandai Namco Entertainment Inc.,"6,934","4,645","2,289",Very Positive,['Action']
1588550,Cairn,"Jan 29, 2026",$29.99,No Discount,The Game Bakers,The Game Bakers,"20,828","19,675","1,153",Very Positive,"['Action', 'Adventure', 'Indie', 'Simulation']"
2963950,Persona 4 Revival ,"Feb 17, 2027",$69.99,No Discount,ATLUS,SEGA,0,0,0,"['Adventure', 'RPG']",
774361,Blasphemous,"Sep 10, 2019",$34.99,$8.74,The Game Kitchen,Team17,"66,290","59,555","6,735",Very Positive,"['Action', 'Adventure', 'Indie']"
346010,Besiege,"Feb 18, 2020",$14.99,$2.99,Spiderling Studios,Spiderling Studios,"53,109","50,530","2,579",Very Positive,"['Indie', 'Simulation']"
1649240,Returnal™,"Feb 15, 2023",$59.99,No Discount,Housemarque,PlayStation Publishing LLC,"10,938","8,862","2,076",Mostly Positive,['Action']
2681030,Outbound,"May 11, 2026",$24.99,No Discount,Square Glade Games,Square Glade Games,"2,044","1,501",543,Mixed,"['Adventure', 'Casual', 'Indie', 'Simulation']"
3691330,Call to Arms - Gates of Hell: Finest Hour,"Dec 2, 2025",$29.99,No Discount,Barbedwire Studios,Digitalmindsoft,785,566,219,Mixed,"['Action', 'Simulation', 'Strategy']"
2523720,Gears of War: Reloaded,"Aug 26, 2025",$39.99,No Discount,The Coalition,Xbox Game Studios,"3,535","2,143","1,392",Very Positive,['Action']
2169200,Sniper Elite: Resistance,"Jan 30, 2025",$49.99,No Discount,Rebellion,Rebellion,"5,928","4,474","1,454",Mostly Positive,"['Action', 'Adventure']"
612880,Wolfenstein II: The New Colossus,"Oct 26, 2017",$39.99,$5.99,MachineGames,Bethesda Softworks,"49,127","39,966","9,161",Very Positive,['Action']
699130,World War Z,"Sep 21, 2021",$29.99,No Discount,Saber Interactive Inc,Saber Interactive Inc,"31,896","26,338","5,558",Very Positive,['Action']
524220,NieR:Automata™,"Mar 17, 2017",$39.99,No Discount,Square Enix,Square Enix,"152,506","133,320","19,186",Very Positive,"['Action', 'RPG']"
3548690,The Sims™ 4 Royalty & Legacy Expansion Pack,"Feb 12, 2026",$39.99,$31.99,Maxis,Electronic Arts,45,28,17,Mixed,"['Simulation', 'Strategy']"
2492040,FATAL FURY: City of the Wolves,"Jan 22, 2026",$19.99,No Discount,SNK CORPORATION,SNK CORPORATION,"3,645","2,958",687,Very Positive,['Action']
200210,Realm of the Mad God Exalt,"Feb 20, 2012",Free to Play,No Discount,Wild Shadow Studios,Deca Live Operations GmbH,"47,668","39,456","8,212",Very Positive,"['Action', 'Adventure', 'Indie', 'Massively Multiplayer']"
2407270,AI LIMIT,"Mar 27, 2025",$34.99,$24.49,Sense Games,CE-Asia,"36,420","33,478","2,942",Very Positive,"['Action', 'Adventure', 'Indie', 'RPG']"
787480,Phoenix Wright: Ace Attorney Trilogy,"Apr 9, 2019",$29.99,No Discount,"CAPCOM Co., Ltd.","CAPCOM Co., Ltd.","44,511","43,425","1,086",Overwhelmingly Positive,['Adventure']
1235721,The Sims™ 4 Cats & Dogs,"Nov 9, 2017",$39.99,$19.99,Maxis,Electronic Arts,661,435,226,Mixed,"['Casual', 'Simulation']"
3438850,Sledding Game,"Apr 30, 2026",$7.99,$6.39,The Sledding Corporation,The Sledding Corporation,"3,127","3,012",115,Very Positive,"['Action', 'Adventure', 'Casual', 'Indie']"
1637320,Dome Keeper,"Sep 27, 2022",No Price,No Discount,Bippinbits,Raw Fury,"22,029","20,345","1,684",Very Positive,"['Action', 'Adventure', 'Indie', 'Simulation']"
1850570,DEATH STRANDING DIRECTOR'S CUT,"Mar 30, 2022",$9.99,No Discount,KOJIMA PRODUCTIONS, 505 Games,"67,031","61,875","5,156",Very Positive,"['Action', 'Adventure']"
3609080,StarSavior,"Dec 10, 2025",Free To Play,No Discount,Studiobside,Studiobside,"3,411","2,085","1,326",Mixed,"['RPG', 'Simulation', 'Strategy', 'Free To Play']"
2680010,The First Berserker: Khazan,"Mar 27, 2025",$59.99,No Discount,Neople,NEXON,"31,746","26,997","4,749",Very Positive,"['Action', 'Adventure', 'RPG']"
3467040,Bookshop Simulator,"Jul 20, 2026",No Price,No Discount,Blep Games,Blep Games,"1,508","1,421",87,Very Positive,"['Action', 'Adventure', 'RPG', 'Simulation']"
289650,Assassin's Creed® Unity,"Nov 11, 2014",$29.99,No Discount,Ubisoft,Ubisoft,"85,140","66,242","18,898",Mostly Positive,"['Action', 'Adventure']"
1357210,Galactic Civilizations IV,"Oct 19, 2023",$39.99,No Discount,Stardock Entertainment,Stardock Entertainment,"2,533","1,840",693,Mixed,"['Simulation', 'Strategy']"
4467980,theHunter: Call of the Wild™ - Peru Hunting Reserve,"Jun 16, 2026",$11.99,No Discount,Expansive Worlds,Avalanche Studios,117,80,37,Mixed,"['Adventure', 'Simulation', 'Sports']"
10180,Call of Duty®: Modern Warfare® 2 (2009),"Nov 12, 2009",$19.99,No Discount,Infinity Ward,Activision,"60,753","56,701","4,052",Overwhelmingly Positive,['Action']
4356430,NBA 2K27,"Sep 3, 2026",$69.99,No Discount,Visual Concepts,2K,0,0,0,['Sports'],
3859630,METAL GEAR SOLID: MASTER COLLECTION Vol.2,"Aug 27, 2026",$49.99,No Discount,KONAMI,KONAMI,0,0,0,"['Action', 'Adventure']",
824270,KovaaK's,"Apr 3, 2018",$9.99,No Discount,KovaaK Games,KovaaK Games,"41,218","38,325","2,893",Very Positive,"['Action', 'Indie', 'Simulation']"
1010820,Barony: Myths & Outcasts,"Feb 23, 2019",$4.99,No Discount,Turning Wheel LLC,Turning Wheel LLC,154,144,10,Very Positive,"['Action', 'Adventure', 'Indie', 'RPG']"
1392840,RimWorld - Ideology,"Jul 20, 2021",$19.99,No Discount,Ludeon Studios,Ludeon Studios,"3,491","2,893",598,Very Positive,"['Indie', 'Simulation', 'Strategy']"
3219030,Planet Zoo 2,"Oct 13, 2026",$49.99,No Discount,Frontier Developments,Frontier Developments,0,0,0,"['Simulation', 'Strategy']",
42680,Call of Duty®: Modern Warfare® 3 (2011),"Nov 8, 2011",$39.99,No Discount,Infinity Ward,Activision,"39,650","35,293","4,357",Very Positive,['Action']
2513280,SONIC X SHADOW GENERATIONS,"Oct 24, 2024",$49.99,No Discount,Sonic Team,SEGA,"15,300","14,791",509,Very Positive,['Action']
958520,33 Immortals,"Jun 10, 2026",No Price,No Discount,Thunder Lotus,Thunder Lotus,"2,240","1,659",581,Mixed,"['Action', 'Indie', 'Massively Multiplayer']"
359870,FINAL FANTASY X/X-2 HD Remaster,"May 12, 2016",$29.99,No Discount,Square Enix,Square Enix,"23,338","20,554","2,784",Mostly Positive,['RPG']
1607890,Risk of Rain 2: Survivors of the Void,"Mar 1, 2022",$14.99,No Discount,Hopoo Games,Gearbox Publishing,"6,107","5,386",721,Very Positive,"['Action', 'Indie']"
2527500,MiSide,"Dec 10, 2024",No Price,No Discount,AIHASTO,IndieArk,"140,967","137,869","3,098",Overwhelmingly Positive,"['Adventure', 'Indie', 'RPG', 'Simulation']"
1703340,The Stanley Parable: Ultra Deluxe,"Apr 27, 2022",$24.99,No Discount,Crows Crows Crows,Crows Crows Crows,"35,673","33,579","2,094",Very Positive,"['Adventure', 'Casual', 'Indie']"
410340,Liftoff®: FPV Drone Racing,"Sep 13, 2018",$19.99,$15.99,LuGus Studios,LuGus Studios,"13,763","13,101",662,Overwhelmingly Positive,"['Indie', 'Racing', 'Simulation', 'Sports']"
4465600,Bowling Alley Simulator,"Jul 14, 2026",No Price,No Discount,Vulcron,Vulcron,139,122,17,Very Positive,['Simulation']
3920610,FATAL FRAME II: Crimson Butterfly REMAKE,"Mar 11, 2026",No Price,No Discount,"KOEI TECMO GAMES CO., LTD.","KOEI TECMO GAMES CO., LTD.","3,865","3,371",494,Very Positive,"['Action', 'Adventure']"
2943650,FragPunk,"Mar 6, 2025",Free To Play,No Discount,Bad Guitar Studio,NetEase Games,"50,378","37,476","12,902",Mostly Positive,"['Action', 'Free To Play']"
3279440,Drone Sector,"Jul 21, 2026",$16.99,No Discount,Icosphere,MicroProse Software,279,250,29,Very Positive,"['Action', 'Simulation', 'Strategy', 'Early Access']"
1608070,CRISIS CORE –FINAL FANTASY VII– REUNION,"Dec 13, 2022",$49.99,No Discount,Square Enix,Square Enix,"8,890","7,955",935,Very Positive,"['Action', 'RPG']"
4741040,ARC Raiders - The Reaver Set,"Jun 16, 2026",$20.00,No Discount,Embark Studios,Embark Studios,13,11,2,Positive,['Action']
2340520,Tales of Seikyu,"Jun 11, 2026",$24.99,No Discount,ACE Entertainment,Fireshine Games,"2,503","2,121",382,Very Positive,"['Adventure', 'RPG', 'Simulation']"
1262350,SIGNALIS,"Oct 27, 2022",$19.99,No Discount,rose-engine,Balor Games,"33,868","32,717","1,151",Very Positive,"['Action', 'Adventure', 'Indie']"
2000950,Call of Duty®: Modern Warfare®,"Mar 8, 2023",$59.99,No Discount,Infinity Ward,Activision,"44,338","35,015","9,323",Mostly Positive,['Action']
1597080,Killer Bean,"Jun 8, 2026",$14.99,No Discount,Killer Bean Studios LLC,Killer Bean Studios LLC,"2,262","1,656",606,Very Positive,"['Action', 'Adventure', 'Indie', 'Early Access']"
3315290,Icarus: Great Hunts Campaigns,"Jul 17, 2025",$24.99,No Discount,RocketWerkz,RocketWerkz,157,91,66,Mixed,"['Action', 'Adventure', 'Simulation']"
2445690,Lost Castle 2,"Jun 10, 2026",No Price,No Discount,Hunter Studio,Hunter Studio,"13,406","10,429","2,977",Mostly Positive,"['Action', 'Adventure', 'Indie', 'RPG']"
2172010,Until Dawn™,"Oct 4, 2024",$59.99,No Discount,Ballistic Moon,PlayStation Publishing LLC,"5,121","4,248",873,Very Positive,['Adventure']
1203190,Wreckfest 2,"Mar 20, 2025",$34.99,No Discount,Bugbear,THQ Nordic,"5,598","4,140","1,458",Mixed,"['Racing', 'Early Access']"
1648532,Icarus: New Frontiers Expansion,"Aug 24, 2023",$29.99,No Discount,RocketWerkz,RocketWerkz,536,446,90,Very Positive,"['Action', 'Adventure', 'Simulation']"
1656330,Destiny 2: The Witch Queen,"Feb 22, 2022",$19.99,$1.99,Bungie,Bungie,"3,716","2,712","1,004",Mixed,"['Action', 'Adventure', 'Free To Play']"
3410470,Street Fighter™ 6 - Year 3 Ultimate Pass,"Jul 15, 2025",$47.99,No Discount,"CAPCOM Co., Ltd.","CAPCOM Co., Ltd.",74,42,32,Mixed,"['Action', 'Adventure']"
434170,The Jackbox Party Pack 3,"Oct 17, 2016",$24.99,No Discount,"Jackbox Games, Inc.","Jackbox Games, Inc.","6,649","6,432",217,Very Positive,"['Casual', 'Indie', 'Strategy']"
3720100,ARK: Lost Colony Expansion Pass,"Jun 18, 2025",$29.99,No Discount,Studio Wildcard,Studio Wildcard,"1,177",429,748,Very Negative,"['Action', 'Adventure', 'Indie', 'Massively Multiplayer']"
2753970,MARVEL Cosmic Invasion,"Dec 1, 2025",No Price,No Discount,Tribute Games Inc.,Dotemu,"2,396","2,120",276,Very Positive,"['Action', 'Adventure', 'Casual', 'Indie']"
642280,Grim Dawn - Ashes of Malmouth Expansion,"Oct 11, 2017",$17.99,No Discount,Crate Entertainment,Crate Entertainment,"1,598","1,432",166,Mixed,"['Action', 'Adventure', 'Indie', 'RPG']"
625960,Stoneshard,"Feb 6, 2020",No Price,No Discount,Ink Stains Games,HypeTrain Digital,"35,241","26,290","8,951",Mostly Positive,"['Adventure', 'Indie', 'RPG', 'Strategy']"
3354750,skate.,"Sep 16, 2025",No Price,No Discount,Full Circle,Electronic Arts,"87,957","61,051","26,906",Mostly Positive,"['Action', 'Sports', 'Free To Play', 'Early Access']"
2069250,High On Life 2,"Feb 13, 2026",No Price,No Discount,"Squanch Games, Inc.","Squanch Games, Inc.","2,516","1,807",709,Mostly Positive,"['Action', 'Adventure']"
690790,DiRT Rally 2.0,"Feb 25, 2019",No Price,No Discount,Codemasters,Codemasters,"48,270","42,866","5,404",Very Positive,"['Racing', 'Simulation', 'Sports']"
2362060,CODE VEIN II,"Jan 29, 2026",No Price,No Discount,Bandai Namco Studios Inc.,Bandai Namco Entertainment Inc.,"7,024","4,551","2,473",Mostly Positive,"['Action', 'RPG']"
1496790,Gotham Knights,"Oct 21, 2022",$59.99,No Discount,Warner Bros. Games Montréal,Warner Bros. Games,"25,124","16,935","8,189",Mostly Positive,"['Action', 'Adventure', 'RPG']"
2646460,Soulmask,"Apr 9, 2026",$29.99,No Discount,CampFire Studio,Qooland Games,"22,136","17,085","5,051",Mostly Positive,"['Adventure', 'Indie', 'RPG', 'Simulation']"
614570,Dishonored®: Death of the Outsider™,"Sep 14, 2017",$29.99,$5.99,Arkane Studios,Bethesda Softworks,"13,248","11,606","1,642",Very Positive,['Action']
3869850,Welcome to the Game III,"Jul 16, 2026",$19.99,No Discount,Reflect Studios,Reflect Studios,566,439,127,Mostly Positive,"['Indie', 'Simulation']"
4739910,Arakure – Hero – FOR HONOR,"Jul 23, 2026",$9.99,No Discount,Ubisoft,Ubisoft,55,29,26,Mixed,['Action']
3602570,Horsey Game,"Feb 18, 2026",$9.99,No Discount,Captain Games,Captain Games,"2,823","2,744",79,Overwhelmingly Positive,"['Indie', 'Simulation']"
365360,Battle Brothers,"Mar 24, 2017",$29.99,No Discount,Overhype Studios,Hooded Horse,"28,479","25,086","3,393",Very Positive,"['RPG', 'Simulation', 'Strategy']"
2104890,RoadCraft,"May 20, 2025",No Price,No Discount,Saber Interactive,Focus Entertainment,"16,114","12,054","4,060",Mixed,"['Adventure', 'Simulation']"
4080030,The Message from Deep Space,"Jun 29, 2026",No Price,No Discount,Applesinmypants,Applesinmypants,836,814,22,Overwhelmingly Positive,['Indie']
996580,Spyro™ Reignited Trilogy,"Sep 3, 2019",$39.99,No Discount,Toys for Bob,Activision,"22,228","20,798","1,430",Very Positive,"['Action', 'Adventure']"
951770,Forsaken Realms: Vahrin's Call,"Jul 27, 2026",$34.99,No Discount,Titan Roc,Titan Roc,508,350,158,Mixed,"['Action', 'Adventure', 'Indie', 'RPG']"
228380,Wreckfest,"Jun 14, 2018",$29.99,No Discount,Bugbear,THQ Nordic,"41,243","36,290","4,953",Very Positive,"['Action', 'Indie', 'Racing', 'Simulation']"
2769570,Fable,"Feb 23, 2027",$69.99,No Discount,Playground Games,Xbox Game Studios,0,0,0,"['Action', 'Adventure', 'RPG']",
881100,Noita,"Oct 15, 2020",$19.99,No Discount,Nolla Games,Nolla Games,"88,211","83,940","4,271",Very Positive,"['Action', 'Adventure', 'Indie', 'RPG']"
4160210,The Artisan of Glimmith,"Mar 17, 2026",No Price,No Discount,Lunarch Studios,Lunarch Studios,"2,182","2,129",53,Overwhelmingly Positive,"['Casual', 'Indie', 'Strategy']"
1010821,Barony: Legends & Pariahs,"Dec 27, 2019",$4.99,No Discount,Turning Wheel LLC,Turning Wheel LLC,129,116,13,Very Positive,"['Action', 'Adventure', 'Indie', 'RPG']"
516750,My Summer Car,"Jan 8, 2025",$14.99,No Discount,Amistech Games,Amistech Games,"116,253","110,358","5,895",Very Positive,"['Indie', 'Racing', 'Simulation']"
1575940,Sins of a Solar Empire II,"Aug 15, 2024",$49.99,No Discount,Ironclad Games Corporation,Stardock Entertainment,"8,558","7,176","1,382",Mostly Positive,"['Simulation', 'Strategy']"
1029690,Sniper Elite 5,"May 25, 2022",$49.99,No Discount,Rebellion,Rebellion,"29,992","25,111","4,881",Very Positive,"['Action', 'Adventure']"
1617400,The Bazaar,"Aug 13, 2025",No Price,No Discount,Tempo,Tempo,"15,133","10,688","4,445",Mixed,['Strategy']
953490,CARRION,"Jul 23, 2020",$23.98,$17.58,Phobia Game Studio,Devolver Digital,"34,967","33,028","1,939",Very Positive,"['Action', 'Adventure', 'Indie']"
268500,XCOM® 2,"Feb 4, 2016",$19.99,No Discount,Firaxis Games,2K,"108,831","92,116","16,715",Very Positive,['Strategy']
2157560,Granblue Fantasy Versus: Rising,"Dec 13, 2023",No Price,No Discount,"Cygames, Inc.","Cygames, Inc.","7,048","5,864","1,184",Very Positive,['Action']
3527760,RoboCop: Rogue City - Unfinished Business,"Jul 17, 2025",$29.99,$11.99,Teyon,Nacon,"4,562","3,883",679,Very Positive,"['Action', 'Adventure']"
2918150,ONE PIECE Bounty Rush,"Sep 23, 2024",Free To Play,No Discount,SEGA,Bandai Namco Entertainment Inc.,"5,069","3,463","1,606",Mixed,"['Action', 'Free To Play']"
288470,Fable Anniversary,"Sep 12, 2014",$34.99,No Discount,Lionhead Studios,Xbox Game Studios,"16,447","14,142","2,305",Very Positive,['RPG']
1149640,RimWorld - Royalty,"Feb 24, 2020",$19.99,No Discount,Ludeon Studios,Ludeon Studios,"2,607","2,188",419,Very Positive,"['Indie', 'Simulation', 'Strategy']"
4492160,Planet Coaster 2: Parades Pack,"Jun 25, 2026",$18.99,No Discount,Frontier Developments,Frontier Developments,59,47,12,Very Positive,"['Simulation', 'Strategy']"
1295500,"Warhammer 40,000: Battlesector","Jul 22, 2021",$39.99,No Discount,Slitherine Ltd.,Slitherine Ltd.,"6,793","5,905",888,Very Positive,['Strategy']
1256670,Library Of Ruina,"Aug 10, 2021",$29.99,No Discount,ProjectMoon,ProjectMoon,"44,215","41,766","2,449",Very Positive,"['Indie', 'RPG', 'Strategy']"
815370,Green Hell,"Sep 5, 2019",$11.60,$2.47,Creepy Jar,Creepy Jar,"100,693","85,306","15,387",Very Positive,"['Action', 'Adventure', 'Indie', 'Simulation']"
801800,Atomfall,"Mar 27, 2025",$49.99,No Discount,Rebellion,Rebellion,"5,632","4,375","1,257",Mostly Positive,"['Action', 'Adventure']"
3373660,Look Outside,"Mar 21, 2025",$9.99,No Discount,Francis Coulombe,Devolver Digital,"13,978","13,748",230,Overwhelmingly Positive,"['Adventure', 'RPG']"
774171,Muse Dash,"Jun 20, 2019",$2.99,No Discount,peropero,hasuhasu,"126,211","114,053","12,158",Very Positive,"['Action', 'Casual', 'Indie']"
1235734,The Sims™ 4 Get To Work,"Mar 30, 2015",$39.99,$19.99,Maxis,Electronic Arts,304,143,161,Mixed,['Simulation']
1895880,Ratchet & Clank: Rift Apart,"Jul 26, 2023",$59.99,No Discount,Insomniac Games,PlayStation Publishing LLC,"17,867","16,198","1,669",Very Positive,"['Action', 'Adventure']"
2828860,The Forever Winter,"Sep 24, 2024",$29.99,No Discount,Fun Dog Studios,Fun Dog Studios,"24,596","16,865","7,731",Mixed,"['Action', 'Early Access']"
3412160,The House Always Wins,"May 21, 2026",$12.99,No Discount,Toxic Studio,Toxic Studio,869,748,121,Very Positive,"['Casual', 'Simulation']"
10090,Call of Duty: World at War,"Nov 18, 2008",$19.99,No Discount,Treyarch,Activision,"53,114","49,049","4,065",Very Positive,['Action']
373420,Divinity: Original Sin - Enhanced Edition,"Oct 27, 2015",$39.99,$3.99,Larian Studios,Larian Studios,"32,701","29,198","3,503",Very Positive,"['Adventure', 'Indie', 'RPG', 'Strategy']"
1211630,The Jackbox Party Pack 7,"Oct 14, 2020",$29.99,No Discount,"Jackbox Games, Inc.","Jackbox Games, Inc.","4,932","4,755",177,Very Positive,"['Casual', 'Indie', 'Strategy']"
3952720,Destiny 2: Triumphant Rewards Silver Bundle,"Jun 9, 2026",$9.99,No Discount,Bungie,Bungie,95,95,0,Very Positive,"['Action', 'Adventure', 'Free To Play']"
1182900,A Plague Tale: Requiem,"Oct 17, 2022",$49.99,No Discount,Asobo Studio,Focus Entertainment,"26,262","23,857","2,405",Very Positive,"['Action', 'Adventure']"
2658510,Animal Shelter 2,"Jul 23, 2025",No Price,No Discount,Games Incubator,Games Incubator,"1,538","1,247",291,Mostly Positive,"['Adventure', 'Casual', 'Indie', 'Simulation']"
1449690,The Walking Dead: The Telltale Definitive Series,"Oct 29, 2020",$49.99,No Discount,Skybound Games,Skybound Games,"46,283","44,676","1,607",Overwhelmingly Positive,['Adventure']
480490,Prey,"May 4, 2017",$29.99,$5.99,Arkane Studios,Bethesda Softworks,"54,316","49,335","4,981",Very Positive,"['Action', 'Adventure']"
1105420,Game of Thrones Winter is Coming,"Nov 14, 2019",Free To Play,No Discount,YOUZU (SINGAPORE) PTE. LTD.,YOUZU (SINGAPORE) PTE. LTD.,"2,749","1,680","1,069",Mixed,"['Massively Multiplayer', 'RPG', 'Simulation', 'Strategy']"
1096530,Solasta: Crown of the Magister,"May 27, 2021",$29.99,No Discount,Tactical Adventures,Tactical Adventures,"22,362","19,401","2,961",Very Positive,"['Adventure', 'RPG', 'Strategy']"
588430,Fallout Shelter,"Mar 29, 2017",Free To Play,No Discount,Bethesda Game Studios,Bethesda Softworks,"82,291","72,257","10,034",Very Positive,"['RPG', 'Simulation', 'Free To Play']"
1049590,Eternal Return,"Jul 19, 2023",Free To Play,No Discount,Nimble Neuron,Nimble Neuron,"75,516","55,385","20,131",Very Positive,['None']
4134600,EverRail,"Jul 20, 2026",No Price,No Discount,Aesir Interactive,Aesir Interactive,315,217,98,Mixed,"['Action', 'Adventure', 'Simulation', 'Early Access']"
2217000,Rivals of Aether II,"Oct 23, 2024",$29.99,No Discount,Aether Studios,Aether Studios,"9,780","7,809","1,971",Mixed,"['Action', 'Indie']"
3799610,MechWarrior 5: Mercenaries - Shadow of Kerensky,"Sep 3, 2025",$19.99,$11.99,Piranha Games Inc.,Piranha Games Inc.,420,343,77,Very Positive,"['Action', 'Simulation']"
1796470,Haste,"Apr 1, 2025",No Price,No Discount,Landfall,Evil Landfall?,"13,803","12,725","1,078",Very Positive,"['Action', 'Adventure', 'Indie', 'Racing']"
1273400,Construction Simulator,"Sep 20, 2022",$24.99,No Discount,weltenbauer. Software Entwicklung GmbH,astragon Entertainment,"14,325","11,570","2,755",Mostly Positive,"['Casual', 'Simulation']"
4310080,Oxygen Not Included: The Aquatic Planet Pack,"Jun 11, 2026",$9.99,No Discount,Klei Entertainment,Klei Entertainment,273,227,46,Mixed,"['Indie', 'Simulation']"
3654560,Plants vs. Zombies™: Replanted,"Oct 23, 2025",$19.99,$12.99,PopCap Games,Electronic Arts,"7,101","4,656","2,445",Mostly Positive,['Strategy']
2950340,LEGO® Harry Potter™ Collection,"Oct 8, 2024",$39.99,$5.99,TT Games,Warner Bros. Games,"1,570","1,302",268,Very Positive,"['Action', 'Adventure', 'Casual']"
3014080,The Hundred Line -Last Defense Academy-,"Apr 23, 2025",No Price,No Discount,Too Kyo Games,Aniplex Inc.,"8,582","7,551","1,031",Very Positive,"['Adventure', 'Simulation']"
3642010,Truck-kun is Supporting Me from Another World?!,"Jul 29, 2026",$19.99,$15.99,Strange Scaffold,Frosty Pop,145,121,24,Very Positive,"['Indie', 'Racing']"
2369390,Far Cry® 6,"May 11, 2023",No Price,No Discount,Ubisoft Toronto,Ubisoft,"35,192","25,060","10,132",Mixed,"['Action', 'Adventure']"
3917090,Assetto Corsa Rally,"Nov 13, 2025",$29.99,No Discount,Supernova Games Studios,505 Games,"10,307","9,071","1,236",Mostly Positive,"['Racing', 'Early Access']"
2627570,Goofy Gorillas,"Dec 1, 2023",$7.99,No Discount,sponge,sponge,942,871,71,Very Positive,"['Action', 'Casual', 'Indie']"
3370870,Berry Bury Berry,"Jan 29, 2026",No Price,No Discount,Get(Color) Games,Get(Color) Games,"8,411","8,260",151,Overwhelmingly Positive,"['Adventure', 'Casual', 'Indie']"
704270,Generation Zero®,"Mar 26, 2019",$24.99,$4.99,Systemic Reaction™,Avalanche Studios,"42,100","30,326","11,774",Mostly Positive,"['Action', 'Adventure']"
339340,Resident Evil 0,"Jan 19, 2016",$19.99,No Discount,"CAPCOM Co., Ltd.","CAPCOM Co., Ltd.","19,425","15,570","3,855",Mostly Positive,"['Action', 'Adventure']"
431730,Aseprite,"Feb 22, 2016",$19.99,No Discount,Igara Studio,Igara Studio,"26,497","26,220",277,Overwhelmingly Positive,"['Animation & Modeling', 'Design & Illustration', 'Game Development']"
99900,Spiral Knights,"Jun 14, 2011",Free to Play,No Discount,Grey Havens,Grey Havens,"24,178","20,263","3,915",Mostly Positive,"['Action', 'Adventure', 'Casual', 'Indie']"
2070270,Cloudheim,"Dec 4, 2025",No Price,No Discount,Noodle Cat Games,Noodle Cat Games,"1,920","1,574",346,Very Positive,"['Action', 'Adventure', 'RPG', 'Early Access']"
8870,BioShock Infinite,"Mar 25, 2013",$29.99,No Discount,Irrational Games,2K,"145,246","135,764","9,482",Very Positive,['Action']
2561580,Horizon Zero Dawn™ Remastered,"Oct 31, 2024",$49.99,No Discount,Guerrilla Games,PlayStation Publishing LLC,"7,541","6,381","1,160",Very Positive,"['Action', 'Adventure', 'RPG']"
1041320,Lords Mobile: Kingdom Wars,"Jun 2, 2019",Free,No Discount,IGG SINGAPORE PTE. LTD.,IGG SINGAPORE PTE. LTD.,"5,882","3,931","1,951",Mixed,"['Massively Multiplayer', 'RPG', 'Strategy', 'Free To Play']"
2133760,Tiny Bookshop,"Aug 7, 2025",No Price,No Discount,neoludic games,Skystone Games,"7,506","7,222",284,Overwhelmingly Positive,"['Casual', 'Indie', 'RPG', 'Simulation']"
386940,Ultimate Chicken Horse,"Mar 4, 2016",$14.99,No Discount,Clever Endeavour Games,Clever Endeavour Games,"53,103","50,862","2,241",Overwhelmingly Positive,"['Action', 'Casual', 'Indie']"
532790,Vampire: The Masquerade® - Bloodlines™ 2,"Oct 21, 2025",$59.99,No Discount,The Chinese Room,Paradox Interactive,"12,893","7,156","5,737",Mixed,"['Action', 'RPG']"
17390,SPORE™,"Dec 19, 2008",No Price,No Discount,Maxis™,Electronic Arts,"72,391","67,031","5,360",Very Positive,"['Action', 'Adventure', 'Casual', 'RPG']"
1609230,Scarlet Hollow,"Jun 11, 2021",No Price,No Discount,Black Tabby Games,Black Tabby Games,"5,081","4,976",105,Overwhelmingly Positive,"['Adventure', 'Casual', 'Indie', 'RPG']"
1845910,Dragon Age™: The Veilguard,"Oct 31, 2024",No Price,No Discount,BioWare,Electronic Arts,"44,743","30,541","14,202",Mixed,"['Action', 'Adventure', 'RPG', 'Strategy']"
3693650,Thrifty Business,"May 18, 2026",$12.99,$11.69,Spellgarden Games,Spellgarden Games,"1,135","1,109",26,Overwhelmingly Positive,"['Casual', 'Simulation']"
314650,SpaceEngine,"Jun 11, 2019",$29.99,No Discount,Cosmographic Software,Cosmographic Software,"16,221","15,594",627,Overwhelmingly Positive,"['Casual', 'Indie', 'Simulation', 'Early Access']"
2933130,The Lord of the Rings: Return to Moria™,"Aug 27, 2024",$29.99,No Discount,Free Range Games,North Beach Games,"12,280","9,963","2,317",Mostly Positive,"['Action', 'Adventure', 'RPG']"
4558510,ARK Fantastic Tames Season 1,"May 20, 2026",$9.99,No Discount,Studio Wildcard,Studio Wildcard,90,55,35,Mostly Negative,"['Action', 'Adventure', 'Indie', 'Massively Multiplayer']"
1211020,Wobbly Life,"Sep 18, 2025",$24.99,$16.24,RubberBandGames,RubberBandGames,"35,168","34,194",974,Overwhelmingly Positive,"['Action', 'Adventure', 'Casual', 'Indie']"
2698940,The Crew Motorfest,"Apr 18, 2024",No Price,No Discount,Ubisoft Ivory Tower,Ubisoft,"24,918","19,627","5,291",Very Positive,['Racing']
611790,House Party,"Jul 15, 2022",$24.99,No Discount,"Eek! Games, LLC","Eek! Games, LLC","15,391","13,208","2,183",Mixed,"['Adventure', 'Casual', 'Indie', 'RPG']"
3255380,LUNAR Remastered Collection,"Apr 17, 2025",$49.99,$34.99,"ASHIBI Co., Ltd.","GungHo Online Entertainment America, Inc.",622,571,51,Mixed,"['Adventure', 'RPG']"
292730,Call of Duty®: Infinite Warfare,"Nov 3, 2016",$59.99,No Discount,Infinity Ward,Activision,"29,866","18,346","11,520",Very Positive,"['Action', 'Adventure']"
212200,Mabinogi,"Dec 6, 2012",Free to Play,No Discount,NEXON Korea Corporation,Nexon America Inc.,"4,218","3,103","1,115",Mostly Positive,"['Action', 'Adventure', 'Casual', 'Massively Multiplayer']"
2213700,Sintopia,"Apr 16, 2026",$34.99,$27.99,Piraknights Games,Team17,"1,040",844,196,Mostly Positive,"['Indie', 'Simulation', 'Strategy']"
16900,GROUND BRANCH,"Jul 16, 2026",$29.99,No Discount,BlackFoot Studios,MicroProse Software,"24,628","20,868","3,760",Mostly Negative,"['Action', 'Indie', 'Simulation']"
1325200,Nioh 2 – The Complete Edition,"Feb 5, 2021",$49.99,$19.99,"KOEI TECMO GAMES CO., LTD.","KOEI TECMO GAMES CO., LTD.","50,360","44,045","6,315",Very Positive,"['Action', 'RPG']"
1458140,Pacific Drive,"Feb 21, 2024",$29.99,No Discount,Ironwood Studios,Kepler Interactive,"26,527","22,072","4,455",Very Positive,"['Action', 'Adventure', 'Indie', 'Racing']"
2060160,The Farmer Was Replaced,"Oct 10, 2025",$9.99,$7.99,Timon Herzog,Metaroot,"9,005","8,605",400,Very Positive,"['Casual', 'Indie', 'Simulation', 'Strategy']"
1766060,HumanitZ,"Feb 6, 2026",No Price,No Discount,Yodubzz Studios,indie.io,"13,796","10,266","3,530",Mostly Positive,"['Action', 'Adventure', 'RPG']"
2671070,Crusader Kings III: Roads to Power,"Sep 24, 2024",$29.99,No Discount,Paradox Development Studio,Paradox Interactive,"2,177","1,783",394,Very Positive,"['RPG', 'Simulation', 'Strategy']"
985810,GrandChase,"Jul 27, 2021",Free To Play,No Discount,KOG,KOG,"25,895","16,999","8,896",Very Positive,"['Action', 'Casual', 'Free To Play']"
1262560,Need for Speed™ Most Wanted,"Oct 30, 2012",No Price,No Discount,Criterion Games,Electronic Arts,"26,935","20,805","6,130",Mostly Positive,"['Action', 'Adventure', 'Racing']"
2780980,LOCKDOWN Protocol,"Nov 18, 2025",$9.99,No Discount,Mirage Creative Lab,Mirage Creative Lab,"19,770","17,018","2,752",Very Positive,"['Action', 'Casual', 'Indie', 'Strategy']"
1372110,JoJo's Bizarre Adventure: All-Star Battle R,"Sep 1, 2022",No Price,No Discount,CyberConnect2 Co. Ltd.,Bandai Namco Entertainment,"17,609","16,001","1,608",Very Positive,['Action']
424030,War of Rights,"Dec 3, 2018",$29.99,No Discount,Campfire Games,Campfire Games,"14,994","13,260","1,734",Very Positive,"['Action', 'Indie', 'Massively Multiplayer', 'Simulation']"
2893570,DRAGON QUEST I & II HD-2D Remake,"Oct 30, 2025",$59.99,No Discount,Square Enix,Square Enix,"2,005","1,712",293,Very Positive,['RPG']
2634890,MARVEL vs. CAPCOM Fighting Collection: Arcade Classics,"Sep 11, 2024",$49.99,No Discount,"CAPCOM Co., Ltd.","CAPCOM Co., Ltd.","2,486","2,342",144,Very Positive,['Action']
1107320,OUTBRK,"Jun 28, 2024",$34.99,No Discount,Sublime,Sublime,"3,408","2,782",626,Very Positive,"['Action', 'Adventure', 'Simulation', 'Strategy']"
3846120,MineMogul,"Dec 4, 2025",No Price,No Discount,NoodleForge (Gvarados & Diomonder),NoodleForge,"4,179","4,023",156,Overwhelmingly Positive,"['Indie', 'Simulation', 'Strategy', 'Early Access']"
4713340,Terra Invicta - Dark Skies,"Jul 27, 2026",$9.99,$8.99,Pavonis Interactive,Hooded Horse,112,91,21,Very Positive,"['Simulation', 'Strategy']"
3069050,Serpent's Gaze,"May 25, 2026",$14.99,No Discount,Feeble Minds,Feeble Minds,763,681,82,Very Positive,"['Action', 'Indie', 'RPG', 'Early Access']"
3914860,Moss: The Forgotten Relic ,"Jul 16, 2026",$19.99,No Discount,Polyarc,Polyarc,235,219,16,Very Positive,"['Action', 'Adventure', 'Indie']"
327070,Gloria Victis: Medieval MMORPG,"Jun 17, 2026",Free To Play,No Discount,gamigo US,gamigo US,"11,814","8,055","3,759",Mixed,"['Action', 'Adventure', 'Indie', 'Massively Multiplayer']"
568220,Lobotomy Corporation | Monster Management Simulation,"Apr 9, 2018",$24.99,No Discount,ProjectMoon,ProjectMoon,"56,124","52,896","3,228",Overwhelmingly Positive,"['Indie', 'Simulation']"
581320,Insurgency: Sandstorm,"Dec 12, 2018",$29.99,No Discount,New World Interactive,Focus Entertainment,"132,935","112,768","20,167",Mostly Positive,['Action']
3393110,AION 2,September 2026,$24.99,No Discount,NC,NC,0,0,0,"['Action', 'Adventure', 'Massively Multiplayer', 'RPG']",
2988580,Yakuza 0 Director's Cut,"Dec 8, 2025",$14.99,No Discount,RGG Studio,SEGA,"1,671","1,342",329,Overwhelmingly Positive,"['Action', 'Adventure', 'RPG']"
3199780,The Sims™ 4 Enchanted by Nature Expansion Pack,"Jul 10, 2025",$39.99,$23.99,Maxis,Electronic Arts,71,31,40,Mixed,"['Simulation', 'Strategy']"
1689500,Dune: Imperium,"Mar 13, 2024",$22.99,No Discount,Dire Wolf,Dire Wolf,"4,305","4,047",258,Very Positive,"['Simulation', 'Strategy']"
1604270,Broken Arrow,"Jun 19, 2025",$49.99,No Discount,Steel Balalaika,Slitherine Ltd.,"39,676","20,052","19,624",Mixed,['Strategy']
1056640,Phantasy Star Online 2 New Genesis,"Aug 5, 2020",Free To Play,No Discount,SEGA,SEGA,"24,623","16,981","7,642",Mixed,"['Action', 'Massively Multiplayer', 'RPG', 'Free To Play']"
2624870,Life is Strange: Reunion,"Mar 26, 2026",$39.99,No Discount,Deck Nine Games,Square Enix,"5,447","4,872",575,Very Positive,"['Action', 'Adventure']"
1904480,Absolum,"Oct 9, 2025",No Price,No Discount,Dotemu,Dotemu,"10,421","9,601",820,Very Positive,"['Action', 'Adventure', 'Indie', 'RPG']"
4078590,The Planet Crafter - Toxicity,"Nov 17, 2025",$9.99,No Discount,Miju Games,Miju Games,491,433,58,Very Positive,['Adventure']
3228590,Deadzone: Rogue,"Aug 11, 2025",$24.99,No Discount,Prophecy Games,Prophecy Games,"16,163","13,322","2,841",Mostly Positive,['Action']
1388880,Doki Doki Literature Club Plus!,"Jun 30, 2021",$14.99,$11.24,Team Salvato,Serenity Forge,"31,807","30,842",965,Overwhelmingly Positive,"['Casual', 'Indie']"
747660,Five Nights at Freddy's: Security Breach,"Dec 16, 2021",$39.99,No Discount,Steel Wool Studios,ScottGames,"69,649","60,221","9,428",Very Positive,"['Action', 'Adventure', 'Indie']"
1236720,Spirit Island,"Jul 29, 2020",$24.99,$4.99,Handelabra Games Inc.,Handelabra Games Inc.,"1,654","1,518",136,Very Positive,"['Indie', 'Strategy']"
230290,Universe Sandbox,"Aug 24, 2015",$29.99,No Discount,Giant Army,Giant Army,"31,903","30,786","1,117",Overwhelmingly Positive,"['Casual', 'Indie', 'Simulation', 'Early Access']"
780310,The Riftbreaker,"Oct 14, 2021",No Price,No Discount,EXOR Studios,EXOR Studios,"24,568","22,197","2,371",Very Positive,"['Action', 'Adventure', 'Indie', 'RPG']"
848450,Subnautica: Below Zero,"May 13, 2021",$29.99,No Discount,Unknown Worlds Entertainment,Unknown Worlds Entertainment,"108,022","97,310","10,712",Very Positive,"['Adventure', 'Indie']"
3167020,Escape From Duckov,"Oct 16, 2025",$17.99,No Discount,Team Soda,bilibili,"104,229","88,059","16,170",Very Positive,"['Action', 'Adventure', 'Indie', 'RPG']"
3873970,NASCAR 25,"Nov 11, 2025",$49.99,No Discount,"iRacing.com Motorsport Simulations, LLC","iRacing.com Motorsport Simulations, LLC","1,779","1,291",488,Mixed,"['Racing', 'Simulation', 'Sports']"
582160,Assassin's Creed® Origins,"Oct 26, 2017",$59.99,No Discount,Ubisoft Montreal,Ubisoft,"128,048","109,930","18,118",Very Positive,"['Action', 'Adventure', 'RPG']"
1216320,Shieldwall,"Apr 18, 2023",$17.99,No Discount,Nezon Production,Nezon Production,"7,334","6,347",987,Very Positive,"['Action', 'Casual', 'Indie', 'Simulation']"
1876890,Wandering Sword,"Sep 14, 2023",$24.99,$17.49,The Swordman Studio,Spiral Up Games,"44,000","41,731","2,269",Very Positive,"['Adventure', 'Indie', 'RPG', 'Strategy']"
109600,Neverwinter,"Dec 5, 2013",Free to Play,No Discount,Cryptic Studios,Arc Games,"39,605","30,675","8,930",Mostly Positive,"['Action', 'Adventure', 'Massively Multiplayer', 'RPG']"
239030,"Papers, Please","Aug 8, 2013",$9.99,No Discount,Lucas Pope,3909,"79,937","77,777","2,160",Overwhelmingly Positive,"['Adventure', 'Indie']"
1321440,Cassette Beasts,"Apr 26, 2023",$19.99,$6.99,Bytten Studio,Raw Fury,"10,982","10,332",650,Very Positive,"['Indie', 'RPG']"
"292030,378649,378648",The Witcher 3: Wild Hunt - Complete Edition,"May 18, 2015",$39.99,$7.99,CD PROJEKT RED,CD PROJEKT RED,"891,229","856,966","34,263",Very Positive,['RPG']
3645890,GONE Fishing,"Jun 15, 2025",$9.99,No Discount,GONE Studios,GONE Studios,"3,446","3,135",311,Very Positive,"['Action', 'Adventure', 'Indie', 'Early Access']"
243470,Watch_Dogs™,"May 26, 2014",$19.99,No Discount,Ubisoft,Ubisoft,"51,896","41,225","10,671",Very Positive,"['Action', 'Adventure']"
1656370,Destiny 2: Bungie 30th Anniversary Pack,"Dec 7, 2021",$14.99,$1.49,Bungie,Bungie,"2,193","1,023","1,170",Mixed,"['Action', 'Adventure', 'Free To Play']"
2753900,The King is Watching,"Jul 21, 2025",$14.99,$9.74,Hypnohead,tinyBuild,"10,263","9,125","1,138",Very Positive,"['Indie', 'Strategy']"
690830,Foundation,"Jan 31, 2025",$34.99,No Discount,Polymorph Games,Polymorph Games,"24,042","20,812","3,230",Very Positive,"['Indie', 'Simulation', 'Strategy']"
1096900,RPG Maker MZ,"Aug 27, 2020",$79.99,No Discount,Gotcha Gotcha Games,Gotcha Gotcha Games,"2,325","1,986",339,Very Positive,"['RPG', 'Design & Illustration', 'Education', 'Web Publishing']"
2749950,Esports Manager 2026,"Jul 6, 2026",No Price,No Discount,Neurona Games,indie.io,"3,352","2,474",878,Mixed,"['Indie', 'Simulation', 'Sports', 'Strategy']"
2764750,The Other Side,"Mar 7, 2025",No Price,No Discount,Vectora Games,Vectora Games,"1,355","1,270",85,Very Positive,"['Action', 'Adventure', 'Casual', 'Indie']"
2825530,Beholder: Conductor,"Apr 23, 2025",$13.99,No Discount,Alawar,Alawar,"5,064","4,624",440,Very Positive,"['Adventure', 'Indie', 'Simulation', 'Strategy']"
648410,Colony Ship: A Post-Earth Role Playing Game,"Nov 9, 2023",$39.99,$15.99,Iron Tower Studio,Iron Tower Studio,"4,091","3,601",490,Very Positive,['RPG']
4634490,Master Healer Kale with useless party,"Jul 2, 2026",No Price,No Discount,Evrac Studio,Evrac Studio,"1,558","1,502",56,Overwhelmingly Positive,"['Indie', 'RPG', 'Strategy']"
3315530,Crusader Kings III: All Under Heaven,"Oct 28, 2025",$29.99,No Discount,Paradox Development Studio,Paradox Interactive,"2,180","1,490",690,Mixed,"['RPG', 'Simulation', 'Strategy']"
307780,Mortal Kombat X,"Apr 13, 2015",$19.99,No Discount,NetherRealm Studios,Warner Bros. Games,"60,543","52,236","8,307",Very Positive,['Action']
3282420,Zoominoes,"Jul 30, 2026",$14.99,$12.74,Starlight Games inc.,Starlight Games inc.,129,126,3,Very Positive,"['Indie', 'Strategy']"
633230,NARUTO TO BORUTO: SHINOBI STRIKER,"Aug 31, 2018",$19.99,No Discount,Soleil Ltd.,Bandai Namco Entertainment,"56,541","47,310","9,231",Mostly Positive,['Action']
403640,Dishonored 2,"Nov 11, 2016",$29.99,$5.99,Arkane Studios,Bethesda Softworks,"66,457","59,592","6,865",Very Positive,['Action']
504230,Celeste,"Jan 25, 2018",$19.99,No Discount,Maddy Makes Games Inc.,Maddy Makes Games Inc.,"145,247","141,475","3,772",Overwhelmingly Positive,"['Action', 'Adventure', 'Indie']"
2307350,Into the Radius 2,"Apr 23, 2026",$39.99,No Discount,CM IMMERSIVE,CM IMMERSIVE,"5,605","4,489","1,116",Mostly Positive,"['Action', 'Adventure', 'Indie', 'Simulation']"
1113000,Persona 4 Golden,"Jun 13, 2020",$19.99,No Discount,ATLUS,SEGA,"86,574","84,012","2,562",Overwhelmingly Positive,['RPG']
3615160,Teddy's Haven,"May 6, 2025",No Price,No Discount,Teddy Bear Games LLC,Teddy Bear Games LLC,"2,766","2,661",105,Very Positive,"['Adventure', 'Casual', 'Indie', 'RPG']"
2748340,Goblin Cleanup,"Sep 18, 2025",$19.99,$12.99,Crisalu Games,Team17,"2,316","2,032",284,Very Positive,"['Adventure', 'Casual', 'Indie', 'Simulation']"
356190,Middle-earth™: Shadow of War™,"Oct 9, 2017",Demo Middle-earth™: Shadow of War™,No Discount,Monolith Productions,WB Games,"116,327","103,445","12,882",Very Positive,"['Action', 'Adventure', 'RPG']"
1875830,Shin Megami Tensei V: Vengeance,"Jun 13, 2024",No Price,No Discount,ATLUS,SEGA,"12,536","11,522","1,014",Very Positive,"['Adventure', 'RPG']"
500,Left 4 Dead,"Nov 17, 2008",$9.99,No Discount,Valve,Valve,"67,772","65,326","2,446",Overwhelmingly Positive,['Action']
505460,Foxhole,"Sep 28, 2022",$29.99,No Discount,Siege Camp,Siege Camp,"52,721","41,940","10,781",Mixed,"['Action', 'Indie', 'Massively Multiplayer', 'RPG']"
2593750,Muse Dash - Muse Plus,"Oct 4, 2023",$34.99,No Discount,peropero,hasuhasu,755,573,182,Mostly Positive,"['Action', 'Casual', 'Indie']"
2290180,Riders Republic,"Jun 8, 2023",$39.99,No Discount,Ubisoft Annecy,Ubisoft Entertainment,"31,434","25,692","5,742",Very Positive,"['Massively Multiplayer', 'Sports']"
1084600,My Time at Sandrock,"Nov 2, 2023",No Price,No Discount,Pathea Games,Pathea Games,"28,911","25,491","3,420",Very Positive,"['Adventure', 'Casual', 'Indie', 'RPG']"
637650,FINAL FANTASY XV WINDOWS EDITION,"Mar 6, 2018",FINAL FANTASY XV WINDOWS EDITION PLAYABLE DEMO,No Discount,Square Enix,Square Enix,"57,819","48,096","9,723",Very Positive,['RPG']
2288470,Aethermancer,"Sep 23, 2025",No Price,No Discount,moi rai games,offbrand games,"2,620","2,396",224,Very Positive,"['Adventure', 'Indie', 'RPG', 'Strategy']"
2737070,Crime Simulator,"Jun 17, 2025",$14.99,No Discount,CookieDev,Ultimate Games S.A.,"6,689","5,548","1,141",Very Positive,"['Action', 'Indie', 'Simulation']"
2211170,Unrailed 2: Back on Track,"Jun 11, 2026",$19.99,No Discount,Indoor Astronaut,Indoor Astronaut,"2,083","1,807",276,Mostly Positive,"['Action', 'Casual', 'Indie', 'Simulation']"
2321470,Deep Rock Galactic: Survivor,"Sep 17, 2025",$12.99,No Discount,Funday Games,Ghost Ship Publishing,"48,036","41,444","6,592",Very Positive,['Action']
206480,Dungeons & Dragons Online®,"Jun 25, 2012",Play for Free!,No Discount,Standing Stone Games,Daybreak Game Company LLC,"7,905","5,636","2,269",Mixed,"['Action', 'Adventure', 'Massively Multiplayer', 'RPG']"
767320,Granblue Fantasy,"Mar 10, 2026",Free To Play,No Discount,"Cygames, Inc.","Cygames, Inc.",910,366,544,Mixed,['RPG']
631510,Devil May Cry HD Collection,"Mar 13, 2018",$29.99,No Discount,"CAPCOM Co., Ltd.","CAPCOM Co., Ltd.","25,062","23,380","1,682",Very Positive,['Action']
779340,Total War: THREE KINGDOMS,"May 23, 2019",$39.99,No Discount,CREATIVE ASSEMBLY,SEGA,"107,919","78,237","29,682",Very Positive,"['Action', 'Strategy']"
2474770,Momento,"Jun 6, 2026",$19.99,No Discount,Fat Alien Cat,Fat Alien Cat & Nomo Studio,197,189,8,Very Positive,['Casual']
1149620,Gas Station Simulator,"Sep 15, 2021",$19.99,$9.39,DRAGO entertainment,DRAGO entertainment,"27,347","24,057","3,290",Very Positive,"['Casual', 'Indie', 'Simulation']"
3012580,American Truck Simulator - Louisiana,"Dec 4, 2025",$11.99,No Discount,SCS Software,SCS Software,290,221,69,Mostly Positive,"['Indie', 'Simulation']"
2543830,Way of the Hunter 2,"Mar 26, 2026",$34.99,No Discount,Nine Rocks Games,THQ Nordic,"1,303",974,329,Mostly Positive,"['Adventure', 'Simulation', 'Early Access']"
219150,Hotline Miami,"Oct 23, 2012",$9.99,$2.49,Dennaton Games,Devolver Digital,"126,969","122,969","4,000",Very Positive,"['Action', 'Indie']"
3219010,Fogpiercer,"Jul 17, 2026",$19.99,No Discount,Mad Cookies Studio,Hooded Horse,494,410,84,Very Positive,"['RPG', 'Strategy']"
3683770,Boba Cafe Simulator,"Jul 24, 2026",No Price,No Discount,Caikemi,Caikemi,"1,183","1,111",72,Very Positive,"['Casual', 'RPG', 'Simulation']"
3501070,Car Service Together,"Feb 4, 2026",$19.99,No Discount,V12 Studio,V12 Studio,"3,868","3,068",800,Mostly Positive,"['Indie', 'Racing', 'Simulation', 'Early Access']"
1451940,NEEDY STREAMER OVERLOAD,"Jan 21, 2022",$15.99,No Discount,WSS playground,WSS playground,"57,270","54,032","3,238",Very Positive,"['Adventure', 'Indie']"
4318580,Dead by Daylight: Stranger Things Chapter 2,"Jan 27, 2026",$11.99,No Discount,Behaviour Interactive Inc.,Behaviour Interactive Inc.,870,597,273,Mixed,['Action']
341800,Keep Talking and Nobody Explodes,"Oct 8, 2015",$14.99,No Discount,Steel Crate Games,Steel Crate Games,"17,051","16,587",464,Very Positive,['Indie']
1911610,Windblown,"Oct 24, 2024",$24.99,$17.49,Motion Twin,Motion Twin,"10,272","9,140","1,132",Mostly Positive,"['Action', 'Indie', 'Early Access']"
3618850,Pronoun Palace,"Jun 4, 2026",$19.84,No Discount,Cadence Petersen,Cadence Petersen,"1,210","1,201",9,Overwhelmingly Positive,"['Casual', 'Indie']"
335300,DARK SOULS™ II: Scholar of the First Sin,"Apr 1, 2015",$39.99,No Discount,"FromSoftware, Inc.",Bandai Namco Entertainment,"131,033","109,923","21,110",Mostly Positive,"['Action', 'RPG']"
850190,Goat Simulator 3,"Feb 15, 2024",$29.99,No Discount,Coffee Stain North,Coffee Stain Publishing,"15,760","15,411",349,Overwhelmingly Positive,"['Adventure', 'Casual', 'Simulation']"
1929610,Demonologist,"Sep 25, 2023",No Price,No Discount,Clock Wizard Games,Clock Wizard Games,"23,981","20,438","3,543",Very Positive,"['Action', 'Adventure', 'Indie']"
1328660,Need for Speed™ Hot Pursuit Remastered,"Nov 6, 2020",No Price,No Discount,Stellar Entertainment Limited,Electronic Arts,"14,350","11,628","2,722",Very Positive,"['Action', 'Racing']"
3483400,ARK: Astraeos,"Feb 13, 2025",$14.99,No Discount,Studio Wildcard,Studio Wildcard,838,401,437,Mixed,"['Action', 'Adventure', 'Indie', 'Massively Multiplayer']"
8500,EVE Online,"May 5, 2003",Free To Play,No Discount,Fenris Creations,Fenris Creations,"39,210","28,769","10,441",Mixed,"['Action', 'Massively Multiplayer', 'RPG', 'Strategy']"
2014780,X-Plane 12,"Dec 17, 2022",$59.99,No Discount,Laminar Research,Laminar Research,"6,375","5,529",846,Very Positive,['Simulation']
305620,The Long Dark,"Aug 1, 2017",$19.99,No Discount,Hinterland Studio Inc.,Hinterland Studio Inc.,"124,873","110,814","14,059",Very Positive,"['Adventure', 'Indie', 'Simulation', 'Strategy']"
3024040,Stronghold Crusader: Definitive Edition,"Jul 15, 2025",$19.99,No Discount,Firefly Studios,Firefly Studios,"11,400","10,546",854,Very Positive,"['Simulation', 'Strategy']"
960170,DJMAX RESPECT V,"Mar 11, 2020",$49.99,No Discount,NEOWIZ,NEOWIZ,"34,733","30,802","3,931",Very Positive,"['Action', 'Casual', 'Sports']"
1909950,SUPER ROBOT WARS Y,"Aug 27, 2025",$59.99,$35.99,Bandai Namco Forge Digitals Inc.,Bandai Namco Entertainment Inc.,"2,724","2,264",460,Mostly Positive,"['RPG', 'Simulation', 'Strategy']"
611670,The Elder Scrolls V: Skyrim VR,"Apr 2, 2018",$59.99,$14.99,Bethesda Game Studios,Bethesda Softworks,"12,291","9,206","3,085",Mixed,['RPG']
1243830,Overcooked! All You Can Eat,"Mar 23, 2021",$39.99,No Discount,Team17 Digital,Team17 Digital,"8,068","5,879","2,189",Mostly Positive,"['Casual', 'Indie', 'Simulation', 'Strategy']"
3110760,Alabaster Dawn,"May 7, 2026",No Price,No Discount,Radical Fish Games,Radical Fish Games,"2,168","2,056",112,Very Positive,"['Action', 'RPG', 'Early Access']"
1248130,Farming Simulator 22,"Nov 21, 2021",$19.99,No Discount,Giants Software,Giants Software,"92,282","85,546","6,736",Very Positive,['Simulation']
1437760,Peripeteia,"Feb 21, 2025",No Price,No Discount,Ninth Exodus,Ninth Exodus,"3,282","2,822",460,Very Positive,"['Action', 'Indie', 'RPG', 'Simulation']"
1458150,The Sims™ 4 Cottage Living Expansion Pack,"Jul 22, 2021",$39.99,$19.99,Maxis,Electronic Arts,313,226,87,Mostly Positive,"['Casual', 'Simulation']"
3672960,House Flipper 2 - Scooby-Doo DLC,"Oct 23, 2025",$14.99,No Discount,Frozen District,Frozen District,196,172,24,Very Positive,"['Casual', 'Indie', 'Simulation']"
2458980,Dimhaven - The Lost Source,"Jun 23, 2026",No Price,No Discount,Zadbox Entertainment,Blue Brain Games,862,757,105,Very Positive,"['Adventure', 'Indie']"
590830,s&box,"Apr 28, 2026",$19.99,No Discount,Facepunch Studios,Facepunch Studios,"9,102","5,360","3,742",Mixed,"['Action', 'Adventure', 'Casual', 'Indie']"
2830030,MOTORSLICE,"May 5, 2026",No Price,No Discount,Regular Studio,"Top Hat Studios, Inc.","5,346","4,573",773,Very Positive,"['Action', 'Adventure', 'Indie']"
1235733,The Sims™ 4 Seasons,"Jun 21, 2018",$39.99,$19.99,Maxis,Electronic Arts,547,365,182,Mixed,['Simulation']
2116120,Incursion Red River,"Apr 10, 2024",$21.99,No Discount,Games Of Tomorrow GmbH,Games Of Tomorrow GmbH,"9,084","6,905","2,179",Mostly Positive,"['Action', 'Early Access']"
304050,Trove,"Jul 9, 2015",No Price,No Discount,gamigo US Inc.,gamigo US Inc.,"92,783","74,092","18,691",Mixed,"['Action', 'Adventure', 'Casual', 'Massively Multiplayer']"
3618030,Flock Around,"Apr 24, 2026",$4.99,No Discount,Friend Shaped Games,Friend Shaped Games,"2,006","1,974",32,Overwhelmingly Positive,"['Casual', 'Indie']"
2873660,Global Rescue,"Apr 27, 2026",No Price,No Discount,PeDePe GbR ,Aerosoft GmbH ,"1,707","1,465",242,Very Positive,"['Simulation', 'Strategy', 'Early Access']"
2881370,Thank You For Your Application,"Jun 19, 2026",No Price,No Discount,IceLemonTea Studio,IceLemonTea Studio,910,745,165,Mostly Positive,"['Indie', 'RPG', 'Simulation']"
4329260,Substance 3D Painter 2026,"Mar 11, 2025",$199.99,No Discount,Adobe,Adobe,116,69,47,Mixed,"['Animation & Modeling', 'Game Development']"
1206200,Conan Exiles Enhanced: Isle of Siptah,"May 27, 2021",$19.99,No Discount,Funcom,Funcom,"1,729",903,826,Mixed,"['Action', 'Adventure', 'Massively Multiplayer', 'RPG']"
4078200,Dwarf Eats Mountain,"May 18, 2026",$9.99,No Discount,Green Wizard,Green Wizard,"1,016",828,188,Very Positive,"['Casual', 'Indie', 'Simulation', 'Strategy']"
400,Portal,"Oct 10, 2007",No Price,No Discount,Valve,Valve,"197,926","195,005","2,921",Overwhelmingly Positive,['Action']
3478050,Road to Empress I,"Sep 8, 2025",No Price,No Discount, New One Studio, New One Studio,"12,736","10,998","1,738",Very Positive,"['Adventure', 'Casual', 'Indie', 'RPG']"
3417840,Stellaris: BioGenesis,"May 5, 2025",$24.99,No Discount,Paradox Development Studio,Paradox Interactive,"1,121",477,644,Mixed,"['Simulation', 'Strategy']"
636480,Ravenfield,"May 18, 2017",$17.99,No Discount,SteelRaven7,SteelRaven7,"79,751","77,135","2,616",Very Positive,"['Action', 'Indie', 'Early Access']"
4252290,Meowgic,"Jul 20, 2026",$7.99,No Discount,Lazy Turtle Games,Polden Publishing,447,369,78,Very Positive,"['Action', 'Adventure']"
214490,Alien: Isolation,"Oct 6, 2014",$39.99,No Discount,Creative Assembly,SEGA,"66,337","61,781","4,556",Very Positive,['Action']
552100,Brick Rigs,"Jul 14, 2023",$19.99,No Discount,Fluppisoft GmbH,Fluppisoft GmbH,"58,838","55,846","2,992",Very Positive,['Simulation']
2524890,Pixel Gun 3D: PC Edition,"Apr 2, 2024",Free To Play,No Discount,Cubic Games Studio,Cubic Games Studio,"46,318","31,164","15,154",Mostly Positive,"['Action', 'Adventure', 'Massively Multiplayer', 'Free To Play']"
4863550,Dark and Darker - EAS10 Seasonal Pack,"Jul 16, 2026",$8.99,No Discount,IRONMACE,IRONMACE,11,8,3,Mostly Positive,"['Action', 'RPG', 'Free To Play']"
2956680,LORT,"Jan 21, 2026",$14.99,No Discount,Big Distraction,Big Distraction,"4,249","3,290",959,Very Positive,"['Action', 'Early Access']"
1135690,Unpacking,"Nov 1, 2021",$19.99,No Discount,Witch Beam,Balor Games,"40,562","37,807","2,755",Very Positive,"['Casual', 'Indie', 'Simulation']"
3950130,Database Detective: Minor Crimes Division,"Jul 17, 2026",No Price,No Discount,Thomas Hsu,Thomas Hsu,487,474,13,Very Positive,['Indie']
201810,Wolfenstein: The New Order,"May 19, 2014",$19.99,$4.99,MachineGames,Bethesda Softworks,"61,775","56,660","5,115",Very Positive,['Action']
667970,VTOL VR,"Aug 3, 2017",$29.99,No Discount,"Boundless Dynamics, LLC","Boundless Dynamics, LLC","21,713","21,291",422,Overwhelmingly Positive,"['Action', 'Indie', 'Simulation']"
1369670,Motor Town: Behind The Wheel,"Dec 17, 2021",No Price,No Discount,P3 Games,P3 Games,"9,490","8,902",588,Very Positive,"['Adventure', 'Casual', 'Indie', 'Racing']"
220240,Far Cry 3,"Dec 4, 2012",$19.99,No Discount,"Ubisoft Montreal, Massive Entertainment, and Ubisoft Shanghai",Ubisoft,"132,289","116,326","15,963",Mostly Positive,"['Action', 'Adventure']"
1995520,Pax Dei,"Oct 16, 2025",No Price,No Discount,Mainframe Industries,Mainframe Industries,"11,230","6,348","4,882",Mixed,"['Action', 'Adventure', 'Massively Multiplayer', 'RPG']"
2447590,Call to Arms - Gates of Hell: Liberation,"Nov 29, 2023",$29.99,No Discount,Barbedwire Studios,Digitalmindsoft,"1,150",841,309,Very Positive,"['Action', 'Simulation', 'Strategy']"
1159690,Voidtrain,"Nov 7, 2025",$29.99,No Discount,HypeTrain Digital,HypeTrain Digital,"9,764","7,199","2,565",Mostly Positive,"['Action', 'Adventure', 'Indie', 'RPG']"
1912410,Minecraft Dungeons II,"Sep 29, 2026",$29.99,No Discount,Mojang Studios,Xbox Game Studios,0,0,0,"['Action', 'Adventure', 'RPG']",
886250,Vegas Infinite by PokerStars,"Nov 10, 2023",Free To Play,No Discount,Lucky VR Inc.,The Stars Group Inc.,"8,246","6,508","1,738",Mixed,"['Casual', 'Strategy', 'Free To Play']"
3414580,Forbidden Solitaire,"Apr 30, 2026",$15.99,$11.99,Grey Alien Games,Night Signal Entertainment,"2,063","1,996",67,Overwhelmingly Positive,"['Indie', 'Strategy']"
490110,The Precinct,"May 13, 2025",$29.99,$20.09,Fallen Tree Games Ltd,Kwalee,"9,107","7,971","1,136",Very Positive,"['Action', 'Indie', 'Simulation']"
2417470,Beastro,"Jun 11, 2026",$29.69,$11.53,Timberline Studio,Timberline Studio,561,517,44,Very Positive,"['Casual', 'Indie', 'RPG']"
947510,Sid Meier's Civilization® VI: Gathering Storm,"Feb 13, 2019",$39.99,$19.99,Firaxis Games,2K,"3,168","2,133","1,035",Mixed,['Strategy']
1920430,FUMES,"Jul 28, 2025",No Price,No Discount,FUMES team,FUMES team,"2,779","2,684",95,Very Positive,"['Action', 'Adventure', 'Casual', 'Indie']"
262060,Darkest Dungeon®,"Jan 19, 2016",$24.99,No Discount,Red Hook Studios,Red Hook Studios,"161,022","147,612","13,410",Very Positive,"['Indie', 'RPG', 'Strategy']"
3230400,EA SPORTS™ Madden NFL 26,"Aug 14, 2025",No Price,No Discount,Tiburon,Electronic Arts,"5,792","3,059","2,733",Mixed,"['Simulation', 'Sports']"
304240,Resident Evil,"Jan 19, 2015",$19.99,No Discount,"CAPCOM Co., Ltd.","CAPCOM Co., Ltd.","35,938","33,169","2,769",Very Positive,"['Action', 'Adventure']"
323190,Frostpunk,"Apr 24, 2018",$29.99,No Discount,11 bit studios,11 bit studios,"136,686","126,753","9,933",Very Positive,"['Simulation', 'Strategy']"
3751260,The Blood of Dawnwalker,"Sep 2, 2026",$69.99,No Discount,Rebel Wolves,Bandai Namco Entertainment,0,0,0,"['Action', 'Adventure', 'RPG']",
233450,Prison Architect,"Oct 6, 2015",$29.99,No Discount,Introversion Software,Paradox Interactive,"74,087","65,883","8,204",Very Positive,"['Indie', 'Simulation', 'Strategy']"
1366800,Crosshair X,"Jun 1, 2020",$9.99,No Discount,CenterPoint Gaming,CenterPoint Gaming,"44,567","41,610","2,957",Very Positive,"['Action', 'Adventure', 'Indie', 'Software Training']"
1106840,Hydroneer,"May 8, 2020",$14.99,No Discount,Foulball Hangover,Foulball Hangover,"28,331","24,276","4,055",Mostly Positive,"['Adventure', 'Casual', 'Indie', 'Simulation']"
899770,Last Epoch,"Feb 21, 2024",$34.99,No Discount,Eleventh Hour Games,Eleventh Hour Games,"118,524","90,658","27,866",Mostly Positive,"['Action', 'Adventure', 'Indie', 'RPG']"
4796640,UNBEATABLE - The Jamie Paige Content Companion,"Jul 27, 2026",$9.99,No Discount,D-CELL GAMES,Playstack,288,285,3,Very Positive,"['Adventure', 'Indie']"
1238810,Battlefield™ V,"Nov 9, 2018",No Price,No Discount,DICE,Electronic Arts,"268,854","189,920","78,934",Mixed,['Action']
424840,Little Nightmares,"Apr 27, 2017",$19.99,$4.99,Tarsier Studios,BANDAI NAMCO Entertainment,"116,414","110,306","6,108",Very Positive,['Adventure']
311690,Enter the Gungeon,"Apr 5, 2016",$14.99,No Discount,Dodge Roll,Devolver Digital,"89,613","85,246","4,367",Very Positive,"['Action', 'Adventure', 'Indie']"
4712160,Fallout 76 - Deathclaw Pet Bundle,"Jun 2, 2026",$29.99,$17.99,Bethesda Game Studios,Bethesda Softworks,36,25,11,Mostly Positive,['RPG']
3700980,How to Make an Atomic Bomb in Your Garden,"Jun 9, 2026",No Price,No Discount,karahan,karahan,"1,778","1,597",181,Very Positive,"['Adventure', 'Casual', 'Indie', 'Simulation']"
4285690,Airport Security Sucks!,"Jun 5, 2026",$7.99,No Discount,JakeHub,Jatater Worldwide,457,389,68,Very Positive,"['Action', 'Casual', 'Indie', 'Simulation']"
3178350,WARRIORS: Abyss,"Feb 12, 2025",$24.99,$9.99,"KOEI TECMO GAMES CO., LTD.","KOEI TECMO GAMES CO., LTD.","2,281","1,963",318,Very Positive,"['Action', 'RPG']"
4088670,Ludus Magnatus: Gladiator Manager Simulator,"Jul 21, 2026",$24.99,$22.49,Contec Games,Contec Games,457,372,85,Very Positive,"['Action', 'Indie', 'Simulation', 'Sports']"
249130,LEGO® Marvel™ Super Heroes,"Oct 22, 2013",$19.99,$3.99,Traveller's Tales,Warner Bros. Interactive Entertainment,"30,602","29,262","1,340",Overwhelmingly Positive,"['Action', 'Adventure']"
4286120,Photomaly,"Jul 21, 2026",$6.99,$5.59,Revira Interactive,Alibi Games,"1,014",916,98,Very Positive,"['Indie', 'Simulation']"
872670,SCP: 5K,"Feb 22, 2022",$19.99,No Discount,Affray Interactive,Balor Games,"15,121","12,017","3,104",Very Positive,"['Action', 'Indie', 'Massively Multiplayer', 'Strategy']"
2803490,Atomcraft,"Jul 22, 2026",No Price,No Discount,Triplejump,Triplejump,241,233,8,Very Positive,"['Action', 'Adventure', 'Indie', 'RPG']"
933110,Age of Empires III: Definitive Edition,"Oct 15, 2020",Free To Play,No Discount,World's Edge,Xbox Game Studios,"54,453","46,743","7,710",Very Positive,"['Strategy', 'Free To Play']"
1385380,Across the Obelisk,"Apr 8, 2021",$19.99,No Discount,Dreamsite Games,Paradox Interactive,"13,036","10,490","2,546",Mixed,"['Adventure', 'Indie', 'RPG', 'Strategy']"
386180,Crossout,"Jul 26, 2017",Free To Play,No Discount,Targem Games,Gaijin Network Ltd,"69,589","52,260","17,329",Mostly Positive,"['Action', 'Adventure', 'Massively Multiplayer', 'Racing']"
2764370,Starward,"Apr 24, 2024",Free To Play,No Discount,Game Blender,盛天游戏,"3,741","2,420","1,321",Mixed,"['Action', 'Adventure', 'Massively Multiplayer', 'RPG']"
2815290,The Sims™ 4 Life & Death Expansion Pack,"Oct 31, 2024",$39.99,$19.99,Maxis,Electronic Arts,113,86,27,Mostly Positive,"['Adventure', 'Casual', 'Simulation']"
3133920,Castle Crashers - Painter Boss Paradise,"Aug 6, 2025",$3.99,No Discount,The Behemoth,The Behemoth,"1,031",949,82,Very Positive,"['Action', 'Adventure', 'Casual', 'Indie']"
4508320,Plague Inc: Aliens & Anti-Vaxxers,"Apr 7, 2026",$5.99,No Discount,Ndemic Creations,Ndemic Creations,310,260,50,Very Positive,"['Casual', 'Indie', 'Simulation', 'Strategy']"
274170,Hotline Miami 2: Wrong Number,"Mar 10, 2015",$14.99,$3.74,Dennaton Games,Devolver Digital,"79,573","74,892","4,681",Very Positive,"['Action', 'Indie']"
2426530,Nova Roma,"Mar 26, 2026",$29.99,No Discount,Lion Shield,Hooded Horse,"2,199","2,067",132,Very Positive,"['Simulation', 'Strategy', 'Early Access']"
4735410,Warframe: Mesa Heirloom Collection,"Jul 11, 2026",$24.99,No Discount,Digital Extremes,Digital Extremes,27,26,1,Positive,"['Action', 'RPG', 'Free To Play']"
1583230,High On Life,"Dec 13, 2022",$39.99,No Discount,"Squanch Games, Inc.","Squanch Games, Inc.","25,430","22,639","2,791",Very Positive,"['Action', 'Adventure']"
2914150,Yunyun Syndrome!? Rhythm Psychosis,"Apr 23, 2026",$16.99,No Discount,Alliance Arts,Alliance Arts,"4,116","3,755",361,Very Positive,"['Adventure', 'Indie', 'Simulation']"
2966320,Starsand Island,"Feb 11, 2026",No Price,No Discount,Seed Sparkle Lab,Seed Sparkle Lab,"6,125","5,017","1,108",Very Positive,"['Casual', 'Indie', 'RPG', 'Simulation']"
830450,Call of Duty®: Black Ops III - Der Eisendrache Zombies Map,"May 1, 2018",$7.99,No Discount,Treyarch,Activision,475,437,38,Very Positive,"['Action', 'Adventure']"
1258080,Shop Titans,"May 5, 2020",Free To Play,No Discount,"Kabam Games, Inc.","Kabam Games, Inc.","17,917","13,965","3,952",Mostly Positive,"['Adventure', 'Casual', 'RPG', 'Simulation']"
1940340,Darkest Dungeon® II,"May 8, 2023",$39.99,No Discount,Red Hook Studios,Red Hook Studios,"26,558","19,859","6,699",Mostly Positive,"['Indie', 'RPG', 'Strategy']"
2936290,The Life and Suffering of Prince Jerian,"Jul 20, 2026",$24.99,No Discount,Schisma Games,101XP,"1,358","1,038",320,Mostly Positive,"['Indie', 'RPG']"
1066780,Transport Fever 2,"Dec 11, 2019",$39.99,No Discount,Urban Games,Good Shepherd Entertainment,"32,323","29,192","3,131",Very Positive,"['Casual', 'Indie', 'Simulation', 'Strategy']"
1097580,CUSTOM ORDER MAID 3D2 It's a Night Magic,"Jul 30, 2019",$40.00,$31.60,KISS,S-court,"1,544","1,278",266,Very Positive,"['Adventure', 'Indie', 'Simulation']"
2475490,Mouthwashing,"Sep 26, 2024",$12.99,No Discount,Wrong Organ,CRITICAL REFLEX,"38,027","36,226","1,801",Very Positive,"['Adventure', 'Indie']"
1099410,A Total War Saga: TROY,"Sep 2, 2021",$39.99,No Discount,CREATIVE ASSEMBLY,SEGA,"3,739","2,676","1,063",Mostly Positive,"['Action', 'Simulation', 'Strategy']"
1118200,People Playground,"Jul 23, 2019",$9.99,No Discount,mestiez,Studio Minus,"316,176","311,327","4,849",Overwhelmingly Positive,"['Action', 'Casual', 'Indie', 'Simulation']"
1388770,Cruelty Squad,"Jun 15, 2021",$19.99,$1.99,Consumer Softproducts,Consumer Softproducts,"24,605","23,643",962,Very Positive,"['Action', 'Indie', 'Simulation']"
2569510,MLB 9 Innings Rivals 26,"Mar 17, 2025",Free To Play,No Discount,Com2uS,Com2uS,"1,693","1,340",353,Mostly Positive,"['Sports', 'Free To Play']"
2904040,Cheap Car Repair,"May 28, 2026",No Price,No Discount,Little Dog Games,Simplicity Games,"3,269","3,013",256,Very Positive,"['Adventure', 'Indie', 'Simulation', 'Strategy']"
1990600,The Sims™ 4 Horse Ranch Expansion Pack,"Jul 20, 2023",$39.99,$19.99,Maxis,Electronic Arts,300,150,150,Mixed,"['Casual', 'Simulation']"
476600,Call of Duty®: WWII,"Nov 2, 2017",$59.99,No Discount,Sledgehammer Games,Activision,"46,558","32,725","13,833",Very Positive,['Action']
1235731,The Sims™ 4 City Living,"Sep 30, 2016",$39.99,$19.99,Maxis,Electronic Arts,302,184,118,Mixed,['Simulation']
752590,A Plague Tale: Innocence,"May 14, 2019",$39.99,No Discount,Asobo Studio,Focus Entertainment,"70,623","65,850","4,773",Very Positive,"['Action', 'Adventure']"
2013360,The Oregon Trail,"Nov 14, 2022",$29.99,No Discount,Gameloft,Gameloft,"1,266","1,001",265,Mixed,"['Adventure', 'Casual', 'Simulation', 'Strategy']"
2239710,Into the Dead: Our Darkest Days,"Apr 9, 2025",$24.99,No Discount,PikPok,Boltray Games (China),"9,373","8,360","1,013",Very Positive,"['Action', 'Simulation', 'Strategy', 'Early Access']"
678960,CODE VEIN,"Sep 26, 2019",No Price,No Discount,Bandai Namco Studios,Bandai Namco Entertainment,"62,265","51,740","10,525",Mostly Positive,"['Action', 'RPG']"
235460,METAL GEAR RISING: REVENGEANCE,"Jan 9, 2014",$29.99,No Discount,PlatinumGames,KONAMI,"88,652","85,131","3,521",Overwhelmingly Positive,['Action']
784150,Workers & Resources: Soviet Republic,"Jun 20, 2024",$39.99,No Discount,3Division,Hooded Horse,"27,218","24,704","2,514",Very Positive,"['Simulation', 'Strategy']"
1465750,American Truck Simulator - Texas,"Nov 15, 2022",$17.99,No Discount,SCS Software,SCS Software,745,654,91,Very Positive,"['Indie', 'Simulation']"
1361510,Teenage Mutant Ninja Turtles: Shredder's Revenge,"Jun 16, 2022",$24.99,No Discount,Tribute Games Inc.,Dotemu,"14,759","13,931",828,Very Positive,"['Action', 'Adventure', 'Casual', 'Indie']"
22320,The Elder Scrolls III: Morrowind® Game of the Year Edition,"Apr 29, 2002",$14.99,$5.99,Bethesda Game Studios,Bethesda Softworks,"28,430","27,088","1,342",Overwhelmingly Positive,['RPG']
1003590,Tetris® Effect: Connected,"Aug 17, 2021",$39.99,$19.99,Monstars Inc.,Enhance,"8,945","8,455",490,Very Positive,"['Casual', 'Indie']"
2742830,Monster Train 2,"May 21, 2025",$24.99,No Discount,Shiny Shoe,Big Fan Games,"10,024","9,555",469,Very Positive,"['Indie', 'Strategy']"
1116050,Starminer,"May 27, 2026",$29.99,No Discount,CoolAndGoodGames,CoolAndGoodGames,"1,841","1,359",482,Mixed,"['Action', 'Indie', 'RPG', 'Simulation']"
982970,Kerbal Space Program: Breaking Ground Expansion,"May 30, 2019",$14.99,$4.49,Squad,Private Division,545,419,126,Mostly Positive,"['Indie', 'Simulation']"
870780,CONTROL Ultimate Edition,"Aug 27, 2020",$39.99,No Discount,Remedy Entertainment,Remedy Entertainment,"62,585","53,866","8,719",Very Positive,"['Action', 'Adventure']"
3174120,Ready or Not: Dark Waters,"Dec 10, 2024",$9.99,No Discount,VOID Interactive,VOID Interactive,"1,671","1,022",649,Mostly Positive,"['Action', 'Adventure', 'Indie']"
2916430,Fast Food Simulator,"Dec 10, 2024",$14.99,No Discount,No Ceiling Games,No Ceiling Games,"9,627","8,476","1,151",Mixed,"['Indie', 'Simulation', 'Early Access']"
641990,The Escapists 2,"Aug 21, 2017",$19.99,$4.99,Team17,Team17,"33,656","30,488","3,168",Overwhelmingly Positive,"['Indie', 'Simulation', 'Strategy']"
2208570,Dark Hours,"Oct 23, 2025",$9.99,No Discount,Piece of Cake studios,Piece of Cake studios,"4,110","3,374",736,Mixed,"['Action', 'Adventure']"
2009350,Out of Ore,"Oct 31, 2022",$24.99,No Discount,North Modding Company AB,North Modding Company AB,"4,089","3,506",583,Mostly Positive,"['Adventure', 'Casual', 'Simulation', 'Strategy']"
2157830,John Carpenter's Toxic Commando,"Mar 12, 2026",$39.99,No Discount,Saber Interactive,Focus Entertainment,"7,096","5,259","1,837",Mixed,"['Action', 'Adventure']"
1333350,Angel Legion,"Aug 14, 2020",Free To Play,No Discount,Shanghai SilverMoon Network Technology Co.Ltd,Shanghai SilverMoon Network Technology Co.Ltd,"10,885","8,804","2,081",Mostly Positive,"['Adventure', 'RPG', 'Strategy', 'Free To Play']"
2526380,Sword of Convallaria,"Jul 31, 2024",Free To Play,No Discount,XD,XD,"4,749","3,569","1,180",Mostly Positive,"['RPG', 'Strategy', 'Free To Play']"
2000890,MechWarrior 5: Clans,"Oct 16, 2024",$29.99,No Discount,Piranha Games Inc.,Piranha Games Inc.,"5,830","4,330","1,500",Mixed,"['Action', 'Simulation']"
553420,TUNIC,"Mar 16, 2022",$29.99,No Discount,TUNIC Team,Finji,"18,180","16,594","1,586",Very Positive,"['Action', 'Adventure', 'RPG']"
3678970,TBH: Task Bar Hero,"May 27, 2026",Free To Play,No Discount,Nugem Studio,Nugem Studio,"43,483","23,161","20,322",Mixed,"['Casual', 'Indie', 'RPG', 'Free To Play']"
1817230,Hi-Fi RUSH,"Jan 25, 2023",$29.99,No Discount,Tango Gameworks,"KRAFTON, Inc.","35,801","34,718","1,083",Very Positive,['Action']
3015760,Ready or Not: Home Invasion,"Jul 23, 2024",$9.99,No Discount,VOID Interactive,VOID Interactive,"3,185","1,720","1,465",Mixed,"['Action', 'Adventure', 'Indie']"
368260,Marvel's Midnight Suns,"Dec 1, 2022",$59.99,No Discount,Firaxis Games,2K,"24,135","19,695","4,440",Mostly Positive,"['RPG', 'Strategy']"
4440380,Forza Horizon 6 VIP Membership,"May 18, 2026",$19.99,No Discount,Playground Games,Playground Games,90,70,20,Mostly Positive,"['Racing', 'Simulation', 'Sports']"
647830,LEGO® Marvel Super Heroes 2,"Nov 14, 2017",$19.99,$3.99,TT Games,Warner Bros. Interactive,"10,130","8,671","1,459",Very Positive,['Action']
405310,LEGO® MARVEL's Avengers,"Jan 26, 2016",$19.99,$3.99,Traveller's Tales,Warner Bros. Interactive Entertainment,"8,902","7,855","1,047",Very Positive,"['Action', 'Adventure']"
3669870,CONTROL Resonant,"Sep 24, 2026",$59.99,No Discount,Remedy Entertainment,Remedy Entertainment,0,0,0,"['Action', 'Adventure', 'RPG']",
4599710,IDLE_DIRECTIVE,"Jul 28, 2026",No Price,No Discount,Kevinfu510,Kevinfu510,221,183,38,Very Positive,"['Casual', 'Indie', 'Simulation']"
4563790,Easy Red 2: Blood on the Danube,"Jul 15, 2026",$7.99,No Discount,Marco Amadei,Corvostudio di Amadei Marco,304,261,43,Very Positive,"['Action', 'Indie', 'Simulation', 'Strategy']"
4173620,I Know a Guy: Shady Life Simulator,"Apr 1, 2026",$12.99,No Discount, Bunch'o'Nerds, Bunch'o'Nerds,413,373,40,Very Positive,"['Simulation', 'Early Access']"
979110,Space Haven,"May 13, 2026",$24.99,No Discount,Bugbyte Ltd.,Bugbyte Ltd.,"11,026","9,459","1,567",Mostly Positive,"['Indie', 'RPG', 'Simulation', 'Strategy']"
1763250,SWORN,"Sep 23, 2025",$30.99,$10.53,Windwalk Games,Team17,"4,907","3,936",971,Very Positive,"['Action', 'Indie', 'RPG']"
1154030,Titan Quest II,"Aug 1, 2025",$34.99,No Discount,Grimlore Games,THQ Nordic,"17,593","14,436","3,157",Mixed,"['Action', 'RPG', 'Early Access']"
3152780,Expansion - Hearts of Iron IV: Götterdämmerung,"Nov 14, 2024",$24.99,No Discount,Paradox Development Studio,Paradox Interactive,"1,940","1,401",539,Very Positive,"['Simulation', 'Strategy']"
1634040,Dead by Daylight - Resident Evil Chapter,"Jun 15, 2021",$11.99,No Discount,Behaviour Interactive Inc.,Behaviour Interactive Inc.,"2,513","1,930",583,Very Positive,['Action']
2427743,Cities: Skylines II - Bridges & Ports,"Oct 29, 2025",$19.99,No Discount,Colossal Order,Paradox Interactive,580,312,268,Mixed,['Simulation']
2353060,Invincible VS,"Apr 30, 2026",$49.99,No Discount,Quarter Up,Skybound Games,"3,438","2,627",811,Mostly Positive,"['Action', 'Adventure']"
2212330,Your Only Move Is HUSTLE,"Feb 2, 2023",$4.99,No Discount,Ivy Sly,Ivy Sly,"44,291","42,736","1,555",Overwhelmingly Positive,"['Action', 'Indie', 'Simulation', 'Strategy']"
3562120,Magical Princess,"Apr 27, 2026",$14.99,$11.99,Neotro Inc.,MAGI Inc.,"7,755","7,504",251,Overwhelmingly Positive,"['Adventure', 'Indie', 'RPG', 'Simulation']"
1331550,Big Ambitions,"Mar 10, 2023",$25.99,No Discount,Hovgaard Games,Hovgaard Games,"13,304","12,320",984,Very Positive,"['Indie', 'Simulation', 'Early Access']"
3058630,Assetto Corsa EVO,"Jan 16, 2025",$39.99,No Discount,KUNOS Simulazioni,505 Games,"20,902","12,366","8,536",Mixed,"['Racing', 'Simulation', 'Sports', 'Early Access']"
209160,Call of Duty®: Ghosts,"Mar 25, 2014",$39.99,No Discount,Infinity Ward,Activision,"31,982","20,948","11,034",Very Positive,['Action']
488790,South Park™: The Fractured But Whole™,"Oct 16, 2017",$29.99,No Discount,Ubisoft San Francisco,Ubisoft,"33,383","28,421","4,962",Very Positive,['RPG']
2941710,Project Silverfish,"Jun 25, 2025",$29.99,No Discount,Siris Pendrake,Siris Pendrake,"3,258","3,037",221,Very Positive,"['Action', 'Adventure', 'Indie', 'Early Access']"
325610,Total War: ATTILA,"Feb 17, 2015",$44.99,No Discount,CREATIVE ASSEMBLY,SEGA,"37,593","30,984","6,609",Very Positive,['Strategy']
304430,INSIDE,"Jul 7, 2016",No Price,No Discount,Playdead,Playdead,"75,261","72,997","2,264",Overwhelmingly Positive,"['Action', 'Adventure', 'Indie']"
3417850,Stellaris: Shadows of the Shroud,"Sep 22, 2025",$19.99,No Discount,Paradox Development Studio,Paradox Interactive,385,166,219,Mixed,"['Simulation', 'Strategy']"
3871390,"Warhammer 40,000: Space Marine 2 - Iron Hands Chapter Pack","May 21, 2026",$9.99,No Discount,Saber Interactive,Focus Entertainment,123,109,14,Mostly Positive,"['Action', 'Adventure', 'RPG']"
2993780,FANTASY LIFE i: The Girl Who Steals Time,"May 21, 2025",$59.99,No Discount,LEVEL5 Inc.,LEVEL5 Inc.,"13,474","12,354","1,120",Very Positive,['RPG']
1173820,FINAL FANTASY VI,"Feb 23, 2022",$17.99,No Discount,Square Enix,Square Enix,"4,906","4,516",390,Very Positive,['RPG']
1442430,Storage Hunter Simulator,"Nov 27, 2025",No Price,No Discount,Raccoons Studio,astragon Entertainment,"4,129","3,224",905,Very Positive,"['Casual', 'Indie', 'Simulation']"
1683150,Railroader,"Dec 7, 2023",$29.99,No Discount,Giraffe Lab LLC,Giraffe Lab LLC,"3,506","3,391",115,Very Positive,"['Simulation', 'Strategy', 'Early Access']"
2102730,Dead by Daylight - Resident Evil: PROJECT W Chapter,"Aug 30, 2022",$11.99,No Discount,Behaviour Interactive Inc.,Behaviour Interactive Inc.,"1,987","1,528",459,Very Positive,['Action']
1481170,ZEPHON,"Nov 8, 2024",$39.99,No Discount,Proxy Studios,Proxy Studios,"1,874","1,562",312,Mostly Positive,"['RPG', 'Strategy']"
1119730,"Ranch Simulator: Build, Hunt, Farm","Nov 3, 2023",$24.99,No Discount,Toxic Dog,Excalibur Games,"47,598","37,615","9,983",Very Positive,['Simulation']
2840100,Stellaris: The Machine Age,"May 7, 2024",$24.99,No Discount,Paradox Development Studio,Paradox Interactive,954,723,231,Mostly Positive,"['Simulation', 'Strategy']"
2132850,Rabbit and Steel,"May 9, 2024",$14.99,No Discount,mino_dev,mino_dev,"11,449","11,112",337,Overwhelmingly Positive,"['Action', 'Adventure', 'Indie', 'RPG']"
1933390,Rain World: Downpour,"Jan 19, 2023",$14.99,No Discount,Videocult,Akupara Games,"2,668","2,512",156,Very Positive,"['Action', 'Adventure', 'Indie', 'Simulation']"
2819470,Aquapark Tycoon,"Jul 22, 2026",No Price,No Discount,Boxelware,Boxelware,201,181,20,Very Positive,"['Indie', 'Simulation', 'Strategy', 'Early Access']"
653530,Return of the Obra Dinn,"Oct 18, 2018",$19.99,No Discount,Lucas Pope,3909,"34,872","33,719","1,153",Overwhelmingly Positive,"['Adventure', 'Indie']"
219740,Don't Starve,"Apr 23, 2013",$9.99,No Discount,Klei Entertainment,Klei Entertainment,"113,292","109,383","3,909",Very Positive,"['Adventure', 'Indie', 'Simulation']"
3871400,"Warhammer 40,000: Space Marine 2 - Salamanders Champion Pack 2","Jul 28, 2026",$7.99,No Discount,Saber Interactive,Focus Entertainment,67,54,13,Mostly Positive,"['Action', 'Adventure', 'RPG']"
1139900,Ghostrunner,"Oct 27, 2020",No Price,No Discount,One More Level,505 Games,"66,514","60,675","5,839",Very Positive,['Action']
2453060,Dreamcore,"Jan 23, 2025",No Price,No Discount,Montraluz,Tlön Industries,"1,895","1,691",204,Very Positive,"['Adventure', 'Indie']"
437920,Tricky Towers,"Aug 2, 2016",$14.99,$4.49,WeirdBeard,WeirdBeard,"16,423","14,817","1,606",Very Positive,"['Casual', 'Indie']"
2101430,Dead Cells: Return to Castlevania,"Mar 6, 2023",$9.99,$6.99,Motion Twin,Motion Twin,965,839,126,Very Positive,"['Action', 'Indie']"
1995690,Icarus: Styx Expansion,"May 27, 2022",$19.99,No Discount,RocketWerkz,RocketWerkz,208,157,51,Mostly Positive,"['Action', 'Adventure', 'Simulation']"
4835530,Space Engineers: Prosperity Pack,"Jul 27, 2026",$4.99,No Discount,Keen Software House,Keen Software House,17,13,4,Mostly Positive,"['Action', 'Indie', 'Simulation', 'Strategy']"
3651200,Jurassic World Evolution 3: Deluxe Upgrade Pack,"Oct 21, 2025",$16.99,No Discount,Frontier Developments,Frontier Developments,72,60,12,Very Positive,"['Simulation', 'Strategy']"
1782460,Hell Clock,"Jul 22, 2025",$19.99,No Discount,Rogue Snail,Mad Mushroom,"4,130","3,454",676,Very Positive,"['Action', 'Indie', 'RPG']"
2069310,RealFlight Evolution,"Oct 27, 2022",$69.99,No Discount,"Horizon Hobby, LLC","Horizon Hobby, LLC","1,577","1,408",169,Very Positive,"['Indie', 'Racing', 'Simulation']"
1557740,ROUNDS,"Apr 1, 2021",$5.99,No Discount,Landfall,Landfall,"44,060","41,966","2,094",Overwhelmingly Positive,"['Action', 'Indie']"
342940,Project: Gorgon,"Jan 28, 2026",No Price,No Discount,"Elder Game, LLC","Elder Game, LLC","5,033","4,136",897,Mixed,"['Indie', 'Massively Multiplayer', 'RPG']"
3796290,Theater Pack - Hearts of Iron IV: Thunder at our Gates,"Jun 11, 2026",$19.99,No Discount,Paradox Development Studio,Paradox Interactive,703,220,483,Very Negative,"['Simulation', 'Strategy']"
2784470,9 Kings,"May 23, 2025",$19.99,No Discount,Sad Socket,Hooded Horse,"22,792","21,089","1,703",Very Positive,"['RPG', 'Strategy', 'Early Access']"
2016460,Tales of the Shire: A The Lord of The Rings™ Game,"Jul 29, 2025",$34.99,$20.99,Wētā Workshop,Fictions,"3,748","3,066",682,Mostly Positive,"['Casual', 'Indie', 'RPG', 'Simulation']"
595520,FINAL FANTASY XII THE ZODIAC AGE,"Feb 1, 2018",$49.99,No Discount,Square Enix,Square Enix,"10,121","9,000","1,121",Very Positive,['RPG']
2401970,Ace Attorney Investigations Collection,"Sep 5, 2024",No Price,No Discount,"CAPCOM Co., Ltd.","CAPCOM Co., Ltd.","4,702","4,550",152,Very Positive,['Adventure']
1089980,The Henry Stickmin Collection,"Aug 7, 2020",$14.99,No Discount,PuffballsUnited,Innersloth,"58,999","58,228",771,Overwhelmingly Positive,"['Adventure', 'Casual', 'Indie']"
2885870,Strange Antiquities,"Sep 17, 2025",No Price,No Discount,Bad Viking,Iceberg Interactive,"3,429","3,272",157,Overwhelmingly Positive,"['Adventure', 'Casual', 'Indie', 'Simulation']"
3226530,Tower Dominion,"May 7, 2025",$17.49,$10.49,Parallel 45 Games,Parallel 45 Games,"5,360","4,590",770,Very Positive,['Strategy']
459220,Halo Wars: Definitive Edition,"Apr 20, 2017",$19.99,No Discount,Ensemble Studios,Xbox Game Studios,"9,461","8,650",811,Very Positive,['Strategy']
558990,Opus Magnum,"Dec 7, 2017",$19.99,No Discount,Zachtronics,Zachtronics,"7,141","6,947",194,Overwhelmingly Positive,"['Indie', 'Simulation']"
3097300,Creature Kitchen,"Feb 6, 2026",No Price,No Discount,The Rat Zone,The Rat Zone,"9,009","8,975",34,Overwhelmingly Positive,"['Casual', 'Indie', 'Simulation']"
410900,Forts,"Apr 19, 2017",$14.99,$8.99,EarthWork Games,EarthWork Games,"25,178","23,142","2,036",Very Positive,"['Action', 'Indie', 'Strategy']"
3583210,Crashout Crew,"May 28, 2026",$7.99,No Discount,Aggro Crab,Aggro Crab,"1,115","1,044",71,Very Positive,"['Casual', 'Indie']"
460950,Katana ZERO,"Apr 18, 2019",$14.99,$8.99,Askiisoft,Devolver Digital,"75,739","74,167","1,572",Overwhelmingly Positive,"['Action', 'Indie']"
3035570,Assassin's Creed Mirage,"Oct 17, 2024",$49.99,No Discount,Ubisoft Bordeaux,Ubisoft,"12,063","9,192","2,871",Mostly Positive,"['Action', 'Adventure']"
1222690,Dragon Age™ Inquisition,"Nov 18, 2014",No Price,No Discount,BioWare,Electronic Arts,"21,284","16,123","5,161",Mostly Positive,"['Action', 'Adventure', 'RPG', 'Strategy']"
1573360,Infinity Kingdom,"Jul 1, 2021",Free To Play,No Discount,YOUZU (SINGAPORE) PTE. LTD.,YOUZU (SINGAPORE) PTE. LTD.,"1,248",644,604,Mostly Negative,"['Adventure', 'Free To Play', 'Massively Multiplayer', 'Strategy']"
34330,Total War: SHOGUN 2,N/A,No Price,No Discount,The Creative Assembly,SEGA,"68,099","62,424","5,675",Very Positive,['None']
599140,Graveyard Keeper,"Aug 15, 2018",$19.99,No Discount,Lazy Bear Games,tinyBuild,"54,713","46,719","7,994",Very Positive,"['Adventure', 'Indie', 'RPG', 'Simulation']"
3495730,Lucid Blocks,"Mar 12, 2026",$9.99,No Discount,Lucy B. Locks,Lucy B. Locks,"4,607","4,314",293,Very Positive,"['Action', 'Adventure', 'Indie', 'RPG']"
3314060,The Sims™ Legacy Collection,"Jan 31, 2025",No Price,No Discount,MAXIS,Electronic Arts,"2,408","1,740",668,Very Positive,"['Casual', 'Simulation']"
283740,Kerbal Space Program: Making History Expansion,"Mar 13, 2018",$14.99,$4.49,Squad,Private Division,765,521,244,Mixed,"['Indie', 'Simulation']"
2280,DOOM + DOOM II,"Apr 30, 1995",$9.99,$3.99,id Software,Bethesda,"28,708","27,740",968,Overwhelmingly Positive,['Action']
1369700,Solar Expanse - Space Exploration Manager,"Apr 9, 2026",No Price,No Discount,SpaceOps,Games Operators,"1,250","1,099",151,Very Positive,"['Indie', 'Simulation', 'Strategy', 'Early Access']"
238320,Outlast,"Sep 4, 2013",$14.99,No Discount,Red Barrels,Red Barrels,"137,977","133,066","4,911",Overwhelmingly Positive,"['Action', 'Adventure', 'Indie']"
1910680,Orb of Creation,"Jun 23, 2026",$11.99,No Discount,MarpleGames,MarpleGames,"2,157","1,834",323,Mixed,"['Casual', 'Indie', 'Strategy']"
3025440,American Truck Simulator - Iowa,"Jul 10, 2025",$11.99,No Discount,SCS Software,SCS Software,258,225,33,Very Positive,"['Indie', 'Simulation']"
1408610,Call of the Wild: The Angler™,"Aug 31, 2022",$29.99,$8.99,Expansive Worlds,Avalanche Studios,"7,573","4,833","2,740",Very Positive,"['Adventure', 'Casual', 'Simulation', 'Sports']"
4466620,SiNiSistar 2,"May 15, 2026",$14.99,No Discount,Uu,Eroge Japan,"3,176","2,888",288,Very Positive,"['Action', 'Adventure', 'Indie', 'RPG']"
1021210,Cyber Knights: Flashpoint,"Jun 2, 2025",$29.99,$19.79,Trese Brothers,Trese Brothers,"3,032","2,851",181,Very Positive,"['Action', 'Indie', 'RPG', 'Strategy']"
2072450,Like a Dragon: Infinite Wealth,"Jan 25, 2024",$69.99,No Discount,RGG Studio,SEGA,"23,689","21,469","2,220",Very Positive,"['Action', 'Adventure', 'RPG']"
1448440,Wo Long: Fallen Dynasty,"Mar 3, 2023",No Price,No Discount,"KOEI TECMO GAMES CO., LTD.","KOEI TECMO GAMES CO., LTD.","29,193","14,555","14,638",Mixed,"['Action', 'Adventure', 'RPG']"
1238060,Dead Space™ 3,"Feb 5, 2013",No Price,No Discount,Visceral Games,Electronic Arts,"14,813","10,744","4,069",Mixed,['Action']
2840470,SimplePlanes 2,"Apr 23, 2026",$19.99,No Discount,"Jundroo, LLC","Jundroo, LLC","1,232","1,131",101,Very Positive,"['Indie', 'Racing', 'Simulation', 'Early Access']"
3214610,Cinderia,"Mar 30, 2026",$17.99,No Discount,MyACG Studio,MyACG Studio,"4,513","3,958",555,Very Positive,"['Action', 'Adventure', 'Indie', 'RPG']"
2008610,Guild Wars 2® End of Dragons® Expansion,"Aug 23, 2022",$29.99,No Discount,ArenaNet®,NCSOFT,135,93,42,Mixed,"['Adventure', 'Massively Multiplayer', 'RPG', 'Free To Play']"
470220,UNO,"Dec 8, 2016",$9.99,No Discount,Ubisoft Entertainment,Ubisoft Entertainment,"54,160","38,055","16,105",Mixed,['Casual']
837470,Untitled Goose Game,"Sep 23, 2020",$19.99,No Discount,House House,Panic,"24,797","23,771","1,026",Overwhelmingly Positive,"['Action', 'Indie']"
4907940,DCS: F-14B(U) by Heatblur Simulations,"Jul 22, 2026",$56.99,No Discount,Heatblur Simulations,Eagle Dynamics SA,38,38,0,Positive,"['Simulation', 'Free To Play']"
4197990,Cargo Hunters,"Mar 9, 2026",$19.99,$14.99,Order Of Meta,HypeTrain Digital,610,512,98,Very Positive,"['Action', 'Adventure', 'Early Access']"
383870,Firewatch,"Feb 9, 2016",$19.99,No Discount,Campo Santo,Panic,"99,022","89,678","9,344",Very Positive,"['Adventure', 'Indie']"
601510,Yu-Gi-Oh! Duel Links,"Nov 16, 2017",Free To Play,No Discount,KONAMI,KONAMI,"44,890","37,210","7,680",Very Positive,"['Strategy', 'Free To Play']"
3802450,Borderlands®4 - Story Pack 1: Mad Ellie and the Vault of the Damned,"Mar 26, 2026",$29.99,No Discount,Gearbox,2K,818,232,586,Mostly Negative,"['Action', 'Adventure', 'RPG']"
1816550,The Sims™ 4 High School Years Expansion Pack,"Jul 28, 2022",$39.99,$19.99,Maxis,Electronic Arts,341,153,188,Mixed,"['Casual', 'Simulation']"
2790700,SWAPMEAT,"Jun 17, 2026",$16.49,$9.89,One More Game,One More Game,351,308,43,Very Positive,"['Action', 'Adventure', 'Indie']"
4046960,Car Dealer Simulator - Up 2 You DLC,"Jun 4, 2026",$17.99,No Discount,Garage Monkeys,Garage Monkeys,199,127,72,Mostly Positive,"['Casual', 'Indie', 'Simulation']"
509980,BIGFOOT,"Jan 31, 2017",$19.99,No Discount,CyberLight Game Studio,CyberLight Game Studio,"22,276","18,289","3,987",Very Positive,"['Action', 'Adventure', 'Indie', 'Early Access']"
213670,South Park™: The Stick of Truth™,"Mar 3, 2014",$29.99,No Discount,Obsidian Entertainment,Ubisoft,"73,201","71,416","1,785",Overwhelmingly Positive,"['Action', 'Adventure', 'RPG']"
357190,ULTIMATE MARVEL VS. CAPCOM 3,"Mar 6, 2017",$24.99,No Discount,"CAPCOM CO., LTD.","CAPCOM U.S.A., INC.","7,786","7,144",642,Very Positive,['Action']
4322960,Trail & Error,"Jun 16, 2026",$7.99,No Discount,Oberha5li Studios,Oberha5li Studios,122,83,39,Mixed,"['Action', 'Adventure', 'Indie', 'Early Access']"
1239080,Door Kickers 2: Task Force North,"Feb 10, 2025",$24.99,No Discount,KillHouse Games,KillHouse Games,"13,466","12,934",532,Overwhelmingly Positive,"['Action', 'Indie', 'Simulation', 'Strategy']"
1672500,GUNDAM BREAKER 4,"Aug 28, 2024",$99.99,$39.99,"CRAFTS & MEISTER Co., Ltd.",Bandai Namco Entertainment Inc.,"4,192","3,073","1,119",Very Positive,"['Action', 'RPG']"
1644940,Loddlenaut,"Nov 16, 2023",No Price,No Discount,Moon Lagoon,Secret Mode,"6,075","5,955",120,Very Positive,"['Adventure', 'Casual', 'Indie']"
3894440,NO BACKUP,"May 9, 2026",$9.99,No Discount,Serundeox,Serundeox,960,652,308,Mixed,"['Action', 'Indie', 'Early Access']"
1932640,Suikoden I&II HD Remaster Gate Rune and Dunan Unification Wars,"Mar 6, 2025",$49.99,No Discount,KONAMI,KONAMI,"2,547","2,416",131,Very Positive,['RPG']
3950020,Duet Night Abyss,"Jan 19, 2026",Free To Play,No Discount,Pan Studio,Hero Games,"2,031","1,161",870,Mixed,"['Action', 'RPG', 'Free To Play']"
4104440,Dragon Traveler,"Feb 10, 2026",Free To Play,No Discount,HongKong GameTree LIMITED,HongKong GameTree LIMITED,510,333,177,Mixed,"['Massively Multiplayer', 'RPG', 'Strategy', 'Free To Play']"
2113850,Spirit City: Lofi Sessions,"Apr 8, 2024",$11.99,No Discount,Mooncube Games,Mooncube Games,"16,450","16,060",390,Very Positive,"['Casual', 'Indie', 'Simulation']"
1454370,STARSEEKER: Astroneer Expeditions,"Jun 11, 2026",$29.99,No Discount,System Era Softworks,Devolver Digital,853,500,353,Mixed,"['Action', 'Adventure', 'Early Access']"
221910,The Stanley Parable,"Oct 17, 2013",$14.99,$7.49,Galactic Cafe,Galactic Cafe,"45,702","42,251","3,451",Very Positive,"['Adventure', 'Indie']"
3219180,Cursemark,"Jun 8, 2026",No Price,No Discount,CLYDE games,Mad Mushroom,571,495,76,Very Positive,"['Action', 'Adventure', 'Indie', 'RPG']"
4304930,Chef Knight,"Jun 1, 2026",$5.99,No Discount,Clover Bite,Clover Bite,"2,033","1,929",104,Very Positive,"['Action', 'Casual', 'Indie', 'Simulation']"
627270,Injustice™ 2,"Nov 30, 2017",$49.99,No Discount,NetherRealm Studios,WB Games,"24,448","21,088","3,360",Very Positive,['Action']
463530,Empires of the Undergrowth,"Jun 7, 2024",$29.99,No Discount,Slug Disco,Hooded Horse,"18,610","17,561","1,049",Very Positive,"['Simulation', 'Strategy']"
1057090,Ori and the Will of the Wisps,"Mar 10, 2020",$29.99,No Discount,Moon Studios GmbH,Xbox Game Studios,"145,794","140,700","5,094",Very Positive,['Action']
387020,Brawlhalla - All Legends (Current and Future),"Nov 3, 2015",$39.99,No Discount,Blue Mammoth Games,Ubisoft,420,348,72,Very Positive,"['Action', 'Indie', 'Free To Play']"
756800,Contraband Police,"Mar 8, 2023",No Price,No Discount,Crazy Rocks,PlayWay S.A.,"25,390","24,127","1,263",Overwhelmingly Positive,"['Action', 'Adventure', 'Simulation']"
2052410,WITCH ON THE HOLY NIGHT,"Dec 14, 2023",$39.99,$19.99,TYPE-MOON,Aniplex Inc.,"8,219","8,078",141,Overwhelmingly Positive,['Adventure']
3432480,Shards of Order,"Jul 28, 2026",$9.99,No Discount,Fardust,Awaken Realms,333,303,30,Very Positive,"['Adventure', 'Indie', 'RPG', 'Strategy']"
2683150,Ale & Tale Tavern,"Sep 5, 2024",No Price,No Discount,Scienart Games,GrabTheGames,"10,257","9,151","1,106",Very Positive,"['Action', 'Adventure', 'Casual', 'Indie']"
1574820,Until Then,"Jun 25, 2024",No Price,No Discount,Polychroma Games,Maximum Entertainment,"18,535","17,929",606,Overwhelmingly Positive,"['Adventure', 'Casual', 'Indie']"
2225070,Trackmania,"Feb 2, 2023",Free To Play,No Discount,Nadeo,Ubisoft,"21,260","16,559","4,701",Mostly Positive,['Racing']
4297840,Rock Bottom,"Jul 14, 2026",$7.99,No Discount,Logan Games,Logan Games,"1,239","1,165",74,Very Positive,"['Action', 'Adventure', 'Casual', 'Simulation']"
1366540,Dyson Sphere Program,"Jan 20, 2021",$19.99,No Discount,Youthcat Studio,Gamirror Games,"91,382","89,058","2,324",Very Positive,"['Indie', 'Simulation', 'Strategy', 'Early Access']"
2499860,DRAGON QUEST VII Reimagined,"Feb 5, 2026",No Price,No Discount,Square Enix,Square Enix,"2,829","2,524",305,Very Positive,"['Adventure', 'RPG']"
1372280,MELTY BLOOD: TYPE LUMINA,"Sep 29, 2021",$49.99,$14.99,FRENCH-BREAD,Lasengle Inc.,"10,522","9,325","1,197",Very Positive,['Action']
1113560,NieR Replicant™ ver.1.22474487139...,"Apr 23, 2021",$59.99,No Discount,Square Enix,Square Enix,"28,194","24,883","3,311",Very Positive,"['Action', 'Adventure', 'RPG']"
3542380,Rune Dice,"May 19, 2026",No Price,No Discount,Smart Raven Studio,Kwalee,"1,222",967,255,Very Positive,"['Indie', 'RPG', 'Strategy']"
2730870,American Truck Simulator - Missouri,"Apr 3, 2025",$11.99,No Discount,SCS Software,SCS Software,270,219,51,Very Positive,"['Indie', 'Simulation']"
3590,Plants vs. Zombies GOTY Edition,"May 5, 2009",No Price,No Discount,"PopCap Games, Inc.","PopCap Games, Inc.","154,690","151,124","3,566",Overwhelmingly Positive,['Strategy']
4496580,Assassin's Creed Black Flag Resynced - Sea Serpent Character Pack,"Jul 9, 2026",$9.99,No Discount,Ubisoft,Ubisoft,20,16,4,Positive,"['Action', 'Adventure']"
3072120,Backrooms Lost Runners,"Jun 17, 2026",$13.99,No Discount,ShimStudioGames,ShimStudioGames,638,500,138,Very Positive,"['Action', 'Adventure', 'Indie', 'Early Access']"
2400430,Capcom Fighting Collection 2,"May 15, 2025",$39.99,No Discount,"CAPCOM Co., Ltd.","CAPCOM Co., Ltd.",998,861,137,Very Positive,['Action']
746850,Cloudpunk,"Apr 23, 2020",$19.99,$6.99,ION LANDS,ION LANDS,"15,333","13,424","1,909",Mostly Positive,"['Adventure', 'Indie', 'RPG']"
635260,CarX Drift Racing Online,"Nov 17, 2017",$16.99,No Discount,"CarX Technologies, LLC","CarX Technologies, LLC","89,132","84,771","4,361",Very Positive,"['Action', 'Casual', 'Massively Multiplayer', 'Racing']"
3061810,Like a Dragon: Pirate Yakuza in Hawaii,"Feb 20, 2025",No Price,No Discount,RGG Studio,SEGA,"9,788","8,591","1,197",Very Positive,"['Action', 'Adventure', 'RPG']"
3688130,Moldwasher,"Jun 23, 2026",$8.99,No Discount,Rubel Games,Anshar Publishing,782,717,65,Very Positive,"['Casual', 'Indie', 'Simulation']"
1063660,Bendy and the Dark Revival,"Nov 15, 2022",$19.99,No Discount,Joey Drew Studios,Joey Drew Studios,"16,016","14,762","1,254",Very Positive,"['Action', 'Adventure']"
1761390,Hatsune Miku: Project DIVA Mega Mix+,"May 26, 2022",$39.39,No Discount,SEGA,SEGA,"23,400","22,170","1,230",Overwhelmingly Positive,['Action']
3009300,Teamfight Manager 2,"May 25, 2026",$19.99,No Discount,Team Samoyed,Team Samoyed,"2,224","1,335",889,Mixed,"['Casual', 'Indie', 'Simulation', 'Sports']"
1139980,Travellers Rest,"Jul 28, 2020",$17.99,No Discount,Isolated Games,Isolated Games,"17,860","15,716","2,144",Very Positive,"['Adventure', 'Casual', 'Indie', 'RPG']"
2634950,Tokyo Xtreme Racer,"Sep 24, 2025",$49.99,No Discount,"Genki Co., Ltd.","Genki Co., Ltd.","15,592","14,606",986,Very Positive,"['Racing', 'RPG']"
1272320,Diplomacy is Not an Option,"Oct 4, 2024",$29.99,No Discount,Door 407,Door 407,"12,442","10,657","1,785",Very Positive,"['Action', 'Adventure', 'Casual', 'Indie']"
4805300,Heroes of Hammerwatch II - Celestial Ruins,"Jul 28, 2026",$6.99,$5.59,Crackshell,Team17,73,34,39,Mixed,"['Action', 'Indie', 'RPG']"
3997240,Osta,"Jul 29, 2026",$13.99,No Discount,Cup,Cup,227,192,35,Very Positive,"['Casual', 'Indie', 'Simulation']"
3934250,Village in the Shade,"Jul 29, 2026",$49.99,No Discount,"Nippon Ichi Software, Inc.","NIS America, Inc.",183,157,26,Very Positive,"['Adventure', 'Simulation']"
2751000,Prince of Persia The Lost Crown,"Aug 8, 2024",$29.99,$14.99,Ubisoft Montpellier,Ubisoft,"6,879","5,800","1,079",Very Positive,"['Action', 'Adventure']"
4399460,Total War: WARHAMMER III - Bhashiva – Character Pack,"May 21, 2026",$4.99,No Discount,CREATIVE ASSEMBLY,SEGA,"1,183",636,547,Mixed,"['Action', 'Strategy']"
2593290,Dragon's Dogma 2: Dark Arisen Expansion,"Oct 8, 2026",$29.99,No Discount,"CAPCOM Co., Ltd.","CAPCOM Co., Ltd.",0,0,0,"['Action', 'RPG']",
1274570,DEVOUR,"Jan 28, 2021",$9.99,No Discount,Straight Back Games,Straight Back Games,"87,963","79,604","8,359",Very Positive,['Indie']
492720,Tropico 6,"Mar 29, 2019",$39.99,No Discount,Limbic Entertainment,Kalypso Media,"29,326","25,716","3,610",Very Positive,"['Simulation', 'Strategy']"
977400,Cell to Singularity - Evolution Never Ends,"Nov 3, 2021",Free To Play,No Discount,Computer Lunch,Computer Lunch,"27,690","24,768","2,922",Very Positive,"['Casual', 'Simulation', 'Free To Play']"
1826420,CarX Drift Racing Online 2,"May 7, 2026",$24.99,No Discount,"CarX Technologies, LLC","CarX Technologies, LLC","1,092",759,333,Very Positive,"['Massively Multiplayer', 'Racing', 'Simulation', 'Sports']"
1954420,Riichi City - Japanese Mahjong,"Sep 8, 2022",Free To Play,No Discount,"Formirai Co., Ltd.","Formirai Co., Ltd.","4,766","2,276","2,490",Mixed,['None']
1235730,The Sims™ 4 Island Living,"Jun 20, 2019",$39.99,$19.99,Maxis,Electronic Arts,175,116,59,Mixed,"['Casual', 'Simulation']"
2808550,Sudden Strike 5,"Apr 23, 2026",No Price,No Discount,Kite Games,Kalypso Media,727,542,185,Very Positive,"['Action', 'Strategy']"
2144740,Ghostrunner 2,"Oct 26, 2023",$39.99,$7.99,One More Level,505 Games,"11,407","9,124","2,283",Mostly Positive,"['Action', 'Adventure', 'Strategy']"
2833580,BRAVELY DEFAULT FLYING FAIRY HD Remaster,"Mar 12, 2026",$39.99,No Discount,Square Enix,Square Enix,846,779,67,Very Positive,['RPG']
4523380,Company of Heroes 3: Dare & Destroy,"May 14, 2026",$24.99,No Discount,Relic Entertainment,Relic Entertainment,271,143,128,Mostly Negative,"['Action', 'Strategy']"
1602000,Hotel Architect,"May 14, 2026",No Price,No Discount,Pathos Interactive,Wired Productions,"2,163","2,026",137,Very Positive,"['Casual', 'Indie', 'Simulation', 'Strategy']"
3215050,Surviving Mars: Relaunched,"Nov 10, 2025",$39.99,No Discount,Haemimont Games,Paradox Interactive,"2,108","1,141",967,Mixed,"['Simulation', 'Strategy']"
1262580,Need for Speed™ Payback,"Nov 6, 2017",No Price,No Discount,Ghost Games,Electronic Arts,"31,769","27,143","4,626",Very Positive,"['Action', 'Adventure', 'Racing', 'Sports']"
1549970,Aliens: Fireteam Elite,"Aug 23, 2021",$29.99,No Discount,Cold Iron Studios,Cold Iron Studios,"26,938","21,471","5,467",Mostly Positive,"['Action', 'RPG']"
1382070,Viewfinder,"Jul 18, 2023",$24.99,No Discount,Sad Owl Studios,Thunderful Publishing,"12,878","12,163",715,Overwhelmingly Positive,"['Adventure', 'Indie']"
2191500,Vampires: Bloodlord Rising,"Jan 30, 2026",$19.99,$13.99,Mehuman Games,Toplitz Productions,"1,780","1,275",505,Mixed,"['Action', 'Adventure', 'RPG', 'Simulation']"
223850,3DMark,N/A,No Price,No Discount,UL Solutions,UL Solutions,"20,746","19,393","1,353",Very Positive,['Utilities']
20920,The Witcher 2: Assassins of Kings Enhanced Edition,"May 17, 2011",$19.99,$2.99,CD PROJEKT RED,CD PROJEKT RED,"91,048","81,430","9,618",Very Positive,['RPG']
1469610,Last Train Home,"Nov 28, 2023",$39.99,No Discount,Ashborne Games,THQ Nordic,"5,440","4,736",704,Very Positive,['Strategy']
4218170,Fishing Planet: Valkyrie Saga Pack,"Dec 18, 2025",$59.99,No Discount,Fishing Planet LLC,Fishing Planet LLC,47,19,28,Mixed,"['Massively Multiplayer', 'Simulation', 'Sports', 'Free To Play']"
1486920,Tempest Rising,"Apr 24, 2025",No Price,No Discount,Slipgate Ironworks™,3D Realms,"11,784","10,297","1,487",Mostly Positive,"['Action', 'Strategy']"
3938640,Ugoku Sushi Bar,"Jul 29, 2026",$17.98,$9.52,Rogue Duck Interactive,Rogue Duck Interactive,175,154,21,Very Positive,"['Casual', 'Indie', 'Simulation', 'Strategy']"
4911310,DragonSword : Awakening - Costume : White Flower of the Blue Waves,"Jul 31, 2026",$7.99,$7.19,Hound13 Inc.,Hound13 Inc.,63,58,5,Very Positive,"['Action', 'Adventure', 'RPG']"
701160,Kingdom Two Crowns,"Dec 11, 2018",$19.99,No Discount,Stumpy🐙Squid,Raw Fury,"39,250","35,407","3,843",Very Positive,"['Adventure', 'Indie', 'Simulation', 'Strategy']"
1292630,3on3 FreeStyle: Rebound,"Jul 14, 2020",Free To Play,No Discount,Joycity,Joycity,"4,403","2,727","1,676",Mixed,"['Action', 'Casual', 'Indie', 'RPG']"
286690,Metro 2033 Redux,"Aug 25, 2014",$19.99,No Discount,4A Games,Deep Silver,"139,657","128,859","10,798",Very Positive,['Action']
1358700,STRANGER OF PARADISE FINAL FANTASY ORIGIN,"Apr 6, 2023",$39.99,No Discount,Square Enix,Square Enix,"4,597","3,830",767,Mostly Positive,"['Action', 'Adventure', 'RPG']"
838350,The Scroll of Taiwu : Beyond The Dome,"Sep 21, 2018",$29.99,No Discount,ConchShip Games,ConchShip Games,"69,980","45,807","24,173",Mixed,"['Adventure', 'Casual', 'Indie', 'RPG']"
222480,Resident Evil Revelations,"May 20, 2013",$19.99,No Discount,Capcom,Capcom,"18,296","14,870","3,426",Very Positive,"['Action', 'Adventure']"
2215390,Five Nights at Freddy's: Secret of the Mimic,"Jun 13, 2025",$39.99,No Discount,Steel Wool Studios,ScottGames,"11,312","9,762","1,550",Very Positive,['Indie']
627690,Idle Champions of the Forgotten Realms,"Mar 25, 2020",Free To Play,No Discount,Codename Entertainment Inc.,Codename Entertainment Inc.,"15,014","11,562","3,452",Mixed,"['Action', 'Adventure', 'Indie', 'Strategy']"
1451190,Undisputed,"Oct 8, 2024",$49.99,No Discount,Steel City Interactive,Deep Silver,"22,637","13,408","9,229",Mixed,"['Action', 'Simulation', 'Sports']"
2511500,Dominions 6 - Rise of the Pantokrator,"Jan 17, 2024",$44.99,No Discount,Illwinter Game Design,Illwinter Game Design,"1,728","1,570",158,Very Positive,['Strategy']
979640,Cepheus Protocol,"May 15, 2020",$19.99,No Discount,Halcyon Winds,Halcyon Winds,"3,718","2,804",914,Mixed,"['Action', 'Adventure', 'Indie', 'Massively Multiplayer']"
2857120,Rain World: The Watcher,"Mar 28, 2025",$14.99,No Discount,Videocult,Akupara Games,"3,906","2,811","1,095",Mostly Positive,"['Action', 'Adventure', 'Indie']"
1931770,Chants of Sennaar,"Sep 5, 2023",No Price,No Discount,Rundisc,Focus Entertainment,"33,476","32,887",589,Overwhelmingly Positive,"['Adventure', 'Indie']"
3500390,Mega Man Star Force Legacy Collection,"Mar 26, 2026",$39.99,No Discount,"CAPCOM Co., Ltd.","CAPCOM Co., Ltd.",755,726,29,Very Positive,"['Action', 'RPG', 'Strategy']"
3548850,The Sims™ 4 Adventure Awaits Expansion Pack,"Oct 2, 2025",$39.99,$29.99,Maxis,Electronic Arts,19,9,10,Mixed,"['Simulation', 'Strategy']"
3035120,Is This Seat Taken?,"Aug 7, 2025",No Price,No Discount,Poti Poti Studio,Wholesome Games Presents,"9,194","8,948",246,Overwhelmingly Positive,"['Casual', 'Indie']"
1548850,Six Days in Fallujah,"Jun 22, 2023",$39.99,No Discount,Highwire Games,Victura,"16,327","12,999","3,328",Mixed,"['Action', 'Early Access']"
257850,Hyper Light Drifter,"Mar 31, 2016",$19.99,$4.99,Heart Machine,Heart Machine,"19,035","17,700","1,335",Very Positive,"['Action', 'Adventure', 'Indie', 'RPG']"
2059190,Total War: WARHAMMER III - Forge of the Chaos Dwarfs,"Apr 13, 2023",$24.99,No Discount,CREATIVE ASSEMBLY,SEGA,"4,463","2,663","1,800",Mostly Positive,"['Action', 'Strategy']"
47780,Dead Space™ 2,"Jan 21, 2011",No Price,No Discount,Visceral Games,Electronic Arts,"29,525","27,743","1,782",Very Positive,"['Action', 'Adventure']"
2552450,KINGDOM HEARTS III + Re Mind (DLC),"Jun 13, 2024",$59.99,No Discount,Square Enix,Square Enix,"2,738","2,481",257,Very Positive,"['Action', 'Adventure', 'RPG']"
1029780,Going Medieval,"Mar 17, 2026",No Price,No Discount,Foxy Voxel,Mythwright,"21,266","18,956","2,310",Very Positive,"['Indie', 'RPG', 'Simulation', 'Strategy']"
2742710,Cozy Cleaner,"Jun 22, 2026",$6.99,No Discount,Payoff Games,Rogue Duck Interactive,909,829,80,Very Positive,"['Adventure', 'Casual', 'Simulation']"
1063420,Void Crew,"Nov 25, 2024",$24.99,No Discount,Hutlihut Games,Focus Entertainment,"8,399","7,261","1,138",Very Positive,"['Action', 'Adventure']"
629820,Maneater,"May 25, 2021",$39.99,$5.99,Tripwire Interactive,Tripwire Interactive,"26,086","22,779","3,307",Very Positive,"['Action', 'Adventure', 'Indie', 'RPG']"
2697940,Ascend to ZERO,"Jul 13, 2026",No Price,No Discount,"Flyway Games, Inc.","Flyway Games, Inc.",871,727,144,Very Positive,"['Action', 'RPG', 'Strategy']"
4767590,Beachwear Armor Set,"Jun 29, 2026",$9.99,No Discount,The Fun Pimps,The Fun Pimps,80,73,7,Very Positive,"['Action', 'Adventure', 'Indie', 'RPG']"
368500,Assassin's Creed® Syndicate,"Nov 18, 2015",$29.99,No Discount,"Ubisoft Quebec, in collaboration with Ubisoft Annecy, Bucharest, Kiev, Montreal, Montpellier, Shanghai, Singapore, Sofia, Toronto studios",Ubisoft,"32,901","26,346","6,555",Very Positive,"['Action', 'Adventure']"
2291060,EARTH DEFENSE FORCE 6,"Jul 25, 2024",$59.99,No Discount,SANDLOT,D3PUBLISHER,"7,167","4,997","2,170",Very Positive,['Action']
1062520,Dinkum,"Apr 22, 2025",No Price,No Discount,James Bendon,"KRAFTON, Inc.","29,029","26,663","2,366",Very Positive,"['Adventure', 'Casual', 'Indie', 'RPG']"
4100940,Poppy Playtime - Chapter 5,"Feb 18, 2026",$19.99,No Discount,Mob Entertainment,Mob Entertainment,"8,430","6,707","1,723",Very Positive,"['Action', 'Adventure', 'Indie']"
3891560,"Rust - Warhammer 40,000 Pack","Oct 23, 2025",$12.99,$10.39,Facepunch Studios,Facepunch Studios,"1,017",807,210,Very Positive,"['Action', 'Adventure', 'Indie', 'Massively Multiplayer']"
3453970,Farming Simulator 25: Highlands Fishing Expansion,"Nov 4, 2025",$29.99,No Discount,GIANTS Software,GIANTS Software,438,235,203,Mixed,['Simulation']
1945340,Destiny 2: Lightfall,"Feb 28, 2023",$19.99,$1.99,Bungie,Bungie,"12,182","3,502","8,680",Mostly Negative,"['Action', 'Adventure', 'Free To Play']"
1005300,The Jackbox Party Pack 6,"Oct 16, 2019",$29.99,No Discount,"Jackbox Games, Inc.","Jackbox Games, Inc.","3,095","2,937",158,Very Positive,"['Casual', 'Indie', 'Strategy']"
3819640,Megastore Simulator,"Feb 2, 2026",$13.99,No Discount,Yolo Games Studio,Yolo Games Studio,"1,800","1,674",126,Very Positive,"['Casual', 'Indie', 'Simulation', 'Early Access']"
3646460,Devil Spire Falls,"Jul 6, 2025",No Price,No Discount,Ithiro Sumi,Ithiro Sumi,980,934,46,Overwhelmingly Positive,"['Action', 'Adventure', 'Indie', 'RPG']"
2103140,Magicraft,"Nov 1, 2024",No Price,No Discount,Wave Games,bilibili,"16,715","15,503","1,212",Very Positive,"['Action', 'Adventure', 'Indie', 'RPG']"
3293010,Easy Delivery Co.,"Sep 18, 2025",$12.99,No Discount,Sam C,Oro Interactive,"10,104","9,610",494,Very Positive,"['Casual', 'Indie', 'Racing', 'Simulation']"
254700,Resident Evil 4 (2005),"Feb 27, 2014",$19.99,No Discount,Capcom,Capcom,"97,437","91,731","5,706",Overwhelmingly Positive,"['Action', 'Adventure']"
3976910,Age of Wonders 4: Secrets of the Archmages,"Jun 16, 2026",$19.99,No Discount,Triumph Studios,Paradox Interactive,76,52,24,Very Positive,['Strategy']
3616260,"MAZEBOUND: Hunt, Gather, Run!","May 13, 2026",$9.99,No Discount, Absam Studios, Absam Studios,604,499,105,Very Positive,"['Action', 'Adventure', 'Indie']"
2445980,G-Rebels,"Jul 20, 2026",No Price,No Discount,Reakktor Studios,Senatis,187,149,38,Mostly Positive,"['Action', 'Simulation', 'Early Access']"
420530,OneShot,"Dec 8, 2016",$9.99,$5.99,Future Cat LLC,KOMODO,"64,230","63,110","1,120",Overwhelmingly Positive,"['Adventure', 'Casual', 'Indie']"
1904392,The Sims™ 4 Growing Together Expansion Pack,"Mar 16, 2023",$39.99,$19.99,Maxis,Electronic Arts,146,99,47,Mixed,"['Casual', 'Simulation']"
544750,SOULCALIBUR VI,"Oct 18, 2018",$89.99,$14.39,BANDAI NAMCO Studios Inc.,BANDAI NAMCO Entertainment,"14,326","11,842","2,484",Very Positive,['Action']
2231450,Pizza Tower,"Jan 26, 2023",$19.99,No Discount,Tour De Pizza,Tour De Pizza,"72,313","71,080","1,233",Overwhelmingly Positive,"['Action', 'Indie']"
4173830,PowerWash Simulator 2 - Adventure Time Pack,"Apr 9, 2026",$7.99,No Discount,FuturLab,FuturLab,352,185,167,Mixed,"['Casual', 'Indie', 'Simulation']"
3259780,FINAL FANTASY RESONANCE,"Oct 22, 2026",$49.99,No Discount,Square Enix,Square Enix,0,0,0,['RPG'],
287290,Resident Evil Revelations 2,"Feb 24, 2015",$5.99,No Discount,"CAPCOM Co., Ltd.","CAPCOM Co., Ltd.","31,951","25,009","6,942",Mostly Positive,"['Action', 'Adventure']"
231430,Company of Heroes 2,"Jun 25, 2013",$19.99,$4.99,Relic Entertainment,Relic Entertainment,"112,997","89,325","23,672",Mostly Positive,['Strategy']
829110,LEGO® DC Super-Villains,"Oct 16, 2018",$99.99,$12.99,TT Games,Warner Bros. Interactive Entertainment,"8,150","7,434",716,Very Positive,"['Action', 'Adventure']"
1836730,Echo Point Nova,"Sep 24, 2024",$24.99,$14.99,Greylock Studio,Greylock Studio,"7,897","7,627",270,Overwhelmingly Positive,"['Action', 'Adventure', 'Indie']"
329050,Devil May Cry 4 Special Edition,"Jun 23, 2015",$24.99,No Discount,"CAPCOM Co., Ltd.","CAPCOM Co., Ltd. ","22,139","19,243","2,896",Mostly Positive,['Action']
1599660,Sackboy™: A Big Adventure,"Oct 27, 2022",$59.99,No Discount,Sumo Digital,PlayStation Publishing LLC,"4,420","3,699",721,Very Positive,['Adventure']
766570,Russian Fishing 4,"Nov 10, 2021",Free To Play,No Discount,FishSoft LLC,FishSoft LLC,"88,972","53,507","35,465",Very Positive,"['Adventure', 'Casual', 'Massively Multiplayer', 'RPG']"
1150760,Gloomwood,"Sep 5, 2022",$19.99,$14.99,Dillon Rogers,New Blood Interactive,"8,308","7,897",411,Very Positive,"['Action', 'Indie', 'Early Access']"
1032430,Blood Trail,"Mar 27, 2019",$24.99,No Discount,Electrovore,Electrovore,"7,533","6,040","1,493",Mixed,"['Action', 'Early Access']"
2250500,Rhythia,"Feb 20, 2026",$3.99,No Discount,Capo Games,Capo Games,"1,745","1,457",288,Very Positive,"['Casual', 'Indie', 'Early Access']"
4163030,Cat Chess,"Jul 14, 2026",$6.99,No Discount,Capricia Labs,Capricia Productions,430,372,58,Very Positive,"['Casual', 'Indie', 'Sports', 'Strategy']"
4227400,Sineus Arena Survivors,"Jun 22, 2026",$10.99,No Discount,Sineus Games,Sineus Games,959,720,239,Mostly Positive,"['Action', 'Indie']"
1553260,Scarlet Deer Inn,"Jul 21, 2026",No Price,No Discount,Attu Games,Attu Games,276,247,29,Very Positive,"['Action', 'Adventure', 'Indie']"
413410,Danganronpa: Trigger Happy Havoc,"Feb 18, 2016",$19.99,No Discount,"Spike Chunsoft Co., Ltd.","Spike Chunsoft Co., Ltd.","38,046","36,526","1,520",Overwhelmingly Positive,['Adventure']
1341290,We Were Here Forever,"May 10, 2022",$17.99,$7.19,Total Mayhem Games,Total Mayhem Games,"18,654","16,902","1,752",Mostly Positive,"['Adventure', 'Casual', 'Indie']"
3067190,Age of Empires IV: Dynasties of the East,"Nov 4, 2025",$19.99,No Discount,Relic Entertainment,Xbox Game Studios,"1,109",677,432,Mixed,['Strategy']
1622100,Outer Wilds - Echoes of the Eye,"Sep 28, 2021",$14.99,No Discount,Mobius Digital,Annapurna Interactive,"6,445","5,824",621,Mostly Positive,"['Action', 'Adventure']"
1235722,The Sims™ 4 Discover University,"Nov 14, 2019",$39.99,$19.99,Maxis,Electronic Arts,203,85,118,Mixed,"['Casual', 'Simulation']"
4656700,Papa's Mocharia Deluxe,"Jun 2, 2026",$5.99,No Discount,Flipline Studios,Flipline Studios,778,745,33,Overwhelmingly Positive,"['Action', 'Casual', 'Indie', 'Simulation']"
1934570,South of Midnight,"Apr 8, 2025",$39.99,No Discount,Compulsion Games,Xbox Game Studios,"4,675","4,405",270,Very Positive,"['Action', 'Adventure']"
1443200,Class of '09,"Jun 10, 2021",$9.99,No Discount,SBN3,SBN3,"8,973","8,483",490,Very Positive,"['Casual', 'Indie', 'RPG', 'Simulation']"
3361510,Coal LLC,"Sep 11, 2025",$14.99,No Discount,Bye Bye Ocean,Bye Bye Ocean,"1,303","1,209",94,Very Positive,"['Indie', 'Simulation', 'Strategy']"
4249120,Resident Evil 3 Nemesis (1999),"Apr 1, 2026",$9.99,No Discount,"CAPCOM Co., Ltd.","CAPCOM Co., Ltd.","2,357","2,102",255,Very Positive,"['Action', 'Adventure']"
3845870,Guild Wars 2® Visions of Eternity™ Expansion,"Oct 28, 2025",$24.99,No Discount,ArenaNet®,ArenaNet®,83,38,45,Mixed,"['Adventure', 'Massively Multiplayer', 'RPG', 'Free To Play']"
4551040,Animal Company,"May 21, 2026",$19.99,No Discount,Wooster Games,Wooster Games,647,552,95,Very Positive,"['Action', 'Adventure', 'Early Access']"
2239150,Thronefall,"Oct 11, 2024",$12.99,No Discount,GrizzlyGames,Mythwright,"23,425","22,530",895,Very Positive,"['Action', 'Indie', 'Strategy']"
337320,Paint the Town Red,"Jul 29, 2021",$19.99,No Discount,South East Games,South East Games,"32,406","31,108","1,298",Overwhelmingly Positive,"['Action', 'Indie']"
4911300,DragonSword : Awakening - Costume : Coral Summer Mischief,"Jul 31, 2026",$7.99,$7.19,Hound13 Inc.,Hound13 Inc.,73,69,4,Very Positive,"['Action', 'Adventure', 'RPG']"
1314563,Destiny 2: Beyond Light Pack,"Nov 10, 2020",$9.99,$0.99,Bungie,Bungie,"5,867","2,825","3,042",Mixed,"['Action', 'Adventure', 'Free To Play']"
4668890,Mall Together,"Jul 24, 2026",$19.78,$10.51,Business Tycoon,Business Tycoon,306,289,17,Very Positive,"['Casual', 'Simulation']"
1395520,The Séance of Blake Manor,"Oct 27, 2025",No Price,No Discount,Spooky Doorway,Raw Fury,"3,734","3,557",177,Very Positive,['Adventure']
2508780,STORY OF SEASONS: Grand Bazaar,"Aug 27, 2025",$49.99,No Discount,Marvelous Inc.,XSEED Games,"3,997","3,746",251,Very Positive,"['Casual', 'Simulation']"
666150,Prehistoric Kingdom,"Apr 27, 2022",$29.99,No Discount,Blue Meridian,Crytivo,"6,581","5,914",667,Very Positive,"['Indie', 'Simulation', 'Strategy', 'Early Access']"
1454400,Cookie Clicker,"Sep 1, 2021",$4.99,No Discount,Orteil,Playsaurus,"92,401","89,092","3,309",Very Positive,"['Casual', 'Indie', 'Simulation', 'Strategy']"
261640,Borderlands: The Pre-Sequel,"Oct 14, 2014",$39.99,$3.99,2K Australia,2K,"44,634","34,621","10,013",Mostly Positive,"['Action', 'RPG']"
1670430,Rust - Voice Props Pack,"Jul 1, 2021",$12.99,$6.49,Facepunch Studios,Facepunch Studios,"2,058","1,777",281,Very Positive,"['Action', 'Adventure', 'Indie', 'Massively Multiplayer']"
220,Half-Life 2,"Nov 16, 2004",No Price,No Discount,Valve,Valve,"277,409","270,755","6,654",Overwhelmingly Positive,['Action']
1121640,The Wandering Village,"Jul 17, 2025",$29.99,No Discount,Stray Fawn Studio,Stray Fawn Publishing,"8,385","7,710",675,Very Positive,"['Simulation', 'Strategy']"
3897800,Poker Night at the Inventory,"Mar 5, 2026",$9.99,No Discount,Skunkape Games,Skunkape Games,"8,371","7,943",428,Very Positive,['Casual']
2799860,INAZUMA ELEVEN: Victory Road,"Nov 13, 2025",$69.99,No Discount,LEVEL5 Inc.,LEVEL5 Inc.,"11,962","10,681","1,281",Very Positive,"['RPG', 'Sports']"
2261430,LumenTale: Memories of Trey,"May 26, 2026",$29.99,$23.99,Beehive Studios,Team17,"1,317",959,358,Mixed,"['Action', 'Adventure', 'RPG']"
32440,LEGO® Star Wars™ - The Complete Saga,"Nov 12, 2009",$19.99,No Discount,Traveller's Tales,LucasArts,"25,409","24,572",837,Overwhelmingly Positive,['Adventure']
538030,Xenonauts 2,"Apr 2, 2026",$39.99,No Discount,Goldhawk Interactive,Hooded Horse,"5,676","4,626","1,050",Mostly Positive,"['RPG', 'Simulation', 'Strategy']"
3582250,Farm to Table,"May 9, 2026",$14.99,No Discount,indieGiant,indieGiant,605,556,49,Very Positive,"['Casual', 'Indie', 'RPG', 'Simulation']"
377840,FINAL FANTASY IX,"Apr 14, 2016",$20.99,No Discount,Square Enix,Square Enix,"14,153","13,463",690,Overwhelmingly Positive,['RPG']
1295920,The Mortuary Assistant,"Aug 2, 2022",Mortuary Assistant Demo,No Discount,DarkStone Digital,DreadXP,"8,676","7,973",703,Very Positive,"['Adventure', 'Indie', 'Simulation']"
47810,Dragon Age: Origins - Ultimate Edition,"Oct 26, 2010",No Price,No Discount,BioWare,Electronic Arts,"31,157","26,687","4,470",Mostly Positive,['RPG']
911400,Assassin's Creed® III Remastered,"Mar 29, 2019",$39.99,No Discount,Ubisoft Entertainment,Ubisoft Entertainment				,"15,624","9,779","5,845",Mixed,"['Action', 'Adventure']"
242050,Assassin’s Creed® IV Black Flag™,N/A,$39.99,No Discount,Ubisoft Montreal,Ubisoft,"78,383","69,243","9,140",Mostly Positive,"['Action', 'Adventure']"
1634050,Valve Index® Replacement Tether,N/A,$129.00,No Discount,None,None,0,0,0,['None'],
1202130,Starship Troopers: Terran Command,"Jun 16, 2022",$29.99,No Discount,The Artistocrats,Slitherine Ltd.,"11,965","10,445","1,520",Very Positive,['Strategy']
349040,NARUTO SHIPPUDEN: Ultimate Ninja STORM 4,"Feb 4, 2016",$19.99,No Discount,CyberConnect2 Co. Ltd.,BANDAI NAMCO Entertainment,"90,618","82,585","8,033",Very Positive,"['Action', 'Adventure']"
2109300,Resident Evil 4 - Separate Ways,"Sep 20, 2023",$9.99,No Discount,"CAPCOM Co., Ltd.","CAPCOM Co., Ltd.","8,411","8,020",391,Very Positive,"['Action', 'Adventure']"
327030,Worms W.M.D,"Aug 23, 2016",$29.99,$5.99,Team17,Team17,"14,827","12,623","2,204",Very Positive,"['Action', 'Strategy']"
2686630,Voyagers of Nera,"Sep 16, 2025",$29.99,No Discount,Treehouse Games,Treehouse Games,"2,592","2,201",391,Very Positive,"['Action', 'Adventure', 'Indie', 'RPG']"
2488370,Cash Cleaner Simulator,"May 8, 2025",$19.99,No Discount,Mind Control Games,Forklift Interactive,"7,811","7,215",596,Very Positive,"['Casual', 'Indie', 'Simulation']"
"881020,3839790",Granblue Fantasy: Relink - Endless Ragnarok (Standard Edition),"Jan 31, 2024",No Price,No Discount,"Cygames, Inc.","Cygames, Inc.","54,980","49,535","5,445",Very Positive,"['Action', 'Adventure', 'RPG']"
1433140,The Texas Chain Saw Massacre,"Aug 18, 2023",$14.99,No Discount,Sumo Digital,Gun Interactive,"23,140","15,297","7,843",Mostly Positive,"['Action', 'Indie']"
3596700,TerraTech Legion,"Apr 30, 2026",No Price,No Discount,Payload Studios,Mythwright,"1,999","1,630",369,Very Positive,['Action']
1238000,Mass Effect™: Andromeda Deluxe Edition,"Mar 20, 2017",No Price,No Discount,BioWare,Electronic Arts,"18,634","13,750","4,884",Mostly Positive,"['Action', 'RPG']"
4491360,The 7th Guest Remake,"Jun 3, 2026",$19.99,$13.99,Vertigo Games,Vertigo Games,243,211,32,Mostly Positive,['Adventure']
2651350,Slip & Skid,"Jun 3, 2026",$12.99,No Discount,NHOGS Interactive,NHOGS Interactive,88,86,2,Very Positive,"['Action', 'Casual', 'Indie', 'Racing']"
1942110,Bootstrap Island,"Mar 12, 2026",No Price,No Discount,Maru VR,Maru VR,"1,378","1,137",241,Very Positive,"['Action', 'Adventure', 'Indie', 'Simulation']"
2778610,Over The Top: WWI,"Mar 6, 2026",$19.14,No Discount,Flying Squirrel Entertainment,GG Publishing,"6,646","5,603","1,043",Mostly Positive,"['Action', 'Indie', 'Massively Multiplayer', 'Simulation']"
250760,Shovel Knight: Treasure Trove,"Jun 26, 2014",$42.73,$33.72,Yacht Club Games,Yacht Club Games,"16,863","16,105",758,Very Positive,"['Action', 'Adventure', 'Indie']"
427730,Who's Your Daddy?!,"Dec 23, 2015",$9.99,No Discount,Evil Tortilla Games,Evil Tortilla Games,"31,900","25,507","6,393",Very Positive,"['Action', 'Casual', 'Indie']"
584400,Sonic Mania,"Aug 29, 2017",$19.99,No Discount,Christian Whitehead,SEGA,"28,636","26,879","1,757",Very Positive,"['Action', 'Adventure', 'Casual']"
774801,Crab Champions,"Apr 1, 2023",$9.99,No Discount,Noisestorm,Noisestorm,"30,937","30,283",654,Overwhelmingly Positive,"['Action', 'Adventure', 'Casual', 'Indie']"
2440510,Forza Motorsport,"Oct 9, 2023",$69.99,No Discount,Turn 10,Xbox Game Studios,"12,670","6,474","6,196",Mixed,['Racing']
1090150,Destiny 2: Forsaken Pack,"Sep 4, 2018",$9.99,$0.99,Bungie,Bungie,"6,253","3,169","3,084",Mixed,"['Action', 'Adventure']"
3979520,Disney Dreamlight Valley: Wishblossom Ranch,"Nov 19, 2025",$29.99,No Discount,Gameloft,Gameloft,171,99,72,Mixed,"['Action', 'Adventure', 'Casual', 'RPG']"
1887840,Another Crab's Treasure,"Apr 25, 2024",$29.99,No Discount,Aggro Crab,Aggro Crab,"21,521","19,931","1,590",Very Positive,"['Action', 'Adventure', 'Indie']"
1237320,Sonic Frontiers,"Nov 7, 2022",$39.99,No Discount,Sonic Team,SEGA,"28,196","25,161","3,035",Very Positive,"['Action', 'Adventure']"
3864450,Goblin Company,"Jun 12, 2026",$9.99,$7.99,BitBorne Studio,BitBorne Studio,313,249,64,Mostly Positive,"['Action', 'Adventure', 'Indie']"
3989960,Frog Sqwad 🐸,"Jun 11, 2026",$7.99,No Discount,Panic Stations,Panic Stations,402,312,90,Mostly Positive,"['Action', 'Adventure', 'Indie']"
1939970,Nobody Wants to Die,"Jul 17, 2024",$24.99,$3.74,Critical Hit Games,PLAION,"7,186","5,970","1,216",Very Positive,['Adventure']
494840,UBOAT,"Aug 2, 2024",$40.78,$29.31,Deep Water Studio,PlayWay S.A.,"27,002","22,742","4,260",Very Positive,"['Action', 'Indie', 'RPG', 'Simulation']"
236110,Dungeon Defenders II,"Jun 20, 2017",Free To Play,No Discount,Chromatic Games,Chromatic Games,"22,151","17,106","5,045",Mostly Positive,"['Action', 'Indie', 'RPG', 'Strategy']"
32470,STAR WARS™ Empire at War - Gold Pack,"Feb 16, 2006",$19.99,No Discount,Petroglyph,LucasArts,"42,969","41,996",973,Overwhelmingly Positive,['Strategy']
2815270,The Sims™ 4 Lovestruck Expansion Pack,"Jul 25, 2024",$39.99,$19.99,Maxis,Electronic Arts,121,53,68,Mixed,"['Adventure', 'Casual', 'Simulation']"
4634560,Carpet Cleaning Simulator,"Jul 12, 2026",No Price,No Discount,daimaGAME,daimaGAME,375,326,49,Very Positive,"['Indie', 'Simulation']"
521890,Hello Neighbor,"Dec 8, 2017",$29.99,No Discount,Dynamic Pixels,tinyBuild,"32,012","27,528","4,484",Very Positive,"['Adventure', 'Indie', 'Strategy']"
1455840,Dorfromantik,"Apr 28, 2022",$13.99,No Discount,Toukana Interactive,Toukana Interactive,"29,506","28,427","1,079",Very Positive,"['Casual', 'Indie', 'Simulation', 'Strategy']"
3920680,Gunfire Reborn - Echoes From Primal Grove,"Oct 22, 2025",$6.99,$6.29,Gunfire Reborn Studio,Duoyi Games,254,195,59,Mostly Positive,"['Action', 'Adventure', 'Indie', 'RPG']"
1745780,Substance 3D Modeler 2025,"Dec 15, 2022",$149.99,No Discount,Adobe,Adobe,92,62,30,Mixed,"['Animation & Modeling', 'Design & Illustration']"
1238860,Battlefield 4™,"Oct 29, 2013",No Price,No Discount,DICE,Electronic Arts,"81,255","68,938","12,317",Very Positive,['Action']
319510,Five Nights at Freddy's,"Aug 18, 2014",$4.99,No Discount,Scott Cawthon,Scott Cawthon,"58,895","55,250","3,645",Overwhelmingly Positive,"['Indie', 'Simulation']"
2187220,Apollo Justice: Ace Attorney Trilogy,"Jan 24, 2024",$49.99,No Discount,"CAPCOM Co., Ltd.","CAPCOM Co., Ltd.","4,372","3,853",519,Mostly Positive,['Adventure']
3690030,The Last Gas Station,"Apr 28, 2026",$13.99,$9.79,Alawar,Alawar,"1,164","1,013",151,Very Positive,"['Adventure', 'Casual', 'Indie', 'Simulation']"
313120,Stranded Deep,"Aug 10, 2022",$19.99,No Discount,Beam Team Games,Beam Team Publishing,"47,733","35,412","12,321",Mostly Positive,"['Adventure', 'Indie']"
1286680,Tiny Tina's Wonderlands,"Jun 23, 2022",$29.99,No Discount,Gearbox Software,2K,"24,601","17,356","7,245",Mixed,"['Action', 'Adventure', 'RPG']"
2723430,inKONBINI: One Store. Many Stories,"Apr 30, 2026",$19.99,No Discount,Nagai Industries,Nagai Industries,"1,016",877,139,Very Positive,"['Adventure', 'Casual', 'Indie', 'Simulation']"
2669380,BRUTALISTICK VR,"Mar 31, 2024",No Price,No Discount,Kubunautilus,Kubunautilus,"1,629","1,556",73,Very Positive,"['Action', 'Indie', 'Early Access']"
33230,Assassin's Creed 2,"Mar 9, 2010",$19.99,No Discount,Ubisoft Montreal,Ubisoft,"61,065","54,632","6,433",Very Positive,"['Action', 'Adventure']"
1225570,Unravel Two,"Jun 9, 2018",No Price,No Discount,Coldwood Interactive,Electronic Arts,"9,063","7,086","1,977",Mostly Positive,"['Action', 'Adventure']"
1303182,Crusader Kings III: Royal Court,"Feb 8, 2022",$29.99,No Discount,Paradox Development Studio,Paradox Interactive,"4,649","1,935","2,714",Mixed,"['RPG', 'Simulation', 'Strategy']"
450540,"Hot Dogs, Horseshoes & Hand Grenades","Jul 4, 2026",$19.99,No Discount,RUST LTD.,RUST LTD.,"23,827","23,113",714,Very Positive,"['Action', 'Simulation']"
2825190,Street Fighter™ 6 - Year 2 Character Pass,"Jun 7, 2024",$29.99,No Discount,"CAPCOM Co., Ltd.","CAPCOM Co., Ltd.",239,122,117,Mixed,"['Action', 'Adventure']"
2424010,Parcel Simulator,"Jun 20, 2025",$17.99,No Discount,Dansan Digital,Dansan Digital,"2,747","2,566",181,Very Positive,"['Casual', 'Indie', 'Simulation']"
246900,Viscera Cleanup Detail,"Oct 23, 2015",$12.99,No Discount,RuneStorm,RuneStorm,"23,695","21,850","1,845",Very Positive,"['Indie', 'Simulation']"
3450970,Total War: WARHAMMER III - Sayl – Tides of Torment,"Dec 4, 2025",$8.99,No Discount,CREATIVE ASSEMBLY,SEGA,418,303,115,Mostly Positive,"['Action', 'Strategy']"
1340990,Rise of the Ronin,"Mar 10, 2025",$49.99,$24.99,"KOEI TECMO GAMES CO., LTD.","KOEI TECMO GAMES CO., LTD.","10,830","6,820","4,010",Mostly Positive,"['Action', 'Adventure', 'RPG']"
4249110,Resident Evil 2 (1998),"Apr 1, 2026",$9.99,No Discount,"CAPCOM Co., Ltd.","CAPCOM Co., Ltd.","2,103","1,906",197,Very Positive,"['Action', 'Adventure']"
1456180,MechWarrior 5: Mercenaries - Heroes of the Inner Sphere,"May 26, 2021",$19.99,$7.99,Piranha Games Inc.,Piranha Games Inc.,209,170,39,Very Positive,"['Action', 'Simulation']"
1973710,ヘブンバーンズレッド,"Aug 10, 2022",Free,No Discount,WRIGHT FLYER STUDIOS,WRIGHT FLYER STUDIOS,"6,114","3,698","2,416",Mixed,"['Adventure', 'RPG', 'Free To Play']"
2311920,Crusader Kings III: Tours & Tournaments,"May 11, 2023",$29.99,No Discount,Paradox Development Studio,Paradox Interactive,"1,600","1,177",423,Mostly Positive,"['RPG', 'Simulation', 'Strategy']"
1898300,ASKA,"Jun 20, 2024",$24.99,$19.99,Sand Sailor Studio,Thunderful Publishing,"12,016","9,591","2,425",Mostly Positive,"['Adventure', 'Simulation', 'Strategy', 'Early Access']"
1353060,Rust - Sunburn Pack,"Jul 9, 2020",$9.99,$4.99,Facepunch Studios,Facepunch Studios,"2,232","2,055",177,Very Positive,"['Action', 'Adventure', 'Indie', 'Massively Multiplayer']"
1235743,The Sims™ 4 Vampires,"Jan 24, 2017",$19.99,$13.99,Maxis,Electronic Arts,316,216,100,Mixed,"['Casual', 'Simulation']"
4131660,Jurassic World Evolution 3: Wetlands ,"Dec 9, 2025",$9.99,No Discount,Frontier Developments,Frontier Developments,97,76,21,Mostly Positive,"['Simulation', 'Strategy']"
2928600,Demon Slayer -Kimetsu no Yaiba- The Hinokami Chronicles 2,"Aug 5, 2025",$59.99,No Discount,CyberConnect2,SEGA,"3,576","2,959",617,Very Positive,"['Action', 'Adventure']"
1702010,Sengoku Dynasty,"Nov 7, 2024",No Price,No Discount,Superkami,Toplitz Productions,"7,743","5,785","1,958",Mostly Positive,"['Adventure', 'RPG', 'Simulation']"
3142540,The Planet Crafter - Planet Humble,"Oct 9, 2024",$7.99,No Discount,Miju Games,Miju Games,922,688,234,Mostly Positive,['Adventure']
1325860,VTube Studio,"Mar 12, 2021",Free,No Discount,DenchiSoft,DenchiSoft,"7,193","6,671",522,Very Positive,"['Indie', 'Animation & Modeling', 'Video Production']"
1682970,Uncrashed : FPV Drone Simulator,"Sep 1, 2021",$14.99,No Discount,Luminite,Luminite,"7,616","7,251",365,Overwhelmingly Positive,"['Action', 'Indie', 'Racing', 'Simulation']"
268050,The Evil Within,"Oct 13, 2014",$19.99,$4.99,Tango Gameworks,Bethesda Softworks,"33,315","28,387","4,928",Very Positive,['Action']
544550,Stationeers,"Dec 12, 2017",$34.99,No Discount,RocketWerkz,RocketWerkz,"9,190","8,064","1,126",Very Positive,"['Action', 'Indie', 'Simulation', 'Early Access']"
2497920,A Difficult Game About Climbing,"Mar 6, 2024",$9.99,$4.99,Pontypants,Pontypants,"5,632","4,917",715,Mostly Positive,"['Action', 'Adventure']"
1587130,Blood West,"Dec 5, 2023",$24.99,$18.74,Hyperstrange,New Blood Interactive,"6,625","5,961",664,Very Positive,"['Action', 'Indie', 'RPG']"
2251220,High Times,"Jul 23, 2026",No Price,No Discount,Yangyang Mobile,Yangyang Mobile,126,117,9,Very Positive,"['Casual', 'Indie', 'Simulation']"
3765010,Forensics: Crime Scene Detective,"Jul 13, 2026",No Price,No Discount,Binary Impact,Aerosoft GmbH,296,183,113,Mixed,['Simulation']
2452280,Mecha BREAK,"Jul 1, 2025",Free To Play,No Discount,Amazing Seasun Games,Amazing Seasun Games,"28,967","17,523","11,444",Mostly Positive,"['Action', 'Massively Multiplayer', 'Free To Play']"
2238470,Grimshire,"Jul 22, 2025",No Price,No Discount,Acute Owl Studio,Acute Owl Studio,"3,265","3,192",73,Overwhelmingly Positive,"['Indie', 'RPG', 'Simulation', 'Early Access']"
2479090,Prelude Dark Pain,"Jul 27, 2026",$19.99,$17.99,QUICKFIREGAMES,Firesquid,329,272,57,Mostly Positive,"['Adventure', 'Indie', 'RPG', 'Strategy']"
3450960,Total War: WARHAMMER III - Aislinn – Tides of Torment,"Dec 4, 2025",$8.99,No Discount,CREATIVE ASSEMBLY,SEGA,708,393,315,Mixed,"['Action', 'Strategy']"
1262540,Need for Speed™,"Mar 15, 2016",No Price,No Discount,Ghost Games,Electronic Arts,"28,730","19,918","8,812",Mixed,"['Action', 'Adventure', 'Racing', 'Simulation']"
307690,Sleeping Dogs: Definitive Edition,"Oct 8, 2014",$19.99,No Discount,United Front Games,Square Enix,"78,722","74,071","4,651",Overwhelmingly Positive,"['Action', 'Adventure', 'Racing']"
2005010,"Warhammer 40,000: Boltgun","May 23, 2023",$21.99,No Discount,Auroch Digital,Focus Entertainment,"18,034","16,144","1,890",Very Positive,"['Action', 'Indie']"
1265920,Life is Strange Remastered,"Feb 1, 2022",$39.99,No Discount,Deck Nine,Square Enix,"10,720","9,850",870,Overwhelmingly Positive,"['Action', 'Adventure']"
1714510,Kusan: City of Wolves,"Jul 30, 2026",No Price,No Discount,CIRCLEfromDOT,PQube,144,134,10,Very Positive,"['Action', 'Indie']"
4049910,Nuclear Epoch,"Jun 25, 2026",No Price,No Discount,Cat Play Studio,Cat Play Studio,477,384,93,Very Positive,"['Adventure', 'Casual', 'Indie']"
535930,Two Point Hospital,"Aug 29, 2018",$29.99,No Discount,Two Point Studios,SEGA,"34,850","32,048","2,802",Very Positive,"['Indie', 'Simulation']"
622650,Bendy and the Ink Machine,"Feb 10, 2017",$19.99,No Discount,Joey Drew Studios,Joey Drew Studios,"36,638","32,620","4,018",Very Positive,"['Action', 'Adventure', 'Indie', 'Strategy']"
1049410,Superliminal,"Nov 5, 2020",$19.99,No Discount,Pillow Castle,Pillow Castle,"33,820","31,995","1,825",Very Positive,"['Action', 'Adventure']"
483840,Grim Dawn - Crucible Mode DLC,"Aug 3, 2016",$7.99,No Discount,Crate Entertainment,Crate Entertainment,621,515,106,Very Positive,"['Action', 'Adventure', 'Indie', 'RPG']"
3669570,Alchemy Factory,"Dec 11, 2025",$17.99,No Discount,D5 Copperhead, Gamirror Games,"2,487","2,228",259,Mostly Positive,"['Casual', 'Indie', 'Simulation', 'Strategy']"
21970,R.U.S.E.™,"Sep 9, 2010",$29.99,No Discount,Eugen Systems,Eugen Systems,"4,514","4,316",198,Very Positive,['Strategy']
2506160,Fears to Fathom - Ironbark Lookout,"Oct 20, 2023",$9.99,No Discount,Rayll Studios,Rayll Studios,"6,280","5,807",473,Very Positive,"['Adventure', 'Casual', 'Indie']"
371660,Far Cry® Primal,"Feb 29, 2016",$29.99,No Discount,Ubisoft,Ubisoft,"40,899","35,317","5,582",Very Positive,"['Action', 'Adventure']"
3123410,Atelier Yumia: The Alchemist of Memories & the Envisioned Land,"Mar 20, 2025",$69.99,$39.89,"KOEI TECMO GAMES CO., LTD.","KOEI TECMO GAMES CO., LTD.","3,265","2,096","1,169",Mixed,"['Action', 'Adventure', 'RPG']"
536270,Ancestors: The Humankind Odyssey,"Aug 27, 2020",$39.99,$7.99,Panache Digital Games,Private Division,"11,848","9,363","2,485",Very Positive,"['Action', 'Adventure', 'Indie', 'RPG']"
645402,Sid Meier’s Civilization® VI: Rise and Fall,"Feb 7, 2018",$29.99,$14.99,Firaxis Games,2K,"2,873","1,687","1,186",Mixed,['Strategy']
774181,Rhythm Doctor,"Dec 6, 2025",$19.99,No Discount,7th Beat Games,7th Beat Games,"26,823","26,328",495,Overwhelmingly Positive,"['Action', 'Casual', 'Indie', 'Strategy']"
1150440,Aliens: Dark Descent,"Jun 19, 2023",$39.99,No Discount,Tindalos Interactive,Focus Entertainment,"18,566","16,265","2,301",Very Positive,"['Action', 'Strategy']"
4630570,RUNNING TRAIN | 走ル列車！,"May 24, 2026",$19.99,No Discount,Novatetsu Games,Novatetsu Games,"1,477","1,443",34,Overwhelmingly Positive,"['Casual', 'Indie', 'Simulation', 'Early Access']"
3797340,Anomalous Coffee Machine 2,"Dec 12, 2025",$6.99,No Discount,HoruBrain Interactive,Hexapede Games,681,549,132,Very Positive,['Indie']
3156330,Anomaly President,"Aug 3, 2026",$14.99,$11.99,Phew Phew Games,Phew Phew Games,397,388,9,Very Positive,"['Action', 'Adventure', 'Indie', 'RPG']"
4598200,Dune: Imperium - Uprising,"Jun 9, 2026",$14.99,No Discount,Dire Wolf,Dire Wolf,55,48,7,Very Positive,"['Simulation', 'Strategy']"
1672810,MIO: Memories in Orbit,"Jan 20, 2026",$19.99,No Discount,Douze Dixièmes,Focus Entertainment,"4,590","3,816",774,Very Positive,"['Action', 'Adventure', 'Indie']"
1517290,Battlefield™ 2042,"Nov 19, 2021",No Price,No Discount,DICE,Electronic Arts,"325,403","153,399","172,004",Mixed,"['Action', 'Adventure', 'Casual']"
3357960,KuloNiku: Bowl Up!,"Apr 7, 2026",No Price,No Discount,Gambir Studio,Raw Fury,"2,293","2,210",83,Overwhelmingly Positive,"['Casual', 'Indie', 'Simulation']"
895870,Project Wingman,"Dec 1, 2020",$24.99,No Discount,Sector D2,Sector D2,"22,032","20,657","1,375",Very Positive,"['Action', 'Indie', 'Simulation']"
2780810,Euro Truck Simulator 2 - Nordic Horizons,"Nov 27, 2025",$17.99,No Discount,SCS Software,SCS Software,"1,275","1,174",101,Very Positive,"['Indie', 'Simulation']"
466560,Northgard: Definitive Edition,"Mar 7, 2018",$34.99,No Discount,Shiro Games,Shiro Games,"68,620","58,526","10,094",Very Positive,"['Adventure', 'Indie', 'Simulation', 'Strategy']"
213610,Sonic Adventure 2,"Nov 19, 2012",$9.99,No Discount,SEGA,SEGA,"28,308","25,268","3,040",Very Positive,['Action']
2698420,Restore Your Island,"Apr 9, 2026",$12.99,$9.74, Paiband Game Studio, Paiband Game Studio,"1,674","1,324",350,Very Positive,"['Adventure', 'Casual', 'Indie', 'Simulation']"
1235732,The Sims™ 4 Get Together,"Dec 7, 2015",$39.99,$19.99,Maxis,Electronic Arts,143,113,30,Mostly Positive,['Simulation']
1705180,"Gunner, HEAT, PC!","Sep 6, 2022",$29.99,No Discount,Radian Simulations LLC,Radian Simulations LLC,"7,983","7,314",669,Very Positive,"['Action', 'Indie', 'Simulation', 'Early Access']"
2382520,Erenshor,"Apr 14, 2025",No Price,No Discount,Burgee Media,Burgee Media,"2,154","2,031",123,Very Positive,"['Action', 'Adventure', 'RPG', 'Early Access']"
2584990,Shadowverse: Worlds Beyond,"Jun 14, 2025",Free To Play,No Discount,"Cygames, Inc.","Cygames, Inc.","24,253","7,130","17,123",Mostly Negative,"['Casual', 'RPG', 'Strategy', 'Free To Play']"
784950,SUPREMACY: WORLD WAR 3,"Mar 15, 2018",Free To Play,No Discount,Dorado Games,Dorado Games,"5,954","4,446","1,508",Mostly Positive,"['Indie', 'Massively Multiplayer', 'Strategy', 'Free To Play']"
55150,"Warhammer 40,000: Space Marine - Anniversary Edition","Sep 5, 2011",No Price,No Discount,Relic Entertainment,Relic Entertainment,"33,292","30,520","2,772",Very Positive,['Action']
2464530,VOIN,"Dec 10, 2024",$19.99,No Discount,Nikita Sozidar,tinyBuild,"3,548","3,334",214,Very Positive,"['Action', 'Adventure', 'Indie', 'RPG']"
383980,Rivals of Aether,"Mar 28, 2017",$29.99,No Discount,Aether Studios,Aether Studios,"37,994","36,452","1,542",Overwhelmingly Positive,['Indie']
1114150,CarX Street,"Aug 29, 2024",$19.99,No Discount,"CarX Technologies, LLC","CarX Technologies, LLC","19,259","13,662","5,597",Mostly Positive,"['Massively Multiplayer', 'Racing', 'Simulation', 'Sports']"
282140,SOMA,"Sep 21, 2015",$29.99,No Discount,Frictional Games,Frictional Games,"52,237","50,078","2,159",Very Positive,"['Action', 'Adventure', 'Indie']"
4125930,Punishing: Gray Raven,"Feb 2, 2026",Free To Play,No Discount,KURO GAMES,KURO GAMES,"1,419","1,054",365,Mostly Positive,"['Action', 'Adventure', 'RPG', 'Free To Play']"
204100,Max Payne 3,"May 31, 2012",$19.99,No Discount,Rockstar Studios,Rockstar Games,"63,711","55,413","8,298",Very Positive,['Action']
1552350,The Jackbox Party Pack 8,"Oct 13, 2021",$29.99,No Discount,"Jackbox Games, Inc.","Jackbox Games, Inc.","1,432","1,290",142,Very Positive,"['Casual', 'Indie', 'Strategy']"
1622910,Still Wakes the Deep,"Jun 18, 2024",No Price,No Discount,The Chinese Room,Secret Mode,"12,726","11,162","1,564",Mostly Positive,"['Action', 'Adventure', 'Indie']"
2622000,Astral Party ,"Feb 28, 2024",Free To Play,No Discount,STAR ENGINE PROJECT,Neverland Entertainment,"21,025","11,476","9,549",Mostly Negative,"['Casual', 'Indie', 'RPG', 'Strategy']"
4039140,Subway Builder,"Jul 17, 2026",$39.99,No Discount,Colin Miller,Borough Studio,312,166,146,Mixed,"['Indie', 'Simulation', 'Strategy']"
238460,BattleBlock Theater®,"May 15, 2014",$14.99,No Discount,The Behemoth,The Behemoth,"72,816","70,759","2,057",Overwhelmingly Positive,"['Action', 'Adventure', 'Casual', 'Indie']"
1177980,"Little Kitty, Big City","May 9, 2024",No Price,No Discount,Double Dagger Studio,Double Dagger Studio,"13,757","13,327",430,Overwhelmingly Positive,"['Adventure', 'Casual', 'Indie', 'Simulation']"
4496530,Assassin's Creed Black Flag Resynced - Hellfire Character Pack,"Jul 9, 2026",$9.99,No Discount,Ubisoft Singapore,Ubisoft,14,9,5,Mixed,"['Action', 'Adventure']"
2255370,Directive 8020,"May 12, 2026",$49.99,No Discount,Supermassive Games,Supermassive Games,"2,184","1,367",817,Mixed,"['Action', 'Adventure']"
2400510,Dungeons & Degenerate Gamblers,"Aug 8, 2024",No Price,No Discount,Purple Moss Collectors,Yogscast Games,"3,469","2,832",637,Mostly Positive,"['Casual', 'Indie', 'RPG', 'Strategy']"
1235720,The Sims™ 4 Get Famous,"Nov 15, 2018",$39.99,$19.99,Maxis,Electronic Arts,184,114,70,Mixed,['Simulation']
1244460,Jurassic World Evolution 2,"Nov 9, 2021",$59.99,No Discount,Frontier Developments,Frontier Developments,"46,839","42,318","4,521",Very Positive,"['Simulation', 'Strategy']"
2101390,Lost and Found Co.,"Mar 5, 2026",No Price,No Discount,Bit Egg Inc.,Bit Egg Inc.,"2,670","2,583",87,Overwhelmingly Positive,"['Casual', 'Indie']"
1281590,The Dark Pictures Anthology: House of Ashes,"Oct 21, 2021",No Price,No Discount,Supermassive Games,BANDAI NAMCO Entertainment Europe,"10,882","9,675","1,207",Very Positive,['Adventure']
4764930,Master of Command - The Lion & Eagle,"Jun 1, 2026",$14.99,$12.74, Armchair Interactive, Armchair Interactive,72,71,1,Very Positive,['Strategy']
2288630,Taiko no Tatsujin: Rhythm Festival,"Nov 6, 2024",No Price,No Discount,Bandai Namco Amusement Lab Inc.,Bandai Namco Entertainment Inc.,"1,580","1,335",245,Mostly Positive,['Casual']
2133850,Broken Reality 2000,"Jul 27, 2026",$14.99,$13.49,Dynamic Media Triad,Digital Tribe,220,175,45,Mostly Positive,"['Adventure', 'Casual', 'Indie']"
38420,Fallout Tactics: Brotherhood of Steel,"Mar 1, 2001",$9.99,$2.49,14° East,Bethesda Softworks,"2,923","2,303",620,Very Positive,['Strategy']
2383430,theHunter: Call of the Wild™ - Emerald Coast Australia,"Jun 20, 2023",$7.99,$3.99,Expansive Worlds,Avalanche Studios,543,478,65,Very Positive,"['Adventure', 'Simulation', 'Sports']"
692890,Roboquest,"Nov 7, 2023",Roboquest Demo,No Discount,RyseUp Studios,RyseUp Studios,"24,281","23,128","1,153",Overwhelmingly Positive,"['Action', 'Indie']"
253230,A Hat in Time,"Oct 5, 2017",$29.99,No Discount,Gears for Breakfast,Gears for Breakfast,"53,349","52,180","1,169",Overwhelmingly Positive,"['Adventure', 'Indie']"
2461850,Hellblade II: Senua’s Saga,"May 21, 2024",$49.99,No Discount,Ninja Theory,Xbox Game Studios,"9,847","8,535","1,312",Very Positive,"['Action', 'Adventure']"
2530250,PARKSIDE: DECAYED SOUL MANIPULATION,"Jul 30, 2026",No Price,No Discount,Banana Hardsoft,Banana Hardsoft,79,69,10,Very Positive,"['Action', 'Indie', 'RPG']"
669330,Mechabellum,"Sep 26, 2024",$14.99,$10.49,Game River,Dreamhaven,"19,201","16,081","3,120",Very Positive,"['Action', 'Indie', 'Massively Multiplayer', 'Simulation']"
1113410,ARK: Genesis Season Pass,"Aug 8, 2019",$14.99,No Discount,Studio Wildcard,Snail Games USA,"6,806","3,658","3,148",Mostly Negative,"['Action', 'Adventure', 'Indie', 'Massively Multiplayer']"
4735130,"1,200 Welcome Pack - Rainbow Six Siege","Jun 2, 2026",$9.99,No Discount,Ubisoft Montreal,Ubisoft,238,80,158,Mixed,"['Action', 'Free To Play']"
4164420,My Winter Car,"Dec 29, 2025",$14.99,No Discount,Amistech Games,Amistech Games,"18,714","17,641","1,073",Very Positive,"['Indie', 'Racing', 'Simulation', 'Early Access']"
3825390,BLUE REFLECTION Quartet,"Jul 29, 2026",$49.99,No Discount,"KOEI TECMO GAMES CO., LTD.","KOEI TECMO GAMES CO., LTD.",120,64,56,Mixed,"['Adventure', 'Casual', 'RPG']"
3747730,Legacy of Kain: Defiance Remastered,"Mar 3, 2026",$24.99,$12.49,Crystal Dynamics,Crystal Dynamics,695,674,21,Very Positive,"['Action', 'Adventure']"
750920,Shadow of the Tomb Raider: Definitive Edition,"Sep 14, 2018",Shadow of the Tomb Raider Free Trial,No Discount,Eidos-Montréal,Crystal Dynamics,"89,081","74,684","14,397",Very Positive,"['Action', 'Adventure']"
2450010,Guild Wars 2® Secrets of the Obscure™ Expansion,"Aug 22, 2023",$24.99,No Discount,ArenaNet®,NCSOFT,165,76,89,Mixed,"['Adventure', 'Massively Multiplayer', 'RPG', 'Free To Play']"
1594940,Little Witch in the Woods,"Sep 14, 2025",$19.99,No Discount,SUNNY SIDE UP,SUNNY SIDE UP,"12,960","11,537","1,423",Very Positive,"['Adventure', 'Casual', 'Indie', 'RPG']"
2131640,METAL GEAR SOLID 2: Sons of Liberty - Master Collection Version,"Oct 24, 2023",$19.99,No Discount,KONAMI,KONAMI,"4,310","3,855",455,Very Positive,['Action']
2719750,Star Birds,"Sep 10, 2025",$19.99,No Discount,Toukana Interactive,Toukana Interactive,"3,045","2,805",240,Very Positive,"['Casual', 'Indie', 'Simulation', 'Strategy']"
3601800,Meltopia,"May 1, 2026",$6.99,$4.19,Garden of Dreams,Garden of Dreams,"1,526","1,331",195,Very Positive,"['Adventure', 'Casual', 'Indie', 'Simulation']"
1295510,DRAGON QUEST® XI S: Echoes of an Elusive Age™ - Definitive Edition,"Dec 4, 2020",No Price,No Discount,Square Enix,Square Enix,"11,998","11,133",865,Very Positive,"['Adventure', 'RPG']"
3417410,Storebound,"Jul 16, 2026",$7.99,No Discount,Embers,Embers,"1,276",999,277,Mostly Positive,"['Action', 'Adventure', 'Indie']"
3119540,Scriptorium: Master of Manuscripts,"Apr 16, 2026",No Price,No Discount,Yaza Games,Mythwright,"1,075","1,054",21,Very Positive,"['Casual', 'Indie', 'Simulation']"
1017180,The Long Drive,"Sep 25, 2019",$15.99,No Discount,Genesz,Genesz,"56,025","49,550","6,475",Very Positive,"['Action', 'Adventure', 'Casual', 'Indie']"
2862860,Ukrainian Fight Drone Simulator (UFDS) - FPV drone simulator,"Dec 10, 2025",$29.99,No Discount,SIMTECH SOLUTIONS,SIMTECH SOLUTIONS,690,556,134,Very Positive,"['Action', 'Massively Multiplayer', 'Simulation']"
1153410,JDM: Japanese Drift Master,"May 21, 2025",$34.99,$13.99,Gaming Factory,Gaming Factory,"5,964","4,520","1,444",Mostly Positive,"['Casual', 'Racing', 'Simulation', 'Sports']"
214510,LEGO® The Lord of the Rings™,"Nov 27, 2012",$19.99,$3.99,Traveller's Tales,Warner Bros. Interactive Entertainment,"16,003","14,424","1,579",Very Positive,"['Action', 'Adventure']"
3871330,"Warhammer 40,000: Space Marine 2 - Black Templars Champion Pack","Sep 4, 2025",$7.99,No Discount,Saber Interactive,Focus Entertainment,246,222,24,Mostly Positive,"['Action', 'Adventure', 'RPG']"
3796260,"Expansion - Hearts of Iron IV: No Compromise, No Surrender","Nov 20, 2025",$29.99,No Discount,Paradox Development Studio,Paradox Interactive,"1,847",597,"1,250",Very Negative,"['Simulation', 'Strategy']"
1316840,theHunter: Call of the Wild™ - Silver Ridge Peaks,"Jun 23, 2020",$7.99,$3.99,Expansive Worlds,Avalanche Studios,868,637,231,Mostly Positive,"['Adventure', 'Simulation', 'Sports']"
2939790,Lunarium,"Jul 28, 2026",No Price,No Discount,月相仪Lunarium,月相仪Lunarium,283,241,42,Very Positive,"['Action', 'Adventure', 'Indie', 'RPG']"
1210320,Potion Craft: Alchemist Simulator,"Dec 13, 2022",$19.99,No Discount,niceplay games,tinyBuild,"44,278","41,147","3,131",Overwhelmingly Positive,"['Indie', 'Simulation']"
2205850,"Dwarves: Glory, Death and Loot","Jan 22, 2026",$22.48,$9.57,Hamma Studios,Sidekick Publishing,"2,647","2,182",465,Mostly Positive,"['Adventure', 'Casual', 'Indie', 'RPG']"
19680,Alice: Madness Returns,"Jun 17, 2011",No Price,No Discount,Spicy Horse Games,Electronic Arts,"30,400","27,580","2,820",Very Positive,"['Action', 'Adventure']"
1252330,DEATHLOOP,"Sep 13, 2021",$59.99,$11.99,Arkane Studios,Bethesda Softworks,"30,366","23,104","7,262",Mixed,['Action']
3894850,Nothing To Declare,"Jul 25, 2026",$9.99,$6.99,Rogue Duck Interactive,Rogue Duck Interactive,166,128,38,Mostly Positive,"['Casual', 'Indie', 'Simulation']"
418530,Spelunky 2,"Sep 29, 2020",$19.99,No Discount,Mossmouth,Mossmouth,"21,874","20,300","1,574",Very Positive,"['Action', 'Indie']"
3181500,Age of Wonders 4: Giant Kings,"Apr 1, 2025",$24.99,No Discount,Triumph Studios,Paradox Interactive,272,233,39,Very Positive,['Strategy']
1677110,Lightyear Frontier,"Mar 19, 2024",$24.99,No Discount,FRAME BREAK,FRAME BREAK,"4,658","3,909",749,Mostly Positive,['Early Access']
1161580,Hardspace: Shipbreaker,"May 24, 2022",$34.99,No Discount,Blackbird Interactive,Blackbird Interactive,"22,276","19,898","2,378",Very Positive,['Simulation']
4114070,Two Point Museum: Arty-Facts,"May 7, 2026",$10.99,No Discount,Two Point Studios,SEGA,98,90,8,Very Positive,"['Casual', 'Indie', 'Simulation', 'Strategy']"
1368820,RollerCoaster Tycoon® 3: Complete Edition,"Sep 24, 2020",$19.99,No Discount,Frontier Developments,Atari,"2,968","2,590",378,Very Positive,"['Simulation', 'Strategy']"
1699480,KLETKA,"Feb 19, 2026",$9.99,No Discount,Callback,Callback,"7,725","6,988",737,Very Positive,"['Action', 'Adventure', 'Indie']"
3639470,Besiege: The Broken Beyond,"Jun 22, 2026",$8.99,$7.19,Spiderling Studios,Spiderling Studios,160,140,20,Mostly Positive,"['Indie', 'Simulation']"
2996040,Teenage Mutant Ninja Turtles: Splintered Fate,"Nov 6, 2024",$29.99,No Discount,Super Evil Megacorp,Super Evil Megacorp,"4,367","3,637",730,Very Positive,"['Action', 'Adventure', 'Indie', 'RPG']"
2327720,City Car Driving 2.0,"Jun 16, 2026",$29.99,No Discount,"Forward Development, Ltd."," Forward Global Group, Ltd.","1,094",682,412,Mixed,"['Indie', 'Racing', 'Simulation', 'Early Access']"
3265230,Cursed Companions,"Jul 9, 2026",$8.99,No Discount,Crimson Forge Studios,Crimson Forge Studios,432,349,83,Mixed,"['Action', 'Adventure', 'Indie']"
3746540,Age of Empires IV: Yue Fei's Legacy,"May 7, 2026",$14.99,No Discount,World's Edge,World's Edge,570,248,322,Mixed,['Strategy']
597180,Old World,"May 18, 2022",$39.99,No Discount,Mohawk Games,Hooded Horse,"6,770","5,577","1,193",Very Positive,"['RPG', 'Simulation', 'Strategy']"
2585150,American Truck Simulator - Arkansas,"Sep 16, 2024",$11.99,No Discount,SCS Software,SCS Software,307,250,57,Very Positive,"['Indie', 'Simulation']"
610180,The Jackbox Party Pack 4,"Oct 18, 2017",$24.99,No Discount,"Jackbox Games, Inc.","Jackbox Games, Inc.","3,397","3,228",169,Overwhelmingly Positive,"['Casual', 'Indie', 'Strategy']"
3985950,R.I.P. - Reincarnation Insurance Program,"Jan 25, 2026",$18.88,$14.29,WarmCore Studio,2P Games,"2,702","2,062",640,Very Positive,"['Action', 'Adventure', 'Casual', 'Early Access']"
70,Half-Life,"Nov 19, 1998",$9.99,No Discount,Valve,Valve,"163,271","157,555","5,716",Overwhelmingly Positive,['Action']
3804850,Two Point Museum: Zooseum,"Dec 2, 2025",$10.99,No Discount,Two Point Studios,SEGA,194,166,28,Very Positive,"['Casual', 'Indie', 'Simulation', 'Strategy']"
332800,Five Nights at Freddy's 2,"Nov 10, 2014",$7.99,No Discount,Scott Cawthon,Scott Cawthon,"25,991","24,352","1,639",Very Positive,['Indie']
3796620,Dead by Daylight: Five Nights at Freddy’s,"Jun 17, 2025",$4.99,No Discount,Behaviour Interactive Inc.,Behaviour Interactive Inc.,"2,728","2,371",357,Very Positive,['Action']
3509230,Gambonanza,"May 1, 2026",$14.99,No Discount,Blukulélé,Sidekick Publishing,"1,593","1,206",387,Mostly Positive,"['Casual', 'Simulation', 'Strategy']"
2066550,ERROR143,"Jul 26, 2022",Free To Play,No Discount,Jenny Vi Pham,Jenny Vi Pham,"5,219","4,824",395,Very Positive,"['Casual', 'Indie', 'Simulation', 'Free To Play']"
292000,No More Room in Hell 2,"Oct 22, 2024",$29.99,No Discount,Torn Banner Studios,Torn Banner Studios,"21,294","10,450","10,844",Mixed,"['Action', 'Indie', 'Early Access']"
1785150,Friends vs Friends,"May 30, 2023",$9.99,$2.49,Brainwash Gang,Raw Fury,"14,658","12,124","2,534",Mostly Positive,"['Action', 'Indie']"
3050900,ROMEO IS A DEAD MAN,"Feb 10, 2026",$49.99,No Discount,GRASSHOPPER MANUFACTURE INC.,GRASSHOPPER MANUFACTURE INC.,"2,148","1,897",251,Mostly Positive,"['Action', 'Adventure']"
1745440,Destiny 2: Triumphant Silver Bundle,"Dec 7, 2021",$9.99,No Discount,Bungie,Bungie,203,128,75,Mixed,"['Action', 'Adventure', 'Free To Play']"
3624790,Letter Lost,"Jun 10, 2026",$19.99,No Discount,FlatNine Games,FlatNine Games,172,147,25,Very Positive,"['Adventure', 'Indie']"
1839950,Terminator: Dark Fate - Defiance,"Feb 21, 2024",$39.99,No Discount,Slitherine Ltd.,Slitherine Ltd.,"4,411","3,664",747,Very Positive,['Strategy']
1498570,THE KING OF FIGHTERS XV,"Dec 12, 2024",$39.99,$9.99,SNK CORPORATION,SNK CORPORATION,"9,098","7,624","1,474",Mostly Positive,['Action']
1794960,Sonic Origins,"Jun 22, 2022",$29.99,No Discount,Sonic Team,SEGA,"6,313","4,814","1,499",Very Positive,"['Action', 'Adventure', 'Casual']"
2772990,Ghost Janitors,"Nov 8, 2025",No Price,No Discount,Interactive Wave Studio,Interactive Wave Studio,"1,087",938,149,Very Positive,"['Action', 'Adventure', 'Indie']"
447530,VA-11 Hall-A: Cyberpunk Bartender Action,"Jun 21, 2016",$14.99,$10.04,Sukeban Games,Ysbryd Games,"38,521","37,476","1,045",Overwhelmingly Positive,"['Adventure', 'Indie', 'Simulation']"
3450980,Total War: WARHAMMER III - Dechala – Tides of Torment,"Dec 4, 2025",$8.99,No Discount,CREATIVE ASSEMBLY,SEGA,442,263,179,Mixed,"['Action', 'Strategy']"
4735390,Warframe: Constellations Complete Collection,"Jun 17, 2026",$34.99,No Discount,Digital Extremes,Digital Extremes,11,9,2,Positive,"['Action', 'RPG', 'Free To Play']"
1686940,Bopl Battle,"Nov 16, 2023",No Price,No Discount,Johan Grönvall,Zapray Games,"25,433","24,722",711,Overwhelmingly Positive,['Action']
413420,Danganronpa 2: Goodbye Despair,"Apr 18, 2016",$19.99,No Discount,"Spike Chunsoft Co., Ltd.","Spike Chunsoft Co., Ltd.","32,348","30,987","1,361",Very Positive,['Adventure']
2864560,Rune Factory: Guardians of Azuma,"Jun 4, 2025",$59.99,No Discount,Marvelous Inc.,XSEED Games,"3,619","3,202",417,Very Positive,"['Action', 'Adventure', 'RPG']"
3407390,ENDLESS Legend™ 2,"Sep 22, 2025",$49.99,No Discount,AMPLITUDE Studios,Hooded Horse,"2,745","2,290",455,Mostly Positive,"['RPG', 'Simulation', 'Strategy', 'Early Access']"
1267910,Melvor Idle,"Nov 18, 2021",$9.99,No Discount,Games by Malcs,Jagex Ltd,"16,041","14,459","1,582",Very Positive,"['Adventure', 'Casual', 'Indie', 'RPG']"
240720,Getting Over It with Bennett Foddy,"Dec 6, 2017",$7.99,No Discount,Bennett Foddy,Bennett Foddy,"82,231","67,656","14,575",Mostly Positive,['Action']
429050,Feed and Grow: Fish,"Jan 8, 2016",$14.99,No Discount,Old B1ood,Greens s.r.o.,"21,521","16,820","4,701",Mostly Positive,"['Action', 'Indie', 'Simulation', 'Early Access']"
3219700,Age of Empires II: DE – The Last Chieftains,"Feb 17, 2026",$19.99,No Discount,Forgotten Empires,Xbox Game Studios,529,263,266,Mixed,['Strategy']
860510,Little Nightmares II,"Feb 10, 2021",Little Nightmares II Demo,No Discount,Tarsier Studios,BANDAI NAMCO Entertainment,"58,221","54,153","4,068",Very Positive,['Adventure']
601430,The Evil Within 2,"Oct 12, 2017",$39.99,$7.99,Tango Gameworks,Bethesda Softworks,"30,813","28,376","2,437",Very Positive,"['Action', 'Adventure']"
637090,BATTLETECH,"Apr 24, 2018",$39.99,No Discount,Harebrained Schemes,Paradox Interactive,"33,061","27,763","5,298",Very Positive,"['Action', 'Adventure', 'Strategy']"
2415010,A Date with Death,"Dec 7, 2023",Free To Play,No Discount,Two and a Half Studios,Two and a Half Studios,"14,504","14,214",290,Overwhelmingly Positive,"['Indie', 'Simulation', 'Free To Play']"
4397060,Sitting Ducks,"Jun 4, 2026",$7.99,No Discount,The Gang Studio,The Gang Studio ,87,72,15,Very Positive,"['Action', 'Adventure', 'Casual', 'Indie']"
1147860,UFO 50,"Sep 18, 2024",$24.99,No Discount,Mossmouth,Mossmouth,"7,422","7,061",361,Very Positive,"['Action', 'Adventure', 'Indie', 'RPG']"
3124340,Demeo x Dungeons & Dragons: Battlemarked,"Nov 20, 2025",$29.99,No Discount,Resolution Games,Resolution Games,"1,357","1,130",227,Very Positive,"['Adventure', 'RPG', 'Strategy']"
800370,American Truck Simulator - Oregon,"Oct 4, 2018",$11.99,No Discount,SCS Software,SCS Software,"1,028",970,58,Very Positive,"['Indie', 'Simulation']"
4055140,Hello Kitty Island Adventure - City Town,"Apr 16, 2026",$24.99,No Discount,Sunblink,Sunblink,63,52,11,Very Positive,"['Action', 'Adventure', 'Casual', 'Indie']"
813230,ANIMAL WELL,"May 9, 2024",$24.99,No Discount,Billy Basso,Bigmode,"24,365","23,334","1,031",Overwhelmingly Positive,"['Action', 'Adventure', 'Indie']"
280680,Krita,"Jun 10, 2014",$9.99,No Discount,Krita Team,Krita Team,"7,782","7,468",314,Very Positive,"['Indie', 'Animation & Modeling', 'Design & Illustration', 'Photo Editing']"
2285550,Doloc Town,"May 7, 2025",$19.99,No Discount,RedSaw Games Studio,Logoi Games,"2,516","2,412",104,Very Positive,"['Adventure', 'Casual', 'Indie', 'RPG']"
2379910,Dystopika,"Jun 21, 2024",$6.99,$3.49,Voids Within,Voids Within,"3,407","3,263",144,Very Positive,"['Casual', 'Indie', 'Simulation']"
2895680,"Below, Rusted Gods","Jul 29, 2026",$11.68,$7.14,FromSouthGames,FromSouthGames,181,162,19,Very Positive,"['Adventure', 'Indie', 'Simulation']"
1296610,Peglin,"Aug 27, 2024",$19.99,No Discount,Red Nexus Games Inc.,Red Nexus Games Inc.,"17,585","14,726","2,859",Mostly Positive,"['Casual', 'Indie', 'RPG', 'Strategy']"
12200,Bully: Scholarship Edition,"Oct 21, 2008",$7.99 / month,No Discount,Rockstar New England,Rockstar Games,"41,697","35,216","6,481",Very Positive,"['Action', 'Adventure']"
1020790,NARUTO X BORUTO Ultimate Ninja STORM CONNECTIONS,"Nov 16, 2023",$84.99,$33.99,"CyberConnect2 Co., Ltd.",Bandai Namco Entertainment,"5,065","3,075","1,990",Mostly Positive,"['Action', 'Adventure']"
1235140,Yakuza: Like a Dragon,"Nov 10, 2020",$19.99,No Discount,RGG Studio,SEGA,"37,260","35,033","2,227",Very Positive,"['Action', 'Adventure', 'RPG']"
2305640,Bladesong,"Jan 22, 2026",No Price,No Discount,SUN AND SERPENT creations,Mythwright,"1,484","1,412",72,Very Positive,"['Indie', 'RPG', 'Simulation', 'Early Access']"
2660460,Aviassembly,"Apr 11, 2025",$9.99,No Discount,Jelle Booij,Jelle Booij,"9,253","8,940",313,Overwhelmingly Positive,"['Simulation', 'Early Access']"
232090,Killing Floor 2,"Nov 18, 2016",$29.99,No Discount,Tripwire Interactive,Tripwire Interactive,"130,545","114,685","15,860",Very Positive,['Action']
1030840,Mafia: Definitive Edition,"Sep 24, 2020",$39.99,No Discount,Hangar 13,2K,"109,472","95,099","14,373",Very Positive,"['Action', 'Adventure']"
867210,Songs of Conquest,"May 20, 2024",$29.99,No Discount,Lavapotion,Coffee Stain Publishing,"13,507","11,566","1,941",Very Positive,"['Adventure', 'RPG', 'Strategy']"
2350790,Moonlighter 2: The Endless Vault,"Nov 19, 2025",$29.99,No Discount,Digital Sun,11 bit studios,"3,028","2,577",451,Mixed,"['Action', 'Adventure', 'RPG', 'Early Access']"
2331020,Tales of Berseria Remastered,"Feb 26, 2026",$39.99,$29.99,D.A.G Inc.,Bandai Namco Entertainment Inc.,206,152,54,Mixed,"['Action', 'RPG']"
2543810,American Truck Simulator - Nebraska,"May 16, 2024",$11.99,No Discount,SCS Software,SCS Software,299,255,44,Very Positive,"['Indie', 'Simulation']"
221680,Rocksmith® 2014 Edition REMASTERED LEARN & PLAY,"Dec 19, 2024",$9.99,No Discount,Ubisoft - San Francisco,Ubisoft,"25,271","22,226","3,045",Mostly Positive,"['Casual', 'Simulation']"
3951650,UNBEATABLE - Breakout Edition Upgrade,"Dec 9, 2025",$9.99,No Discount,D-CELL GAMES,Playstack,113,112,1,Very Positive,['Adventure']
502280,BERSERK and the Band of the Hawk,"Feb 21, 2017",$59.99,$23.99,"KOEI TECMO GAMES CO., LTD.","KOEI TECMO GAMES CO., LTD.","4,170","3,430",740,Very Positive,['Action']
4354810,For The King II: Into The Wild Character Pack,"May 5, 2026",$7.99,$6.39,IronOak Games,Curve Games,18,17,1,Positive,"['Adventure', 'Indie', 'RPG', 'Strategy']"
1468720,Ultimate Epic Battle Simulator 2,"Jul 21, 2023",$19.99,No Discount,Brilliant Game Studios,Brilliant Game Studios,"7,433","6,278","1,155",Very Positive,"['Action', 'Adventure', 'Casual', 'Indie']"
2776090,Lay of the Land,"Apr 8, 2026",$19.99,No Discount,Southern Cross Interactive,Southern Cross Interactive,"1,128",896,232,Very Positive,"['Action', 'Adventure', 'Indie', 'RPG']"
2689120,Gladio Mori,"Nov 26, 2024",No Price,No Discount,Plebeian Studio,Bonus Stage Publishing,"1,160",948,212,Very Positive,"['Action', 'Simulation', 'Early Access']"
744900,Dead Frontier 2,"Jul 15, 2019",Free To Play,No Discount,Creaky Corpse Ltd,Creaky Corpse Ltd,"28,309","19,784","8,525",Mixed,"['Action', 'Indie', 'Massively Multiplayer', 'RPG']"
531510,Just Shapes & Beats,"May 31, 2018",$19.99,No Discount,Berzerk Studio,Berzerk Studio,"25,892","25,277",615,Overwhelmingly Positive,"['Action', 'Indie']"
601050,Attack on Titan 2 - A.O.T.2,"Apr 26, 2023",$39.99,No Discount,"KOEI TECMO GAMES CO., LTD.","KOEI TECMO GAMES CO., LTD.","7,805","7,279",526,Very Positive,['Action']
2589500,Whisper of the House,"Aug 27, 2025",$14.99,No Discount,元气弹工作室(GD Studio),元气弹工作室(GD Studio),"5,446","5,278",168,Overwhelmingly Positive,"['Casual', 'Indie', 'Simulation']"
1281040,Baby Steps,"Sep 23, 2025",$29.73,$19.53,Gabe Cuzzillo,Devolver Digital,"2,605","2,351",254,Very Positive,"['Action', 'Adventure', 'Casual', 'Indie']"
3579770,Cities: Skylines II - Creator Pack: City Stations,"Mar 18, 2026",$7.99,No Discount,BadPeanut,Paradox Interactive,195,175,20,Very Positive,['Simulation']
2768430,ATLYSS,"Nov 22, 2024",$9.99,No Discount,Kiseff,KisSoft,"22,834","22,111",723,Very Positive,"['Action', 'Adventure', 'Casual', 'Indie']"
2356780,Dungeon Clawler,"Apr 30, 2026",$14.99,$9.74,Stray Fawn Studio,Stray Fawn Publishing,"3,926","3,495",431,Very Positive,"['Action', 'Casual', 'RPG', 'Simulation']"
1348661,Expansion - Hearts of Iron IV: No Step Back,"Nov 23, 2021",$19.99,No Discount,Paradox Development Studio,Paradox Interactive,"4,249","2,862","1,387",Very Positive,"['Simulation', 'Strategy']"
1173810,FINAL FANTASY V,"Nov 10, 2021",$17.99,No Discount,Square Enix,Square Enix,"2,465","2,208",257,Very Positive,['RPG']
1089090,ONE PIECE: PIRATE WARRIORS 4,"Sep 14, 2023",$39.99,No Discount,Koei Tecmo,BANDAI NAMCO Entertainment,"21,860","20,049","1,811",Very Positive,['Action']
2378900,The Coffin of Andy and Leyley,"Oct 13, 2023",$11.99,No Discount,Kit9 Studio,Kit9 Studio,"38,828","37,251","1,577",Overwhelmingly Positive,"['Adventure', 'RPG', 'Early Access']"
3368610,Kingdom Come: Deliverance II Legacy of the Forge,"Sep 9, 2025",$13.99,No Discount,Warhorse Studios,Deep Silver,"2,189","1,554",635,Very Positive,"['Action', 'Adventure', 'RPG']"
528740,Operation: New Earth,"Dec 14, 2016",No Price,No Discount,Hunted Cow Games,Hunted Cow Games,838,506,332,Mixed,"['Massively Multiplayer', 'Simulation', 'Strategy', 'Free To Play']"
3871410,"Warhammer 40,000: Space Marine 2 - Raptors Cosmetic Pack ","Jul 28, 2026",$4.99,No Discount,Saber Interactive,Focus Entertainment,76,38,38,Mixed,"['Action', 'Adventure', 'RPG']"
2066020,Soulstone Survivors,"Jun 17, 2025",$14.99,$10.49,Game Smithing Limited,Game Smithing Limited,"26,691","24,386","2,305",Very Positive,"['Action', 'Indie', 'RPG']"
4519130,MOLDRISE,"Jul 20, 2026",$11.99,No Discount,Raffaele Picca,Raffaele Picca,309,301,8,Very Positive,"['Adventure', 'Indie']"
2599690,Better Than Dead,"May 12, 2026",$14.99,No Discount,MONTE GALLO,MicroProse Software,"1,396","1,008",388,Mostly Positive,"['Action', 'Indie', 'Early Access']"
740130,Tales of ARISE,"Nov 8, 2023",No Price,No Discount,Bandai Namco Studios Inc.,Bandai Namco Entertainment,"36,641","31,736","4,905",Mostly Positive,"['Action', 'RPG']"
1263240,Skate Story,"Dec 8, 2025",No Price,No Discount,by Sam Eng,Devolver Digital,"2,994","2,888",106,Very Positive,"['Action', 'Adventure', 'Indie', 'RPG']"
1990040,X4: Kingdom End,"Apr 12, 2023",$14.99,$4.49,Egosoft,Egosoft,488,398,90,Very Positive,"['Action', 'Simulation']"
2328760,Pinball FX,"Apr 13, 2023",Free,No Discount,Zen Studios,Zen Studios,"2,723","1,984",739,Very Positive,"['Simulation', 'Free To Play']"
1015160,American Truck Simulator - Washington,"Jun 11, 2019",$11.99,No Discount,SCS Software,SCS Software,757,708,49,Very Positive,"['Indie', 'Simulation']"
3976890,Age of Wonders 4: Thrones of Blood,"Nov 11, 2025",$19.99,No Discount,Triumph Studios,Paradox Interactive,191,137,54,Mostly Positive,['Strategy']
460790,Bayonetta,"Apr 11, 2017",$19.99,No Discount,PlatinumGames,SEGA,"32,288","29,853","2,435",Very Positive,"['Action', 'Adventure']"
4098230,Flats Full of Cats,"Aug 3, 2026",Free To Play,No Discount,Devcats,Devcats,13,11,2,Positive,"['Casual', 'Indie', 'Free To Play']"
1165870,Mahou Arms,"Jul 27, 2026",$39.99,No Discount,Dischan Media,Sekai Project,629,473,156,Mixed,"['Action', 'Adventure']"
2471100,Unnamed Space Idle,"Jul 27, 2023",Free To Play,No Discount,Sylv,Jdog Corp,"4,329","4,009",320,Very Positive,"['Casual', 'Simulation', 'Free To Play', 'Early Access']"
1820000,Homura Hime,"Mar 4, 2026",$24.99,$19.99,Crimson Dusk,PLAYISM,"2,607","2,343",264,Very Positive,"['Action', 'Indie']"
2172260,The Complex: Expedition,"Jul 18, 2025",$14.99,No Discount,pgWave,pgWave,"2,688","2,419",269,Very Positive,"['Action', 'Adventure', 'Simulation']"
3283220,Stellaris: Infernals Species Pack,"Nov 25, 2025",$12.99,No Discount,Paradox Development Studio,Paradox Interactive,261,111,150,Mixed,"['Simulation', 'Strategy']"
702320,March of Empires,"Dec 11, 2017",Free To Play,No Discount,Gameloft,Gameloft,"1,846","1,152",694,Mixed,"['Massively Multiplayer', 'RPG', 'Strategy', 'Free To Play']"
3059070,The Headliners,"Jan 30, 2025",$7.99,No Discount,KAFI,KAFI,"10,346","8,923","1,423",Very Positive,"['Action', 'Indie']"
1476200,Project: Gorgon VIP Membership,"May 30, 2021",$11.99 / month,No Discount,"Elder Game, LLC","Elder Game, LLC",31,24,7,Mostly Positive,"['Indie', 'Massively Multiplayer', 'RPG']"
1701060,X4: Tides of Avarice,"Mar 14, 2022",$14.99,$4.49,Egosoft,Egosoft,354,268,86,Mostly Positive,"['Action', 'Simulation']"
2644470,PICO PARK 2,"Sep 12, 2024",$8.99,No Discount,TECOPARK,TECOPARK,"4,681","4,149",532,Very Positive,"['Action', 'Casual']"
4538570,Throne and Liberty Nix Celebration Pack: Platinum,"Jun 25, 2026",$149.99,No Discount,NC,Amazon Game Studios,0,0,0,"['Action', 'Adventure', 'Massively Multiplayer', 'RPG']",
469610,Rick and Morty: Virtual Rick-ality,"Apr 20, 2017",$29.99,No Discount,Owlchemy Labs,Adult Swim Games,"2,469","1,845",624,Very Positive,"['Adventure', 'Indie', 'Simulation']"
2370570,Standable: Full Body Estimation,"May 8, 2023",$19.99,No Discount,Standable,Standable,"1,721","1,369",352,Very Positive,"['Indie', 'Utilities']"
1677310,In Stars And Time,"Nov 20, 2023",$19.99,No Discount,insertdisc5,Armor Games Studios,"8,667","8,415",252,Overwhelmingly Positive,['RPG']
3868320,Forage Wizard,"May 5, 2026",$6.99,$5.59,Lost Maxim,Lost Maxim,"1,400","1,220",180,Very Positive,"['Casual', 'Indie', 'Simulation', 'Strategy']"
3244220,A Game About Digging A Hole™,"Feb 7, 2025",$4.99,No Discount,DoubleBee,rokaplay select,"19,927","17,810","2,117",Very Positive,"['Adventure', 'Indie']"
3287520,NINJA GAIDEN 2 Black,"Jan 23, 2025",$49.99,$24.99,"KOEI TECMO GAMES CO., LTD.","KOEI TECMO GAMES CO., LTD.","4,086","3,200",886,Mostly Positive,"['Action', 'Adventure']"
4112070,An Eggstremely Hard Game,"Jul 24, 2026",No Price,No Discount,BBear Studio,Devotion Interactive,115,103,12,Very Positive,['Casual']
2318310,Class of '09: The Re-Up,"Jun 1, 2023",$14.99,No Discount,SBN3,SBN3,"4,715","4,580",135,Very Positive,"['Casual', 'Indie', 'RPG', 'Simulation']"
719040,Wasteland 3,"Aug 27, 2020",$39.99,No Discount,inXile Entertainment,inXile Entertainment,"22,295","18,870","3,425",Very Positive,"['RPG', 'Strategy']"
2982320,Guild Wars 2® Janthir Wilds™ Expansion,"Aug 20, 2024",$24.99,No Discount,ArenaNet®,ArenaNet®,116,59,57,Mixed,"['Adventure', 'Massively Multiplayer', 'RPG', 'Free To Play']"
2658450,LOLLIPOP CHAINSAW RePOP,"Sep 11, 2024",$44.99,No Discount,"DRAGAMI GAMES, LTD.","DRAGAMI GAMES, LTD.","2,800","2,489",311,Very Positive,['Action']
250320,The Wolf Among Us,"Oct 11, 2013",$14.99,No Discount,Telltale,Telltale,"39,966","39,121",845,Overwhelmingly Positive,"['Action', 'Adventure', 'Casual']"
617290,Remnant: From the Ashes,"Aug 19, 2019",$39.99,No Discount,Gunfire Games,Arc Games,"57,144","48,162","8,982",Very Positive,"['Action', 'Adventure', 'RPG']"
247080,Crypt of the NecroDancer,"Apr 23, 2015",$14.99,$2.99,Brace Yourself Games,Brace Yourself Games,"26,450","25,262","1,188",Very Positive,"['Action', 'Indie', 'RPG']"
1000360,Hellish Quart,"Feb 16, 2021",$17.99,No Discount,Kubold,Kubold,"8,459","7,478",981,Very Positive,"['Action', 'Early Access']"
3618390,Gamblers Table,"Jan 11, 2026",$6.99,No Discount,greenpixels,greenpixels,"2,723","1,997",726,Very Positive,"['Casual', 'Indie', 'Simulation', 'Strategy']"
1135280,Dead by Daylight - Stranger Things Chapter,"Sep 17, 2019",$11.99,No Discount,Behaviour Interactive Inc.,Behaviour Interactive Inc.,"4,125","3,726",399,Very Positive,['Action']
4331610,Dome Keeper: The Lost Keepers,"Apr 13, 2026",$7.99,No Discount,Bippinbits,Raw Fury,190,151,39,Very Positive,"['Action', 'Adventure', 'Indie', 'Simulation']"
1540210,Arizona Sunshine® VR 2,"Dec 7, 2023",$39.99,$17.99,Vertigo Games,Vertigo Games,"2,687","2,276",411,Very Positive,"['Action', 'Adventure']"
1170950,Mortal Online 2,"Jan 25, 2022",$39.99,No Discount,Star Vault AB,Star Vault AB,"13,876","8,332","5,544",Mixed,"['Action', 'Indie', 'Massively Multiplayer', 'RPG']"
736260,Baba Is You,"Mar 13, 2019",$14.99,No Discount,Hempuli Oy,Hempuli Oy,"24,432","23,881",551,Overwhelmingly Positive,['Indie']
1574580,Strange Horticulture,"Jan 21, 2022",No Price,No Discount,Bad Viking,Iceberg Interactive,"15,911","15,033",878,Very Positive,"['Adventure', 'Indie', 'Simulation']"
22330,The Elder Scrolls IV: Oblivion® Game of the Year Edition Deluxe (2009),"Sep 11, 2007",$14.99,$3.74,Bethesda Game Studios,Bethesda Softworks,"52,841","50,210","2,631",Very Positive,['RPG']
4078110,Suncraft,"Jul 28, 2026",No Price,No Discount,Spicy Tuna Games,Spicy Tuna Games,301,284,17,Very Positive,"['Adventure', 'Casual', 'Simulation']"
774461,The Jackbox Party Pack 5,"Oct 17, 2018",$29.99,No Discount,"Jackbox Games, Inc.","Jackbox Games, Inc.","2,907","2,718",189,Very Positive,"['Casual', 'Indie', 'Strategy']"
541570,Sally Face - Episode One,"Dec 14, 2016",$2.99,No Discount,Portable Moose,Portable Moose,"27,292","26,559",733,Overwhelmingly Positive,"['Adventure', 'Indie']"
15100,Assassin's Creed™: Director's Cut Edition,"Apr 9, 2008",$19.99,No Discount,Ubisoft Montreal,Ubisoft,"25,218","20,324","4,894",Mostly Positive,"['Action', 'Adventure']"
641320,Cooking Simulator,"Jun 6, 2019",$19.99,No Discount,Big Cheese Studio,Big Cheese Studio,"19,653","16,648","3,005",Very Positive,"['Casual', 'Simulation']"
3104970,Backyard Baseball '01,"Jul 8, 2025",$9.99,No Discount,Mega Cat Studios,Playground Productions,637,592,45,Very Positive,"['Casual', 'Sports']"
1996010,Crow Country,"May 9, 2024",No Price,No Discount,SFB Games,SFB Games,"8,027","7,870",157,Overwhelmingly Positive,"['Action', 'Indie']"
557340,My Friend Pedro,"Jun 20, 2019",$19.99,$3.99,DeadToast Entertainment,Devolver Digital,"28,394","27,123","1,271",Very Positive,"['Action', 'Indie']"
3743790,Thomas & Friends™: Wonders of Sodor,"Mar 17, 2026",$39.99,No Discount,Dovetail Games,Dovetail Games,848,749,99,Very Positive,['Simulation']
337000,Deus Ex: Mankind Divided,"Aug 23, 2016",$29.99,$4.49,Eidos Montreal,Eidos Interactive Corp.,"42,148","32,210","9,938",Very Positive,"['Action', 'RPG']"
414700,Outlast 2,"Apr 25, 2017",$19.99,No Discount,Red Barrels,Red Barrels,"64,076","58,221","5,855",Very Positive,"['Action', 'Adventure', 'Indie']"
4540820,Kin and Conquest,"Aug 3, 2026",$9.99,$8.99,The Fox Knocks,The Fox Knocks,31,26,5,Positive,['Indie']
2968040,DayZ Frostline,"Oct 15, 2024",$26.99,No Discount,Bohemia Interactive,Bohemia Interactive,"3,238","1,762","1,476",Mixed,"['Action', 'Adventure', 'Massively Multiplayer']"
501300,What Remains of Edith Finch,"Apr 24, 2017",$19.99,No Discount,Giant Sparrow,Annapurna Interactive,"52,150","49,849","2,301",Overwhelmingly Positive,"['Adventure', 'Indie']"
211500,RaceRoom Racing Experience,"Feb 12, 2013",No Price,No Discount,KW Studios,KW Studios,"27,862","21,203","6,659",Very Positive,"['Racing', 'Simulation', 'Sports', 'Free To Play']"
2934220,Monsters are Coming!,"Nov 20, 2025",$8.99,$6.29,Ludogram,Raw Fury,"2,761","2,224",537,Mostly Positive,"['Action', 'Indie', 'Strategy']"
732690,FIVE NIGHTS AT FREDDY'S: HELP WANTED,"May 28, 2019",$29.99,No Discount,Steel Wool Studios,ScottGames,"13,096","12,538",558,Very Positive,"['Action', 'Casual']"
2632050,Disney Dreamlight Valley: A Rift in Time,"Dec 5, 2023",$29.99,No Discount,Gameloft,Gameloft,296,205,91,Mixed,"['Action', 'Adventure', 'Casual', 'RPG']"
4786250,DragonSword : Awakening - Costume : Black-Dyed Vestment,"Jul 24, 2026",$3.99,No Discount,Hound13 Inc.,Hound13 Inc.,51,49,2,Very Positive,"['Action', 'Adventure', 'RPG']"
3937550,Yakuza Kiwami 3 & Dark Ties,"Feb 11, 2026",No Price,No Discount,RGG Studio,SEGA,"3,286","2,045","1,241",Mostly Positive,"['Action', 'Adventure', 'RPG']"
2313700,Constance,"Nov 24, 2025",$19.99,$13.39,Blue Backpack,Blue Backpack,"2,814","2,335",479,Very Positive,"['Action', 'Adventure', 'Indie']"
2661270,Dead by Daylight - All Things Wicked Chapter,"Mar 12, 2024",$7.99,No Discount,Behaviour Interactive Inc.,Behaviour Interactive Inc.,850,729,121,Very Positive,['Action']
4335460,BOXROOM,"Jun 11, 2026",$7.99,No Discount,Nested Loop Studios,Pantaloon,271,192,79,Mostly Positive,"['Indie', 'Simulation', 'Strategy', 'Early Access']"
362890,Black Mesa,"Mar 6, 2020",$19.99,No Discount,Crowbar Collective,Crowbar Collective,"144,179","136,915","7,264",Very Positive,"['Action', 'Adventure', 'Indie']"
1546400,GigaBash,"Aug 4, 2022",No Price,No Discount,Passion Republic Games,Passion Republic Games,"2,118","1,997",121,Very Positive,"['Action', 'Casual', 'Indie']"
1705820,MechWarrior 5: Mercenaries - Legend of the Kestrel Lancers,"Sep 22, 2021",$19.99,$7.99,Piranha Games Inc.,Piranha Games Inc.,278,203,75,Mostly Positive,"['Action', 'Simulation']"
"377160,435870,435880,435881,480630,480631,490650",Fallout 4: Game of the Year Edition,"Nov 9, 2015",$19.99,$7.99,Bethesda Game Studios,Bethesda Softworks,"427,452","347,056","80,396",Very Positive,['RPG']
2080690,Sunkenland,"Aug 25, 2023",$19.99,No Discount,Vector3 Studio,Vector3 Studio,"23,690","19,058","4,632",Mixed,"['Action', 'Indie', 'Early Access']"
830460,Call of Duty®: Black Ops III - Gorod Krovi Zombies Map,"May 1, 2018",$7.99,No Discount,Treyarch,Activision,168,141,27,Very Positive,"['Action', 'Adventure']"
4187140,Don't Panic! It is Just Turbulence,"May 11, 2026",$7.99,No Discount,Harmonia Games,Aiolos Studios,427,307,120,Mostly Positive,['Indie']
1128920,EVERSPACE™ 2,"Apr 6, 2023",No Price,No Discount,ROCKFISH Games,ROCKFISH Games,"12,940","11,123","1,817",Mostly Positive,"['Action', 'Adventure', 'RPG', 'Simulation']"
2794590,Scam Line,"Jan 10, 2026",$4.99,No Discount,RavenJm,RavenJm,"1,220","1,041",179,Very Positive,"['Indie', 'Early Access']"
2756920,Keep Driving,"Feb 6, 2025",$17.99,No Discount,YCJY Games,YCJY Games,"6,346","5,966",380,Very Positive,"['Adventure', 'Casual', 'Indie', 'RPG']"
4195600,AFK Journey,"Apr 27, 2026",Free To Play,No Discount,Farlight Games,Farlight Games,722,559,163,Mostly Positive,"['Adventure', 'Casual', 'RPG', 'Simulation']"
3063250,Gunfire Reborn - Realm of Frost and Inkwash,"Sep 11, 2024",$6.99,$5.59,Gunfire Reborn Studio,Duoyi Games,455,407,48,Very Positive,"['Action', 'Adventure', 'Indie', 'RPG']"
977950,A Dance of Fire and Ice,"Jan 24, 2019",$5.99,No Discount,7th Beat Games,7th Beat Games,"82,741","77,840","4,901",Very Positive,['Indie']
3929630,Terrinoth®: Heroes of Descent,"Jun 7, 2026",No Price,No Discount,Artefacts Studio,New Tales,422,310,112,Mixed,"['Adventure', 'RPG', 'Strategy']"
1028310,BOOK OF HOURS,"Aug 17, 2023",$24.99,No Discount,Weather Factory,Weather Factory,"5,140","4,353",787,Very Positive,"['Indie', 'RPG', 'Simulation']"
2298430,American Truck Simulator - Kansas,"Nov 30, 2023",$11.99,No Discount,SCS Software,SCS Software,311,274,37,Very Positive,"['Indie', 'Simulation']"
1173800,FINAL FANTASY IV,"Sep 8, 2021",$17.99,No Discount,Square Enix,Square Enix,"2,993","2,738",255,Very Positive,['RPG']
352400,LEGO® Jurassic World,"Jun 11, 2015",$19.99,$3.99,TT Games Ltd,Warner Bros. Interactive Entertainment,"11,267","10,432",835,Very Positive,"['Action', 'Adventure']"
674940,Stick Fight: The Game,"Sep 28, 2017",$4.99,No Discount,Landfall West,Landfall,"125,266","117,103","8,163",Very Positive,"['Action', 'Casual', 'Indie']"
391220,Rise of the Tomb Raider™,"Feb 9, 2016",$29.99,No Discount,Crystal Dynamics,Crystal Dynamics,"154,672","145,654","9,018",Very Positive,"['Action', 'Adventure']"
1472780,Plague Inc: The Cure,"Jan 28, 2021",$5.99,No Discount,Ndemic Creations,Ndemic Creations,"1,088",847,241,Mostly Positive,"['Casual', 'Indie', 'Simulation', 'Strategy']"
3151380,Small Spaces,"May 27, 2025",$12.99,$9.09,Niklas Tomkowitz,Pretty Soon,"1,523","1,359",164,Very Positive,"['Casual', 'Simulation', 'Early Access']"
329110,Gems of War - Puzzle RPG,"Nov 20, 2014",Free to Play,No Discount,Infinity Plus 2,505 Games,"10,796","8,481","2,315",Mixed,"['Action', 'Adventure', 'Casual', 'RPG']"
4252700,Archon Soul,"Jul 29, 2026",$13.99,$9.79,PolyGryph,Goblinz Publishing,114,104,10,Very Positive,['Strategy']
2869680,theHunter: Call of the Wild™ - Sundarpatan Nepal Hunting Reserve,"Jun 18, 2024",$11.99,$5.99,Expansive Worlds,Avalanche Studios,504,361,143,Mostly Positive,"['Adventure', 'Simulation', 'Sports']"
3976900,Age of Wonders 4: Rise from Ruin,"Mar 9, 2026",$19.99,No Discount,Triumph Studios,Paradox Interactive,117,76,41,Mixed,['Strategy']
1059570,Valve Index® Base Station,N/A,$149.00,No Discount,None,None,0,0,0,['None'],
3400930,Guilty as Sock!,"May 29, 2025",$5.50,No Discount,Demon Max,Demon Max,"5,654","5,067",587,Mostly Positive,"['Casual', 'Simulation']"
350080,Wolfenstein: The Old Blood,"May 4, 2015",$19.99,$4.99,MachineGames,Bethesda Softworks,"23,355","21,083","2,272",Very Positive,['Action']
2743460,Granvir,"Sep 23, 2025",$14.99,No Discount,Airborne Games,GIGATANK 3000,844,770,74,Very Positive,"['Action', 'Indie', 'Simulation']"
493340,Planet Coaster,"Nov 17, 2016",$44.99,No Discount,Frontier Developments,Frontier Developments,"72,508","66,118","6,390",Very Positive,"['Action', 'Adventure', 'Casual', 'Simulation']"
2262020,Exo Rally Championship,"Jun 7, 2026",$24.99,$18.74,Exbleative,Future Friends Games,354,324,30,Very Positive,"['Action', 'Racing', 'Simulation']"
4496550, Assassin's Creed Black Flag Resynced - Hellfire Naval Pack,"Jul 9, 2026",$9.99,No Discount,Ubisoft,Ubisoft,11,6,5,Mixed,"['Action', 'Adventure']"
2682660,"Warhammer 40,000: Rogue Trader - Deluxe Pack","Dec 7, 2023",$14.99,No Discount,Owlcat Games,Owlcat Games,111,81,30,Mostly Positive,"['Adventure', 'Indie', 'RPG', 'Strategy']"
448510,Overcooked,"Aug 3, 2016",$20.49,$4.09,Ghost Town Games Ltd.,Team17 Digital Ltd,"16,596","14,878","1,718",Very Positive,"['Action', 'Casual', 'Indie', 'Simulation']"
3181540,Age of Wonders 4: Archon Prophecy,"Aug 12, 2025",$24.99,No Discount,Triumph Studios,Paradox Interactive,163,122,41,Mostly Positive,['Strategy']
1209470,American Truck Simulator - Idaho,"Jul 16, 2020",$11.99,No Discount,SCS Software,SCS Software,621,557,64,Very Positive,"['Indie', 'Simulation']"
3103150,Dead by Daylight - Castlevania Chapter,"Aug 27, 2024",$7.99,No Discount,Behaviour Interactive Inc.,Behaviour Interactive Inc.,736,612,124,Very Positive,['Action']
2527390,Dead Rising Deluxe Remaster,"Sep 18, 2024",No Price,No Discount,"CAPCOM Co., Ltd.","CAPCOM Co., Ltd.","4,076","3,276",800,Mixed,"['Action', 'Adventure']"
2058190,Lost Judgment,"Sep 14, 2022",$39.99,No Discount,RGG Studio,SEGA,"9,544","8,947",597,Very Positive,"['Action', 'Adventure', 'RPG']"
1072040,Panzer Corps 2,"Mar 19, 2020",$39.99,No Discount,Flashback Games,Slitherine Ltd.,"4,177","3,539",638,Mostly Positive,['Strategy']
2369900,Castlevania Dominus Collection,"Aug 27, 2024",$24.99,No Discount,KONAMI,KONAMI,"2,707","2,552",155,Very Positive,"['Action', 'RPG']"
794260,Outward Definitive Edition,"May 17, 2022",$39.99,$4.79,Nine Dots Studio,Prime Matter,"31,261","22,721","8,540",Mixed,['RPG']
65800,Dungeon Defenders,"Oct 18, 2011",$14.99,No Discount,Chromatic Games,Chromatic Games,"18,959","17,649","1,310",Mostly Positive,"['Action', 'Indie', 'RPG', 'Strategy']"
209650,Call of Duty®: Advanced Warfare - Gold Edition,"Nov 3, 2014",$39.99,No Discount,Sledgehammer Games,Activision,"25,509","16,643","8,866",Mostly Positive,['Action']
3259600,Atelier Resleriana: The Red Alchemist & the White Guardian,"Sep 25, 2025",$59.99,$38.99,"KOEI TECMO GAMES CO., LTD.","KOEI TECMO GAMES CO., LTD.",933,848,85,Very Positive,['RPG']
694280,Zombie Army 4: Dead War,"Feb 18, 2021",No Price,No Discount,Rebellion,Rebellion,"11,094","9,578","1,516",Very Positive,['Action']
758870,Kynseed,"Dec 6, 2022",$24.99,No Discount,PixelCount Studios,PixelCount Studios,"3,836","3,180",656,Mostly Positive,"['Adventure', 'Indie', 'RPG', 'Simulation']"
1520370,Mon Bazou,"Dec 18, 2025",$15.99,No Discount,Santa Goat,Santa Goat,"20,524","19,937",587,Very Positive,"['Adventure', 'Casual', 'Indie', 'Racing']"
1059550,Valve Index® Controllers,N/A,$279.00,No Discount,None,None,0,0,0,['None'],
7940,Call of Duty® 4: Modern Warfare® (2007),"Nov 12, 2007",$19.99,No Discount,Infinity Ward,Activision,"27,001","25,292","1,709",Very Positive,['Action']
388090,Five Nights at Freddy's 4,"Jul 23, 2015",$7.99,No Discount,Scott Cawthon,Scott Cawthon,"16,804","15,619","1,185",Overwhelmingly Positive,"['Action', 'Indie', 'Strategy']"
110800,L.A. Noire,"Nov 8, 2011",$7.99 / month,No Discount,Team Bondi,Rockstar Games,"36,719","31,529","5,190",Very Positive,"['Adventure', 'Strategy']"
621060,PC Building Simulator,"Jan 29, 2019",$19.99,No Discount,Claudiu Kiss,The Irregular Corporation,"52,724","49,305","3,419",Very Positive,"['Indie', 'Simulation']"
261570,Ori and the Blind Forest,"Mar 11, 2015",No Price,No Discount,Moon Studios GmbH,Xbox Game Studios,"60,015","56,316","3,699",Very Positive,['Action']
2961530,Fears to Fathom - Woodbury Getaway,"Sep 12, 2024",$9.99,No Discount,Rayll Studios,Rayll Studios,"3,558","3,083",475,Mostly Positive,"['Adventure', 'Casual', 'Indie']"
3448670,Dead by Daylight - Tokyo Ghoul,"Apr 2, 2025",$4.99,No Discount,Behaviour Interactive Inc.,Behaviour Interactive Inc.,"2,091","1,395",696,Very Positive,['Action']
460920,Steep™,"Dec 2, 2016",$29.99,$4.49,Ubisoft Annecy,Ubisoft,"33,073","27,418","5,655",Very Positive,"['Action', 'Sports']"
4366330,Rift Wizard 3,"Jun 23, 2026",$19.99,No Discount,Dylan White,Dylan White,235,213,22,Very Positive,"['Indie', 'RPG', 'Strategy', 'Early Access']"
1824060,Total War: WARHAMMER III - Champions of Chaos,"Aug 23, 2022",$15.99,No Discount,CREATIVE ASSEMBLY,SEGA,"1,532",903,629,Mostly Positive,"['Action', 'Strategy']"
1911520,Call to Arms - Gates of Hell: Talvisota,"Jun 8, 2022",$19.99,No Discount,Barbedwire Studios,Digitalmindsoft,667,513,154,Very Positive,"['Action', 'Simulation', 'Strategy']"
319630,Life is Strange - Episode 1,"Jan 29, 2015",Free,No Discount,DONTNOD Entertainment,Square Enix,"175,147","168,571","6,576",Overwhelmingly Positive,"['Action', 'Adventure']"
2203070,Dragonheir: Silent Gods,"Oct 26, 2023",Free,No Discount,SGRA Studio,Proxima Beta Pte. Limited,"3,439","2,062","1,377",Mixed,"['Adventure', 'Massively Multiplayer', 'RPG', 'Strategy']"
292120,FINAL FANTASY® XIII,"Oct 9, 2014",$15.99,No Discount,Square Enix,Square Enix,"19,780","14,845","4,935",Mixed,['RPG']
2868390,Brotato: Abyssal Terrors,"Oct 25, 2024",$3.99,$3.19,Blobfish,Blobfish,"2,530","1,614",916,Mixed,"['Action', 'Casual', 'Indie', 'RPG']"
1948280,Stacklands,"Apr 8, 2022",$7.99,No Discount,Sokpop Collective,Sokpop Collective,"30,082","28,895","1,187",Very Positive,"['Casual', 'Indie', 'Simulation']"
2782050,MechWarrior 5: Mercenaries - Solaris Showdown,"Mar 13, 2024",$14.99,$5.99,Piranha Games Inc.,Piranha Games Inc.,262,136,126,Mixed,"['Action', 'Simulation']"
777130,Blush Blush,"Apr 4, 2019",Free To Play,No Discount,Sad Panda Studios,Sad Panda Studios,"7,552","6,512","1,040",Mostly Positive,"['Casual', 'Indie', 'Simulation', 'Free To Play']"
1494810,Mortal Sin,"Aug 29, 2025",$24.99,No Discount,Nikola Todorovic,Nikola Todorovic,"5,874","5,540",334,Mostly Positive,"['Action', 'Indie', 'RPG']"
4369490,Soulbound: Online,"Jul 21, 2026",$14.99,No Discount,SpiderWare,SpiderWare,459,266,193,Mixed,"['Action', 'Casual', 'Indie', 'Massively Multiplayer']"
200260,Batman: Arkham City - Game of the Year Edition,"Sep 7, 2012",$19.99,No Discount,Rocksteady Studios,WB Games,"77,489","74,530","2,959",Overwhelmingly Positive,"['Action', 'Adventure']"
1026680,FINAL FANTASY VIII - REMASTERED,"Sep 3, 2019",$19.99,No Discount,Square Enix,Square Enix,"5,550","4,194","1,356",Very Positive,"['Adventure', 'RPG']"
225540,Just Cause™ 3,"Nov 30, 2015",$19.99,No Discount,Avalanche Studios,Square Enix,"127,601","107,675","19,926",Very Positive,"['Action', 'Adventure']"
2515990,Dead by Daylight - Alien Chapter Pack,"Aug 29, 2023",$11.99,No Discount,Behaviour Interactive Inc.,Behaviour Interactive Inc.,"1,196",784,412,Mixed,['Action']
2849080,Kingdom Rush 5: Alliance TD,"Jul 25, 2024",$19.99,No Discount,Ironhide Game Studio,Ironhide Game Studio,"11,582","10,221","1,361",Very Positive,"['Indie', 'Strategy']"
1452490,Oxygen Not Included - Spaced Out!,"Dec 16, 2021",$12.99,No Discount,Klei Entertainment,Klei Entertainment,"1,242","1,003",239,Very Positive,"['Indie', 'Simulation']"
4249100,Resident Evil (1996),"Apr 1, 2026",$9.99,No Discount,"CAPCOM Co., Ltd.","CAPCOM Co., Ltd.","1,632","1,464",168,Overwhelmingly Positive,"['Action', 'Adventure']"
1255560,Myst,"Aug 26, 2021",$34.99,No Discount,"Cyan Worlds, Inc.","Cyan Worlds, Inc.","2,183","1,934",249,Mostly Positive,"['Adventure', 'Casual', 'Indie']"
3075410,Hand of Fate: Hordes,"Jul 22, 2026",$11.99,$9.59,Spitfire Interactive,Spicy Koala,259,208,51,Mostly Positive,"['Action', 'Adventure', 'Indie', 'Early Access']"
871540,BMX Streets,"Apr 4, 2024",$24.99,No Discount,Mash Games,Mash Games,"4,381","3,522",859,Mostly Positive,"['Casual', 'Indie', 'Simulation', 'Sports']"
2246670,Tales of Xillia Remastered,"Oct 30, 2025",$39.99,$29.99,"DOKIDOKI GROOVEWORKS, Inc.",Bandai Namco Entertainment,506,394,112,Mixed,"['Action', 'RPG']"
2669320,EA SPORTS FC™ 25,"Sep 26, 2024",No Price,No Discount,EA Canada,Electronic Arts,"106,959","56,803","50,156",Mixed,"['Simulation', 'Sports']"
1468810,鬼谷八荒 Tale of Immortal,"May 26, 2023",$19.99,No Discount,鬼谷工作室,鬼谷工作室,"224,545","124,742","99,803",Mostly Positive,"['Action', 'Adventure', 'Indie', 'RPG']"
208200,DOOM 3,"Oct 15, 2012",$9.99,$3.99,id Software,Bethesda Softworks,"12,390","10,679","1,711",Very Positive,['Action']
2364580,Titanium Court,"Apr 23, 2026",No Price,No Discount,AP Thomson,Fellow Traveller,"1,018",963,55,Very Positive,['Strategy']
597170,Clone Drone in the Danger Zone,"Jul 27, 2021",No Price,No Discount,Doborog Games,Doborog Games,"39,150","37,636","1,514",Very Positive,"['Action', 'Indie']"
3543180,DAVE THE DIVER - Ichiban's Holiday Content Pack,"Apr 10, 2025",$6.99,No Discount,MINTROCKET,MINTROCKET,591,265,326,Mixed,"['Adventure', 'Casual', 'RPG', 'Simulation']"
3080080,Age of Empires II: DE - The Three Kingdoms ,"May 6, 2025",$19.99,No Discount,World's Edge,Xbox Game Studios,"1,077",512,565,Mixed,['Strategy']
2209650,American Truck Simulator - Oklahoma,"Aug 1, 2023",$11.99,No Discount,SCS Software,SCS Software,442,345,97,Mostly Positive,"['Indie', 'Simulation']"
605740,"Flashing Lights - Police, Firefighting, Emergency Services (EMS) Simulator","May 15, 2023",$24.99,No Discount,Nils Jakrins,Excalibur Games,"18,571","14,777","3,794",Mostly Positive,"['Action', 'Indie', 'Massively Multiplayer', 'RPG']"
1117850,Cuphead - The Delicious Last Course,"Jun 30, 2022",$7.99,No Discount,Studio MDHR Entertainment Inc.,Studio MDHR Entertainment Inc.,"4,992","4,733",259,Very Positive,"['Action', 'Indie']"
1649080,Two Point Campus,"Aug 9, 2022",$29.99,No Discount,Two Point Studios,SEGA,"8,097","7,103",994,Very Positive,"['Casual', 'Indie', 'Simulation', 'Strategy']"
1411910,Fallen Aces,"Jun 14, 2024",$14.99,$11.24,Trey Powell,New Blood Interactive,"6,788","6,582",206,Very Positive,"['Action', 'Indie', 'Early Access']"
1649950,News Tower,"Nov 18, 2025",No Price,No Discount,Sparrow Night,Twin Sails Interactive,"4,510","4,240",270,Very Positive,"['Simulation', 'Strategy']"
2442460,Citizen Sleeper 2: Starward Vector,"Jan 31, 2025",$24.99,No Discount,Jump Over The Age,Fellow Traveller,"2,574","2,341",233,Very Positive,"['Adventure', 'Indie', 'RPG']"
684630,American Truck Simulator - New Mexico,"Nov 9, 2017",$11.99,No Discount,SCS Software,SCS Software,"1,105","1,036",69,Very Positive,"['Indie', 'Simulation']"
544810,KARDS - The WW2 Card Game,"Apr 15, 2020",Free To Play,No Discount,1939 Games,1939 Games,"50,313","34,537","15,776",Mixed,"['Casual', 'Indie', 'Strategy', 'Free To Play']"
2428980,Bye Sweet Carole,"Oct 9, 2025",$24.99,$12.49,Little Sewing Machine,Maximum Entertainment,"1,182",853,329,Very Positive,"['Adventure', 'Indie']"
3858650,Crushed In Time,"Jun 10, 2026",$24.99,No Discount,Draw Me A Pixel,Draw Me A Pixel,"1,180","1,063",117,Very Positive,"['Adventure', 'Indie']"
1238040,Dragon Age II: Ultimate Edition,"Mar 8, 2011",No Price,No Discount,BioWare,Electronic Arts,"7,563","6,135","1,428",Very Positive,"['Action', 'Adventure', 'RPG']"
4038930,DYNASTY WARRIORS: ORIGINS Visions of Four Heroes,"Jan 21, 2026",$34.99,$26.24,"KOEI TECMO GAMES CO., LTD.","KOEI TECMO GAMES CO., LTD.","1,351",830,521,Mixed,"['Action', 'RPG', 'Strategy']"
1815780,Asphalt Legends ,"Aug 2, 2022",Free To Play,No Discount,Gameloft,Gameloft,"18,747","15,451","3,296",Very Positive,"['Action', 'Adventure', 'Racing', 'Sports']"
3755860,BLACK SOULS,"Aug 15, 2025",$13.99,No Discount,"Eeny, meeny, miny, moe?",OTAKU Plan,"7,313","6,972",341,Very Positive,"['Adventure', 'Indie', 'RPG']"
4510830,Myth of Empires: Throne,"Apr 16, 2026",Free To Play,No Discount,Angela Game,Celestial Star Publishing,969,572,397,Mixed,"['Action', 'Adventure', 'Casual', 'Massively Multiplayer']"
4468750,LEGO® Batman™: Legacy of the Dark Knight Deluxe Edition Upgrade,"May 22, 2026",$24.99,$19.99,TT Games,Warner Bros. Games,53,51,2,Positive,"['Action', 'Adventure']"
228280,Baldur's Gate: Enhanced Edition,"Jan 16, 2013",$19.99,No Discount,Beamdog,Beamdog,"17,895","16,538","1,357",Very Positive,"['Adventure', 'RPG']"
1041720,Kingdoms of Amalur: Re-Reckoning,"Sep 8, 2020",$39.99,No Discount,KAIKO,THQ Nordic,"8,088","6,247","1,841",Very Positive,"['Action', 'RPG']"
42719,Call of Duty®: Black Ops - Rezurrection Content Pack,"Sep 22, 2011",$9.99,No Discount,Treyarch,Activision,499,451,48,Very Positive,['Action']
3884020,Dead by Daylight: The Walking Dead,"Jul 29, 2025",$7.99,No Discount,Behaviour Interactive Inc.,Behaviour Interactive Inc.,891,563,328,Mixed,['Action']
1133000,X4: Split Vendetta,"Mar 31, 2020",$14.99,$2.99,Egosoft,Egosoft,324,267,57,Very Positive,"['Action', 'Simulation']"
2738490,Sol Cesto,"Apr 10, 2026",$13.99,No Discount,Tambouille,Goblinz Publishing,"4,912","4,476",436,Very Positive,"['Indie', 'Strategy']"
2982610,Stonemachia,"May 26, 2026",No Price,No Discount,Crossfall Games,Crossfall Games,"1,171","1,125",46,Very Positive,"['Action', 'Adventure', 'Indie']"
2218750,Halls of Torment,"Sep 24, 2024",$6.66,$4.99,Chasing Carrots,Chasing Carrots,"31,719","30,260","1,459",Very Positive,"['Action', 'Indie', 'RPG']"
3717330,Yakuza Kiwami,"Dec 11, 2025",$1.99,No Discount,RGG Studio,SEGA,"1,275","1,046",229,Very Positive,"['Action', 'Adventure', 'RPG']"
203770,Crusader Kings II,"Feb 14, 2012",Free To Play,No Discount,Paradox Development Studio,Paradox Interactive,"75,139","67,566","7,573",Very Positive,"['RPG', 'Simulation', 'Strategy', 'Free To Play']"
1857090,Norland,"Jul 18, 2024",$29.99,No Discount,Long Jaunt,Hooded Horse,"10,285","8,394","1,891",Mostly Positive,"['RPG', 'Simulation', 'Strategy', 'Early Access']"
936720,Wrench,"Dec 19, 2018",$29.99,No Discount,Missing Digit,Missing Digit,"2,033","1,724",309,Mostly Positive,"['Indie', 'Racing', 'Simulation', 'Early Access']"
1243850,This Bed We Made,"Nov 1, 2023",No Price,No Discount,Lowbirth Games,Lowbirth Games,"3,176","2,881",295,Very Positive,"['Adventure', 'Indie']"
2692990,DON'T SCREAM TOGETHER,"Dec 3, 2025",$7.99,No Discount,Digital Cybercherries,Digital Cybercherries,"2,682","1,338","1,344",Mixed,"['Casual', 'Simulation']"
2076010,UNDER NIGHT IN-BIRTH II Sys:Celes,"Jan 24, 2024",$49.99,No Discount,FRENCH-BREAD,Arc System Works,"2,622","2,286",336,Very Positive,['Action']
2214824,Atomic Heart - Blood On Crystal,"Apr 16, 2026",$9.99,No Discount,Mundfish,Focus Entertainment,"1,005",902,103,Very Positive,"['Action', 'Adventure', 'RPG']"
1173790,FINAL FANTASY III,"Jul 28, 2021",$17.99,No Discount,Square Enix,Square Enix,"2,816","2,624",192,Very Positive,['RPG']
2303350,Sticky Business,"Jul 17, 2023",$9.99,No Discount,Spellgarden Games,Assemble Entertainment,"7,629","7,152",477,Very Positive,"['Casual', 'Simulation']"
1043810,Tactical Breach Wizards,"Aug 22, 2024",$19.99,No Discount,Suspicious Developments,Suspicious Developments,"12,040","11,794",246,Very Positive,"['Adventure', 'Indie', 'RPG', 'Strategy']"
3247750,Mycopunk,"Jul 10, 2025",$14.99,No Discount,Pigeons at Play,Devolver Digital,"4,625","4,094",531,Very Positive,"['Action', 'Indie', 'Early Access']"
3210350,Vampire Survivors: Ode to Castlevania,"Oct 31, 2024",$3.99,No Discount,poncle,poncle,"1,926","1,882",44,Very Positive,"['Action', 'Casual', 'Indie', 'RPG']"
1644320,Railway Empire 2,"May 25, 2023",$49.99,No Discount,Gaming Minds Studios,Kalypso Media,"2,633","1,910",723,Mixed,"['Simulation', 'Strategy']"
1560250,Rising Front,"Jan 9, 2026",$14.99,No Discount,Sandstorm Studios Inc.,Sandstorm Studios Inc.,"4,170","3,670",500,Very Positive,"['Action', 'Casual', 'Simulation', 'Strategy']"
2918310,Mama's Sleeping Angels,"Mar 11, 2026",$9.99,No Discount,itamu,Oro Interactive,"1,145","1,075",70,Very Positive,"['Action', 'Adventure', 'Indie']"
2230980,Caribbean Legend,"Feb 15, 2024",$29.99,$7.49,BlackMark Studio,BlackMark Studio,"3,222","2,468",754,Mixed,['RPG']
481510,Night in the Woods,"Feb 21, 2017",$19.99,No Discount,Infinite Fall,Finji,"20,433","19,262","1,171",Very Positive,['Adventure']
2294660,The Quinfall,"Feb 6, 2026",$9.99,No Discount,Vawraek Technology Inc.,Vawraek Technology Inc.,"12,883","6,613","6,270",Mixed,['Massively Multiplayer']
613830,CHRONO TRIGGER®,"Feb 27, 2018",$14.99,No Discount,Square Enix,Square Enix,"13,376","11,802","1,574",Very Positive,['RPG']
2825200,Street Fighter™ 6 - Year 2 Ultimate Pass,"Jun 7, 2024",$49.99,No Discount,"CAPCOM Co., Ltd.","CAPCOM Co., Ltd.",153,100,53,Mixed,"['Action', 'Adventure']"
1089270,Dead by Daylight - Ghost Face®,"Jun 18, 2019",$4.99,No Discount,Behaviour Interactive Inc.,Behaviour Interactive Inc.,"2,747","2,293",454,Very Positive,['Action']
2890190,Cult of the Lamb: Pilgrim Pack,"Aug 12, 2024",$6.99,No Discount,Massive Monster,Devolver Digital,223,211,12,Very Positive,"['Action', 'Adventure', 'Indie', 'Strategy']"
3815550,Space Imperia 4X,"Jul 28, 2026",$22.99,$19.54,Breich Games,Breich Games,38,34,4,Positive,['Strategy']
220440,DmC: Devil May Cry,"Jan 24, 2013",$29.99,No Discount,Ninja Theory,Capcom,"32,796","30,570","2,226",Very Positive,"['Action', 'Adventure']"
1455630,THE GAME OF LIFE 2,"Dec 11, 2020",$12.49,No Discount,Marmalade Game Studio Ltd,Marmalade Game Studio Ltd,"4,571","3,568","1,003",Mixed,"['Casual', 'Simulation', 'Strategy']"
924970,Back 4 Blood,"Oct 12, 2021",$59.99,No Discount,Turtle Rock Studios,Warner Bros. Games,"73,082","50,298","22,784",Mostly Positive,['Action']
3986670,YOU ARE THE MONSTER,"Jun 18, 2026",$9.99,No Discount,Joshua Hughes,Joshua Hughes,450,310,140,Mixed,"['Action', 'Casual', 'Early Access']"
1104880,American Truck Simulator - Utah,"Nov 7, 2019",$11.99,No Discount,SCS Software,SCS Software,552,489,63,Very Positive,"['Indie', 'Simulation']"
3976500,The Spotter: Dig or Die,"Apr 7, 2026",$17.08,$9.57,Puppyroar Games,Forklift Interactive,"1,807","1,542",265,Very Positive,"['Action', 'Adventure', 'Indie', 'Simulation']"
1910150,Walk of Life,"Apr 30, 2026",$19.99,No Discount,Porcelain Fortress,Porcelain Fortress,841,792,49,Overwhelmingly Positive,"['Casual', 'Indie', 'Simulation', 'Strategy']"
1850960,The Jackbox Party Pack 9,"Oct 19, 2022",No Price,No Discount,"Jackbox Games, Inc.","Jackbox Games, Inc.",808,676,132,Very Positive,"['Casual', 'Indie', 'Strategy']"
3752270,DELTARUNE Soundtrack,"Jun 4, 2025",$14.99,No Discount,tobyfox,tobyfox,488,485,3,Very Positive,['None']
3469800,Company of Heroes 3: Fire & Steel,"Feb 25, 2025",$24.99,$19.99,Relic Entertainment,Relic Entertainment,655,504,151,Mostly Positive,"['Action', 'Strategy']"
1511630,TrackDayR,"Mar 17, 2021",$24.99,No Discount,MadCow S.r.l.,MadCow S.r.l.,"2,226","1,929",297,Very Positive,"['Indie', 'Massively Multiplayer', 'Racing', 'Simulation']"
1012880,60 Seconds! Reatomized,"Jul 25, 2019",$9.99,No Discount,Robot Gentleman,Robot Gentleman,"19,411","18,334","1,077",Overwhelmingly Positive,"['Adventure', 'Casual', 'Indie', 'Simulation']"
830461,Call of Duty®: Black Ops III - Revelations Zombies Map,"May 1, 2018",$7.99,No Discount,Treyarch,Activision,200,153,47,Mostly Positive,"['Action', 'Adventure']"
2419800,Harem in Another World,"Jan 29, 2026",$14.99,No Discount,Jong Games,Jong Games,420,398,22,Very Positive,"['Action', 'Adventure', 'RPG', 'Free To Play']"
2923820,Icarus: Pet Companions Pack,"Apr 25, 2024",$15.99,No Discount,RocketWerkz,RocketWerkz,76,54,22,Mostly Positive,"['Action', 'Adventure', 'Simulation']"
1843410,theHunter: Call of the Wild™ - Modern Rifle Pack,"Feb 22, 2022",$3.99,$1.99,Expansive Worlds,Avalanche Studios,639,528,111,Very Positive,"['Adventure', 'Simulation', 'Sports']"
4662010,Tom Clancy’s The Division 2 – Into the Dark Supply Drop,"Jun 16, 2026",$49.99,No Discount,Ubisoft,Ubisoft,15,5,10,Mostly Negative,"['Action', 'Adventure', 'RPG']"
2989180,Darwin's Paradox!,"Apr 2, 2026",$24.99,No Discount,ZDT Studio,KONAMI,"1,063",937,126,Very Positive,"['Action', 'Adventure', 'Indie']"
2582320,Mixtape,"May 7, 2026",$19.99,No Discount,Beethoven and Dinosaur,Annapurna Interactive,"8,289","7,297",992,Very Positive,"['Adventure', 'Indie']"
3238470,Days Gone - Broken Road DLC,"Apr 24, 2025",$10.00,No Discount,Bend Studio,PlayStation Publishing LLC,811,687,124,Very Positive,"['Action', 'Adventure']"
3902620,Planet Coaster 2: Sorcery Pack,"Sep 16, 2025",$12.99,No Discount,Frontier Developments,Frontier Developments,130,121,9,Very Positive,"['Simulation', 'Strategy']"
482400,System Shock,"May 30, 2023",No Price,No Discount,Nightdive Studios,Atari,"12,842","11,605","1,237",Very Positive,"['Action', 'Adventure']"
3330210,Kinny and the Cosmic Cauldron,"Jul 27, 2026",$17.98,$9.71,Kinnymoms,Rogue Duck Interactive,385,319,66,Very Positive,"['Casual', 'Indie', 'Strategy']"
1444080,Dewdrop Dynasty,"Jul 23, 2026",$11.99,No Discount,Goodgis,Firith Studio,194,162,32,Very Positive,"['Action', 'Adventure', 'Indie']"
1811080,American Truck Simulator - Montana,"Aug 4, 2022",$11.99,No Discount,SCS Software,SCS Software,495,442,53,Very Positive,"['Indie', 'Simulation']"
3260810,Le Mans Ultimate - 2024 Pack 3,"Dec 10, 2024",$17.99,No Discount,Studio 397,Studio 397,47,39,8,Positive,"['Racing', 'Simulation', 'Sports']"
1262600,Need for Speed™ Rivals,"Nov 19, 2013",No Price,No Discount,Criterion Games,Electronic Arts,"10,216","7,724","2,492",Mostly Positive,"['Action', 'Adventure', 'Racing']"
3136320,My Infamous Dungeon,"Jul 28, 2026",No Price,No Discount,BoxFox Studios,BoxFox Studios,43,35,8,Positive,"['Indie', 'RPG', 'Strategy']"
3400960,Oaken Tower,"Apr 28, 2026",$9.99,$7.49,Bocary Studios,Alibi Games,"2,613","2,395",218,Very Positive,"['Strategy', 'Early Access']"
2615540,VOID/BREAKER,"Aug 19, 2025",No Price,No Discount,Stubby Games,Playstack,"2,699","2,473",226,Very Positive,"['Action', 'Adventure', 'Indie', 'RPG']"
1138850,Heavenly Bodies,"Dec 7, 2021",$19.99,$4.99,2pt Interactive,2pt Interactive,"4,470","4,258",212,Very Positive,"['Action', 'Adventure', 'Indie', 'Simulation']"
48190,Assassin’s Creed® Brotherhood,"Mar 22, 2011",$19.99,No Discount,Ubisoft Montreal,Ubisoft,"26,518","23,421","3,097",Very Positive,"['Action', 'Adventure']"
1567020,The Dark Pictures Anthology: The Devil in Me,"Nov 17, 2022",No Price,No Discount,Supermassive Games,Bandai Namco Entertainment Europe,"6,181","3,404","2,777",Mixed,['Adventure']
1343070,Call to Arms: Panzer Elite,"Sep 19, 2025",$29.99,No Discount,Digitalmindsoft,Digitalmindsoft Publishing,"1,859","1,289",570,Mixed,"['Action', 'Simulation', 'Early Access']"
629520,Soundpad,"Nov 9, 2016",Soundpad Demo,No Discount,Leppsoft,Leppsoft,"103,297","99,139","4,158",Overwhelmingly Positive,"['Audio Production', 'Utilities']"
1731080,Resident Evil Village - Winters’ Expansion,"Oct 27, 2022",No Price,No Discount,"CAPCOM Co., Ltd.","CAPCOM Co., Ltd.","3,622","2,321","1,301",Mixed,['Action']
3315510,Crusader Kings III: Khans of the Steppe,"Apr 28, 2025",$19.99,No Discount,Paradox Development Studio,Paradox Interactive,788,482,306,Mixed,"['RPG', 'Simulation', 'Strategy']"
287390,Metro: Last Light Redux,"Aug 25, 2014",$19.99,No Discount,4A Games,Deep Silver,"80,824","73,757","7,067",Very Positive,['Action']
1235745,The Sims™ 4 Parenthood,"May 30, 2017",$19.99,$13.99,Maxis,Electronic Arts,119,78,41,Mixed,['Simulation']
2600,Vampire: The Masquerade - Bloodlines,"Nov 16, 2004",$19.99,No Discount,Troika Games,Activision,"15,304","14,451",853,Very Positive,['Action']
962400,Granny,"Nov 20, 2018",$7.99,No Discount,DVloper,DVloper,"11,071","10,428",643,Overwhelmingly Positive,"['Adventure', 'Indie']"
3446920,Mecharashi,"Jul 30, 2025",Free To Play,No Discount,BlackJack Studio,HK TEN TREE LIMITED,"1,483","1,019",464,Mostly Positive,"['RPG', 'Strategy', 'Free To Play']"
3144890,Age of Empires IV: Knights of Cross and Rose ,"Apr 8, 2025",$14.99,No Discount,World's Edge,Xbox Game Studios,"1,491",850,641,Mixed,['Strategy']
3622640,Vending Machine Co.,"Apr 25, 2026",$17.98,$8.98,Rogue Duck Interactive,Rogue Duck Interactive,464,404,60,Mostly Positive,"['Casual', 'Indie', 'Simulation']"
704450,Neverwinter Nights: Enhanced Edition,"Mar 27, 2018",$19.99,No Discount,Beamdog,Beamdog,"9,510","8,588",922,Very Positive,['RPG']
3314340,Burgie's Cozy Kitchen,"Feb 10, 2025",No Price,No Discount,HeyNau,HeyNau,"1,170","1,134",36,Overwhelmingly Positive,"['Casual', 'Simulation', 'Early Access']"
2325832,Total War: WARHAMMER III - Elspeth – Thrones of Decay,"Apr 30, 2024",$8.99,No Discount,CREATIVE ASSEMBLY,SEGA,"1,330","1,140",190,Very Positive,"['Action', 'Strategy']"
720620,TaleSpire,"Apr 14, 2021",$24.99,No Discount,Bouncyrock Entertainment,Bouncyrock Entertainment,"5,186","4,680",506,Very Positive,"['Indie', 'RPG', 'Simulation', 'Early Access']"
2535950,Battlestar Galactica: Scattered Hopes,"May 11, 2026",No Price,No Discount,Alt Shift,Dotemu,"1,024",789,235,Mostly Positive,"['Action', 'Indie', 'Strategy']"
1173770,FINAL FANTASY,"Jul 28, 2021",$11.99,No Discount,Square Enix,Square Enix,"8,590","8,167",423,Overwhelmingly Positive,['RPG']
"813780,1389240,1557210,1869820",Age of Empires II: Definitive Edition,"Nov 14, 2019",$34.99,No Discount,World's Edge,Xbox Game Studios,"181,270","172,070","9,200",Very Positive,['Strategy']
2821610,Echoes of the End: Enhanced Edition,"Aug 12, 2025",$39.99,$11.99,Myrkur Games,Deep Silver,"1,815","1,404",411,Very Positive,"['Action', 'Adventure']"
1124180,Rail Route,"Feb 22, 2024",$24.99,No Discount,Bitrich.info,Bitrich.info,"2,589","2,288",301,Mixed,"['Casual', 'Indie', 'Simulation', 'Strategy']"
3339880,OFF,"Aug 15, 2025",$14.99,No Discount,Mortis Ghost,Fangamer,"3,240","3,119",121,Very Positive,['RPG']
519860,DUSK,"Dec 10, 2018",$19.99,$9.99,David Szymanski,New Blood Interactive,"25,392","24,625",767,Overwhelmingly Positive,"['Action', 'Indie']"
1128810,RISK: Global Domination,"Feb 19, 2020",Free To Play,No Discount,SMG Studio,SMG Studio,"41,498","32,908","8,590",Mixed,"['Casual', 'Strategy', 'Free To Play']"
1059530,Valve Index® Headset,N/A,$499.00,No Discount,None,None,0,0,0,['None'],
"35140,200260,208650,367480",Batman: Arkham Collection,"Mar 26, 2010",$19.99,No Discount,Rocksteady Studios,WB Games,"86,511","83,356","3,155",Overwhelmingly Positive,"['Action', 'Adventure']"
201870,Assassin's Creed® Revelations,"Nov 29, 2011",$19.99,No Discount,Ubisoft Montreal,Ubisoft,"20,626","17,367","3,259",Mostly Positive,"['Action', 'Adventure']"
212160,Vindictus,"Jun 22, 2012",Free to Play,No Discount,NEXON,NEXON America Inc.,"8,063","5,360","2,703",Mixed,"['Action', 'Adventure', 'Massively Multiplayer', 'RPG']"
644930,They Are Billions,"Jun 18, 2019",$29.99,No Discount,Numantian Games,Numantian Games,"51,273","43,658","7,615",Mostly Positive,['Strategy']
3840390,For The King II: Tinkerers Of Fate Character Pack,"Sep 11, 2025",$7.99,$6.39,IronOak Games,Curve Games,65,60,5,Very Positive,"['Adventure', 'Indie', 'RPG', 'Strategy']"
4610100,Sinner Maker,"Jun 5, 2026",$9.66,No Discount,Pantokrator,Metro Team,423,383,40,Overwhelmingly Positive,"['Indie', 'Simulation', 'Early Access']"
4700,Total War: MEDIEVAL II – Definitive Edition,"Nov 15, 2006",$24.99,No Discount,CREATIVE ASSEMBLY,SEGA,"36,244","34,668","1,576",Overwhelmingly Positive,['Strategy']
366849,Call of Duty®: Black Ops III - The Giant Zombies Map,"Jun 2, 2016",$5.99,No Discount,Treyarch,Activision,468,390,78,Very Positive,"['Action', 'Adventure']"
4164900,Gacha Capsule Shop Simulator - Akihabara,"Jun 8, 2026",No Price,No Discount,UGC90,UGC90,375,303,72,Very Positive,"['Casual', 'Indie', 'Simulation', 'Early Access']"
2909110,Nuclear Nightmare,"Oct 20, 2024",$6.99,No Discount,BG Productions,BG Productions,"18,901","15,330","3,571",Mostly Positive,"['Action', 'Adventure', 'Indie', 'Early Access']"
4010590,theHunter: Call of the Wild™ - Scotland Hunting Reserve,"Dec 9, 2025",$11.99,$8.99,Expansive Worlds,Avalanche Studios,148,105,43,Mixed,"['Adventure', 'Simulation', 'Sports']"
3365030,Atelier Ryza: Ever Darkness & the Secret Hideout DX,"Nov 12, 2025",$39.99,$25.99,"KOEI TECMO GAMES CO., LTD.","KOEI TECMO GAMES CO., LTD.",320,254,66,Very Positive,"['Action', 'Adventure', 'Casual', 'RPG']"
1056960,Wolfenstein: Youngblood,"Jul 25, 2019",for Buddy Pass Users Only,No Discount,MachineGames,Bethesda Softworks,"15,782","6,843","8,939",Mostly Negative,['Action']
1286580,Ship of Fools,"Nov 22, 2022",$39.99,$9.99,Fika Productions,Team17,"6,164","5,057","1,107",Mostly Positive,"['Action', 'Indie']"
1509960,PICO PARK,"May 7, 2021",$4.99,No Discount,TECOPARK,TECOPARK,"29,880","27,125","2,755",Very Positive,"['Action', 'Casual', 'Indie']"
3778100,X4: Envoy Pack,"Sep 10, 2025",$7.99,No Discount,Egosoft,Egosoft,289,256,33,Very Positive,"['Action', 'Simulation', 'Strategy']"
887570,NEBULOUS: Fleet Command,"Feb 11, 2022",$29.99,No Discount,Eridanus Industries,Hooded Horse,"4,385","3,556",829,Mostly Positive,"['Simulation', 'Strategy', 'Early Access']"
1660080,Aloft,"Jan 15, 2025",$24.99,No Discount,Astrolabe Interactive Inc.,Funcom,"3,676","3,080",596,Very Positive,"['Adventure', 'Casual', 'Indie', 'Simulation']"
3218630,Super Woden: Rally Edge,"Jan 15, 2026",$12.99,$9.74,ViJuDa,ViJuDa,"1,504","1,451",53,Very Positive,"['Indie', 'Racing', 'Sports']"
389730,TEKKEN 7,"Jun 1, 2017",$39.99,No Discount,BANDAI NAMCO Studios Inc.,BANDAI NAMCO Entertainment,"95,286","79,637","15,649",Very Positive,"['Action', 'Sports']"
586140,BlazBlue Centralfiction,"Apr 26, 2017",$39.99,No Discount,Arc System Works,Arc System Works,"12,218","11,478",740,Overwhelmingly Positive,['Action']
865360,We Were Here Together,"Oct 10, 2019",$12.99,No Discount,Total Mayhem Games,Total Mayhem Games,"17,623","14,437","3,186",Mostly Positive,"['Adventure', 'Casual', 'Indie']"
4157740,Oxygen Not Included: Neutronium Cosmetics Pack,"Nov 20, 2025",$4.99,No Discount,Klei Entertainment,Klei Entertainment,145,133,12,Very Positive,"['Indie', 'Simulation']"
1445790,Make Way,"Dec 4, 2023",$11.49,$9.88,Ice BEAM,Secret Mode,"2,212","2,012",200,Very Positive,"['Action', 'Casual', 'Indie', 'Racing']"
2984850,Rita,"Jul 30, 2026",No Price,No Discount,SporkTank,SporkTank,74,72,2,Very Positive,"['Adventure', 'Casual', 'Indie']"
2254890,The Killing Antidote,"Oct 5, 2024",No Price,No Discount,MetalStar Studio,MetalStar Studio,"7,691","6,807",884,Very Positive,"['Action', 'Adventure', 'Indie', 'RPG']"
10500,Total War: EMPIRE – Definitive Edition,"Mar 4, 2009",$24.99,No Discount,CREATIVE ASSEMBLY,SEGA,"37,941","34,397","3,544",Very Positive,['Strategy']
3579760,Cities: Skylines II - Creator Pack: Supply Chains,"Dec 3, 2025",$7.99,No Discount,Badi_Dea,Paradox Interactive,92,77,15,Very Positive,['Simulation']
2015890,Cult of the Lamb Soundtrack,"Aug 11, 2022",$9.99,No Discount,Massive Monster,River Boy,137,131,6,Very Positive,['None']
2555190,Poppy Playtime - Chapter 3,"Jan 30, 2024",$14.99,No Discount,Mob Entertainment,Mob Entertainment,"10,870","9,426","1,444",Very Positive,"['Action', 'Adventure', 'Indie']"
4301300,Incrempire,"Jul 21, 2026",$7.99,No Discount,FMGames,FMGames,147,101,46,Mixed,"['Action', 'Casual', 'Indie', 'RPG']"
823500,BONEWORKS,"Dec 10, 2019",$29.99,No Discount,Stress Level Zero,Stress Level Zero,"36,415","33,611","2,804",Very Positive,"['Action', 'Adventure', 'Indie', 'Simulation']"
780290,Gloomhaven,"Oct 20, 2021",$34.99,No Discount,Flaming Fowl Studios,Twin Sails Interactive,"16,050","13,165","2,885",Mixed,"['Adventure', 'RPG', 'Strategy']"
4157990,Warframe: The Old Peace Complete Collection,"Dec 10, 2025",$44.99,$35.99,Digital Extremes,Digital Extremes,14,12,2,Positive,"['Action', 'RPG', 'Free To Play']"
1954200,Kena: Bridge of Spirits,"Sep 26, 2022",$39.99,No Discount,Ember Lab,Ember Lab,"17,490","16,100","1,390",Very Positive,"['Action', 'Adventure', 'Indie']"
2453660,Hoop Land,"Oct 21, 2025",No Price,No Discount,Koality Game,Koality Game,677,651,26,Very Positive,"['Simulation', 'Sports', 'Early Access']"
2026820,Die in the Dungeon,"May 1, 2026",$14.99,No Discount,ATICO,HypeTrain Digital,"3,436","3,162",274,Very Positive,"['Indie', 'RPG', 'Strategy']"
4095900,Company of Heroes 3: Endure & Defy,"Nov 27, 2025",$24.99,$19.99,Relic Entertainment,Relic Entertainment,257,177,80,Mixed,"['Action', 'Strategy']"
3101040,Magical Girl Witch Trials,"Jul 18, 2025",$29.99,No Discount,Acacia,"Re,AER","33,261","32,104","1,157",Overwhelmingly Positive,"['Adventure', 'Indie', 'Simulation']"
2430400,Gunfire Reborn - Artisan and Magician,"May 31, 2023",$6.99,$5.59,Gunfire Reborn Studio,Duoyi Games,607,545,62,Very Positive,"['Action', 'Adventure', 'Indie', 'RPG']"
365590,Tom Clancy’s The Division™,"Mar 7, 2016",$29.99,No Discount,Massive Entertainment,Ubisoft,"96,645","68,504","28,141",Mostly Positive,"['Action', 'Adventure', 'RPG']"
203160,Tomb Raider Game of the Year,"Mar 4, 2013",$19.99,No Discount,Crystal Dynamics,Crystal Dynamics,"268,654","257,987","10,667",Overwhelmingly Positive,"['Action', 'Adventure']"
2787320,Revenge of the Savage Planet,"May 8, 2025",No Price,No Discount,Raccoon Logic Studios Inc.,Raccoon Logic Studios Inc.,"3,538","3,048",490,Very Positive,"['Action', 'Adventure']"
1093700,theHunter: Call of the Wild™ - Yukon Valley,"Jun 25, 2019",$7.99,$3.99,Expansive Worlds,Expansive Worlds,774,659,115,Very Positive,"['Adventure', 'Simulation', 'Sports']"
2183930,Expansion - Hearts of Iron IV: Arms Against Tyranny,"Oct 10, 2023",$19.99,No Discount,Paradox Development Studio,Paradox Interactive,"2,194","1,235",959,Mixed,"['Simulation', 'Strategy']"
4260530,Rina's Undercover Train Operation,"Jun 12, 2026",No Price,No Discount,Metamorphose,Saikey Studios,289,211,78,Mixed,['Simulation']
4062430,THE FINALS - The Apothecarion Set,"Oct 23, 2025",$19.99,No Discount,Embark Studios,Embark Studios,22,22,0,Positive,"['Action', 'Free To Play']"
1880620,Once Upon A KATAMARI,"Oct 23, 2025",$39.99,No Discount,RENGAME,Bandai Namco Entertainment Inc.,"1,651","1,515",136,Very Positive,"['Action', 'Casual']"
2289750,Super Fantasy Kingdom,"Oct 24, 2025",$19.99,No Discount,Super Fantasy Games,Hooded Horse,"5,916","5,138",778,Mostly Positive,"['RPG', 'Simulation', 'Strategy', 'Early Access']"
1658150,Moonstone Island,"Sep 20, 2023",No Price,No Discount,Studio Supersoft,Raw Fury,"4,993","4,185",808,Very Positive,"['Adventure', 'Indie', 'RPG']"
1677770,The Case of the Golden Idol,"Oct 13, 2022",No Price,No Discount,Color Gray Games,Playstack,"10,864","10,623",241,Very Positive,"['Adventure', 'Indie']"
1158850,The Great Ace Attorney Chronicles,"Jul 26, 2021",$39.99,No Discount,"CAPCOM Co., Ltd.","CAPCOM Co., Ltd.","9,389","8,854",535,Very Positive,['Adventure']
4126480,Fishing Inc,"Apr 14, 2026",$4.99,No Discount,BigBonk Studio,BigBonk Studio,"1,705","1,559",146,Very Positive,"['Casual', 'Indie', 'Simulation']"
1718570,ASTLIBRA Revision,"Oct 13, 2022",No Price,No Discount,KEIZO,WhisperGames,"31,446","29,900","1,546",Very Positive,"['Action', 'Adventure', 'RPG']"
3301060,Desktop Mate,"Jan 7, 2025",Free,No Discount,infiniteloop,infiniteloop,"9,181","6,139","3,042",Very Positive,"['Free To Play', 'Animation & Modeling', 'Utilities']"
1710820,Cleared Hot,"Nov 20, 2025",$14.99,No Discount,Not Knowing Corporation,MicroProse Software,"3,834","3,698",136,Very Positive,"['Action', 'Indie', 'Early Access']"
1432320,Liftoff®: Micro Drones,"Aug 4, 2025",$15.99,No Discount,LuGus Studios,LuGus Studios,"1,397","1,298",99,Very Positive,"['Action', 'Racing', 'Simulation', 'Sports']"
2300840,Subliminal,"Mar 31, 2026",No Price,No Discount,Accidental Studios,Gone Shootin,"3,674","2,722",952,Very Positive,"['Adventure', 'Indie', 'RPG', 'Simulation']"
2820820,Jotunnslayer: Hordes of Hel,"Sep 3, 2025",$18.88,$14.29,Games Farm,Grindstone,"7,670","6,327","1,343",Mostly Positive,"['Action', 'Indie', 'RPG']"
1209471,American Truck Simulator - Colorado,"Nov 12, 2020",$11.99,No Discount,SCS Software,SCS Software,748,694,54,Very Positive,"['Indie', 'Simulation']"
2824490,He is Coming,"Jul 17, 2025",$19.99,No Discount,Chronocle,Hooded Horse,"4,069","3,452",617,Very Positive,"['RPG', 'Strategy', 'Early Access']"
2716400,The Rise of the Golden Idol,"Nov 12, 2024",No Price,No Discount,Color Gray Games,Playstack,"4,094","3,790",304,Very Positive,"['Adventure', 'Indie']"
731490,Crash Bandicoot™ N. Sane Trilogy,"Jun 29, 2018",$39.99,No Discount,Vicarious Visions,Activision,"22,018","20,254","1,764",Very Positive,['Action']
393080,Call of Duty®: Modern Warfare® Remastered (2017),"Jul 27, 2017",$39.99,No Discount,Raven Software,Activision,"15,707","8,532","7,175",Mostly Positive,['Action']
4231820,Castlevania: Belmont's Curse,"Oct 14, 2026",$29.99,No Discount,KONAMI,KONAMI,0,0,0,"['Action', 'RPG']",
2418520,Farm Together 2,"May 30, 2025",$25.99,No Discount,Milkstone Studios,Milkstone Studios,"5,368","5,029",339,Very Positive,"['Casual', 'Indie', 'Simulation']"
315210,Suicide Squad: Kill the Justice League,"Feb 2, 2024",$69.99,No Discount,Rocksteady Studios,Warner Bros. Games,"17,975","11,019","6,956",Mixed,['Action']
2789810,Bingle Bingle,"Jun 22, 2026",$14.99,No Discount,Knitting Games,Knitting Games,677,556,121,Very Positive,"['Indie', 'Strategy']"
1030830,Mafia II: Definitive Edition,"May 19, 2020",$29.99,No Discount,Hangar 13,2K,"38,093","28,207","9,886",Mostly Positive,"['Action', 'Adventure']"
2819520,Viking Rise,"May 21, 2024",Free,No Discount,IGG SINGAPORE PTE. LTD.,IGG SINGAPORE PTE. LTD.,959,667,292,Mostly Positive,"['Massively Multiplayer', 'RPG', 'Strategy', 'Free To Play']"
368340,CrossCode,"Sep 20, 2018",CrossCode Demo,No Discount,Radical Fish Games,Deck13,"18,353","16,962","1,391",Very Positive,"['Action', 'Adventure', 'Indie', 'RPG']"
1001270,Kebab Chefs! - Restaurant Simulator,"Jun 11, 2026",$17.99,No Discount,Biotech Gameworks,Flagship Interactive,"8,013","6,663","1,350",Mostly Positive,['Simulation']
34030,Total War: NAPOLEON – Definitive Edition,"Feb 25, 2010",$24.99,No Discount,CREATIVE ASSEMBLY,SEGA,"27,427","25,136","2,291",Very Positive,['Strategy']
4197940,Age of Mythology: Retold - Obsidian Mirror,"Apr 21, 2026",$19.99,No Discount,World's Edge,Xbox Game Studios,351,285,66,Mixed,['Strategy']
3137350,Motion Soccer PRO,"Jul 3, 2025",$19.99,No Discount,Ivanovich Games,Ivanovich Games,134,110,24,Mostly Positive,"['Action', 'Casual', 'Simulation', 'Sports']"
2663530,POOLS,"Apr 26, 2024",No Price,No Discount,Tensori,Tensori,"6,558","6,248",310,Very Positive,['Adventure']
4836070,Ghosts of Tabor : LEGACY,"Aug 1, 2026",$14.99,$10.04,Combat Waffle Studios,Combat Waffle Studios,71,43,28,Mixed,['Action']
1987080,Inside the Backrooms,"Jun 20, 2022",$6.99,No Discount,MrFatcat,MrFatcat,"46,678","37,291","9,387",Mixed,"['Adventure', 'Indie', 'Early Access']"
681280,Descenders,"May 7, 2019",$24.99,$6.24,RageSquid,No More Robots,"23,628","22,315","1,313",Very Positive,"['Action', 'Racing', 'Sports']"
2308690,Ground of Aces,"Jul 10, 2025",$41.38,$29.14,Blindflug Studios AG,Blindflug Studios AG,"1,510","1,290",220,Very Positive,"['Simulation', 'Strategy', 'Early Access']"
571740,Golf It!,"Aug 18, 2023",$8.99,No Discount,Perfuse Entertainment,Perfuse Entertainment,"30,999","28,025","2,974",Very Positive,"['Casual', 'Indie', 'Simulation', 'Sports']"
225260,Brutal Legend,"Feb 26, 2013",$14.99,$2.99,Double Fine Productions,Double Fine Productions,"20,333","18,953","1,380",Very Positive,"['Action', 'Adventure', 'Strategy']"
3259120,Disney Dreamlight Valley: The Storybook Vale,"Nov 20, 2024",$29.99,No Discount,Gameloft,Gameloft,213,155,58,Mostly Positive,"['Adventure', 'Casual', 'RPG', 'Simulation']"
2455360,Cooking Simulator 2: Better Together,"Mar 31, 2026",$24.99,No Discount,Big Cheese Studio,Big Cheese Studio,864,419,445,Mostly Positive,"['Casual', 'Indie', 'RPG', 'Simulation']"
3655420,Oxygen Not Included: The Prehistoric Planet Pack,"Jun 12, 2025",$7.99,No Discount,Klei Entertainment,Klei Entertainment,190,165,25,Very Positive,"['Indie', 'Simulation']"
3862670,Shelldiver,"Nov 16, 2025",$4.99,No Discount,Gagonfe,Gagonfe,"16,763","16,555",208,Overwhelmingly Positive,"['Action', 'Adventure']"
2891710,Total War: WARHAMMER III - Malakai – Thrones of Decay,"Apr 30, 2024",$8.99,No Discount,CREATIVE ASSEMBLY,SEGA,"1,177","1,000",177,Very Positive,"['Action', 'Strategy']"
4283360,Legionbound,"Apr 27, 2026",No Price,No Discount,Spicy Garlic Games,Spicy Garlic Games,635,529,106,Mostly Positive,"['Adventure', 'Indie', 'RPG']"
2288150,ROMANCE OF THE THREE KINGDOMS 8 REMAKE,"Oct 23, 2024",$59.99,$35.99,"KOEI TECMO GAMES CO., LTD.","KOEI TECMO GAMES CO., LTD.","3,913","1,947","1,966",Mixed,"['Simulation', 'Strategy']"
2414270,Sunderfolk,"Apr 23, 2025",No Price,No Discount,Secret Door,Dreamhaven,"2,226","1,998",228,Very Positive,"['RPG', 'Strategy']"
1302240,Labyrinthine,"Aug 18, 2023",$9.99,No Discount,Valko Game Studios,Valko Game Studios,"17,426","14,698","2,728",Mixed,"['Action', 'Adventure', 'Indie']"
1888350,Easy Red 2: Stalingrad,"Sep 9, 2022",$5.99,No Discount,Marco Amadei,Corvostudio di Amadei Marco,290,274,16,Very Positive,"['Action', 'Indie', 'Simulation', 'Strategy']"
567640,Danganronpa V3: Killing Harmony,"Sep 25, 2017",$39.99,No Discount,"Spike Chunsoft Co., Ltd.","Spike Chunsoft Co., Ltd.","23,010","19,070","3,940",Mostly Positive,['Adventure']
2646720,Dead Weight,"Jul 16, 2026",$12.99,No Discount,Klukva Games,Klukva Games,513,437,76,Very Positive,"['Adventure', 'Indie', 'RPG', 'Strategy']"
1389990,Oblivity - Find your perfect Sensitivity,"Mar 24, 2022",$9.99,No Discount,Poly Games,Poly Games,"1,532","1,248",284,Mostly Positive,"['Action', 'Casual', 'Indie', 'Simulation']"
1776780,The Sims™ 4 Werewolves Game Pack,"Jun 16, 2022",$19.99,$13.99,Maxis,Electronic Arts,230,171,59,Mostly Positive,"['Casual', 'Simulation']"
3499380,Easy Red 2: Shanghai - Nanking,"Mar 28, 2025",$5.99,No Discount,Marco Amadei,Corvostudio di Amadei Marco,915,870,45,Very Positive,"['Action', 'Indie', 'Simulation', 'Strategy']"
362960,Tyranny,"Nov 10, 2016",$29.99,No Discount,Obsidian Entertainment,Paradox Interactive,"13,291","11,547","1,744",Very Positive,"['Adventure', 'RPG']"
3778430,Warframe: Oraxia Bundle,"Jun 25, 2025",$29.99,$20.99,Digital Extremes,Digital Extremes,25,25,0,Positive,"['Action', 'RPG', 'Free To Play']"
392110,ENDLESS Space™ 2,"May 18, 2017",$39.99,No Discount,AMPLITUDE Studios,AMPLITUDE Studios,"23,001","19,170","3,831",Mostly Positive,['Strategy']
2393160,Nice Day for Fishing,"May 29, 2025",$23.99,$8.15,FusionPlay,Team17,"3,113","2,602",511,Very Positive,"['Adventure', 'RPG']"
312660,Sniper Elite 4,"Feb 13, 2017",$59.99,No Discount,Rebellion,Rebellion,"62,826","57,347","5,479",Very Positive,"['Action', 'Adventure']"
4556010,Hunt: Showdown 1896 - It Takes a Rogue,"Jun 10, 2026",$9.99,No Discount,Crytek,Crytek,114,94,20,Very Positive,['Action']
1213210,Command & Conquer™ Remastered Collection,"Jun 5, 2020",No Price,No Discount,Petroglyph,Electronic Arts,"34,884","31,631","3,253",Very Positive,['Strategy']
3871370,"Warhammer 40,000: Space Marine 2 - Raven Guard Champion Pack","Feb 26, 2026",$7.99,No Discount,Saber Interactive,Focus Entertainment,126,99,27,Mostly Positive,"['Action', 'Adventure', 'RPG']"
2696050,Yarimono,"Aug 30, 2024",$24.99,No Discount,にゅう工房,072 Project,"4,165","3,626",539,Very Positive,"['Adventure', 'Indie', 'RPG']"
2703850,Rooftops & Alleys: The Parkour Game,"Jun 16, 2025",$24.99,No Discount,MLMEDIA,MLMEDIA,"6,936","6,571",365,Very Positive,"['Indie', 'Simulation', 'Sports']"
1929290,Bits & Bops,"Dec 9, 2025",No Price,No Discount,Tempo Lab Games,Tempo Lab Games,"2,050","1,890",160,Very Positive,"['Action', 'Casual', 'Indie']"
1877020,Jujutsu Kaisen Cursed Clash,"Feb 1, 2024",No Price,No Discount,Byking Inc.,Bandai Namco Entertainment Inc.,"4,015","2,475","1,540",Very Positive,['Action']
2828160,A Little to the Left: Seeing Stars,"Jun 25, 2024",$8.99,$6.74,Max Inferno,Secret Mode,492,256,236,Mixed,"['Casual', 'Indie']"
32370,STAR WARS™ Knights of the Old Republic™,"Nov 19, 2003",$9.99,No Discount,BioWare,LucasArts,"33,856","30,841","3,015",Very Positive,"['Adventure', 'RPG']"
4857560,Scrap Mechanic - Fan Pack,"Jul 24, 2026",$14.99,No Discount,Axolot Games,Axolot Games,52,50,2,Positive,"['Action', 'Adventure', 'Indie', 'Simulation']"
1076160,Command: Modern Operations,"Nov 14, 2019",$79.99,$31.99,Command Development Team,Matrix Games,"1,630","1,387",243,Very Positive,['Simulation']
2669410,Metro Awakening,"Nov 7, 2024",$29.99,$14.99,Vertigo Games,Vertigo Games,"3,510","2,621",889,Mixed,"['Action', 'Adventure']"
335670,LISA: The Painful,"Dec 15, 2014",$19.99,$11.99,Dingaling Productions,Serenity Forge,"15,123","14,440",683,Very Positive,"['Adventure', 'Indie', 'RPG']"
3170540,Backyard Baseball '97,"Oct 10, 2024",$9.99,No Discount,Mega Cat Studios,Playground Productions,"2,248","2,189",59,Very Positive,"['Casual', 'Sports']"
835960,The Talos Principle 2,"Nov 2, 2023",$29.99,No Discount,Croteam,Devolver Digital,"13,299","12,625",674,Very Positive,"['Action', 'Adventure']"
1105670,The Last Spell,"Mar 9, 2023",$24.99,No Discount,Ishtar Games,Nacon,"13,560","12,395","1,165",Very Positive,"['Action', 'Indie', 'RPG', 'Strategy']"
1493640,Banishers: Ghosts of New Eden,"Feb 12, 2024",No Price,No Discount,DON'T NOD,Focus Entertainment,"9,064","7,645","1,419",Very Positive,"['Action', 'Adventure', 'RPG']"
2786550,CURE - A Hospital Simulator,"Nov 20, 2025",$9.99,$6.89,Sentinel Games,Sentinel Games,909,794,115,Very Positive,"['Simulation', 'Early Access']"
2366980,Thank Goodness You're Here!,"Aug 1, 2024",$19.99,No Discount,Coal Supper,Panic,"8,289","7,975",314,Very Positive,"['Adventure', 'Casual', 'Indie']"
611660,Fallout 4 VR,"Dec 11, 2017",$59.99,$19.79,Bethesda Game Studios,Bethesda Softworks,"8,743","5,240","3,503",Mixed,['RPG']
1902690,Fate/Samurai Remnant,"Sep 28, 2023",No Price,No Discount,"KOEI TECMO GAMES CO., LTD.","KOEI TECMO GAMES CO., LTD.","6,992","6,336",656,Mostly Positive,"['Action', 'RPG']"
3368620,Kingdom Come: Deliverance II Mysteria Ecclesiae,"Nov 11, 2025",$13.99,No Discount,Warhorse Studios,Warhorse Studios,"2,010","1,162",848,Mixed,"['Action', 'Adventure', 'RPG']"
285160,LEGO® The Hobbit™,"Apr 8, 2014",$19.99,$3.99,Traveller's Tales,Warner Bros. Interactive Entertainment,"10,601","8,548","2,053",Mixed,"['Action', 'Adventure']"
4424920,ARC Raiders - The Wasp Hunter Set,"Mar 31, 2026",$20.00,No Discount,Embark Studios,Embark Studios,67,59,8,Very Positive,['Action']
1520620,VTube Studio - Remove Watermark,"Mar 12, 2021",$14.99,No Discount,DenchiSoft,DenchiSoft,92,84,8,Very Positive,"['Indie', 'Animation & Modeling', 'Video Production']"
1328350,Turbo Overkill,"Aug 11, 2023",No Price,No Discount,Trigger Happy Interactive,Apogee Entertainment,"7,435","6,990",445,Very Positive,"['Action', 'Indie']"
569480,Kingdoms and Castles,"Jul 20, 2017",$19.99,No Discount,"Lion Shield, LLC","Lion Shield, LLC","31,347","29,327","2,020",Very Positive,"['Indie', 'Simulation', 'Strategy']"
4439280,Forza Horizon 6 Time Attack Car Pack,"May 18, 2026",$9.99,No Discount,Playground Games,Xbox Game Studios,46,43,3,Positive,"['Racing', 'Simulation', 'Sports']"
894020,Death's Door,"Jul 20, 2021",$19.99,No Discount,Acid Nerve,Devolver Digital,"21,893","20,405","1,488",Very Positive,"['Action', 'Adventure', 'Indie', 'RPG']"
4129920,Planet Coaster 2: Toybox Pack,"Dec 4, 2025",$12.99,No Discount,Frontier Developments,Frontier Developments,46,41,5,Positive,"['Simulation', 'Strategy']"
240,Counter-Strike: Source,"Nov 1, 2004",$9.99,No Discount,Valve,Valve,"192,703","185,559","7,144",Overwhelmingly Positive,['Action']
1944430,Amnesia: The Bunker,"Jun 6, 2023",$24.99,No Discount,Frictional Games,Frictional Games,"12,279","11,461",818,Very Positive,"['Action', 'Adventure', 'Indie']"
1120320,Builder Simulator,"Jun 9, 2022",$19.99,$2.99,Live Motion Games,Live Motion Games,"2,214","1,585",629,Mixed,"['Adventure', 'Casual', 'Indie', 'Simulation']"
1784570,Trainz Railroad Simulator 2022,"May 30, 2022",$39.99,No Discount,N3V Games,N3V Games,"1,224",930,294,Mixed,['Simulation']
2111850,Gunfire Reborn - Visitors of Spirit Realm,"Aug 28, 2022",$6.99,$5.59,Gunfire Reborn Studio,Duoyi Games,"1,026",933,93,Very Positive,"['Action', 'Adventure', 'Indie', 'RPG']"
2506480,Clue/Cluedo,"Aug 23, 2023",$14.99,No Discount,Marmalade Game Studio Ltd,Marmalade Game Studio Ltd,544,482,62,Very Positive,"['Adventure', 'Casual', 'Simulation', 'Strategy']"
4449410,KYOTO XANADU -the Blooming Phantom-,"Jul 15, 2026",$54.99,No Discount,Nihon Falcom,Nihon Falcom,643,535,108,Mostly Positive,"['Action', 'RPG']"
2701860,theHunter: Call of the Wild™ - High Caliber Weapon Pack,"Mar 12, 2024",$4.99,$2.49,Expansive Worlds,Avalanche Studios,248,215,33,Very Positive,"['Adventure', 'Simulation', 'Sports']"
2638890,Onimusha: Way of the Sword,"Sep 3, 2026",No Price,No Discount,"CAPCOM Co., Ltd.","CAPCOM Co., Ltd.",0,0,0,"['Action', 'Adventure', 'RPG']",
4424610,theHunter: Call of the Wild™ - Multi-Class Weapon Pack,"Apr 14, 2026",$5.99,$4.79,Expansive Worlds,Avalanche Studios,50,39,11,Mostly Positive,"['Adventure', 'Simulation', 'Sports']"
1127500,Mini Motorways,"Jul 20, 2021",$9.99,No Discount,Dinosaur Polo Club,Dinosaur Polo Club,"24,284","23,378",906,Overwhelmingly Positive,"['Casual', 'Simulation', 'Strategy']"
1860510,Total Conflict: Resistance,"Apr 21, 2023",$29.99,$22.49,Thunder Devs.,Thunder Devs.,"5,292","3,924","1,368",Mixed,"['Action', 'Simulation', 'Strategy', 'Early Access']"
268650,From the Depths,"Nov 6, 2020",$24.99,No Discount,Brilliant Skies Ltd.,Brilliant Skies Ltd.,"12,768","11,395","1,373",Very Positive,"['Action', 'Adventure', 'Indie', 'Simulation']"
3707400,On-Together: Virtual Co-Working,"Jan 19, 2026",$9.99,No Discount,GigaPuff,Future Friends Games,"1,412","1,329",83,Very Positive,"['Casual', 'Indie', 'Simulation']"
3570290,theHunter: Call of the Wild™ - Alberta Hunting Preserve,"Jun 17, 2025",$11.99,$7.79,Expansive Worlds,Avalanche Studios,268,213,55,Mostly Positive,"['Adventure', 'Simulation', 'Sports']"
1546670,theHunter: Call of the Wild™ - Bloodhound,"Mar 30, 2021",$3.99,$1.99,Expansive Worlds,Avalanche Studios,"1,515","1,135",380,Mostly Positive,"['Adventure', 'Simulation', 'Sports']"
3146520,WEBFISHING,"Oct 11, 2024",$4.99,No Discount,lamedeveloper,lamedeveloper,"70,307","68,455","1,852",Very Positive,"['Casual', 'Indie', 'Massively Multiplayer']"
1796790,Chef RPG,"Sep 12, 2024",$19.99,No Discount,World 2 Studio,World 2 Studio,"2,699","2,370",329,Very Positive,"['Adventure', 'RPG', 'Simulation', 'Early Access']"
2288350,RAIDOU Remastered: The Mystery of the Soulless Army,"Jun 18, 2025",No Price,No Discount,ATLUS,SEGA,"1,444","1,341",103,Very Positive,"['Action', 'RPG']"
1969380,MechWarrior 5: Mercenaries - Call to Arms,"Jun 7, 2022",$14.99,$5.99,Piranha Games Inc.,Piranha Games Inc.,161,101,60,Mixed,"['Action', 'Simulation']"
1415692,American Truck Simulator - Wyoming,"Sep 7, 2021",$11.99,No Discount,SCS Software,SCS Software,506,463,43,Very Positive,"['Indie', 'Simulation']"
10,Counter-Strike,"Nov 1, 2000",$9.99,No Discount,Valve,Valve,"261,095","254,312","6,783",Very Positive,['Action']
939960,Far Cry® New Dawn,"Feb 15, 2019",$39.99,No Discount,Ubisoft Montreal,Ubisoft,"34,992","26,293","8,699",Mixed,"['Action', 'Adventure']"
362490,Exanima,"Apr 29, 2015",$14.99,No Discount,Bare Mettle Entertainment,Bare Mettle Entertainment,"13,790","11,056","2,734",Very Positive,"['Action', 'Adventure', 'Indie', 'RPG']"
866570,System Shock 2: 25th Anniversary Remaster,"Jun 26, 2025",$29.99,No Discount,Nightdive Studios,Nightdive Studios,"2,211","1,936",275,Very Positive,"['Action', 'Adventure', 'RPG']"
1863430,Dragonkin: The Banished,"Mar 16, 2026",$24.99,No Discount,Eko Software,Nacon,"2,629","1,950",679,Mixed,['Action']
1229240,Chained Echoes,"Dec 8, 2022",$24.99,No Discount,Umami Tiger (Matthias Linda),Deck13,"8,054","7,141",913,Mostly Positive,"['Indie', 'RPG']"
3555780,Bookbinding – Dark Cozy Sim,"Jul 24, 2026",No Price,No Discount,NDApolis,Caspianborn Publishing,117,85,32,Mostly Positive,['Simulation']
2532480,"Warhammer 40,000: Mechanicus II","May 21, 2026",$39.99,No Discount,Bulwark Studios,Kasedo Games,"2,247","1,214","1,033",Mixed,"['Action', 'RPG', 'Strategy']"
3743490,Fishing Planet: Chamaeleon Cruiser Pack,"Jun 18, 2025",$59.99,No Discount,Fishing Planet LLC,Fishing Planet LLC,57,30,27,Mixed,"['Massively Multiplayer', 'Simulation', 'Sports', 'Free To Play']"
2135150,Elin,"Nov 1, 2024",No Price,No Discount,Lafrontier,Lafrontier,"9,064","8,468",596,Very Positive,"['Indie', 'RPG', 'Simulation', 'Strategy']"
2275440,Solar Nations 2,"Jan 31, 2025",No Price,No Discount,Flomgus Games,Flomgus Games,555,481,74,Very Positive,"['Simulation', 'Strategy', 'Early Access']"
3211850,Calyx,"Jan 29, 2026",No Price,No Discount,Studio 568,Studio 568,454,399,55,Very Positive,"['Strategy', 'Early Access']"
485510,Nioh: Complete Edition,"Nov 7, 2017",$49.99,$7.49,"KOEI TECMO GAMES CO., LTD.","KOEI TECMO GAMES CO., LTD.","38,774","30,645","8,129",Mixed,"['Action', 'RPG']"
2317930,Easy Red 2: Normandy,"Jun 6, 2023",$5.99,No Discount,Marco Amadei,Corvostudio di Amadei Marco,262,222,40,Mostly Positive,"['Action', 'Indie', 'Simulation', 'Strategy']"
1802470,The Ascent - Cyber Heist,"Aug 18, 2022",$9.99,$4.99,Neon Giant,"KRAFTON, Inc.",342,196,146,Mixed,"['Action', 'Adventure', 'Indie', 'RPG']"
4719180,Hunt: Showdown 1896 - Twice a Renegade,"Jul 2, 2026",$9.99,No Discount,Crytek,Crytek,112,68,44,Mostly Positive,['Action']
1118012,Monster Hunter World: Iceborne Deluxe Kit,"Jan 9, 2020",$14.99,No Discount,"CAPCOM Co., Ltd.","CAPCOM Co., Ltd.",260,211,49,Very Positive,['Action']
3725110,Against the Storm - Nightwatchers,"Jul 31, 2025",$14.99,No Discount,Eremite Games,Hooded Horse,212,178,34,Very Positive,"['Simulation', 'Strategy']"
885970,Total War: ROME REMASTERED,"Apr 29, 2021",$29.99,No Discount,Creative Assembly,SEGA,"13,618","10,489","3,129",Very Positive,['Strategy']
567990,Sally Face - Season Pass,"Dec 14, 2016",$11.99,No Discount,Portable Moose,Portable Moose,"1,229","1,176",53,Very Positive,"['Adventure', 'Indie']"
2186320,Ages of Conflict: World War Simulator,"Feb 17, 2023",$6.99,No Discount,JoySpark Games,JoySpark Games,"8,754","8,432",322,Overwhelmingly Positive,"['Casual', 'Indie', 'Simulation', 'Early Access']"
2408820,Luma Island,"Nov 20, 2024",$19.99,No Discount,Feel Free Games,Feel Free Games,"12,578","10,585","1,993",Very Positive,"['Adventure', 'Casual', 'Indie', 'RPG']"
1606340,Conquest of Elysium 5,"Aug 17, 2021",$29.99,No Discount,Illwinter Game Design,Illwinter Game Design,"1,884","1,693",191,Very Positive,"['Indie', 'Strategy']"
451340,Gold Mining Simulator,"Oct 13, 2017",$19.99,No Discount,Code Horizon,Code Horizon,"16,304","11,836","4,468",Very Positive,"['Indie', 'Simulation']"
750130,The Sinking City Remastered,"Feb 26, 2021",$39.99,No Discount,Frogwares,Frogwares,"5,503","4,166","1,337",Mostly Positive,"['Action', 'Adventure']"
3687050,Tainted Grail: The Fall of Avalon - Supporters Pack,"May 15, 2025",$9.99,No Discount,Questline,Awaken Realms,109,96,13,Very Positive,"['Action', 'Adventure', 'Indie', 'RPG']"
1324970,Dead By Daylight - Silent Hill Chapter,"Jun 16, 2020",$7.99,No Discount,Behaviour Interactive Inc.,Behaviour Interactive Inc.,"2,310","1,921",389,Very Positive,['Action']
1778840,Spirit of the North 2,"May 8, 2025",$29.99,$14.99,Infuse Studio,Silver Lining Interactive,"1,112",952,160,Very Positive,"['Adventure', 'Casual', 'Indie']"
359510,Tangle Tower,"Oct 22, 2019",No Price,No Discount,SFB Games,SFB Games,"6,552","6,228",324,Overwhelmingly Positive,"['Adventure', 'Indie']"
311560,Assassin’s Creed® Rogue,"Mar 9, 2015",$19.99,No Discount,Ubisoft Sofia,Ubisoft,"22,082","19,086","2,996",Very Positive,"['Action', 'Adventure']"
2530980,Tales of Graces f Remastered,"Jan 16, 2025",$39.99,$19.99,"TOSE CO., LTD.",Bandai Namco Entertainment,991,874,117,Very Positive,"['Action', 'RPG']"
3198850,Play Together,"Jan 13, 2025",Free To Play,No Discount,"HAEGIN Co.,Ltd.","HAEGIN Co.,Ltd.","1,666","1,250",416,Mostly Positive,['None']
3720460,KEEP GAMBLING,"Dec 16, 2025",$7.77,No Discount,WIRED FEELINGS,WIRED FEELINGS,"1,018",754,264,Very Positive,"['Action', 'Indie', 'Simulation']"
4358310,Coin Tavern,"Jul 23, 2026",$9.99,$8.49,Woven Dream Isle,Woven Dream Isle,87,82,5,Very Positive,"['Casual', 'Indie', 'Simulation', 'Strategy']"
4249850,E-Shop Tycoon,"Jul 28, 2026",$22.08,$9.05,Aeolian Games,Aeolian Games,464,327,137,Mostly Positive,"['Casual', 'Indie', 'Simulation', 'Strategy']"
3840400,For The King II: Fallen Oaths Character Pack,"Nov 17, 2025",$7.99,$6.39,IronOak Games,Curve Games,59,34,25,Mixed,"['Adventure', 'Indie', 'RPG', 'Strategy']"
3525970,Horripilant,"Feb 20, 2026",No Price,No Discount,Alexandre Declos ,Black Lantern Collective,"2,803","2,593",210,Very Positive,"['Casual', 'Indie', 'RPG', 'Simulation']"
4279120,Budgie's Bug Shop,"May 25, 2026",$5.99,$4.79,Moon Lagoon,Moon Lagoon,805,779,26,Overwhelmingly Positive,"['Casual', 'Simulation', 'Strategy']"
3579790,Cities: Skylines II - Creator Pack: Skyscrapers,"Dec 3, 2025",$7.99,No Discount,REV0,Paradox Interactive,106,90,16,Very Positive,['Simulation']
3008670,Poppy Playtime - Chapter 4,"Jan 30, 2025",$19.99,No Discount,Mob Entertainment,Mob Entertainment,"10,592","7,131","3,461",Mixed,"['Action', 'Adventure', 'Indie']"
830451,Call of Duty®: Black Ops III - Zetsubou No Shima Zombies Map,"May 1, 2018",$7.99,No Discount,Treyarch,Activision,154,113,41,Mostly Positive,"['Action', 'Adventure']"
1240210,There Is No Game: Wrong Dimension,"Aug 6, 2020",$12.99,$6.49,Draw Me A Pixel,Draw Me A Pixel,"25,758","25,171",587,Overwhelmingly Positive,"['Adventure', 'Casual', 'Indie']"
3905260,DRAGON BALL XENOVERSE 2 - FUTURE SAGA Chapter 4,"Jul 7, 2026",$11.99,No Discount,QLOC,Bandai Namco Entertainment,73,44,29,Mixed,"['Action', 'Adventure', 'Casual', 'Massively Multiplayer']"
695680,theHunter: Call of the Wild™ - Medved-Taiga,"Oct 17, 2017",$7.99,$3.99,Expansive Worlds,Avalanche Studios,802,647,155,Very Positive,"['Adventure', 'Simulation', 'Sports']"
2477010,Ticket to Ride®,"Nov 14, 2023",$14.99,No Discount,Marmalade Game Studio Ltd,Marmalade Game Studio Ltd,"1,141",793,348,Very Positive,"['Casual', 'Simulation', 'Strategy']"
2951690,Sonic Rumble Party,"Nov 5, 2025",Free To Play,No Discount,SEGA,SEGA,"5,251","3,231","2,020",Mostly Positive,"['Action', 'Free To Play']"
2361770,SHINOBI: Art of Vengeance,"Aug 28, 2025",No Price,No Discount,SEGA,SEGA,"4,740","3,904",836,Very Positive,['Action']
4786240,DragonSword : Awakening - Costume : Phantom Thief of Dawn,"Jul 22, 2026",$3.99,No Discount,Hound13 Inc.,Hound13 Inc.,22,22,0,Positive,"['Action', 'Adventure', 'RPG']"
3762660,Trials Survivors,"Jun 8, 2026",No Price,No Discount,Angry wisp,Angry wisp,401,345,56,Very Positive,"['Action', 'Casual', 'Indie', 'RPG']"
2853730,Skull and Bones,"Aug 22, 2024",No Price,No Discount,Ubisoft Singapore,Ubisoft,"4,712","3,133","1,579",Mixed,"['Action', 'RPG']"
617870,Total War: WARHAMMER II - Rise of the Tomb Kings,"Jan 23, 2018",$18.99,No Discount,CREATIVE ASSEMBLY,SEGA,"2,239","1,860",379,Very Positive,"['Action', 'Strategy']"
2357910,Home Safety Hotline,"Jan 16, 2024",$14.99,No Discount,Night Signal Entertainment,Night Signal Entertainment,"2,902","2,636",266,Very Positive,"['Casual', 'Indie', 'Simulation']"
3450170,Victoria 3: Charters of Commerce - Mechanics Pack,"Jun 17, 2025",$19.99,No Discount,Paradox Development Studio,Paradox Interactive,"1,130","1,042",88,Very Positive,"['Simulation', 'Strategy']"
2719160,Contractors Showdown : ExfilZone,"Apr 25, 2024",$19.99,No Discount,Caveman Studio,Caveman Studio,"3,499","2,399","1,100",Mixed,"['Action', 'Simulation']"
763890,Wildermyth,"Jun 15, 2021",$24.99,No Discount,Worldwalker Games LLC,Worldwalker Games LLC,"18,217","17,246",971,Very Positive,"['Indie', 'RPG', 'Strategy']"
2100280,World of Tanks: HEAT,"May 25, 2026",Free To Play,No Discount,Wargaming Group Limited,Wargaming Group Limited,"6,654","3,142","3,512",Mixed,"['Action', 'Casual', 'Massively Multiplayer', 'Free To Play']"
3953520,MU: Dark Epoch,"Oct 16, 2025",Free To Play,No Discount,37GAMES,37GAMES,670,391,279,Mixed,"['Action', 'Adventure', 'Massively Multiplayer', 'RPG']"
2131650,METAL GEAR SOLID 3: Snake Eater - Master Collection Version,"Oct 24, 2023",$19.99,No Discount,KONAMI,KONAMI,"6,815","6,074",741,Very Positive,['Action']
972660,Spiritfarer®: Farewell Edition,"Aug 18, 2020",No Price,No Discount,Thunder Lotus,Thunder Lotus,"53,014","50,336","2,678",Very Positive,"['Adventure', 'Indie', 'Simulation']"
1677350,EA SPORTS™ PGA TOUR™,"Apr 6, 2023",No Price,No Discount,Electronic Arts - Tiburon,Electronic Arts,"2,601","1,394","1,207",Mixed,"['RPG', 'Sports']"
822240,Animal Jam,"Jan 8, 2025",No Price,No Discount,"WildWorks, Inc.","WildWorks, Inc.","4,259","2,833","1,426",No user reviews,"['Adventure', 'Casual', 'Massively Multiplayer', 'Simulation']"
7670,BioShock™,"Aug 21, 2007",$19.99,No Discount,2K Boston,2K,"32,095","30,172","1,923",Very Positive,"['Action', 'RPG']"
2561450,DREDGE - The Iron Rig,"Aug 15, 2024",$11.99,No Discount,Black Salt Games,Team17,746,609,137,Very Positive,"['Adventure', 'RPG']"
367500,Dragon's Dogma: Dark Arisen,"Jan 15, 2016",$29.99,No Discount,Capcom,Capcom,"48,892","43,239","5,653",Very Positive,"['Action', 'Adventure', 'RPG']"
2668430,The Legend of Heroes: Trails through Daybreak II,"Feb 14, 2025",$59.99,No Discount,Nihon Falcom,"NIS America, Inc.",695,588,107,Mostly Positive,"['Action', 'Adventure', 'RPG']"
692850,Bloodstained: Ritual of the Night,"Jun 18, 2019",$39.99,No Discount,ArtPlay,505 Games,"41,489","38,649","2,840",Very Positive,"['Action', 'Adventure', 'RPG']"
2617770,Easy Red 2: Ardennes 1940 & 1944,"Nov 24, 2023",$5.99,No Discount,Marco Amadei,Corvostudio di Amadei Marco,139,131,8,Very Positive,"['Action', 'Indie', 'Simulation', 'Strategy']"
259680,Tales of Maj'Eyal,"Dec 31, 2012",$6.99,No Discount,Netcore Games,Netcore Games,"7,406","7,001",405,Very Positive,"['Adventure', 'Indie', 'RPG']"
20900,The Witcher: Enhanced Edition Director's Cut,"Sep 16, 2008",$9.99,$1.49,CD PROJEKT RED,CD PROJEKT RED,"87,960","78,333","9,627",Very Positive,"['Action', 'RPG']"
2214823,Atomic Heart - Enchantment Under the Sea,"Jan 28, 2025",$9.99,No Discount,Mundfish,Focus Entertainment,"1,517","1,419",98,Very Positive,"['Action', 'Adventure', 'RPG']"
3144230,Modern Warships,"Jun 4, 2026",Free To Play,No Discount,Artstorm FZE,Gaijin Network Ltd,"1,006",647,359,Mostly Positive,"['Action', 'Massively Multiplayer', 'Simulation', 'Free To Play']"
2163330,Yet Another Zombie Survivors,"Jul 13, 2023",No Price,No Discount,Awesome Games Studio,Awesome Games Studio,"13,559","12,374","1,185",Very Positive,"['Action', 'Casual', 'Indie', 'RPG']"
3365050,Atelier Ryza 3: Alchemist of the End & the Secret Key DX,"Nov 12, 2025",$39.99,$29.99,"KOEI TECMO GAMES CO., LTD.","KOEI TECMO GAMES CO., LTD.",156,139,17,Very Positive,"['Action', 'Adventure', 'Casual', 'RPG']"
361280,Turmoil,"Jun 2, 2016",$12.99,No Discount,Gamious,Gamious,"16,094","14,959","1,135",Very Positive,"['Indie', 'Simulation', 'Strategy']"
3968160,Island Beekeeper,"Jul 28, 2026",$11.99,$8.99,Akuseru Studio,Akuseru Studio,144,104,40,Mixed,"['Adventure', 'Indie', 'Simulation']"
2340130,Ground Zero,"Apr 16, 2026",$19.99,$13.99,Malformation Games,Kwalee,685,616,69,Very Positive,"['Action', 'Indie']"
630940,theHunter: Call of the Wild™ - ATV SABER 4X4,"Jun 15, 2017",$3.99,$1.99,Expansive Worlds,Avalanche Studios,"1,717",886,831,Mixed,"['Adventure', 'Simulation', 'Sports']"
1889810,Bobo Bay,"Apr 29, 2026",$24.99,No Discount,NewFutureKids,NewFutureKids,842,809,33,Very Positive,"['Casual', 'Indie', 'Racing', 'Simulation']"
1368572,The Sims™ 4 Snowy Escape Expansion Pack,"Nov 13, 2020",$39.99,$19.99,Maxis,Electronic Arts,126,78,48,Mixed,"['Casual', 'Simulation']"
4312850,FISH,"Jun 22, 2026",$9.99,No Discount,dmcaguy,dmcaguy,477,446,31,Very Positive,"['Action', 'Indie', 'Early Access']"
990380,METAL EDEN,"Sep 2, 2025",No Price,No Discount,Reikon Games,Deep Silver,"2,174","1,843",331,Very Positive,"['Action', 'Adventure']"
2386720,STRAFTAT,"Oct 24, 2024",Free To Play,No Discount,Sirius Lemaitre,Lemaitre Bros,"22,609","21,746",863,Overwhelmingly Positive,['Action']
3431040,That's not my Neighbor,"Mar 11, 2025",$2.99,No Discount,Nachosama Games,Nachosama Games,"4,603","4,091",512,Very Positive,"['Adventure', 'Casual', 'Indie', 'Simulation']"
1235746,The Sims™ 4 Realm of Magic,"Sep 10, 2019",$19.99,$13.99,Maxis,Electronic Arts,171,117,54,Mixed,['Simulation']
3333670,Mr. President,"Jul 31, 2026",$24.99,$19.99,Exia Labs,Exia Labs,132,100,32,Mixed,"['RPG', 'Simulation', 'Strategy']"
1611910,"Warhammer 40,000: Chaos Gate - Daemonhunters","May 5, 2022",$44.99,No Discount,Complex Games,Frontier Foundry,"14,661","11,235","3,426",Mostly Positive,"['RPG', 'Strategy']"
1444480,Turing Complete,"Oct 2, 2021",$19.99,No Discount,LevelHead,LevelHead,"5,510","5,287",223,Very Positive,"['Simulation', 'Early Access']"
4760260,Warframe: Styanax Prime Access - Weapons Pack,"Jun 17, 2026",$49.99,No Discount,Digital Extremes,Digital Extremes,0,0,0,"['Action', 'RPG', 'Free To Play']",
2802740,Heave Ho 2,"Jul 16, 2026",$9.99,No Discount, Le Cartel Studio, Devolver Digital,96,89,7,Very Positive,"['Casual', 'Indie']"
3710980,"Warhammer 40,000: Darktide - Arbites Class Cosmetic Upgrade","Jun 23, 2025",$7.99,No Discount,Fatshark,Fatshark,156,67,89,Mixed,"['Action', 'Adventure', 'Indie']"
2375550,Like a Dragon Gaiden: The Man Who Erased His Name,"Nov 8, 2023",$49.99,No Discount,RGG Studio,SEGA,"12,498","11,908",590,Very Positive,"['Action', 'Adventure']"
3673150,Vegas Casino & Slots: Slottist,"Aug 5, 2025",Free To Play,No Discount,KamaGames Entertainment Group Limited,KamaGames Ltd.,504,353,151,Mostly Positive,"['Casual', 'Massively Multiplayer', 'Simulation', 'Sports']"
17470,Dead Space (2008),"Oct 20, 2008",No Price,No Discount,EA Redwood Shores,Electronic Arts,"29,057","26,702","2,355",Very Positive,"['Action', 'Adventure']"
4395500,Deep Rock Galactic: Survivor - Heavy Duty Expansion,"Apr 30, 2026",$9.99,No Discount,Funday Games,Ghost Ship Publishing,252,154,98,Very Positive,['Action']
2285970,Trailmakers: Airborne Expansion,"Apr 27, 2023",$14.99,$10.04,Flashbulb,Flashbulb,160,134,26,Very Positive,"['Action', 'Adventure', 'Indie', 'Racing']"
1580790,NINJA GAIDEN Σ2 [NINJA GAIDEN: Master Collection],"Jun 9, 2021",$39.99,$19.99,"KOEI TECMO GAMES CO., LTD.","KOEI TECMO GAMES CO., LTD.","1,959","1,554",405,Very Positive,"['Action', 'Adventure']"
1238820,Battlefield 3™,"Oct 28, 2011",No Price,No Discount,DICE,Electronic Arts,"19,065","13,729","5,336",Mostly Positive,['Action']
1481080,DRAMAtical Murder,"Apr 6, 2021",$19.99,$11.99,Nitro+CHiRAL,JAST,"4,867","4,703",164,Very Positive,['Adventure']
3024580,Dead by Daylight - Tomb Raider Chapter,"Jul 16, 2024",$4.99,No Discount,Behaviour Interactive Inc.,Behaviour Interactive Inc.,825,678,147,Very Positive,['Action']
4249130,Dino Crisis,"Feb 12, 2026",$9.99,No Discount,"CAPCOM Co., Ltd.","CAPCOM Co., Ltd.",994,801,193,Very Positive,"['Action', 'Adventure']"
4026970,Abiotic Factor - Temple of Stone,"Nov 3, 2025",$7.99,No Discount,Deep Field Games,Playstack,217,177,40,Very Positive,"['Action', 'Adventure', 'RPG', 'Simulation']"
1651560,Fabledom,"May 13, 2024",$20.99,No Discount,Grenaa Games,Dear Villagers,"7,725","6,577","1,148",Very Positive,"['Casual', 'Simulation', 'Strategy']"
234140,Mad Max,"Sep 1, 2015",$19.99,No Discount,Avalanche Studios,Warner Bros. Games,"90,043","83,154","6,889",Very Positive,"['Action', 'Adventure']"
768200,Smalland: Survive the Wilds,"Feb 15, 2024",$34.99,No Discount,Merge Games,Maximum Entertainment,"10,396","8,496","1,900",Mostly Positive,"['Action', 'Adventure', 'Indie', 'RPG']"
3966020,Soulmask: Shifting Sands,"Apr 9, 2026",$19.99,No Discount,CampFire Studio,Qooland Games,429,288,141,Mixed,"['Adventure', 'Indie', 'Massively Multiplayer', 'RPG']"
1959430,Age of Empires IV:  The Sultans Ascend,"Nov 14, 2023",$14.99,No Discount,World's Edge,Xbox Game Studios,"1,924","1,393",531,Mostly Negative,['Strategy']
3716600,Mage Arena,"Jul 24, 2025",$2.99,No Discount,jrsjams,jrsjams,"20,375","18,513","1,862",Mostly Positive,"['Action', 'Early Access']"
3338950,The Scouring,"Aug 12, 2025",No Price,No Discount,Orc Group,Orc Group,"1,285","1,130",155,Very Positive,"['Action', 'RPG', 'Strategy', 'Early Access']"
2922730,Dead by Daylight - Endless Hunt Pack,"May 14, 2024",$19.99,No Discount,Behaviour Interactive Inc.,Behaviour Interactive Inc.,38,25,13,Mixed,['Action']
1953230,Whisper Mountain Outbreak,"Aug 11, 2025",No Price,No Discount,Toge Productions,Toge Productions,"2,535","2,147",388,Very Positive,"['Action', 'Indie', 'Early Access']"
1735700,Back to the Dawn,"Jul 17, 2025",$23.99,$19.19,Metal Head Games,Spiral Up Games,"10,298","9,730",568,Very Positive,"['Adventure', 'Indie', 'RPG', 'Simulation']"
4090360,Forest Escape: Last Train,"Jul 10, 2026",$13.48,$9.88,"Frag Lab, LLC",Two Cakes Studio,444,362,82,Very Positive,"['Action', 'Adventure', 'Indie', 'Early Access']"
47410,Stronghold Kingdoms,"Feb 27, 2012",Free to Play,No Discount,Firefly Studios,Firefly Studios,"9,560","6,088","3,472",Mixed,"['Massively Multiplayer', 'Strategy', 'Free To Play']"
4502100,Space Engineers - Economy 2 Pack,"May 4, 2026",$4.99,No Discount,Keen Software House,Keen Software House,33,29,4,Positive,"['Action', 'Indie', 'Simulation', 'Strategy']"
698670,Scorn,"Oct 14, 2022",$39.99,No Discount,Ebb Software,Kepler Interactive,"19,487","14,937","4,550",Mostly Positive,"['Action', 'Adventure', 'Indie']"
493490,City Car Driving,"Nov 3, 2016",$24.99,No Discount,"Forward Development, Ltd.","Forward Global Group, Ltd.","35,863","29,637","6,226",Mostly Positive,"['Indie', 'Racing', 'Simulation']"
1101120,Gunsmith Simulator,"Oct 4, 2024",No Price,No Discount,GameHunters,PlayWay S.A.,"3,241","2,746",495,Mostly Positive,"['Action', 'Simulation']"
2597080,Realm of Ink,"May 26, 2026",$24.99,No Discount,Leap Studio,4Divinity,"5,581","5,064",517,Very Positive,"['Action', 'Adventure', 'Indie', 'RPG']"
710230,Urban Strife,"Jul 14, 2026",$34.99,No Discount,White Pond Games,MicroProse Software,630,451,179,Mixed,"['Indie', 'RPG', 'Strategy']"
2420660,Neva,"Oct 15, 2024",$19.99,No Discount,Nomada Studio,Devolver Digital,"10,426","9,753",673,Very Positive,"['Action', 'Adventure', 'Indie']"
3365040,Atelier Ryza 2: Lost Legends & the Secret Fairy DX,"Nov 12, 2025",$39.99,$27.99,"KOEI TECMO GAMES CO., LTD.","KOEI TECMO GAMES CO., LTD.",154,138,16,Very Positive,"['Action', 'Adventure', 'Casual', 'RPG']"
572890,Pikuniku,"Jan 24, 2019",$12.99,No Discount,Arnaud De Bock,Devolver Digital,"11,667","11,185",482,Overwhelmingly Positive,"['Action', 'Adventure', 'Casual', 'Indie']"
1745510,Lunacid,"Oct 30, 2023",$13.99,No Discount,KIRA LLC,KIRA LLC,"11,358","10,284","1,074",Very Positive,"['Indie', 'RPG']"
2287520,Five Nights at Freddy's: Help Wanted 2,"Dec 14, 2023",$39.99,No Discount,Steel Wool Studios,ScottGames,"5,339","5,071",268,Very Positive,"['Indie', 'Simulation']"
1996390,Escape from Ever After,"Jan 23, 2026",$24.99,No Discount,Sleepy Castle Studio,HypeTrain Digital,"1,792","1,737",55,Very Positive,"['Adventure', 'Indie', 'RPG']"
436780,Tavern Keeper 🍻,"Nov 3, 2025",$29.99,No Discount,Greenheart Games 💚,Greenheart Games 💚,"4,632","4,365",267,Very Positive,"['Indie', 'RPG', 'Simulation', 'Strategy']"
1173780,FINAL FANTASY II,"Jul 28, 2021",$11.99,No Discount,Square Enix,Square Enix,"3,462","2,846",616,Very Positive,['RPG']
1471410,SYNTHETIK 2,"Nov 11, 2021",$19.99,$14.99,Flow Fire Games,Flow Fire Games,"3,457","2,780",677,Very Positive,"['Action', 'Indie', 'Early Access']"
3979330,nophenia,"Jun 26, 2026",No Price,No Discount,lane,lane,"1,256","1,218",38,Overwhelmingly Positive,"['Adventure', 'Casual', 'Indie', 'Simulation']"
2869860,Monster Prom 4: Monster Con,"Apr 24, 2025",No Price,No Discount,Beautiful Glitch,Beautiful Glitch,"2,112","2,091",21,Very Positive,"['Casual', 'Indie', 'Simulation', 'Strategy']"
726840,City Game Studio: Your Game Dev Adventure Begins,"Aug 24, 2021",$19.99,No Discount,Binogure Studio 🐺,Binogure Studio 🐺,"1,876","1,720",156,Very Positive,"['Adventure', 'Casual', 'Indie', 'Simulation']"
2815070,RIDE 6,"Feb 12, 2026",$59.99,No Discount,Milestone S.r.l.,Milestone S.r.l.,688,487,201,Very Positive,"['Racing', 'Simulation', 'Sports']"
2375780,Beam Eye Tracker,"Aug 2, 2023",No Price,No Discount,Eyeware Tech SA,Eyeware Tech SA,981,866,115,Very Positive,"['Racing', 'Simulation', 'Utilities', 'Video Production']"
3855540,BLACK SOULS II,"Nov 28, 2025",$13.99,No Discount,"Eeny, meeny, miny, moe?",OTAKU Plan,"4,987","4,870",117,Overwhelmingly Positive,"['Adventure', 'Indie', 'RPG']"
2725260,ENDER MAGNOLIA: Bloom in the Mist,"Jan 22, 2025",$24.99,No Discount,Adglobe,Binary Haze Interactive,"18,488","17,631",857,Very Positive,"['Action', 'RPG']"
3731020,Five Hearts Under One Roof season2,"Nov 18, 2025",No Price,No Discount,Storytaco,Storytaco,"2,387","2,301",86,Very Positive,"['Adventure', 'RPG', 'Simulation', 'Free To Play']"
1722840,Everdell,"Jul 28, 2022",$19.99,$9.99,Dire Wolf,Dire Wolf,710,638,72,Very Positive,"['Casual', 'Indie', 'Strategy']"
411950,DCS: F/A-18C,"Jun 1, 2018",$79.99,No Discount,Eagle Dynamics SA,Eagle Dynamics SA,"1,074","1,001",73,Very Positive,['Simulation']
1817490,Poppy Playtime - Chapter 2,"May 5, 2022",$9.99,No Discount,Mob Entertainment,Mob Entertainment,"14,068","10,393","3,675",Very Positive,"['Action', 'Adventure', 'Indie']"
3199360,Skull Horde,"Apr 10, 2026",$16.18,$12.58,8BitSkull,8BitSkull,"1,060",867,193,Mostly Positive,"['Action', 'Adventure', 'Casual']"
2891700,Total War: WARHAMMER III - Tamurkhan – Thrones of Decay,"Apr 30, 2024",$8.99,No Discount,CREATIVE ASSEMBLY,SEGA,963,859,104,Very Positive,"['Action', 'Strategy']"
931060,Tormentum II,"Jul 23, 2026",$19.99,$16.99,OhNoo Studio,OhNoo Studio,160,152,8,Very Positive,"['Adventure', 'Casual', 'Indie']"
3419300,X4: Hyperion Pack,"Feb 20, 2025",$6.99,No Discount,Egosoft,Egosoft,497,437,60,Very Positive,"['Action', 'Simulation']"
1902960,Lost Records: Bloom & Rage,"Feb 18, 2025",No Price,No Discount,DON'T NOD,DON'T NOD,"6,285","5,428",857,Very Positive,"['Adventure', 'Indie']"
1702390,Voor De Kroon,"Dec 9, 2022",$29.99,$22.49,Future Minimalism,Future Minimalism,668,584,84,Very Positive,"['Action', 'Indie', 'RPG', 'Simulation']"
2489330,Whiskerwood,"Nov 6, 2025",$29.99,No Discount,Minakata Dynamics,Hooded Horse,"3,238","2,998",240,Very Positive,"['Simulation', 'Strategy', 'Early Access']"
3278290,Feed The Pit,"Jun 30, 2026",$9.99,No Discount,Curious Fox Sox,Curious Fox Sox,378,367,11,Overwhelmingly Positive,"['Action', 'Indie']"
4380410,Trailmakers - Mech Amok,"Mar 12, 2026",$9.99,$6.69,Flashbulb,Flashbulb,35,26,9,Mostly Positive,"['Action', 'Adventure', 'Indie', 'Racing']"
1268750,Starship Troopers: Extermination,"Oct 10, 2024",$29.99,No Discount,Offworld,Offworld,"33,256","26,446","6,810",Mixed,"['Action', 'Indie']"
2179800,MechWarrior 5: Mercenaries - Rise of Rasalhague,"Jan 25, 2023",$14.99,$5.99,Piranha Games Inc.,Piranha Games Inc.,232,138,94,Mixed,"['Action', 'Simulation']"
3757310,Focus Pack - Hearts of Iron IV: Peace For Our Time,"Apr 22, 2026",$5.99,No Discount,Paradox Development Studio,Paradox Interactive,826,377,449,Mixed,"['Simulation', 'Strategy']"
1307550,Craftopia,"Sep 4, 2020",$24.99,No Discount,Pocketpair,Pocketpair,"20,974","15,635","5,339",Mostly Negative,"['Action', 'Adventure', 'Indie', 'RPG']"
1466640,Road 96 🛣️,"Aug 16, 2021",$19.96,No Discount,Digixart,THQ Nordic,"25,771","23,615","2,156",Very Positive,"['Action', 'Adventure', 'Indie']"
607080,Psychonauts 2,"Aug 24, 2021",$59.99,No Discount,Double Fine Productions,Xbox Game Studios,"14,329","13,712",617,Very Positive,"['Action', 'Adventure']"
115320,Prototype 2,"Jul 24, 2012",$39.99,No Discount,Radical Entertainment,Activision,"15,820","12,139","3,681",Very Positive,"['Action', 'Adventure']"
2672470,UnLoop,"Nov 13, 2025",No Price,No Discount,Superposition NULL,CM Games,161,161,0,Very Positive,"['Action', 'Adventure', 'Early Access']"
2880730,AI2U: With You 'Til The End,"Jan 23, 2025",$14.99,No Discount,AlterStaff Inc.,AlterStaff Inc.,"1,859","1,663",196,Very Positive,"['Adventure', 'Casual', 'Indie', 'RPG']"
1730700,We Love Katamari REROLL+ Royal Reverie,"Jun 1, 2023",$39.99,$9.99,MONKEYCRAFT Co. Ltd.,Bandai Namco Entertainment,"2,639","2,525",114,Very Positive,['Action']
1194630,The Dark Pictures Anthology: Little Hope,"Oct 29, 2020",No Price,No Discount,Supermassive Games,BANDAI NAMCO Entertainment Europe,"10,681","7,923","2,758",Mostly Positive,['Adventure']
1876590,I Am Your Beast,"Sep 10, 2024",$19.99,No Discount,Strange Scaffold,Strange Scaffold,"5,524","5,406",118,Very Positive,['Action']
2223840,The Casting of Frank Stone™,"Sep 3, 2024",No Price,No Discount,Supermassive Games,Behaviour Interactive Inc.,"5,929","3,680","2,249",Mixed,['Adventure']
3717340,Yakuza Kiwami 2,"Dec 11, 2025",$19.99,No Discount,RGG Studio,SEGA,"1,262","1,016",246,Very Positive,"['Action', 'Adventure', 'RPG']"
2356560,Monster Hunter Stories,"Jun 13, 2024",$29.99,No Discount,"CAPCOM Co., Ltd.","CAPCOM Co., Ltd.","2,065","1,878",187,Very Positive,['RPG']
2806640,The Talos Principle: Reawakened,"Apr 10, 2025",$39.99,No Discount,Croteam,Devolver Digital,"1,146","1,040",106,Very Positive,['Adventure']
3549020,Caribbean Legend: Age of Pirates,"Mar 13, 2026",$19.99,$13.39,ReCon Team,BlackMark Studio,635,464,171,Mostly Positive,"['Action', 'RPG']"
363890,RPG Maker MV,"Oct 23, 2015",No Price,No Discount,Gotcha Gotcha Games,Gotcha Gotcha Games,"8,916","8,084",832,Very Positive,"['RPG', 'Design & Illustration', 'Education', 'Web Publishing']"
2407830,Trash Goblin,"May 28, 2025",No Price,No Discount,Spilt Milk Studios Ltd,Spilt Milk Studios Ltd,"1,772","1,569",203,Mostly Positive,"['Casual', 'Simulation']"
1874000,Life is Strange: Double Exposure,"Oct 29, 2024",$49.99,No Discount,Deck Nine Games,Square Enix,"10,432","7,153","3,279",Mixed,"['Action', 'Adventure']"
3454650,BitCraft Online,"Jun 21, 2025",$15.99,No Discount,"Clockwork Laboratories, Inc.","Clockwork Laboratories, Inc.","3,681","2,707",974,Mixed,"['Indie', 'Massively Multiplayer', 'RPG', 'Early Access']"
983870,FOUNDRY,"May 2, 2024",$29.99,No Discount,Channel 3 Entertainment,Paradox Interactive,"3,914","3,168",746,Mostly Positive,"['Indie', 'Simulation', 'Strategy', 'Early Access']"
4402250,Disgaea Mayhem,"Jul 23, 2026",No Price,No Discount,"Nippon Ichi Software, Inc.","NIS America, Inc.",35,20,15,Mixed,"['Action', 'RPG']"
1281220,Task Force Admiral - Vol.1: American Carrier Battles,"Jan 27, 2026",No Price,No Discount,Drydock Dreams Games,MicroProse Software,729,652,77,Very Positive,"['Action', 'Simulation', 'Strategy', 'Early Access']"
978300,Saints Row®: The Third™ Remastered,"May 21, 2021",$29.99,No Discount,Deep Silver Volition,Deep Silver,"4,626","3,358","1,268",Very Positive,"['Action', 'Adventure']"
2021960,Cozy Grove: Camp Spirit,"Jul 15, 2026",No Price,No Discount,Spry Fox,Spry Fox,91,79,12,Very Positive,"['Casual', 'Indie', 'Simulation']"
2230110,Fae Farm,"Sep 8, 2023",No Price,No Discount,Phoenix Labs,Gambit Digital,"3,558","2,840",718,Mostly Positive,"['Action', 'RPG', 'Simulation']"
3840230,Adorable Adventures,"Apr 30, 2026",$19.99,$13.99,Wild Sheep Studio,PQube,798,745,53,Very Positive,"['Adventure', 'Casual', 'Indie']"
3793540,Age of Empires II: DE - Chronicles: Alexander the Great,"Oct 14, 2025",$14.99,No Discount,CaptureAge,Xbox Game Studios,700,528,172,Mixed,['Strategy']
310950,Street Fighter V,"Feb 15, 2016",$19.99,No Discount,"CAPCOM Co., Ltd.","CAPCOM Co., Ltd.","44,178","30,058","14,120",Very Positive,['Action']
654890,Grand Tactician: The Civil War (1861-1865),"Sep 24, 2021",$44.99,No Discount,Grand Engineer Corps,Grand Engineer Corps,"2,382","1,790",592,Very Positive,['Strategy']
620620,Pirate101,"May 31, 2023",Free To Play,No Discount,KingsIsle Entertainment,KingsIsle Entertainment,449,366,83,Very Positive,"['Adventure', 'Casual', 'Massively Multiplayer', 'RPG']"
4078430,STAR WARS: Galactic Racer™,"Oct 6, 2026",$59.99,No Discount,Fuse Games,Secret Mode,0,0,0,"['Action', 'Adventure', 'Racing', 'Sports']",
1361280,Battle Brothers - Blazing Deserts,"Aug 13, 2020",$14.99,No Discount,Overhype Studios,Hooded Horse,321,274,47,Very Positive,"['Indie', 'RPG', 'Strategy']"
1471590,Planet Zoo: Aquatic Pack,"Dec 8, 2020",$9.99,No Discount,Frontier Developments,Frontier Developments,368,310,58,Very Positive,"['Simulation', 'Strategy']"
1919470,Atari 50: The Anniversary Celebration,"Nov 11, 2022",$39.99,No Discount,Digital Eclipse,Atari,576,533,43,Very Positive,"['Action', 'Adventure', 'Casual']"
2123890,Call to Arms - Gates of Hell: Scorched Earth,"Nov 18, 2022",$14.99,No Discount,Barbedwire Studios,Digitalmindsoft,488,361,127,Mostly Positive,"['Action', 'Simulation', 'Strategy']"
1290760,Gecko Gods,"Apr 16, 2026",No Price,No Discount,Inresin,Super Rare Originals,693,666,27,Very Positive,"['Action', 'Adventure', 'Indie']"
2897700,Arizona Sunshine® VR Remake,"Oct 17, 2024",$19.99,$9.99,Vertigo Games,Vertigo Games,"1,324","1,175",149,Mostly Positive,"['Action', 'Adventure']"
2201940,Ship Graveyard Simulator 2,"Aug 16, 2023",$24.99,No Discount,Games Incubator,Games Incubator,"4,076","3,136",940,Mostly Positive,"['Action', 'Adventure', 'Casual', 'Indie']"
2958440,Dead by Daylight - Dungeons & Dragons,"Jun 3, 2024",$7.99,No Discount,Behaviour Interactive Inc.,Behaviour Interactive Inc.,825,577,248,Mixed,['Action']
4770140,"7,200 Premier Pack - Rainbow Six Siege","Jun 23, 2026",$99.99,No Discount,Ubisoft Montreal,Ubisoft,8,6,2,8 user reviews,['Action']
3127280,Marvel Contest of Champions,"Jun 18, 2025",Free To Play,No Discount,"Kabam Games, Inc.","Kabam Games, Inc.","1,594","1,124",470,Mostly Positive,"['Action', 'RPG', 'Free To Play']"
4269090,Predecessor: Heroes Unlimited,"Jan 21, 2026",$29.99,No Discount,Omeda Studios,Omeda Studios,15,15,0,Positive,"['Action', 'Strategy', 'Free To Play']"
1009850,OVR Advanced Settings,"Sep 11, 2016",$7.99,No Discount,OVRAS Team,OVRAS Team,"5,176","4,774",402,Very Positive,['Utilities']
1586800,Lil Gator Game,"Dec 14, 2022",$19.99,$9.99,MegaWobble,Playtonic Friends,"6,067","5,978",89,Very Positive,"['Action', 'Adventure', 'Casual', 'Indie']"
285190,"Warhammer 40,000: Dawn of War III","Apr 27, 2017",$39.99,$7.99,Relic Entertainment,Relic Entertainment,"23,782","11,520","12,262",Mixed,"['Action', 'Simulation', 'Strategy']"
4042800,Poker Fate - Anime Girls Texas Hold'em,"Jan 3, 2026",Free To Play,No Discount,©7 Points Digital Tech Limited,©7 Points Digital Tech Limited,522,271,251,Mixed,"['Casual', 'Strategy', 'Free To Play']"
360430,Mafia III: Definitive Edition,"May 19, 2020","Note: Your saved progress will transfer to the full game, if purchased.",No Discount,Hangar 13,2K,"63,681","36,552","27,129",Mixed,"['Action', 'Adventure']"
397460,The Jackbox Party Pack 2,"Oct 13, 2015",$24.99,No Discount,"Jackbox Games, Inc.","Jackbox Games, Inc.","2,177","2,072",105,Overwhelmingly Positive,"['Casual', 'Indie', 'Strategy']"
1790930,Crisol: Theater of Idols,"Feb 10, 2026",$17.99,No Discount,Vermila Studios,Blumhouse Games,"4,133","3,562",571,Very Positive,"['Action', 'Adventure']"
35140,Batman: Arkham Asylum Game of the Year Edition,"Mar 26, 2010",$19.99,No Discount,Rocksteady Studios,WB Games,"86,518","83,363","3,155",Overwhelmingly Positive,"['Action', 'Adventure']"
1889490,Stellaris: Overlord,"May 12, 2022",$19.99,No Discount,Paradox Development Studio,Paradox Interactive,"1,540",759,781,Mixed,"['Simulation', 'Strategy']"
1202200,Paleo Pines,"Sep 26, 2023",No Price,No Discount,Italic Pig,Maximum Entertainment,"2,655","2,192",463,Very Positive,"['Adventure', 'Casual', 'Indie', 'RPG']"
4019590,Dead by Daylight - Sinister Grace,"Sep 23, 2025",$7.99,No Discount,Behaviour Interactive Inc.,Behaviour Interactive Inc.,552,264,288,Mixed,['Action']
3021100,Five Hearts Under One Roof,"Oct 2, 2024",No Price,No Discount,Storytaco,Storytaco,"6,734","6,160",574,Very Positive,"['Adventure', 'RPG', 'Simulation']"
362680,Fran Bow,"Aug 27, 2015",$14.99,No Discount,Killmonday Games AB,Killmonday Games AB,"22,789","22,198",591,Overwhelmingly Positive,"['Adventure', 'Indie']"
1288320,Way of the Hunter,"Aug 16, 2022",$29.99,No Discount,Nine Rocks Games,THQ Nordic,"11,129","8,935","2,194",Very Positive,"['Adventure', 'Simulation', 'Sports']"
2608270,Intravenous 2,"Aug 15, 2024",$19.99,No Discount,Explosive Squat Games,HypeTrain Digital,"4,678","4,437",241,Very Positive,"['Action', 'Adventure', 'Strategy']"
1158100,Expansion - Hearts of Iron IV: La Résistance,"Feb 25, 2020",$19.99,No Discount,Paradox Development Studio,Paradox Interactive,"2,847","1,176","1,671",Mixed,"['Simulation', 'Strategy']"
2281730,Combat Master: Season 5,"Apr 21, 2023",Free To Play,No Discount,Alfa Bravo Inc,Alfa Bravo Inc,"54,661","48,086","6,575",Very Positive,"['Action', 'Free To Play']"
1712350,Riven,"Jun 25, 2024",$36.88,$33.64,"Cyan Worlds, Inc.","Cyan Worlds, Inc.","2,849","2,633",216,Very Positive,"['Adventure', 'Casual', 'Indie']"
3367430,Battleship Command,"Jun 2, 2026",$24.99,No Discount,Bracer,MicroProse Software,268,251,17,Very Positive,"['Action', 'Simulation', 'Strategy', 'Early Access']"
3574360,Battlefield™ 6 - Phantom Upgrade,"Oct 10, 2025",$30.00,No Discount,Battlefield Studios,Electronic Arts,461,218,243,Mixed,['Action']
3300800,HER TREES : PUZZLE DREAM,"Feb 10, 2026",No Price,No Discount,Stone,Stone,"1,841","1,799",42,Overwhelmingly Positive,"['Adventure', 'Indie']"
3312130,Factory Town 2: Paradise,"Jul 14, 2026",No Price,No Discount,Erik Asmussen,Erik Asmussen,120,109,11,Very Positive,"['Indie', 'Simulation', 'Strategy', 'Early Access']"
919640,Steel Division 2,"Jun 20, 2019",$39.99,No Discount,Eugen Systems,Eugen Systems,"9,561","7,600","1,961",Very Positive,"['Action', 'Indie', 'Simulation', 'Strategy']"
223470,POSTAL 2,"Apr 14, 2003",$9.99,No Discount,Running With Scissors,Running With Scissors,"136,540","132,388","4,152",Overwhelmingly Positive,"['Action', 'Adventure', 'Indie']"
4086760,Arcane Merchant,"Jun 1, 2026",$14.99,$11.99,Findie Studios,Findie Studios,274,233,41,Very Positive,"['Casual', 'Indie', 'Simulation']"
257350,Baldur's Gate II: Enhanced Edition,"Nov 15, 2013",$19.99,No Discount,Beamdog,Beamdog,"10,853","10,018",835,Very Positive,"['Adventure', 'RPG']"
2349820,Hero's Land,"May 17, 2023",Free To Play,No Discount,钢之直男工作室,Orienjoy,"45,609","24,875","20,734",Mostly Negative,"['Action', 'Adventure', 'Massively Multiplayer', 'RPG']"
751780,Forager,"Apr 18, 2019",$19.99,No Discount,HopFrog,Balor Games,"43,913","39,311","4,602",Very Positive,"['Action', 'Adventure', 'Indie', 'Simulation']"
32430,STAR WARS™ - The Force Unleashed™ Ultimate Sith Edition,"Nov 3, 2009",$19.99,No Discount,LucasArts,LucasArts,"12,203","9,273","2,930",Very Positive,['Action']
55230,Saints Row: The Third,"Nov 14, 2011",$9.99,No Discount,Volition,Deep Silver,"69,628","66,580","3,048",Very Positive,['Action']
4760270,Warframe: Styanax Prime Access - Accessories Pack,"Jun 17, 2026",$49.99,No Discount,Digital Extremes,Digital Extremes,6,3,3,6 user reviews,"['Action', 'RPG']"
3592600,Two Point Museum: Fantasy Finds,"Jul 17, 2025",$7.99,No Discount,Two Point Studios,SEGA,212,182,30,Very Positive,"['Casual', 'Indie', 'Simulation', 'Strategy']"
453090,Parkitect,"Nov 29, 2018",$29.99,No Discount,Texel Raptor,Texel Raptor,"8,117","7,645",472,Very Positive,"['Casual', 'Indie', 'Simulation', 'Strategy']"
2230650,TEVI,"Nov 29, 2023",No Price,No Discount,CreSpirit,CreSpirit,"4,012","3,576",436,Very Positive,"['Action', 'Adventure', 'Casual', 'Indie']"
212680,FTL: Faster Than Light,"Sep 14, 2012",$9.99,No Discount,Subset Games,Subset Games,"78,468","74,628","3,840",Very Positive,"['Indie', 'Simulation', 'Strategy']"
2146170,Baten Kaitos I & II HD Remaster,"Jun 17, 2024",$49.99,$14.99,"logicalbeat Co., Ltd.",Bandai Namco Entertainment,299,228,71,Mostly Positive,['RPG']
3146530,Supermarket Together - The Cool Pack,"Aug 15, 2024",$4.99,No Discount,DeadDevsTellNoLies,DeadDevsTellNoLies,686,561,125,Very Positive,"['Casual', 'Indie', 'Simulation', 'Free To Play']"
1827180,Toram Online,"Dec 19, 2021",Free To Play,No Discount,"Asobimo, Inc.","Asobimo, Inc.","6,070","4,692","1,378",Mostly Positive,"['Massively Multiplayer', 'RPG', 'Free To Play']"
2709570,Supermarket Together,"Aug 9, 2024",Free,No Discount,DeadDevsTellNoLies,DeadDevsTellNoLies,"96,702","91,274","5,428",Very Positive,"['Casual', 'Indie', 'Simulation', 'Free To Play']"
2455640,Romancing SaGa 2: Revenge of the Seven,"Oct 24, 2024",No Price,No Discount,Square Enix,Square Enix,"4,708","4,394",314,Very Positive,['RPG']
3281130,World of Outlaws: Dirt Racing 24 Gold Edition,"Feb 5, 2025",$39.99,No Discount,Monster Games,iRacing.com Motorsport Simulations,243,219,24,Very Positive,"['Racing', 'Simulation', 'Sports']"
285330,RollerCoaster Tycoon® 2: Triple Thrill Pack,"Oct 15, 2002",$9.99,No Discount,Chris Sawyer Productions,Atari,"5,832","5,228",604,Very Positive,"['Simulation', 'Strategy']"
1034860,GRANDIA HD Remaster,"Oct 15, 2019",$19.99,$9.99,"GAME ARTS Co., Ltd","GungHo Online Entertainment America, Inc.","1,768","1,584",184,Mostly Positive,"['Adventure', 'RPG']"
2224460,Street Fighter™ 6 - Year 1 Character Pass,"Jun 1, 2023",$29.99,No Discount,"CAPCOM Co., Ltd.","CAPCOM Co., Ltd.",270,115,155,Mixed,"['Action', 'Adventure']"
2401410,Cabernet,"Feb 20, 2025",No Price,No Discount,Party for Introverts,Akupara Games,"2,270","2,154",116,Very Positive,"['Adventure', 'Indie', 'RPG', 'Simulation']"
1538550,LEGO® Voyagers,"Sep 15, 2025",No Price,No Discount,Light Brick Studio,Annapurna Interactive,"3,073","2,715",358,Very Positive,"['Adventure', 'Casual']"
2111550,Schrodinger's Cat Burglar,"May 21, 2026",No Price,No Discount,Abandoned Sheep,Abandoned Sheep,628,615,13,Very Positive,"['Adventure', 'Indie']"
1585180,Drova - Forsaken Kin,"Oct 15, 2024",No Price,No Discount,Just2D,Deck13,"9,654","9,052",602,Very Positive,"['Action', 'Adventure', 'Indie', 'RPG']"
3589510,Returns Outlet Simulator,"Aug 15, 2025",$9.99,No Discount,Twisted Twice Games,Twisted Twice Games,886,850,36,Very Positive,"['Casual', 'Simulation', 'Early Access']"
594330,Visage,"Oct 29, 2020",$34.99,No Discount,SadSquare Studio,SadSquare Studio,"10,873","9,132","1,741",Mostly Positive,"['Action', 'Adventure', 'Indie', 'Simulation']"
3046600,Onimusha 2: Samurai's Destiny,"May 22, 2025",No Price,No Discount,"CAPCOM Co., Ltd.","CAPCOM Co., Ltd.",836,717,119,Very Positive,['Action']
1967430,Ghost Trick: Phantom Detective,"Jun 29, 2023",No Price,No Discount,"CAPCOM Co., Ltd.","CAPCOM Co., Ltd.","8,456","8,245",211,Very Positive,"['Action', 'Adventure']"
3013550,Yu-Gi-Oh! EARLY DAYS COLLECTION,"Feb 27, 2025",$49.99,No Discount,Digital Eclipse,KONAMI,506,385,121,Mostly Positive,"['RPG', 'Simulation', 'Strategy']"
1335790,Operation: Tango,"Jun 1, 2021",$19.99,$4.99,Clever Plays,Team17,"8,808","7,615","1,193",Mostly Positive,"['Adventure', 'Casual']"
2498570,Canvas of Kings,"Aug 3, 2023",No Price,No Discount,Hannes Breuer,Hannes Breuer,843,785,58,Very Positive,"['Casual', 'Indie', 'RPG', 'Early Access']"
1969810,Enter the Chronosphere,"May 25, 2026",$14.99,$11.99,Effort Star,Joystick Ventures,417,394,23,Very Positive,"['Action', 'Indie', 'Strategy', 'Early Access']"
2792170,"Warhammer 40,000: Space Marine 2 - Dark Angels Chapter Pack","Dec 10, 2024",$9.99,No Discount,Saber Interactive,Focus Entertainment,508,324,184,Mixed,"['Action', 'Adventure', 'RPG']"
3833760,You Know The Drill,"Jun 4, 2026",$4.99,$3.99,ludokai,Catoptric Games,887,830,57,Very Positive,"['Casual', 'Indie', 'Simulation', 'Strategy']"
211820,Starbound,"Jul 22, 2016",$14.99,No Discount,Chucklefish,Chucklefish,"165,595","152,342","13,253",Mixed,"['Action', 'Adventure', 'Casual', 'Indie']"
2904660,Call to Arms - Gates of Hell: Airborne,"Oct 17, 2024",$12.99,No Discount,Barbedwire Studios,Digitalmindsoft,750,505,245,Mixed,"['Action', 'Simulation', 'Strategy']"
3496000,"Ship, Inc.","Jun 23, 2025",$9.99,$4.99,Rogue Duck Interactive,Rogue Duck Interactive,"2,359","1,985",374,Very Positive,"['Casual', 'Indie', 'Simulation', 'Strategy']"
4924490,The Big Beak Armor Set ,"Jul 29, 2026",$11.99,No Discount,The Fun Pimps,The Fun Pimps,22,18,4,Positive,"['Action', 'Adventure', 'Indie', 'RPG']"
1424330,Wobbledogs,"Mar 15, 2022",$19.99,No Discount,Animal Uprising,Secret Mode,"15,124","14,863",261,Overwhelmingly Positive,"['Casual', 'Indie', 'Simulation']"
2779120,Modulus: Factory Automation,"Apr 2, 2026",No Price,No Discount,Happy Volcano,Kwalee,833,761,72,Very Positive,['Simulation']
3818010,BEYBLADE X EVOBATTLE,"Nov 12, 2025",$49.99,$24.99,株式会社グルーブボックスジャパン,FURYU CORPORATION,111,91,20,Very Positive,"['Action', 'Adventure', 'Sports']"
2479650,SpongeBob SquarePants: Titans of the Tide,"Nov 18, 2025",No Price,No Discount,Purple Lamp,THQ Nordic,"1,487","1,392",95,Very Positive,"['Action', 'Adventure']"
1207650,Suzerain,"Dec 4, 2020",$19.99,No Discount,Torpor Games,Torpor Games,"11,707","10,825",882,Very Positive,"['Adventure', 'Indie', 'RPG']"
2343790,A Little to the Left: Cupboards & Drawers,"Jun 27, 2023",$5.99,$4.49,Max Inferno,Secret Mode,315,263,52,Very Positive,"['Casual', 'Indie']"
1353300,Idle Slayer,"Dec 21, 2020",Free To Play,No Discount,Pablo Leban,Pablo Leban,"10,725","9,074","1,651",Mostly Positive,"['Casual', 'Indie', 'Strategy', 'Free To Play']"
2015270,Rotwood,"Mar 3, 2026",$29.99,No Discount,Klei Entertainment,Klei Entertainment,"8,138","6,098","2,040",Very Positive,"['Action', 'Adventure', 'RPG']"
939850,The Dark Pictures Anthology: Man of Medan,"Aug 29, 2019",No Price,No Discount,Supermassive Games,BANDAI NAMCO Entertainment Europe,"13,839","10,645","3,194",Mostly Positive,['Adventure']
3341000,Thick As Thieves,"May 20, 2026",$4.99,$3.99,OtherSide Entertainment,Megabit Publishing,"1,210",833,377,Mixed,"['Action', 'Indie', 'Simulation']"
1097430,Book of Yog Idle RPG,"Jul 29, 2022",No Price,No Discount,元气工作室,元气工作室,"8,778","5,719","3,059",Mostly Positive,"['Action', 'Adventure', 'Casual', 'Indie']"
464060,RUINER,"Sep 26, 2017",$19.99,$1.99,Reikon Games,Devolver Digital,"12,405","11,054","1,351",Very Positive,"['Action', 'Indie']"
2090390,Schrödinger's Call,"May 27, 2026",No Price,No Discount,Acrobatic Chirimenjako,SHUEISHA GAMES,"1,156","1,092",64,Overwhelmingly Positive,"['Adventure', 'Indie']"
4301100,EmoteLab,"Feb 1, 2026",$8.99,No Discount,0x4682B4,GlycoProduction,"1,051","1,015",36,Very Positive,"['Animation & Modeling', 'Video Production', 'Early Access']"
354140,Five Nights at Freddy's 3,"Mar 2, 2015",$7.99,No Discount,Scott Cawthon,Scott Cawthon,"11,278","10,176","1,102",Very Positive,"['Action', 'Indie', 'Simulation']"
1205520,Pentiment,"Nov 14, 2022",$19.99,No Discount,Obsidian Entertainment,Xbox Game Studios,"9,640","9,173",467,Overwhelmingly Positive,"['Adventure', 'Casual']"
4786220,DragonSword : Awakening - Costume : Ophelia's Oath,"Jul 22, 2026",$3.99,No Discount,Hound13 Inc.,Hound13 Inc.,24,24,0,Positive,"['Action', 'Adventure', 'RPG']"
42716,Call of Duty®: Black Ops First Strike Content Pack,"Mar 25, 2011",$9.99,No Discount,Treyarch,Activision,139,108,31,Mostly Positive,['Action']
3168600,Among Us 3D,"May 6, 2025",$9.99,No Discount,Schell Games,Innersloth,"3,149","2,274",875,Mostly Positive,['Casual']
3609750,Organized Inside,"Nov 20, 2025",No Price,No Discount,Meox Studio,Meox Studio,"2,041","1,948",93,Overwhelmingly Positive,"['Casual', 'Indie', 'Simulation']"
2176130,Tower! Simulator 3,"Dec 13, 2022",$59.99,No Discount,FeelThere,FeelThere,"1,098",749,349,Mixed,"['Casual', 'Indie', 'Simulation', 'Strategy']"
1542360,Stormworks: Search and Destroy,"Oct 5, 2021",$9.99,No Discount,Geometa,Geometa,"1,380","1,136",244,Very Positive,"['Simulation', 'Strategy']"
2604420,Euro Truck Simulator 2 - Greece,"Dec 4, 2024",$11.99,No Discount,SCS Software,SCS Software,"1,344","1,202",142,Very Positive,"['Indie', 'Simulation']"
4804480,Age of Clicks,"Jul 21, 2026",$12.99,$9.74, David Ius, Red Border Studio,377,224,153,Mixed,"['Indie', 'Simulation', 'Strategy', 'Early Access']"
2522910,Quasimorph - Supporter Pack,"Oct 2, 2023",$9.99,$6.99,Magnum Scriptum,HypeTrain Digital,51,48,3,Very Positive,"['Indie', 'RPG', 'Simulation', 'Strategy']"
1677740,Stumble Guys,"Oct 7, 2021",No Price,No Discount,Scopely,Scopely,"137,532","116,945","20,587",Very Positive,"['Action', 'Casual', 'Indie', 'Massively Multiplayer']"
4206270,Wireworks,"Mar 9, 2026",$6.99,$4.89,JJJ,JJJ,536,485,51,Very Positive,"['Indie', 'Simulation', 'Strategy']"
2140440,Chivalry 2 - King's Edition Content,"Oct 4, 2022",$9.99,$1.99,Torn Banner Studios,Tripwire Presents,136,111,25,Very Positive,['Action']
2521380,Legacy of Kain™ Soul Reaver 1&2 Remastered,"Dec 10, 2024",$29.99,No Discount,Aspyr,Aspyr,"3,760","3,345",415,Very Positive,"['Action', 'Adventure']"
814000,ONE PIECE ODYSSEY,"Jan 12, 2023",$39.99,No Discount,"ILCA, Inc.",Bandai Namco Entertainment Inc.,"3,478","2,730",748,Mostly Positive,"['Action', 'Adventure', 'Casual', 'RPG']"
4623170,Marathon Seasonal LUX Fun//Police Bundle,"Jun 2, 2026",$9.99,No Discount,Bungie,Bungie,82,80,2,Very Positive,['Action']
2302660,Homicipher,"Nov 1, 2024",$13.99,$12.59,八名木Games,Gamirror Games,"8,238","7,961",277,Very Positive,"['Adventure', 'Indie']"
289130,ENDLESS Legend™,"Sep 18, 2014",$29.99,$2.99,AMPLITUDE Studios,AMPLITUDE Studios,"19,050","15,901","3,149",Mostly Positive,"['RPG', 'Strategy']"
2790990,Icarus: Creature Comforts Pack,"Apr 25, 2024",$13.99,No Discount,RocketWerkz,RocketWerkz,39,31,8,Mostly Positive,"['Action', 'Adventure', 'Simulation']"
2001070,Heart of the Machine,"Mar 6, 2026",$29.99,No Discount,Arcen Games,Hooded Horse,"2,093","1,915",178,Mostly Positive,"['RPG', 'Simulation', 'Strategy']"
2582140,Seafarer: The Ship Sim,"Oct 7, 2025",$34.99,$17.49,astragon Development,astragon Entertainment,"2,040","1,348",692,Mixed,"['Casual', 'Simulation', 'Early Access']"
2310,Quake,"Jun 22, 1996",$9.99,$3.99,id Software,Bethesda Softworks,"15,668","15,126",542,Overwhelmingly Positive,['Action']
389430,Knight Online,"Jan 25, 2016",Free To Play,No Discount,Noah System,NTTGame,"11,240","5,687","5,553",Mixed,"['Action', 'Adventure', 'Free To Play', 'Massively Multiplayer']"
42718,Call of Duty®: Black Ops Escalation Content Pack,"Jun 2, 2011",$9.99,No Discount,Treyarch,Activision,195,131,64,Mixed,['Action']
2726490,Hamster Hunter,"Dec 31, 2023",$4.99,No Discount,Hamuno,Hamuno,"3,474","3,300",174,Overwhelmingly Positive,"['Action', 'Adventure', 'Casual', 'Indie']"
1280930,Astral Ascent,"Nov 14, 2023",$24.99,No Discount,Hibernian Workshop,Hibernian Workshop,"8,490","8,032",458,Very Positive,"['Action', 'Adventure', 'Indie']"
4427390,TBH : Task Bar Hero - Supporter Pack,"May 27, 2026",$3.99,$2.99,Nugem Studio,nugem studio,403,169,234,Mixed,"['Casual', 'Indie', 'RPG', 'Free To Play']"
965220,Total War: WARHAMMER II - The Prophet & The Warlock,"Apr 17, 2019",$9.99,No Discount,CREATIVE ASSEMBLY,SEGA,"1,322","1,092",230,Very Positive,"['Action', 'Strategy']"
330020,Children of Morta,"Sep 3, 2019",$21.99,No Discount,Dead Mage,11 bit studios,"23,037","20,370","2,667",Very Positive,"['Action', 'Adventure', 'Indie', 'RPG']"
3242750,Level Devil,"Mar 25, 2025",$6.99,No Discount,Unept,Unept,"1,313","1,205",108,Very Positive,"['Action', 'Adventure']"
3586990,Planet Zoo: Asia Animal Pack,"Jun 25, 2025",$9.99,No Discount,Frontier Developments,Frontier Developments,34,32,2,Positive,"['Casual', 'Simulation', 'Strategy']"
48700,Mount & Blade: Warband,"Mar 31, 2010",$19.99,No Discount,TaleWorlds Entertainment,TaleWorlds Entertainment,"171,825","167,900","3,925",Overwhelmingly Positive,"['Action', 'RPG']"
1931910,theHunter: Call of the Wild™ - Revontuli Coast,"Jun 28, 2022",$7.99,$3.99,Expansive Worlds,Avalanche Studios,519,402,117,Mostly Positive,"['Adventure', 'Simulation', 'Sports']"
683900,RollerCoaster Tycoon® Classic,"Sep 28, 2017",$19.99,No Discount,Origin8 Technologies Ltd.,Atari,"3,091","2,814",277,Very Positive,"['Simulation', 'Strategy']"
2863080,Stellaris: Grand Archive Story Pack,"Oct 29, 2024",$14.99,No Discount,Paradox Development Studio,Paradox Interactive,317,206,111,Mixed,"['Simulation', 'Strategy']"
250260,Jazzpunk: Director's Cut,"Feb 7, 2014",$14.99,$3.74,Necrophone Games,Necrophone Games,"8,237","7,717",520,Very Positive,"['Adventure', 'Indie']"
2525380,Tomb Raider IV-VI Remastered,"Feb 14, 2025",$29.99,No Discount,Aspyr,Aspyr,"1,777","1,551",226,Very Positive,"['Action', 'Adventure']"
2324290,PAC-MAN WORLD 2 Re-PAC,"Sep 25, 2025",$39.99,$25.99,"NOW PRODUCTION Co., Ltd.",Bandai Namco Entertainment Inc.,837,758,79,Mixed,"['Action', 'Adventure', 'Casual']"
3548580,Chill with You : Lo-Fi Story,"Nov 16, 2025",$11.99,$8.99,Nestopi Inc.,Nestopi Inc.,"12,161","11,959",202,Overwhelmingly Positive,"['Adventure', 'Casual', 'Indie']"
4170200,Data Center,"Mar 31, 2026",$8.99,No Discount,Waseku,Waseku,864,664,200,Mostly Positive,"['Casual', 'Indie', 'Simulation', 'Strategy']"
2413950,Final Sentence,"Apr 9, 2026",$9.99,No Discount,Button Mash,Polden Publishing,"1,073",911,162,Very Positive,"['Indie', 'Simulation']"
1315320,The Necromancer's Tale,"Jul 17, 2025",$24.99,$16.24,Psychic Software,Psychic Software,890,818,72,Very Positive,"['Adventure', 'RPG', 'Strategy']"
1222730,STAR WARS™: Squadrons,"Oct 1, 2020",No Price,No Discount,MOTIVE,Electronic Arts,"28,098","18,240","9,858",Mixed,"['Action', 'Simulation']"
2272250,Forgive Me Father 2,"Oct 24, 2024",$24.99,No Discount,Byte Barrel,Fulqrum Publishing,"2,422","1,982",440,Mixed,"['Action', 'Indie']"
3767740,Outhold,"Dec 12, 2025",No Price,No Discount,Tellus Games,Tellus Games,"1,739","1,498",241,Very Positive,"['Casual', 'Simulation', 'Strategy']"
203140,Hitman: Absolution™,"Nov 19, 2012",$19.99,No Discount,Io-Interactive A/S,Io-Interactive A/S,"63,207","58,906","4,301",Overwhelmingly Positive,['Action']
3579780,Cities: Skylines II - Creator Pack: Office Evolution,"Mar 18, 2026",$7.99,No Discount,'Titan',Paradox Interactive,52,23,29,Mixed,['Simulation']
2853590,Void War,"Jun 2, 2025",No Price,No Discount,Tundra,Tundra,"3,877","3,654",223,Very Positive,"['Adventure', 'Indie', 'RPG', 'Simulation']"
3237970,Bubsy 4D,"May 22, 2026",No Price,No Discount,Fabraz,Atari,749,696,53,Very Positive,"['Action', 'Adventure', 'Indie']"
3371240,Beyond Citadel,"Jan 2, 2025",$14.99,No Discount,doekuramori,doekuramori,"4,510","4,341",169,Overwhelmingly Positive,"['Action', 'Indie']"
2487300,Docked,"Mar 5, 2026",No Price,No Discount,Saber Interactive,Saber Interactive,"1,215",887,328,Very Positive,['Simulation']
1850510,TRIANGLE STRATEGY,"Oct 13, 2022",$59.99,No Discount,Square Enix,Square Enix,"3,711","2,961",750,Mostly Positive,"['RPG', 'Simulation', 'Strategy']"
622450,theHunter: Call of the Wild™ - Tents & Ground Blinds,"Apr 27, 2017",$3.99,$1.99,Expansive Worlds,Avalanche Studios,597,326,271,Mixed,"['Adventure', 'Simulation', 'Sports']"
2653790,The Exit 8,"Nov 29, 2023",$3.99,No Discount,KOTAKE CREATE,PLAYISM,"11,370","10,586",784,Very Positive,"['Adventure', 'Indie', 'Simulation']"
2805520,Age of Empires II: DE - Chronicles: Battle for Greece,"Nov 14, 2024",$14.99,No Discount,World's Edge,Xbox Game Studios,"1,146",991,155,Very Positive,['Strategy']
835670,Total War: WARHAMMER II - Curse of the Vampire Coast,"Nov 8, 2018",$18.99,No Discount,CREATIVE ASSEMBLY,SEGA,"1,597","1,200",397,Mostly Positive,"['Action', 'Strategy']"
2700610,Assetto Corsa Competizione - 24H Nürburgring Pack,"Apr 1, 2024",$12.99,No Discount,Kunos Simulazioni,Kunos Simulazioni,462,441,21,Very Positive,"['Racing', 'Simulation', 'Sports']"
1610440,Minds Beneath Us,"Jul 31, 2024",$19.99,$13.99,BearBoneStudio,BearBoneStudio,"6,063","5,841",222,Overwhelmingly Positive,"['Adventure', 'Indie', 'RPG']"
3287490,GBVSR - Deluxe Character Pass 2,"Feb 25, 2025",$37.99,No Discount,"Cygames, Inc.","Cygames, Inc.",26,23,3,Positive,['Action']
1016920,Unrailed!,"Sep 23, 2020",$19.99,No Discount,Indoor Astronaut,Daedalic Entertainment,"19,688","18,346","1,342",Very Positive,"['Action', 'Casual', 'Indie']"
2413190,Emergency Cleanup Co.,"Nov 12, 2024",No Price,No Discount,Smallroom,Smallroom,475,425,50,Very Positive,"['Casual', 'Indie', 'Simulation', 'Early Access']"
3398110,The Walking Trade,"Mar 5, 2026",$11.99,No Discount,Microwave Games,PlayWay S.A.,"2,679","2,338",341,Very Positive,"['Indie', 'Simulation']"
1461910,Rogue Command,"May 14, 2026",$19.99,No Discount,feneq,feneq,993,893,100,Very Positive,"['Action', 'Simulation', 'Strategy']"
3199650,Pathologic 3,"Jan 9, 2026",$34.99,$24.49,Ice-Pick Lodge,HypeTrain Digital,"2,716","2,184",532,Mixed,"['Adventure', 'Indie', 'RPG', 'Simulation']"
3323490,Truxton Extreme,"Jul 30, 2026",No Price,No Discount,Tatsujin,Clear River Games AB,47,45,2,Positive,['Action']
444090,Paladins®,"May 8, 2018",Free To Play,No Discount,Evil Mojo Games,Hi-Rez Studios,"345,442","293,777","51,665",Very Positive,"['Action', 'Adventure', 'Massively Multiplayer', 'Strategy']"
3302470,Oxygen Not Included: The Bionic Booster Pack,"Dec 12, 2024",$7.99,No Discount,Klei Entertainment,Klei Entertainment,262,193,69,Mostly Positive,"['Indie', 'Simulation']"
3709430,Witch's Apocalyptic Journey,"Jun 4, 2026",No Price,No Discount,MeowAlive,MeowAlive,"1,245","1,047",198,Mostly Positive,"['Indie', 'RPG', 'Strategy']"
1127400,Mindustry,"Sep 26, 2019",$9.99,No Discount,AnukenDev,AnukenDev,"27,718","26,529","1,189",Very Positive,['Strategy']
2706170,Get To Work,"Dec 2, 2024",$12.99,No Discount,Isto Inc.,Isto Inc.,"3,540","3,142",398,Very Positive,"['Action', 'Adventure', 'Racing']"
488860,MADNESS: Project Nexus,"Sep 29, 2021",$24.99,No Discount,"GIBBING TREE, LLC","GIBBING TREE, LLC","17,473","16,979",494,Overwhelmingly Positive,"['Action', 'Indie']"
2799720,A Date with Death - Beyond the Bet DLC,"Dec 8, 2024",$9.99,No Discount,Two and a Half Studios,Two and a Half Studios,430,424,6,Very Positive,"['Indie', 'Simulation', 'Free To Play']"
2291760,Papa's Freezeria Deluxe,"Mar 31, 2023",$5.99,No Discount,Flipline Studios,Flipline Studios,"13,172","13,074",98,Overwhelmingly Positive,"['Action', 'Casual', 'Indie', 'Simulation']"
550320,art of rally,"Sep 23, 2020",$24.99,No Discount,Funselektor Labs Inc.,Funselektor Labs Inc.,"6,521","5,996",525,Very Positive,"['Action', 'Indie', 'Racing', 'Simulation']"
2238900,STAR OCEAN THE SECOND STORY R,"Nov 2, 2023",No Price,No Discount,Square Enix,Square Enix,"3,968","3,700",268,Mostly Positive,"['Action', 'RPG']"
274520,Darkwood,"Aug 17, 2017",$19.99,No Discount,Acid Wizard Studio,Hooded Horse,"24,740","23,476","1,264",Very Positive,"['Action', 'Adventure', 'RPG', 'Strategy']"
1378990,Crash Bandicoot™ 4: It’s About Time,"Oct 18, 2022",$39.99,No Discount,Toys for Bob,Activision,"4,051","3,500",551,Very Positive,['Action']
3523750,Down with the Ship,"May 15, 2026",No Price,No Discount,Iron Anchor Games,Proxy Studios,780,731,49,Very Positive,"['Indie', 'Strategy', 'Early Access']"
3189340,Dungeons of Eternity,"Sep 11, 2025",$29.99,No Discount,Othergate,Othergate,960,873,87,Very Positive,"['Action', 'Adventure', 'Indie', 'RPG']"
3936730,STARDUST: Wish of Witch,"May 28, 2026",No Price,No Discount,"Kniv Studio Co., Ltd.","Kniv Studio Co., Ltd.",727,591,136,Very Positive,"['Indie', 'RPG', 'Strategy']"
1007040,EARTH DEFENSE FORCE 5,"Jul 11, 2019",$59.99,No Discount,SANDLOT,D3PUBLISHER,"11,492","10,826",666,Very Positive,['Action']
954740,Terminator: Resistance,"Nov 14, 2019",$39.99,No Discount,Teyon,Reef Entertainment,"18,415","16,880","1,535",Very Positive,"['Action', 'Adventure', 'RPG']"
3473820,Planet Zoo: Americas Animal Pack,"Apr 15, 2025",$9.99,No Discount,Frontier Developments,Frontier Developments,37,29,8,Mostly Positive,"['Casual', 'Simulation', 'Strategy']"
3830,Psychonauts,"Apr 19, 2005",$9.99,$0.99,Double Fine Productions,Double Fine Productions,"19,156","18,193",963,Overwhelmingly Positive,['Action']
3008740,Winter Burrow,"Nov 12, 2025",No Price,No Discount,Pine Creek Games,Noodlecake,"3,169","2,851",318,Very Positive,"['Adventure', 'Casual', 'Indie', 'Simulation']"
1881700,Undawn,"Jun 13, 2023",Free To Play,No Discount,Lightspeed Studios,Level Infinite,"6,598","3,546","3,052",Mixed,"['Adventure', 'Massively Multiplayer', 'RPG', 'Free To Play']"
3505770,Kin and Quarry,"Jan 16, 2026",$9.99,$5.99,The Fox Knocks,The Fox Knocks,408,305,103,Mostly Positive,"['Casual', 'Indie']"
4015530,MyVoiceZoo,"Sep 26, 2025",$2.99,No Discount,TRUSO,TRUSO,"3,520","3,251",269,Very Positive,"['Casual', 'Indie', 'Simulation']"
2096610,Crysis 3 Remastered,"Nov 17, 2022",$29.99,No Discount,Crytek,Crytek,"8,083","7,091",992,Very Positive,['Action']
527230,For The King,"Apr 19, 2018",$19.99,$3.99,IronOak Games,Curve Games,"43,638","38,293","5,345",Very Positive,"['Adventure', 'Indie', 'RPG', 'Strategy']"
4286550,Keep on Mining! - Worlds,"Mar 30, 2026",$6.99,No Discount,EagleEye Games,EagleEye Games,"1,794","1,446",348,Mostly Positive,"['Casual', 'Indie']"
2097570,StarVaders,"Apr 30, 2025",$24.99,$17.49,Pengonauts,Joystick Ventures,"4,293","4,168",125,Very Positive,"['Adventure', 'Indie', 'Strategy']"
578330,LEGO® City Undercover,"Apr 4, 2017",$19.99,$2.99,Traveller's Tales,TT Games,"11,365","10,371",994,Overwhelmingly Positive,['Action']
916840,The Walking Dead: Saints & Sinners,"Jan 23, 2020",$19.99,No Discount,Skydance Interactive,Skydance Interactive,"10,066","8,615","1,451",Very Positive,"['Action', 'Adventure', 'Indie', 'RPG']"
2140020,Stronghold: Definitive Edition,"Nov 7, 2023",$14.99,No Discount,Firefly Studios,Firefly Studios,"10,284","8,890","1,394",Very Positive,"['Simulation', 'Strategy']"
2362050,MY HERO ACADEMIA: All’s Justice,"Feb 5, 2026",$59.99,No Discount,Byking Inc.,Bandai Namco Entertainment Inc.,957,606,351,Mixed,['Action']
3362570,Assassin's Creed Shadows - Premium Starter Pack,"Mar 19, 2025",$34.99,No Discount,Ubisoft Quebec,Ubisoft,84,64,20,Mostly Positive,"['Action', 'Adventure', 'RPG']"
673750,Super Bunny Man,"May 16, 2023",$26.98,$14.83,Catobyte,Catobyte Ltd,"12,243","10,434","1,809",Mostly Positive,"['Action', 'Indie']"
208580,STAR WARS™ Knights of the Old Republic™ II - The Sith Lords™,"Feb 8, 2005",$9.99,No Discount,Obsidian Entertainment,LucasArts,"25,946","24,280","1,666",Very Positive,['RPG']
1836560,Aether & Iron,"Mar 30, 2026",No Price,No Discount,Seismic Squirrel,Seismic Squirrel,526,447,79,Very Positive,"['Adventure', 'Casual', 'Indie', 'RPG']"
2004210,Euro Truck Simulator 2 - West Balkans,"Oct 19, 2023",$17.99,No Discount,SCS Software,SCS Software,"1,855","1,584",271,Very Positive,"['Indie', 'Simulation']"
2695570,Kindergarten 3,"Jun 18, 2025",$19.99,No Discount,Con Man Games,SmashGames,"1,838","1,738",100,Very Positive,"['Adventure', 'Indie']"
3478870,GeoGuessr Steam Edition,"May 8, 2025",Free To Play,No Discount,GeoGuessr,GeoGuessr,"30,162","21,055","9,107",Very Positive,"['Action', 'Casual', 'Free To Play', 'Early Access']"
2075720,9 Days,"Mar 8, 2024",$14.99,No Discount,MVR,MVR,"2,198","1,580",618,Mostly Positive,"['Action', 'Adventure', 'RPG']"
1669980,Volcano Princess,"Apr 20, 2023",$10.99,$7.14,养蛋人 Egg Hatcher,养蛋人 Egg Hatcher,"48,740","47,664","1,076",Overwhelmingly Positive,"['Casual', 'Indie', 'RPG', 'Simulation']"
2951990,"Warhammer 40,000: Rogue Trader - Void Shadows","Sep 24, 2024",$17.99,No Discount,Owlcat Games,Owlcat Games ,"1,092",985,107,Very Positive,"['Adventure', 'Indie', 'RPG', 'Strategy']"
3634520,Samson,"Apr 8, 2026",$24.99,No Discount,Liquid Swords,Liquid Swords,"3,227","1,763","1,464",Mixed,"['Action', 'Adventure', 'Racing']"
1235742,The Sims™ 4 StrangerVille,"Feb 26, 2019",$19.99,$13.99,Maxis,Electronic Arts,80,58,22,Mostly Positive,['Simulation']
4178020,Lured In,"Jul 17, 2026",No Price,No Discount,Big Boy Games,2 Left Thumbs,126,106,20,Very Positive,"['Casual', 'Indie', 'Simulation']"
2870920,Restaurats,"Nov 7, 2025",$19.90,No Discount,toR Studio,Polden Publishing,"2,137","1,878",259,Very Positive,"['Action', 'Casual', 'Indie', 'RPG']"
3990820,Resident Evil Requiem - Deluxe Kit,"Feb 26, 2026",$14.99,No Discount,"CAPCOM Co., Ltd.","CAPCOM Co., Ltd.",540,496,44,Very Positive,"['Action', 'Adventure']"
1206070,Phonopolis,"May 20, 2026",$24.99,No Discount,Amanita Design,Amanita Design,"1,545","1,440",105,Very Positive,"['Adventure', 'Casual', 'Indie']"
1408230,Walkabout Mini Golf VR,"Jul 15, 2021",$24.99,No Discount,Mighty Coconut,Mighty Coconut,"3,353","3,280",73,Very Positive,"['Casual', 'Indie', 'Sports']"
4439260,Forza Horizon 6 Welcome Pack,"May 18, 2026",$4.99,No Discount,Playground Games,Xbox Game Studios,60,51,9,Very Positive,"['Racing', 'Simulation', 'Sports']"
917950,Vellum,"May 2, 2025",$19.99,No Discount,Alvios Games,"Alvios, Inc.","1,443","1,300",143,Mixed,"['Action', 'Adventure', 'Indie']"
2626940,Life Makeover,"Nov 15, 2023",Free To Play,No Discount,Archosaur Games,Archosaur Games,"1,611","1,338",273,Mostly Positive,"['Casual', 'Simulation']"
2928410,Under Par Golf Architect,"Apr 16, 2026",No Price,No Discount,Broken Arms Games,Broken Arms Games,166,139,27,Very Positive,"['Simulation', 'Sports', 'Strategy']"
383150,Dead Island Definitive Edition,"May 31, 2016",$19.99,No Discount,Techland,Deep Silver,"28,092","22,996","5,096",Mostly Positive,['Action']
1227890,Summer Memories,"Jun 14, 2020",$19.99,No Discount,Dojin Otome,Kagura Games,"24,979","23,146","1,833",Very Positive,"['Adventure', 'RPG']"
244450,Men of War: Assault Squad 2,"May 15, 2014",$29.99,No Discount,Digitalmindsoft,Fulqrum Publishing,"46,559","42,465","4,094",Very Positive,"['Action', 'Simulation', 'Strategy']"
1812620,DSX,"Jun 24, 2022",$7.99,No Discount,Paliverse,Paliverse,"8,614","5,987","2,627",Mixed,"['Action', 'Adventure', 'Indie', 'Simulation']"
1537830,Disney Speedstorm,"Apr 18, 2023",Free To Play,No Discount,Gameloft,Gameloft,"8,270","5,504","2,766",Mixed,"['Action', 'Adventure', 'Casual', 'Racing']"
527430,"Warhammer 40,000: Inquisitor - Martyr","Jun 5, 2018",$49.99,No Discount,NeocoreGames,NeocoreGames,"22,218","16,891","5,327",Very Positive,"['Action', 'Adventure', 'Indie', 'RPG']"
394510,HELLDIVERS™ Dive Harder Edition,"Dec 7, 2015",$19.99,No Discount,Arrowhead Game Studios,PlayStation Publishing LLC,"33,301","30,106","3,195",Very Positive,['Action']
1480560,Lawn Mowing Simulator,"Aug 10, 2021",$19.99,$4.99,Skyhook Games,Curve Games,"3,028","2,136",892,Mixed,['Simulation']
750381,Dead by Daylight - The Saw® Chapter,"Jan 23, 2018",$7.99,No Discount,Behaviour Digital Inc.,Behaviour Digital Inc.,"2,188","1,641",547,Mostly Positive,['Action']
2646130,Cult of the Lamb: Sinful Pack,"Jan 16, 2024",$4.99,No Discount,Massive Monster,Devolver Digital,209,204,5,Very Positive,"['Action', 'Adventure', 'Indie', 'Strategy']"
3939700,Treasure Beach,"Jun 20, 2026",$17.98,$9.79,Rogue Duck Interactive,Rogue Duck Interactive,258,212,46,Mostly Positive,"['Casual', 'Indie', 'Simulation', 'Strategy']"
6060,"STAR WARS™ Battlefront II (Classic, 2005)","Nov 1, 2005",$9.99,No Discount,Pandemic Studios,Lucasfilm,"54,224","51,294","2,930",Very Positive,['Action']
532210,Life is Strange 2,"Sep 26, 2018",No Price,No Discount,DONTNOD Entertainment,Square Enix,"41,242","35,889","5,353",Very Positive,['Adventure']
1059990,Trombone Champ,"Sep 15, 2022",$14.99,No Discount,Holy Wow Studios LLC,Holy Wow Studios LLC,"11,141","10,907",234,Very Positive,"['Casual', 'Indie']"
1957780,Ghosts of Tabor,"Mar 20, 2023",$24.99,No Discount,Combat Waffle Studios,Beyond Frames,"10,426","7,396","3,030",Mixed,"['Action', 'Early Access']"
1301020,The Sims™ 4 Eco Lifestyle,"Jun 4, 2020",$39.99,$19.99,Maxis,Electronic Arts,113,59,54,Mixed,"['Casual', 'Simulation']"
3837350,Staffer Retro : A Supernatural Mystery Quest,"Jul 22, 2026",No Price,No Discount,Team Tetrapod,Team Tetrapod,816,733,83,Very Positive,"['Adventure', 'Indie']"
600480,Megaquarium,"Sep 13, 2018",$24.99,No Discount,Twice Circled,Twice Circled,"3,763","3,586",177,Very Positive,"['Casual', 'Indie', 'Simulation', 'Strategy']"
2891020,Undusted: Letters from the Past,"Oct 13, 2025",No Price,No Discount,5minlab Corp.,Toge Productions,"1,762","1,704",58,Very Positive,"['Casual', 'Indie', 'Simulation']"
2214821,Atomic Heart - Annihilation Instinct,"Aug 2, 2023",$9.99,No Discount,Mundfish,Focus Entertainment,"1,757","1,259",498,Mixed,"['Action', 'Adventure', 'RPG']"
391570,UNDERTALE Soundtrack,"Sep 15, 2015",$9.99,$3.99,tobyfox,tobyfox,"2,276","2,212",64,Very Positive,"['Indie', 'RPG']"
323470,DRAGON BALL XENOVERSE,"Feb 26, 2015",$39.99,$3.99,DIMPS,BANDAI NAMCO Entertainment,"22,189","19,960","2,229",Very Positive,['Action']
2453160,Sword of the Sea,"Aug 19, 2025",$29.99,No Discount,Giant Squid,Giant Squid,"1,689","1,516",173,Very Positive,"['Adventure', 'Indie']"
2870710,Pih,"Aug 4, 2024",$8.99,No Discount,BecomeANobody,BecomeANobody,"1,851","1,747",104,Very Positive,"['Action', 'Casual', 'Indie']"
278080,DYNASTY WARRIORS 8: Xtreme Legends Complete Edition,"May 13, 2014",$49.99,$14.99,"KOEI TECMO GAMES CO., LTD.","KOEI TECMO GAMES CO., LTD.","14,066","11,815","2,251",Very Positive,['Action']
2022670,SONIC SUPERSTARS,"Oct 16, 2023",$39.99,No Discount,SEGA,SEGA,"3,826","2,619","1,207",Mostly Positive,['Action']
1373090,"Yes, Your Grace 2: Snowfall","May 8, 2025",$24.99,No Discount,Brave At Night,Brave At Night,"1,503","1,152",351,Very Positive,"['Indie', 'RPG', 'Simulation', 'Strategy']"
1071870,Biped,"Mar 26, 2020",$14.99,$1.49,NEXT Studios,NEXT Studios,"11,283","9,608","1,675",Mostly Positive,"['Action', 'Adventure', 'Casual', 'Indie']"
24780,SimCity™ 4 Deluxe Edition,"Sep 22, 2003",No Price,No Discount,EA - Maxis,Electronic Arts,"9,801","8,060","1,741",Very Positive,"['Simulation', 'Strategy']"
1180380,Stay Out,"Nov 27, 2019",Free To Play,No Discount,MOBITECH LLC,MOBITECH LLC,"30,873","21,330","9,543",Very Positive,"['Action', 'Indie', 'Massively Multiplayer', 'RPG']"
3825600,Culdcept The First,"Jul 29, 2026",No Price,No Discount,CITY CONNECTION,CITY CONNECTION,61,46,15,Mostly Positive,['Strategy']
1108270,Nova: Space Armada,"Oct 21, 2024",Free To Play,No Discount,STONE3 PTE. LTD.,STONE3 PTE. LTD.,258,130,128,Mixed,"['Massively Multiplayer', 'Strategy', 'Free To Play']"
4744690,DJMAX RESPECT V - V LIBERTY V PACK,"Jun 25, 2026",$29.99,No Discount,NEOWIZ,NEOWIZ,193,178,15,Very Positive,"['Action', 'Casual', 'Racing', 'Sports']"
1998240,Chivalry 2 - Special Edition Content,"Jun 12, 2022",$9.99,$1.99,Torn Banner Studios,Tripwire Presents,336,200,136,Mixed,['Action']
1404210,Red Dead Online,"Dec 1, 2020",$19.99,$9.99,Rockstar Games,Rockstar Games,"69,271","57,546","11,725",Very Positive,"['Action', 'Adventure']"
2427700,Backpack Battles,"Jun 13, 2025",No Price,No Discount,PlayWithFurcifer,IndieArk,"20,563","18,762","1,801",Very Positive,['Strategy']
553540,Phantom Brigade,"Feb 28, 2023",No Price,No Discount,Brace Yourself Games,Brace Yourself Games,"4,495","3,642",853,Mostly Positive,"['Indie', 'Simulation', 'Strategy']"
2783360,Age of Empires Mobile: PC Edition,"Jun 23, 2026",Free To Play,No Discount,TiMi Studio Group,Xbox Game Studios,240,104,136,Mixed,"['Casual', 'Simulation', 'Strategy', 'Free To Play']"
1135230,Ember Knights,"Jul 18, 2023",$19.99,No Discount,Doom Turtle,Twin Sails Interactive,"6,958","6,534",424,Very Positive,"['Action', 'Adventure', 'RPG']"
562860,Ion Fury,"Aug 15, 2019",$24.99,$9.99,"Voidpoint, LLC",3D Realms,"7,970","7,239",731,Very Positive,"['Action', 'Indie']"
2981220,Forefront,"Apr 23, 2026",$27.99,No Discount,Triangle Factory,Triangle Factory,"1,876","1,630",246,Very Positive,"['Action', 'Indie']"
2825880,Death Howl,"Dec 9, 2025",No Price,No Discount,The Outer Zone,11 bit studios,"1,443","1,336",107,Very Positive,"['Adventure', 'Indie', 'Strategy']"
2967320,Grandpa High on Retro,"Feb 6, 2025",$7.99,No Discount,Ashnell Games,Ashnell Games ,"2,083","1,856",227,Mostly Positive,"['Action', 'Adventure', 'Indie']"
2165710,Besiege: The Splintered Sea,"May 24, 2024",$8.99,$6.02,Spiderling Studios,Spiderling Studios,357,307,50,Very Positive,"['Indie', 'Simulation']"
3823590,From The Ashes Expansion - Avatar: Frontiers of Pandora™,"Dec 19, 2025",$24.99,No Discount,Massive Entertainment – A Ubisoft Studio,Ubisoft,232,186,46,Mostly Positive,"['Action', 'Adventure']"
3237520,The Alters: Last Variable,"Jul 13, 2026",$14.99,No Discount,11 bit studios,11 bit studios,495,394,101,Mostly Positive,['Adventure']
3694480,A Game About Feeding A Black Hole,"Dec 15, 2025",$6.99,No Discount,Aarimous,Aarimous and Thornity,"3,288","2,922",366,Very Positive,"['Casual', 'Indie']"
2769240,Wax Heads,"May 5, 2026",No Price,No Discount,Patattie Games,Curve Games,529,510,19,Very Positive,"['Adventure', 'Indie', 'Simulation']"
330390,GRANDIA II HD Remaster,"Aug 24, 2015",$19.99,$9.99,"GAME ARTS Co., Ltd.","GungHo Online Entertainment America, Inc.","2,645","2,238",407,Very Positive,"['Adventure', 'RPG']"
2338140,Dokapon Kingdom: Connect,"Sep 7, 2023",$49.99,No Discount,Idea Factory,Idea Factory International,"1,059",921,138,Mostly Positive,"['Action', 'Casual', 'RPG', 'Strategy']"
868360,Project Hospital,"Oct 30, 2018",$24.99,No Discount,Oxymoron Games,Oxymoron Games,"9,267","8,244","1,023",Very Positive,"['Indie', 'Simulation', 'Strategy']"
4647130,Dead as Disco Streamer Safe Soundtrack Vol. 1,"May 5, 2026",$9.99,$7.99,"Brain Jar Games, Inc.","Brain Jar Games, Inc.",19,16,3,Positive,['None']
445220,Avorion,"Mar 9, 2020",$24.99,No Discount,Boxelware,Boxelware,"14,530","13,080","1,450",Very Positive,"['Action', 'Indie', 'Simulation']"
593380,XCOM 2: War of the Chosen,"Dec 3, 2018",$19.99,No Discount,Firaxis Games,2K,"4,612","3,852",760,Very Positive,['Strategy']
342200,MechWarrior Online™ Legends,"Dec 10, 2015",Free To Play,No Discount,Piranha Games Inc.,Piranha Games Inc.,"12,838","10,288","2,550",Mostly Positive,"['Action', 'Massively Multiplayer', 'Simulation', 'Strategy']"
1336350,Elite Dangerous: Odyssey,"May 19, 2021",$14.99,No Discount,Frontier Developments,Frontier Developments,"9,473","4,099","5,374",Mostly Negative,"['Action', 'Adventure', 'Massively Multiplayer', 'RPG']"
1065310,Evil West,"Nov 21, 2022",$49.99,No Discount,Flying Wild Hog,Focus Entertainment,"13,369","9,868","3,501",Mixed,"['Action', 'Adventure', 'RPG']"
1299460,Wanderstop,"Mar 11, 2025",No Price,No Discount,Ivy Road,Annapurna Interactive,"3,160","2,929",231,Very Positive,"['Adventure', 'Indie', 'Simulation']"
2274620,Discounty,"Aug 21, 2025",No Price,No Discount,Crinkle Cut Games,PQube,"2,728","2,273",455,Very Positive,"['Casual', 'RPG', 'Simulation']"
345350,LIGHTNING RETURNS™: FINAL FANTASY® XIII,"Dec 10, 2015",$19.99,No Discount,Square Enix,Square Enix,"4,797","3,783","1,014",Mixed,['RPG']
3522360,WARSHIFT 2,"Jul 30, 2026",$19.99,$14.99,Cyril Megem,Cyril Megem,28,21,7,Mostly Positive,"['Action', 'Indie', 'RPG', 'Strategy']"
1336980,NOBUNAGA'S AMBITION: Awakening,"Jul 20, 2022",$59.99,$38.99,"KOEI TECMO GAMES CO., LTD.","KOEI TECMO GAMES CO., LTD.","2,704","2,009",695,Mostly Positive,['Simulation']
1816640,Modern Naval Warfare,"May 26, 2026",$59.99,No Discount,Wave Ops,Matrix Games,275,160,115,Mixed,"['Simulation', 'Strategy', 'Early Access']"
1605220,Dune: Spice Wars,"Sep 14, 2023",$34.99,No Discount,Shiro Games,Funcom,"13,518","10,706","2,812",Mixed,['Strategy']
1939160,Shadows Over Loathing,"Nov 11, 2022",$22.99,No Discount,Asymmetric,Asymmetric,"3,307","3,174",133,Very Positive,"['Adventure', 'Indie', 'RPG']"
1737870,REKA,"Sep 12, 2024",$19.99,No Discount,Emberstorm Entertainment,Fireshine Games,"3,449","2,849",600,Mostly Positive,"['Adventure', 'Casual', 'Indie', 'RPG']"
285920,TerraTech,"Aug 10, 2018",$24.99,No Discount,Payload Studios,Mythwright,"24,898","22,757","2,141",Very Positive,"['Action', 'Indie']"
1580050,Dead Cells: The Queen and the Sea,"Jan 6, 2022",$4.99,$2.49,Motion Twin,Motion Twin,632,564,68,Very Positive,"['Action', 'Indie']"
1549690,SPRAWL,"Aug 23, 2023",$14.99,$3.74,MAETH,Kwalee,"2,681","2,327",354,Very Positive,"['Action', 'Indie']"
1700870,Clanfolk,"Jul 14, 2022",$29.99,No Discount,MinMax Games Ltd.,Hooded Horse,"4,013","3,681",332,Very Positive,"['RPG', 'Simulation', 'Strategy', 'Early Access']"
597220,West of Loathing,"Aug 10, 2017",$10.99,No Discount,Asymmetric,Asymmetric,"10,254","10,016",238,Very Positive,"['Adventure', 'Indie', 'RPG']"
3191030,Nubby's Number Factory,"Mar 7, 2025",No Price,No Discount,MogDogBlog Productions,MogDogBlog Productions,"19,159","18,661",498,Very Positive,['Strategy']
2542120,NINJA GAIDEN: Ragebound,"Jul 31, 2025",$24.99,No Discount,The Game Kitchen,Dotemu,"2,648","2,451",197,Very Positive,"['Action', 'Adventure', 'Indie']"
1643310,Dungeons 4,"Nov 9, 2023",No Price,No Discount,Realmforge Studios,Kalypso Media,"3,274","2,863",411,Mostly Positive,"['Simulation', 'Strategy']"
386070,Planetary Annihilation: TITANS,"Aug 18, 2015",$29.99,No Discount,Planetary Annihilation Inc,Planetary Annihilation Inc,"14,667","12,380","2,287",Very Positive,"['Action', 'Indie', 'Strategy']"
2647680,ICBM: Escalation,"Nov 21, 2024",$29.99,No Discount,SoftWarWare,Slitherine Ltd.,"1,409","1,215",194,Mixed,['Strategy']
304930,Unturned,"Jul 7, 2017",Free To Play,No Discount,Smartly Dressed Games,Smartly Dressed Games,"564,334","513,674","50,660",Very Positive,"['Action', 'Adventure', 'Casual', 'Indie']"
1545560,Shadow Gambit: The Cursed Crew,"Aug 17, 2023",$39.99,No Discount,Mimimi Games,Hooded Horse,"6,468","5,891",577,Very Positive,"['RPG', 'Strategy']"
1338770,Sniper Ghost Warrior Contracts 2,"Jun 4, 2021",$39.99,No Discount,CI Games,CI Games,"14,807","12,413","2,394",Mostly Positive,['Action']
3174070,Texas Hold'em Poker: Pokerist,"Feb 18, 2025",Free To Play,No Discount,KamaGames Entertainment Group Limited,KamaGames Ltd.,"3,131","2,071","1,060",Mixed,"['Casual', 'Massively Multiplayer', 'Simulation', 'Sports']"
3871350,"Warhammer 40,000: Space Marine 2 - Blood Angels Champion Pack","Nov 25, 2025",$7.99,No Discount,Saber Interactive,Focus Entertainment,235,161,74,Mixed,"['Action', 'Adventure', 'RPG']"
4129100,TEKKEN 8 - Kunimitsu,"Jun 1, 2026",$7.99,No Discount,Bandai Namco Studios Inc.,Bandai Namco Entertainment,89,77,12,Very Positive,['Action']
292140,FINAL FANTASY® XIII-2,"Dec 11, 2014",$19.99,No Discount,Square Enix,Square Enix,"6,376","3,731","2,645",Mixed,['RPG']
4194800,Starvester,"May 29, 2026",$6.99,No Discount,Syphono4,Future Friends Games,776,544,232,Mixed,"['Casual', 'Simulation', 'Strategy']"
3117820,Sultan's Game,"Mar 30, 2025",$24.99,No Discount,Double Cross,2P Games,"34,761","32,615","2,146",Very Positive,"['Adventure', 'Indie', 'RPG', 'Simulation']"
1332720,Thief Simulator 2,"Oct 4, 2023",$19.99,No Discount,CookieDev,PlayWay S.A.,"6,641","5,854",787,Mostly Positive,"['Action', 'Indie', 'Simulation']"
2863640,The Midnight Walk,"May 8, 2025",$29.99,No Discount,MoonHood,Fast Travel Games,"2,855","2,653",202,Very Positive,"['Adventure', 'Indie']"
1451090,Tactics Ogre: Reborn,"Nov 11, 2022",$49.99,No Discount,Square Enix,Square Enix,"4,530","3,319","1,211",Mostly Positive,"['RPG', 'Simulation']"
1541370,Ultimate Theater Simulator,"Oct 29, 2025",No Price,No Discount,RAKTWO Games,steelbox Games,639,568,71,Very Positive,['Simulation']
2502780,Ranger’s Path: National Park Simulator,"Mar 10, 2026",$19.99,$11.99,To-Go Games,astragon Entertainment,480,370,110,Mostly Positive,"['Adventure', 'Simulation', 'Early Access']"
108710,Alan Wake,"Feb 16, 2012",$14.99,No Discount,Remedy Entertainment,Remedy Entertainment,"58,884","52,961","5,923",Very Positive,"['Action', 'Adventure']"
534331,Total War: WARHAMMER - Realm of The Wood Elves,"Dec 8, 2016",$18.99,No Discount,CREATIVE ASSEMBLY,SEGA,"1,284",854,430,Mixed,"['Action', 'Strategy']"
3035500,Fantasy Map Simulator,"Sep 4, 2024",$7.99,No Discount,The Stranger,The Stranger,"4,221","3,762",459,Very Positive,"['Indie', 'Simulation', 'Strategy', 'Early Access']"
238010,Deus Ex: Human Revolution - Director's Cut,"Oct 25, 2013",$19.99,$2.99,Eidos Montreal,Eidos Interactive Corp.,"29,784","27,388","2,396",Very Positive,"['Action', 'RPG']"
3043580,Keeper,"Oct 17, 2025",$29.99,No Discount,Double Fine Productions,Xbox Game Studios,"1,104","1,011",93,Very Positive,['Adventure']
2952300,Oxygen Not Included: The Frosty Planet Pack,"Jul 18, 2024",$7.99,No Discount,Klei Entertainment,Klei Entertainment,496,428,68,Very Positive,"['Indie', 'Simulation']"
2695940,PANICORE,"May 31, 2024",$9.99,No Discount,ZTEK Studio,ZTEK Studio,"12,850","10,132","2,718",Mixed,"['Action', 'Adventure', 'Indie']"
3639650,Kotama and Academy Citadel,"Jan 14, 2026",$19.99,No Discount,Atomstring Games,2P Games,"2,846","2,295",551,Very Positive,"['Action', 'Adventure', 'Indie', 'RPG']"
4250650,Fallout 76: Mojave Bundle,"Jan 29, 2026",$29.99,$14.99,Bethesda Game Studios,Bethesda Softworks,94,61,33,Mixed,['RPG']
1170570,The Drifter,"Jul 17, 2025",$19.99,No Discount,Powerhoof,Powerhoof,"4,719","4,606",113,Overwhelmingly Positive,"['Adventure', 'Indie']"
3604340,V Rising - Eternal Dominance Pack,"Apr 28, 2025",$19.99,No Discount,Stunlock Studios,Stunlock Studios,194,177,17,Very Positive,"['Action', 'Adventure', 'Massively Multiplayer']"
4182010,theHunter: Call of the Wild™ - Game Feeder Pack 2,"Feb 24, 2026",$6.99,$5.59,Expansive Worlds,Avalanche Studios,33,21,12,Mixed,"['Adventure', 'Simulation', 'Sports']"
2026000,Our Adventurer Guild,"Apr 12, 2024",No Price,No Discount,GreenGuy,GreenGuy,"3,418","3,259",159,Very Positive,"['Indie', 'RPG', 'Strategy']"
3146420,Planet Zoo: Zookeepers Animal Pack,"Oct 15, 2024",$9.99,No Discount,Frontier Developments,Frontier Developments,52,47,5,Positive,"['Casual', 'Simulation', 'Strategy']"
3346620,Root: The Marauder Expansion,"Jan 14, 2025",$9.99,$8.99,Dire Wolf,Dire Wolf,37,33,4,Positive,['Strategy']
2914280,Age of Wonders 4: Ways of War,"Nov 5, 2024",$14.99,No Discount,Triumph Studios,Paradox Interactive,160,129,31,Mostly Positive,['Strategy']
3387210,DRAGON BALL XENOVERSE 2 - Dragon Ball DAIMA Pack,"May 21, 2025",$7.99,$5.59,QLOC,Bandai Namco Entertainment,61,28,33,Mixed,"['Action', 'Adventure', 'Casual', 'Massively Multiplayer']"
502520,Ultimate General: Civil War,"Jul 14, 2017",$29.99,No Discount,Game-Labs,Game-Labs,"8,564","7,616",948,Very Positive,"['Indie', 'Simulation', 'Strategy']"
1451460,Dead Cells: Fatal Falls,"Jan 26, 2021",$4.99,$2.49,Motion Twin,Motion Twin,566,530,36,Very Positive,"['Action', 'Indie']"
233270,Far Cry 3 - Blood Dragon,"May 1, 2013",$14.99,No Discount,Ubisoft Montreal,Ubisoft,"19,654","17,187","2,467",Mostly Positive,"['Action', 'Adventure']"
2973290,Le Mans Ultimate - 2024 Pack 1,"Jul 23, 2024",$12.99,No Discount,Studio 397,Studio 397,58,51,7,Very Positive,"['Racing', 'Simulation', 'Sports']"
2701090,Grim Dawn - Steam Loyalist Items Pack 3,"Feb 27, 2024",$8.99,No Discount,Crate Entertainment,Crate Entertainment,251,241,10,Very Positive,"['Action', 'Adventure', 'Indie', 'RPG']"
4436470,MARVEL Cosmic Invasion - Cyclops & The Thing,"May 18, 2026",$3.99,No Discount,Tribute Games Inc.,Dotemu,73,71,2,Very Positive,"['Action', 'Adventure', 'Casual', 'Indie']"
2640,Call of Duty: United Offensive,"Sep 15, 2004",$19.99,No Discount,Gray Matter Studios,Activision,"2,405","2,090",315,Very Positive,['Action']
470310,TROUBLESHOOTER: Abandoned Children,"Apr 23, 2020",$24.99,$6.24,Dandylion,Dandylion,"9,790","9,154",636,Very Positive,"['Casual', 'Indie', 'RPG', 'Strategy']"
3127230,PBA Pro Bowling 2026,"Dec 19, 2025",No Price,No Discount,FarSight Studios,FarSight Studios,404,375,29,Very Positive,"['Indie', 'Simulation', 'Sports']"
3972320,Loot Loop,"Apr 13, 2026",$4.99,No Discount,BitBrew,BitBrew,"1,411","1,310",101,Very Positive,"['Casual', 'Indie', 'Simulation', 'Strategy']"
2532370,theHunter: Call of the Wild™  - Ambusher Pack,"Oct 10, 2023",$4.99,$2.49,Expansive Worlds,Avalanche Studios,263,193,70,Mostly Positive,"['Adventure', 'Simulation', 'Sports']"
1771980,The Operator,"Jul 22, 2024",$13.99,No Discount,Bureau 81,Bureau 81,"8,752","8,018",734,Very Positive,"['Adventure', 'Indie', 'Simulation']"
1179080,FAITH: The Unholy Trinity,"Oct 21, 2022",$14.99,No Discount,Airdorf Games,New Blood Interactive ,"8,806","8,360",446,Very Positive,"['Adventure', 'Indie']"
4668220,Farm Factory Simulator,"Jul 16, 2026",No Price,No Discount,Bewolba Studios,Bewolba Studios,66,62,4,Very Positive,"['Casual', 'Indie', 'Simulation', 'Early Access']"
1809700,Persona 3 Portable,"Jan 18, 2023",$19.99,No Discount,ATLUS,SEGA,"5,672","4,585","1,087",Very Positive,"['Adventure', 'RPG', 'Strategy']"
3861730,Class of '09: Puzzle Showdown,"Jul 17, 2026",$19.99,No Discount,SBN3,SBN3,318,177,141,Mixed,['Casual']
2111190,MULLET MADJACK,"May 15, 2024",No Price,No Discount,HAMMER95,Epopeia Games,"9,405","9,186",219,Overwhelmingly Positive,"['Action', 'Indie']"
1462810,WRC 10 FIA World Rally Championship,"Sep 2, 2021",$49.99,$4.99,KT Racing,Nacon,"3,847","2,782","1,065",Mostly Positive,"['Racing', 'Simulation', 'Sports']"
1746030,Murders on the Yangtze River,"Jan 30, 2024",No Price,No Discount,OMEGAMES STUDIO,OMEGAMES STUDIO,"21,022","20,391",631,Overwhelmingly Positive,"['Adventure', 'Indie', 'RPG']"
2833600,V Rising - Legacy of Castlevania Premium Pack,"May 8, 2024",$19.99,No Discount,Stunlock Studios,Stunlock Studios,350,317,33,Very Positive,"['Action', 'Adventure', 'Massively Multiplayer']"
2147380,Heroes of Science and Fiction,"Mar 17, 2026",$29.99,$11.99,Oxymoron Games,Oxymoron Games,913,822,91,Mostly Positive,"['Indie', 'RPG', 'Strategy']"
1369630,ENDER LILIES: Quietus of the Knights,"Jun 21, 2021",$24.99,No Discount,Live Wire,Binary Haze Interactive,"45,368","42,534","2,834",Very Positive,"['Action', 'Indie', 'RPG']"
589360,Ni no Kuni™ II: Revenant Kingdom,"Mar 23, 2018",$79.98,$11.99,LEVEL5 Inc.,BANDAI NAMCO Entertainment,"11,144","9,308","1,836",Mixed,"['Adventure', 'RPG']"
201230,EverQuest II,"Dec 7, 2011",Free to Play,No Discount,Darkpaw Games,Daybreak Game Company,"2,921","2,310",611,Mostly Positive,"['Massively Multiplayer', 'RPG', 'Free To Play']"
1204130,Dead Cells: The Bad Seed,"Feb 11, 2020",$4.99,$2.49,Motion Twin,Motion Twin,817,764,53,Very Positive,"['Action', 'Indie']"
1084160,Jagged Alliance 3,"Jul 14, 2023",$44.99,No Discount,Haemimont Games,THQ Nordic,"14,688","13,096","1,592",Very Positive,"['Action', 'Strategy']"
1674200,Alaska Gold Fever,"Apr 14, 2026",$30.58,$16.81,Baked Games,Baked Games S.A.,981,782,199,Very Positive,"['Action', 'Adventure', 'Casual', 'Indie']"
3936530,Pro Cycling Manager 26,"Jun 15, 2026",$39.99,No Discount,Cyanide Studio,Nacon,149,89,60,Mixed,"['Simulation', 'Sports']"
1533420,Neon White,"Jun 16, 2022",$24.99,No Discount,Angel Matrix,Annapurna Interactive,"20,518","20,092",426,Overwhelmingly Positive,"['Action', 'Adventure', 'Indie']"
3622820,"Warhammer 40,000: Rogue Trader - Lex Imperialis","Jun 24, 2025",$17.99,No Discount,Owlcat Games,Owlcat Games,"1,013",658,355,Mixed,"['Adventure', 'Indie', 'RPG', 'Strategy']"
3130750,Total War: WARHAMMER III - Skulltaker – Omens of Destruction,"Dec 12, 2024",$8.99,No Discount,CREATIVE ASSEMBLY,SEGA,862,462,400,Mixed,"['Action', 'Strategy']"
1566200,Tape to Tape,"May 3, 2023",$19.99,No Discount,Excellent Rectangle,Excellent Rectangle,"3,660","3,373",287,Very Positive,"['Action', 'Sports', 'Early Access']"
3480990,There Are No Orcs,"Nov 5, 2025",No Price,No Discount,BaseTrade Studio,Gamirror Games,"1,182","1,108",74,Very Positive,"['Indie', 'Strategy']"
1850160,Poly Bridge 3,"May 30, 2023",$19.99,No Discount,Dry Cactus,Dry Cactus,"2,108","2,027",81,Very Positive,['Simulation']
367450,Poly Bridge,"Jul 12, 2016",$9.99,$0.99,Dry Cactus,Dry Cactus,"18,778","17,080","1,698",Very Positive,"['Indie', 'Simulation']"
3191050,BRAZILIAN DRUG DEALER 3: I OPENED A PORTAL TO HELL IN THE FAVELA TRYING TO REVIVE MIT AIA I NEED TO CLOSE IT,"Sep 17, 2025",$4.99,No Discount,Joeveno,Joeveno,"8,505","8,323",182,Overwhelmingly Positive,"['Action', 'Adventure', 'Indie']"
1849250,EA SPORTS™ WRC,"Nov 2, 2023",No Price,No Discount,Codemasters,Electronic Arts,"11,329","6,966","4,363",Mixed,"['Racing', 'Simulation', 'Sports']"
265930,Goat Simulator,"Apr 1, 2014",$9.99,No Discount,Coffee Stain Studios,Coffee Stain Publishing,"70,179","63,813","6,366",Very Positive,"['Casual', 'Indie', 'Simulation']"
4030870,Species: Unknown - Supporter Pack,"Oct 23, 2025",$9.99,No Discount,WanadevStudio,WanadevStudio,72,72,0,Very Positive,"['Action', 'Indie']"
99910,Puzzle Pirates,"Aug 31, 2011",Free to Play,No Discount,Grey Havens,Grey Havens,"2,246","1,797",449,Very Positive,"['Adventure', 'Casual', 'Massively Multiplayer', 'Strategy']"
4119420,Evitania Online - Idle RPG,"Apr 7, 2026",Free To Play,No Discount,Disruptive Blast,Disruptive Blast,889,698,191,Very Positive,"['Adventure', 'Casual', 'Indie', 'Massively Multiplayer']"
2380030,Stellaris: Galactic Paragons,"May 9, 2023",$14.99,No Discount,Paradox Arctic,Paradox Interactive,"1,079",638,441,Mixed,"['Simulation', 'Strategy']"
3106720,theHunter: Call of the Wild™ - Scopes and Crosshairs Pack,"Sep 24, 2024",$4.99,$2.49,Expansive Worlds,Avalanche Studios,136,77,59,Mixed,"['Adventure', 'Simulation', 'Sports']"
3642000,Space Warlord Baby Trading Simulator,"Jan 29, 2026",$19.99,No Discount,Strange Scaffold,Frosty Pop,515,472,43,Very Positive,['Simulation']
1601330,Survival Machine,"Jun 12, 2026",No Price,No Discount,Grape Pickers,Games Operators,795,566,229,Mixed,"['Action', 'Adventure', 'Casual', 'Indie']"
1602010,Persona 4 Arena Ultimax,"Mar 16, 2022",$29.99,No Discount,Arc System Works,SEGA,"4,653","4,081",572,Very Positive,['Action']
973230,We Who Are About To Die,"Nov 14, 2022",$21.99,No Discount,Jordy Lakiere,Jordy Lakiere,"8,310","7,321",989,Very Positive,"['Action', 'Indie', 'RPG', 'Simulation']"
411893,DCS: F-14A/B Tomcat by Heatblur Simulations,"Mar 13, 2019",$79.99,No Discount,Heatblur Simulations,Eagle Dynamics SA,867,742,125,Mixed,['Simulation']
3558670,Tomb Raider: Legacy of Atlantis,"Feb 12, 2027",$59.99,No Discount,Crystal Dynamics,Amazon Game Studios,0,0,0,"['Action', 'Adventure']",
4413140,GGST Additional Character 19 - Robo-Ky,"Jul 2, 2026",$6.99,No Discount,Arc System Works,Arc System Works,96,92,4,Very Positive,['Action']
3032830,Katanaut,"Sep 10, 2025",$17.99,$5.57,Voidmaw,"Acclaim, Inc.",418,375,43,Very Positive,"['Action', 'Adventure', 'Indie', 'RPG']"
3070520,Granny: Escape Together,"Dec 6, 2024",$9.99,$6.99,CreepyToad,CreepyToad,"1,899","1,516",383,Mostly Positive,"['Action', 'Adventure', 'Indie']"
4144680,DEAD OR ALIVE 6 Last Round,"Jun 24, 2026",No Price,No Discount,"KOEI TECMO GAMES CO., LTD.","KOEI TECMO GAMES CO., LTD.","1,272",323,949,Mixed,['Action']
4199610,Supermarket Simulator - Vending Machine DLC,"Mar 6, 2026",$4.99,No Discount,Nokta Games,Nokta Games,56,40,16,Mostly Positive,"['Casual', 'Indie', 'Simulation']"
4635200,SCUM Apex Predator Pack,"Jul 20, 2026",$14.99,No Discount,Gamepires,Gamepires,15,13,2,Positive,"['Action', 'Adventure', 'Indie', 'Massively Multiplayer']"
32510,LEGO® Star Wars™ III - The Clone Wars™,"Mar 22, 2011",$19.99,No Discount,Traveller's Tales,LucasArts,"9,275","8,792",483,Very Positive,"['Action', 'Adventure']"
646910,The Crew™ 2,"Jun 28, 2018",No Price,No Discount,Ivory Tower,Ubisoft,"99,516","77,191","22,325",Very Positive,"['Action', 'Massively Multiplayer', 'Racing']"
3075500,Against the Storm - Keepers of the Stone,"Sep 26, 2024",$14.99,No Discount,Eremite Games,Hooded Horse,419,349,70,Very Positive,"['Simulation', 'Strategy']"
2216830,The Jackbox Party Pack 10,"Oct 18, 2023",No Price,No Discount,"Jackbox Games, Inc.","Jackbox Games, Inc.",622,408,214,Mixed,"['Casual', 'Indie', 'Strategy']"
283940,Freddi Fish and the Case of the Missing Kelp Seeds,"Oct 28, 1994",$6.99,No Discount,Humongous Entertainment,Humongous Entertainment,735,712,23,Overwhelmingly Positive,"['Adventure', 'Casual']"
302670,Call to Arms,"Apr 27, 2018",$14.99,No Discount,Digitalmindsoft,Digitalmindsoft,"24,095","19,113","4,982",Mostly Positive,"['Action', 'Indie', 'Simulation', 'Strategy']"
700282,Dead by Daylight - A Nightmare on Elm Street™,"Oct 26, 2017",$7.99,No Discount,Behaviour Digital Inc.,Behaviour Digital Inc.,"2,673","1,683",990,Mixed,['Action']
1201240,BLEACH Brave Souls,"Aug 17, 2020",Free To Play,No Discount,KLab Inc.,KLab Inc.,"12,658","11,099","1,559",Very Positive,"['Action', 'Casual', 'RPG', 'Free To Play']"
3328900,MySims™,"Mar 18, 2025",No Price,No Discount,Maxis,Electronic Arts,225,196,29,Very Positive,"['Casual', 'Simulation']"
1343240,Thymesia,"Aug 18, 2022",$24.99,$6.24,OverBorder Studio,Team17,"9,947","8,190","1,757",Mostly Positive,['Action']
1351240,Taxi Life: A City Driving Simulator,"Mar 7, 2024",$29.99,$9.59,Simteract,Nacon,"5,597","3,493","2,104",Mixed,['Simulation']
963930,Contractors,"Dec 14, 2018",$19.99,No Discount,Caveman Studio,Caveman Studio,"4,678","3,888",790,Mixed,"['Action', 'Casual', 'Indie', 'Simulation']"
2085540,Stick It to the Stickman,"Aug 18, 2025",No Price,No Discount,Free Lives,Devolver Digital,"8,096","7,835",261,Overwhelmingly Positive,"['Action', 'Indie', 'Early Access']"
2138610,The Legend of Heroes: Trails through Daybreak,"Mar 1, 2023",$59.99,No Discount,Nihon Falcom,"NIS America, Inc.","1,248","1,145",103,Very Positive,"['Action', 'Adventure', 'RPG']"
3161220,Coffee Talk Tokyo,"May 21, 2026",No Price,No Discount,Chorus Worldwide Games,Chorus Worldwide Games,484,437,47,Very Positive,"['Action', 'Adventure', 'Casual', 'Indie']"
1684930,CULTIC,"Oct 13, 2022",No Price,No Discount,Jasozz Games,3D Realms,"8,526","8,294",232,Very Positive,"['Action', 'Indie']"
45760,Ultra Street Fighter® IV,"Aug 7, 2014",$29.99,No Discount,Capcom,Capcom,"16,939","15,332","1,607",Very Positive,['Action']
321360,Primal Carnage: Extinction,"Apr 3, 2015",$12.99,No Discount,Circle Five Studios,Circle Five Publishing,"9,894","8,239","1,655",Mostly Positive,"['Action', 'Indie']"
2096600,Crysis 2 Remastered,"Nov 17, 2022",$29.99,No Discount,Crytek,Crytek,"9,345","8,315","1,030",Very Positive,['Action']
3183280,Game of Thrones: Kingsroad,"May 21, 2025",Free To Play,No Discount,Netmarble Neo,Netmarble,"7,866","5,107","2,759",Mostly Positive,"['Action', 'Adventure', 'RPG', 'Free To Play']"
2819590,House Flipper - Dine Out DLC,"Nov 26, 2024",$14.99,$11.24,Frozen Way,Frozen Way,118,87,31,Mostly Positive,"['Casual', 'Indie', 'Simulation']"
1088850,Marvel's Guardians of the Galaxy,"Oct 26, 2021",$59.99,No Discount,Eidos-Montréal,Eidos Interactive Corp.,"44,878","42,094","2,784",Very Positive,"['Action', 'Adventure']"
1067850,Kindergarten 2,"Jul 29, 2019",$14.99,No Discount,Con Man Games,SmashGames,"5,768","5,654",114,Very Positive,"['Adventure', 'Indie']"
24720,SPORE™ Galactic Adventures,"Jun 23, 2009",$19.99,No Discount,EA - Maxis,Electronic Arts,"7,745","6,927",818,Very Positive,"['Action', 'Simulation']"
4058290,Wormies,"Apr 16, 2026",$9.99,No Discount,Maple Bay,Maple Bay,91,91,0,Very Positive,"['Casual', 'Indie']"
2419041,Spirit Island - Jagged Earth,"Feb 29, 2024",$24.99,$14.99,Handelabra Games Inc.,Handelabra Games Inc.,53,51,2,Very Positive,"['Indie', 'Strategy']"
2974330,God of War Ragnarök - Digital Deluxe Edition Upgrade,"Sep 19, 2024",No Price,No Discount,Santa Monica Studio,PlayStation Publishing LLC,73,56,17,Mostly Positive,"['Action', 'Adventure', 'RPG']"
1090850,DCS: F-16C,"Oct 3, 2019",$79.99,No Discount,Eagle Dynamics SA,Eagle Dynamics SA,860,749,111,Very Positive,['Simulation']
2564910,CRYO,"Oct 24, 2025",$14.99,No Discount,Valko Game Studios,Valko Game Studios,512,452,60,Mixed,"['Action', 'Indie', 'Early Access']"
210970,The Witness,"Jan 26, 2016",$39.99,No Discount,"Thekla, Inc.","Thekla, Inc.","21,144","17,843","3,301",Very Positive,"['Adventure', 'Indie']"
506610,Five Nights at Freddy's: Sister Location,"Oct 7, 2016",$7.99,No Discount,Scott Cawthon,Scott Cawthon,"12,581","11,327","1,254",Very Positive,"['Action', 'Indie', 'Simulation']"
1253990,Sid Meier's Civilization® VI: Maya & Gran Colombia Pack,"May 20, 2020",$8.99,No Discount,Firaxis Games,2K,316,142,174,Mixed,['Strategy']
2902740,Draw Steel,"Apr 8, 2026",$19.99,No Discount,Verisim,MCDM,197,194,3,Very Positive,"['Action', 'Adventure', 'RPG', 'Strategy']"
347990,Dream Pack 1,"Mar 11, 2015",$6.99,No Discount,Kunos Simulazioni,505 Games,796,750,46,Very Positive,"['Indie', 'Racing', 'Simulation', 'Sports']"
1042550,Digimon Story Cyber Sleuth: Complete Edition,"Oct 17, 2019",$49.99,No Discount,"h.a.n.d., Inc.",BANDAI NAMCO Entertainment Inc.,"13,109","11,771","1,338",Mostly Positive,['RPG']
3438810,Princess Maker: Children of Revelation,"Jul 3, 2025",$34.99,No Discount,GEAR2,GEAR2,831,712,119,Overwhelmingly Positive,"['Simulation', 'Early Access']"
1122340,Chef Life: A Restaurant Simulator,"Feb 23, 2023",$29.99,$4.49,Cyanide Studio,Nacon,"2,750","2,303",447,Mostly Positive,['Simulation']
3017330,Verho - Curse of Faces,"Nov 10, 2025",$19.99,No Discount,Kasur Games,CobraTekku Games,"1,293","1,194",99,Very Positive,"['Adventure', 'RPG']"
17440,SPORE™ Creepy & Cute Parts Pack,"Dec 19, 2008",$19.99,No Discount,Maxis™,Electronic Arts,"2,186","1,954",232,Very Positive,['Simulation']
493840,Marvel vs. Capcom: Infinite,"Sep 19, 2017",$39.99,No Discount,Capcom,Capcom,"3,443","2,306","1,137",Very Positive,['Action']
1903620,Killer Frequency,"Jun 1, 2023",$29.99,$5.99,Team17,Team17,"6,077","5,660",417,Very Positive,"['Adventure', 'Indie', 'Simulation']"
951240,Obenseuer,"Dec 11, 2018",$19.99,$10.99,Loiste Interactive,Loiste Interactive,"1,733","1,629",104,Very Positive,"['Indie', 'RPG', 'Early Access']"
4037750,Warframe: Nokko Bundle,"Oct 15, 2025",$24.99,$17.49,Digital Extremes,Digital Extremes,19,19,0,Positive,"['Action', 'RPG', 'Free To Play']"
2469400,Dead by Daylight - Nicolas Cage Chapter Pack,"Jul 25, 2023",$9.99,No Discount,Behaviour Interactive Inc.,Behaviour Interactive Inc.,889,793,96,Very Positive,['Action']
2380050,Star Trucker,"Sep 3, 2024",$24.99,No Discount,Monster and Monster,Raw Fury,"5,261","4,137","1,124",Mixed,['Simulation']
495910,Dungeon Fighter Online,"Aug 9, 2016",Free To Play,No Discount,Neople,Neople,"5,708","3,447","2,261",Mostly Negative,"['Action', 'Adventure', 'Massively Multiplayer', 'RPG']"
1253220,The Gold River Project,"Jan 23, 2026",No Price,No Discount,Fairview Games Inc.,Fairview Games Inc.,647,410,237,Mixed,"['Adventure', 'Indie', 'Simulation', 'Early Access']"
1367080,MOBILE SUIT GUNDAM BATTLE OPERATION 2,"May 30, 2023",Free To Play,No Discount,Bandai Namco Forge Digitals Inc.,Bandai Namco Entertainment Inc.,"21,487","4,737","16,750",Mostly Negative,"['Action', 'Free To Play']"
394690,Tower Unite,"Apr 19, 2025",$19.99,No Discount,PixelTail Games,PixelTail Games,"21,773","19,528","2,245",Very Positive,"['Action', 'Adventure', 'Casual', 'Indie']"
1763050,Fears to Fathom - Norwood Hitchhike,"Jan 6, 2022",$4.99,No Discount,Rayll,Rayll,"3,358","2,933",425,Mostly Positive,"['Adventure', 'Casual', 'Indie']"
2105620,Sektori,"Nov 18, 2025",$14.99,No Discount,Kimmo Lahtinen,Kimmo Factor Oy,884,854,30,Very Positive,['Action']
3242950,Outworld Station,"May 5, 2026",$18.99,No Discount,Trickjump Games Ltd,Trickjump Games Ltd,827,703,124,Very Positive,"['Indie', 'Simulation', 'Strategy']"
1284470,Sid Meier's Civilization® VI: Byzantium & Gaul Pack,"Sep 24, 2020",$8.99,No Discount,Firaxis Games,2K,139,81,58,Mixed,['Strategy']
2437670,Dagger Directive,"Jun 3, 2025",No Price,No Discount,Arcane Alpacas LLC,MicroProse Software,665,555,110,Mostly Positive,"['Action', 'Early Access']"
2897580,Idle Hero TD - Tower Defense RPG,"May 3, 2024",Free To Play,No Discount,Swell Games LLC,Swell Games LLC,"1,241","1,031",210,Very Positive,"['Action', 'Casual', 'Indie', 'RPG']"
1275890,Baldi's Basics Plus,"Jun 11, 2020",$9.99,No Discount,Basically Games,"Basically Games, LLC","11,429","11,167",262,Overwhelmingly Positive,"['Action', 'Indie', 'Strategy', 'Early Access']"
3415230,Witchy Business,"Sep 22, 2025",$14.99,$7.49,Rogue Duck Interactive,Rogue Duck Interactive,985,868,117,Mostly Positive,"['Casual', 'Indie', 'RPG', 'Simulation']"
1088090,Day of Dragons,"Dec 4, 2019",$19.99,No Discount,Beawesome Games,Beawesome Games,"7,871","5,129","2,742",Mostly Positive,"['Indie', 'Massively Multiplayer', 'RPG', 'Simulation']"
1283400,Steelrising,"Sep 8, 2022",$59.99,$5.99,Spiders,Nacon,"7,210","5,171","2,039",Mostly Positive,"['Action', 'Adventure', 'RPG']"
3631290,Slots & Daggers,"Oct 24, 2025",$7.99,No Discount,Friedemann,Future Friends Games,"7,454","7,020",434,Very Positive,"['Indie', 'Simulation', 'Strategy']"
4600500,Season 4 Starter Pack - Battlefield™ 6 and REDSEC,"Jul 21, 2026",$4.99,No Discount,Battlefield Studios,Electronic Arts ,10,8,2,Positive,['Action']
304212,Euro Truck Simulator 2 - Scandinavia,"May 6, 2015",$17.99,No Discount,SCS Software,SCS Software,"5,985","5,701",284,Very Positive,"['Indie', 'Simulation']"
944290,Stellaris: MegaCorp,"Dec 6, 2018",$19.99,No Discount,Paradox Development Studio,Paradox Interactive,"1,422",815,607,Mixed,"['Simulation', 'Strategy']"
4349830,Captain of Industry - Trains expanded,"Mar 9, 2026",$9.99,No Discount,MaFi Games,MaFi Games,156,139,17,Very Positive,"['Indie', 'Simulation', 'Strategy']"
985890,Streets of Rage 4,"Apr 30, 2020",$24.99,No Discount,Dotemu,Dotemu,"19,598","18,121","1,477",Very Positive,"['Action', 'Indie']"
2395210,Tony Hawk's™ Pro Skater™ 1 + 2,"Oct 3, 2023",$39.99,No Discount,Vicarious Visions,Activision,"4,640","4,201",439,Very Positive,['Sports']
1880360,Monster Hunter Rise: Sunbreak,"Jun 29, 2022",No Price,No Discount,"CAPCOM Co., Ltd.","CAPCOM Co., Ltd.","6,806","4,303","2,503",Mostly Positive,['Action']
1715130,Crysis Remastered,"Sep 17, 2021",$29.99,No Discount,Crytek,Crytek,"17,558","13,571","3,987",Very Positive,['Action']
2674290,Kings Call,"Dec 25, 2023",Free,No Discount,X Star Game Limited,X Star Game Limited,565,359,206,Mixed,"['Massively Multiplayer', 'RPG', 'Strategy']"
1574900,Salt 2: Shores of Gold,"Nov 12, 2025",$19.99,$9.99,Lavaboots Studios,Lavaboots Studios,"2,346","1,988",358,Mostly Positive,"['Action', 'Adventure', 'Indie', 'RPG']"
2405060,KIBORG,"Apr 30, 2025",$27.88,$15.42,Sobaka Studio,Sobaka Studio,"1,379","1,179",200,Very Positive,"['Action', 'Indie']"
2957720,Neon Inferno,"Nov 19, 2025",No Price,No Discount,Zenovia Interactive,Retroware,407,382,25,Very Positive,['Action']
960990,Beyond: Two Souls,"Jun 18, 2020",No Price,No Discount,Quantic Dream,Quantic Dream,"41,815","36,672","5,143",Very Positive,"['Action', 'Adventure']"
3497800,Bonehold,"Jul 28, 2026",$9.99,$8.99,Pixel Jackal,Pixel Jackal,96,87,9,Very Positive,"['Action', 'Adventure', 'Indie', 'RPG']"
71250,Sonic Adventure DX,"Mar 4, 2011",$7.99,No Discount,SEGA,SEGA,"18,611","17,061","1,550",Very Positive,['None']
2305840,Cat Quest III,"Aug 8, 2024",No Price,No Discount,The Gentlebros,Kepler Interactive,"4,179","3,975",204,Very Positive,"['Action', 'Adventure', 'Indie', 'RPG']"
818320,LEGO® The Incredibles,"Jun 15, 2018",$39.99,$3.99,TT Games,Warner Bros. Interactive Entertainment,"2,547","2,294",253,Very Positive,"['Action', 'Adventure']"
1266700,Destroy All Humans! 2 - Reprobed,"Aug 30, 2022",$39.99,No Discount,Black Forest Games,THQ Nordic,"3,161","2,471",690,Very Positive,"['Action', 'Adventure']"
898750,Super Robot Wars 30,"Oct 27, 2021",$59.99,$14.99,Bandai Namco Forge Digitals Inc.,Bandai Namco Entertainment,"6,470","5,567",903,Mostly Positive,"['RPG', 'Simulation', 'Strategy']"
1663040,Amber Isle,"Oct 10, 2024",$24.99,$6.24,Ambertail Games,Team17,"2,052","1,702",350,Mostly Positive,"['Adventure', 'Casual', 'Indie', 'RPG']"
2441700,UNDERDOGS,"Jan 25, 2024",$29.99,No Discount,One Hamsa,One Hamsa,"2,889","2,814",75,Very Positive,"['Action', 'Adventure', 'Indie', 'Simulation']"
3973840,Spirit Island - Nature Incarnate,"Nov 6, 2025",$22.99,$20.00,Handelabra Games Inc.,Handelabra Games Inc.,23,20,3,Positive,"['Indie', 'Strategy']"
6910,Deus Ex: Game of the Year Edition,"Jun 22, 2000",$6.99,$3.49,Ion Storm,Eidos Interactive Corp.,"15,558","14,752",806,Very Positive,['Action']
680420,OUTRIDERS,"Apr 1, 2021",No Price,No Discount,People Can Fly,Square Enix,"61,237","41,007","20,230",Very Positive,"['Action', 'Adventure', 'RPG']"
3794610,Goblin Vyke: The Thief Tycoon,"Apr 30, 2026",$22.48,$10.92,Art Thieves,Art Thieves,"1,481","1,031",450,Mostly Positive,"['Adventure', 'Indie', 'RPG', 'Simulation']"
517630,Just Cause 4 Reloaded,"Dec 4, 2018",No Price,No Discount,Avalanche Studios,Square Enix,"32,162","19,948","12,214",Mixed,"['Action', 'Adventure']"
872280,Borderlands 2: Commander Lilith & the Fight for Sanctuary,"Jun 9, 2019",$14.99,$4.94,Gearbox Software,2K,"3,837","2,478","1,359",Mixed,"['Action', 'RPG']"
"2054970,2593180,2593190,2593290",Dragon's Dogma 2: Dark Arisen,"Mar 21, 2024",No Price,No Discount,"CAPCOM Co., Ltd.","CAPCOM Co., Ltd.","115,851","71,320","44,531",Mostly Positive,"['Action', 'RPG']"
590380,Into the Breach,"Feb 27, 2018",$14.99,No Discount,Subset Games,Subset Games,"22,158","20,881","1,277",Overwhelmingly Positive,"['Indie', 'RPG', 'Simulation', 'Strategy']"
39120,RIFT,"Oct 24, 2013",Free to Play,No Discount,gamigo US Inc.,gamigo US Inc.,"11,629","8,614","3,015",Mostly Positive,"['Action', 'Adventure', 'Massively Multiplayer', 'RPG']"
3010280,Powerplay,"Jul 29, 2026",No Price,No Discount,Frantic,Frantic,25,22,3,Positive,"['Indie', 'Simulation', 'Strategy', 'Early Access']"
1510,Uplink,"Aug 23, 2006",$11.99,$3.59,Introversion Software,Introversion Software,"2,427","2,203",224,Very Positive,"['Indie', 'Strategy']"
3108510,FlyKnight,"Jan 31, 2025",$5.99,No Discount,Wabbaboy,Wabbaboy,"11,619","11,194",425,Very Positive,"['Action', 'Adventure', 'RPG']"
555950,Danganronpa Another Episode: Ultra Despair Girls,"Jun 27, 2017",$29.99,No Discount,"Spike Chunsoft Co., Ltd.","Spike Chunsoft Co., Ltd.","7,609","6,206","1,403",Mostly Positive,['Action']
1622940,Dead by Daylight - Terror Expansion Pack,"Jun 15, 2021",$24.99,No Discount,Behaviour Interactive Inc.,Behaviour Interactive Inc.,217,161,56,Very Positive,['Action']
2331540,Cult of the Lamb: Heretic Pack,"Apr 24, 2023",$4.99,No Discount,Massive Monster,Devolver Digital,140,136,4,Very Positive,"['Action', 'Adventure', 'Indie', 'Strategy']"
3359740,Hello Kitty Island Adventure - Deluxe Edition,"Jan 30, 2025",No Price,No Discount,Sunblink,Sunblink,109,96,13,Very Positive,"['Action', 'Adventure', 'Casual', 'Indie']"
640820,Pathfinder: Kingmaker — Enhanced Plus Edition,"Sep 25, 2018",$19.99,No Discount,Owlcat Games,Knights Peak,"34,999","27,168","7,831",Mostly Positive,"['Adventure', 'RPG']"
1436950,Sid Meier's Civilization® VI: Vietnam & Kublai Khan Pack,"Jan 28, 2021",$8.99,No Discount,Firaxis Games,2K,139,85,54,Mixed,['Strategy']
1593030,Terra Nil,"Mar 28, 2023",$24.99,No Discount,Free Lives,Devolver Digital,"8,685","7,600","1,085",Very Positive,"['Casual', 'Indie', 'Strategy']"
3463200,MechWarrior 5: Clans - Ghost Bear: Flash Storm,"May 7, 2025",$19.99,No Discount,Piranha Games Inc.,Piranha Games Inc.,485,421,64,Very Positive,"['Action', 'Simulation']"
382310,Eco,"Feb 6, 2018",$29.99,No Discount,Strange Loop Games,Strange Loop Games,"13,999","11,304","2,695",Mixed,"['Adventure', 'Indie', 'Simulation', 'Early Access']"
2656010,Dead by Daylight - Chucky Chapter,"Nov 28, 2023",$4.99,No Discount,Behaviour Interactive Inc.,Behaviour Interactive Inc.,"1,080",852,228,Mostly Positive,['Action']
1140001,Stellaris: Federations,"Mar 17, 2020",$19.99,No Discount,Paradox Development Studio,Paradox Interactive,"1,191",823,368,Mixed,"['Simulation', 'Strategy']"
704850,Thief Simulator,"Nov 9, 2018",$22.39,$17.76,Noble Muffins,PlayWay S.A.,"39,530","34,835","4,695",Very Positive,"['Action', 'Adventure', 'Indie', 'Simulation']"
2394650,Crypt Custodian,"Aug 27, 2024",$19.99,$11.99,Kyle Thompson,Kyle Thompson,"3,084","2,994",90,Very Positive,['Adventure']
2411231,Victoria 3: Sphere of Influence - Expansion,"Jun 24, 2024",$29.99,No Discount,Paradox Development Studio,Paradox Interactive,"1,431","1,047",384,Mostly Positive,"['Simulation', 'Strategy']"
3286930,Heretic + Hexen,"Aug 7, 2025",$14.99,$10.04,id Software,Bethesda Softworks,"1,866","1,771",95,Very Positive,"['Action', 'Adventure', 'RPG']"
3151390,Le Mans Ultimate - 2024 Pack 2,"Sep 24, 2024",$12.99,No Discount,Studio 397,Studio 397,24,20,4,Positive,"['Racing', 'Simulation', 'Sports']"
1899750,Dead by Daylight - Sadako Rising Chapter,"Mar 8, 2022",$7.99,No Discount,Behaviour Interactive Inc.,Behaviour Interactive Inc.,"1,404",915,489,Mostly Positive,['Action']
3902750,Until Then: Afterimages,"Jun 18, 2026",$4.99,No Discount,Polychroma Games,Polychroma Games,899,775,124,Very Positive,"['Adventure', 'Casual', 'Indie']"
803330,Destroy All Humans!,"Jul 28, 2020",$29.99,No Discount,Black Forest Games,THQ Nordic,"11,466","10,588",878,Very Positive,"['Action', 'Adventure']"
2058180,Judgment,"Sep 14, 2022",$39.99,No Discount,RGG Studio,SEGA,"12,015","11,297",718,Very Positive,"['Action', 'Adventure']"
3684610,s.p.l.i.t,"Jul 24, 2025",$2.99,$1.94,Mike Klubnika,Mike Klubnika,"3,754","3,474",280,Very Positive,"['Action', 'Indie', 'Simulation']"
22300,Fallout 3,"Oct 28, 2008",$9.99,$2.49,Bethesda Game Studios,Bethesda Softworks,"22,115","18,020","4,095",Very Positive,['RPG']
"3868650,377160,404090,435870,435880,435881,480630,480631,490650",Fallout 4 - Anniversary Edition,"Nov 10, 2025",$19.99,$15.99,Bethesda Game Studios,Bethesda Softworks,762,175,587,Mostly Negative,['RPG']
2933080,Crime Boss: Rockay City,"Jun 18, 2024",$19.99,No Discount,INGAME STUDIOS,505 Games,"12,086","7,214","4,872",Mixed,['Action']
1147690,NGU IDLE,"Oct 1, 2019",Free To Play,No Discount,4G,4G,"12,892","12,325",567,Very Positive,"['Adventure', 'Indie', 'Simulation', 'Free To Play']"
"1196590,418370,529930,530610,540340,564190,1456360,1731080,530611",Resident Evil 7 Gold Edition & Village Gold Edition,"May 6, 2021",No Price,No Discount,"CAPCOM Co., Ltd.","CAPCOM Co., Ltd.","152,252","145,594","6,658",Overwhelmingly Positive,['Action']
4508570,Veritas Tales: Witch of the Dark Castle,"Jul 8, 2026",No Price,No Discount,ジギタリス出版,15 Industry,201,174,27,Very Positive,"['Adventure', 'Indie', 'RPG']"
2377280,Eriksholm: The Stolen Dream,"Jul 15, 2025",No Price,No Discount,River End Games,Nordcurrent Labs,"2,513","2,386",127,Very Positive,"['Action', 'Adventure', 'Strategy']"
2214820,Atomic Heart - Midas Glove Skin,"Feb 20, 2023",$6.99,No Discount,Mundfish,Focus Entertainment,121,102,19,Very Positive,"['Action', 'Adventure', 'RPG']"
1578650,Citizen Sleeper,"May 5, 2022",$19.99,No Discount,Jump Over The Age,Fellow Traveller,"10,415","9,624",791,Very Positive,"['Adventure', 'Indie', 'RPG']"
3213850,gogh: Focus with Your Avatar,"Apr 30, 2025",$11.99,No Discount,ambr,ambr,"5,336","4,850",486,Very Positive,"['Casual', 'Indie', 'Simulation', 'Free To Play']"
366090,Colony Survival,"Jun 16, 2017",$24.95,No Discount,Pipliz,Pipliz,"8,962","8,255",707,Very Positive,"['Action', 'Adventure', 'Indie', 'Strategy']"
1315750,Total War: WARHAMMER II - The Twisted & The Twilight,"Dec 3, 2020",$9.99,No Discount,CREATIVE ASSEMBLY,Sega,"1,254",867,387,Mostly Positive,"['Action', 'Strategy']"
3153370,"STRAFTAT: Maps, Weapons and Hats","Oct 24, 2024",$6.99,No Discount,Sirius Lemaitre,Sirius Lemaitre,455,451,4,Very Positive,['Action']
1382330,Persona® 5 Strikers,"Feb 22, 2021",$59.99,No Discount,ATLUS,SEGA,"18,108","15,744","2,364",Mixed,"['Action', 'Adventure']"
1857080,The Last Starship,"Feb 3, 2026",No Price,No Discount,Introversion Software,Introversion Software,"1,668","1,261",407,Mostly Positive,"['Indie', 'Simulation', 'Strategy']"
1238080,Burnout™ Paradise Remastered,"Aug 21, 2018",No Price,No Discount,Stellar Entertainment,Electronic Arts,"8,508","5,368","3,140",Mostly Positive,"['Action', 'Adventure', 'Racing']"
1544020,The Callisto Protocol™,"Dec 1, 2022",$59.99,No Discount,Striking Distance Studios,"KRAFTON, Inc.","43,535","28,431","15,104",Mostly Positive,"['Action', 'Adventure']"
2585830,Promise Mascot Agency,"Apr 10, 2025",$24.99,$15.74,Kaizen Game Works,Kaizen Game Works,"2,686","2,589",97,Very Positive,"['Adventure', 'Indie', 'RPG', 'Simulation']"
861650,Session: Skate Sim,"Sep 22, 2022",$39.99,No Discount,crea-ture Studios Inc.,Nacon,"15,811","13,141","2,670",Very Positive,"['Indie', 'Simulation', 'Sports', 'Strategy']"
200510,XCOM: Enemy Unknown,"Oct 8, 2012",$14.99,No Discount,Firaxis Games,2K,"58,494","54,519","3,975",Very Positive,['Strategy']
1647620,Planet Zoo: Africa Pack,"Jun 22, 2021",$9.99,No Discount,Frontier Developments,Frontier Developments,168,153,15,Very Positive,"['Casual', 'Simulation', 'Strategy']"
1227700,Arma 3 Creator DLC: S.O.G. Prairie Fire,"May 6, 2021",$22.99,No Discount,Savage Game Design,Bohemia Interactive,"2,367","1,997",370,Very Positive,"['Action', 'Simulation', 'Strategy']"
265550,Dead Rising 3 Apocalypse Edition,"Sep 5, 2014",$29.99,No Discount,Capcom Game Studio Vancouver,Capcom,"20,514","15,806","4,708",Very Positive,['Action']
2120900,Fears to Fathom - Carson House,"Jan 9, 2023",$4.99,No Discount,Rayll,Rayll,"2,874","2,641",233,Very Positive,"['Adventure', 'Casual', 'Indie']"
821250,Flotsam,"Dec 4, 2025",$24.99,No Discount,Pajama Llama Games,Stray Fawn Publishing,"4,544","3,681",863,Very Positive,"['Indie', 'Simulation', 'Strategy']"
2574900,Total War: WARHAMMER III - Gorbad – Omens of Destruction,"Dec 12, 2024",$8.99,No Discount,CREATIVE ASSEMBLY,SEGA,936,394,542,Mixed,"['Action', 'Strategy']"
3011360,Primordialis,"Jul 2, 2025",No Price,No Discount,Kyler Natividad,Kyler Natividad,974,908,66,Very Positive,"['Action', 'Indie', 'Simulation', 'Early Access']"
581450,Call of Duty®: Black Ops III - Zombies Chronicles,"Jun 15, 2017",$29.99,No Discount,Treyarch,Activision,"2,036","1,839",197,Very Positive,"['Action', 'Adventure']"
3447040,Sora no Kiseki the 1st,"Sep 19, 2025",No Price,No Discount,Nihon Falcom,Clouded Leopard Entertainment,"9,284","9,052",232,Very Positive,['RPG']
2121980,Void Stranger,"Sep 1, 2023",$11.99,No Discount,System Erasure,System Erasure,"3,527","3,219",308,Very Positive,"['Adventure', 'Indie']"
2963880,Murky Divers,"Dec 12, 2024",$8.99,$4.94,Embers,Embers,"5,300","4,644",656,Very Positive,"['Action', 'Adventure', 'Indie']"
4600460,Season 4 Advanced Pack - Battlefield™ 6 and REDSEC,"Jul 21, 2026",$14.99,No Discount,Battlefield Studios,Electronic Arts,5,5,0,5 user reviews,['Action']
2200,Quake III Arena,"Dec 5, 1999",$14.99,$5.99,id Software,Bethesda Softworks,"4,083","3,911",172,Very Positive,['Action']
843380,Super Animal Royale,"Aug 26, 2021",No Price,No Discount,Pixile,Pixile,"44,359","41,245","3,114",Very Positive,"['Action', 'Adventure', 'Casual', 'Indie']"
3569500,Card Shop Simulator Multiplayer,"Jun 17, 2025",No Price,No Discount,ShaneGame,ShaneGame,"2,144","1,804",340,Very Positive,"['Casual', 'Simulation', 'Strategy']"
2095420,Bus Bound,"Apr 30, 2026",$29.99,No Discount,stillalive studios,Saber Interactive Inc.,864,634,230,Mixed,['Simulation']
2997230,Planet of Lana II,"Mar 5, 2026",No Price,No Discount,Wishfully,Thunderful Publishing,964,887,77,Very Positive,"['Action', 'Adventure', 'Indie']"
3948510,ARC Raiders - Upgrade to Deluxe Edition,"Oct 30, 2025",$20.00,No Discount,Embark Studios,Embark Studios,593,503,90,Very Positive,['Action']
4128140,MechWarrior 5: Clans - Wolves of Tukayyid,"Dec 4, 2025",$19.99,No Discount,Piranha Games Inc.,Piranha Games Inc.,287,215,72,Mostly Positive,"['Action', 'Simulation']"
1675830,1000xRESIST,"May 9, 2024",$19.99,No Discount,sunset visitor 斜陽過客,Fellow Traveller,"6,879","6,502",377,Very Positive,"['Adventure', 'Indie']"
498240,Batman - The Telltale Series,"Aug 2, 2016",No Price,No Discount,Telltale,Telltale,"18,090","15,858","2,232",Very Positive,['Adventure']
914800,Coffee Talk,"Jan 29, 2020",No Price,No Discount,Toge Productions,Toge Productions,"12,493","11,832",661,Very Positive,"['Adventure', 'Casual', 'Indie']"
48000,LIMBO,"Aug 2, 2011",No Price,No Discount,Playdead,Playdead,"61,698","56,908","4,790",Very Positive,"['Action', 'Adventure', 'Indie']"
2631430,theHunter: Call of the Wild™ - Labrador Retriever,"Nov 28, 2023",$5.99,$2.99,Expansive Worlds,Avalanche Studios,212,151,61,Mostly Positive,"['Adventure', 'Simulation', 'Sports']"
738540,Tales of Vesperia: Definitive Edition,"Jan 10, 2019",$49.99,$9.99,QLOC,BANDAI NAMCO Entertainment,"4,886","3,966",920,Mostly Positive,['RPG']
3228520,Clair Obscur: Expedition 33 – Deluxe Edition Upgrade,"Apr 24, 2025",$10.99,$8.79,Sandfall Interactive,Kepler Interactive,776,750,26,Overwhelmingly Positive,"['Action', 'RPG']"
1674170,Sprocket,"Aug 26, 2021",$19.99,No Discount,Hamish Dunn,Hamish Dunn,"12,724","11,788",936,Very Positive,"['Action', 'Indie', 'Simulation', 'Early Access']"
4156580,Weed Supermarket Simulator,"Apr 9, 2026",No Price,No Discount,DreamWay Games,PlayWay S.A.,330,298,32,Very Positive,"['Casual', 'Indie', 'Simulation', 'Early Access']"
858210,Nova Drift,"Aug 12, 2024",No Price,No Discount,Chimeric,Pixeljam,"14,554","13,916",638,Very Positive,"['Action', 'Indie']"
4305480,IncreKnight,"Jun 3, 2026",$4.99,No Discount,SUPERita,SUPERita,397,354,43,Very Positive,"['Action', 'Adventure', 'Casual', 'Strategy']"
2719740,Zero Caliber 2 Remastered,"Oct 30, 2025",$24.99,$12.49,XREAL Games,XREAL Games,442,352,90,Very Positive,"['Action', 'Adventure', 'Casual', 'Indie']"
1422440,Cataclismo,"Mar 20, 2025",$29.99,No Discount,Digital Sun,Hooded Horse,"4,254","3,791",463,Very Positive,"['Simulation', 'Strategy']"
2446600,Dark Deity 2,"Mar 24, 2025",$24.99,No Discount,Sword & Axe LLC,indie.io,"1,704","1,525",179,Mostly Positive,"['Adventure', 'Indie', 'RPG', 'Strategy']"
1337520,Risk of Rain Returns,"Nov 8, 2023",$14.99,No Discount,Hopoo Games,Gearbox Publishing,"28,659","25,799","2,860",Very Positive,['Action']
1294760,HARD BULLET,"Oct 22, 2020",$19.99,No Discount,GexagonVR,GexagonVR,"6,507","5,406","1,101",Mixed,"['Action', 'Adventure', 'Indie', 'Simulation']"
3672720,Prison Escape Simulator: Dig Out,"Jul 25, 2025",No Price,No Discount,Digital Melody,PlayWay S.A.,"3,429","2,926",503,Very Positive,"['Action', 'Adventure', 'Casual', 'Indie']"
2920570,Dale & Dawson Stationery Supplies,"Aug 30, 2024",$7.99,No Discount,Striped Panda Studios,Striped Panda Studios,"8,923","8,163",760,Very Positive,"['Casual', 'RPG', 'Strategy']"
1978590,Anger Foot,"Jul 11, 2024",$19.99,No Discount,Free Lives,Devolver Digital,"4,034","3,754",280,Very Positive,"['Action', 'Indie']"
2999850,Two Point Museum: Explorer Upgrade Pack,"Mar 4, 2025",$11.99,No Discount,Two Point Studios,SEGA,54,50,4,Positive,"['Casual', 'Indie', 'Simulation', 'Strategy']"
1722860,Munchkin Digital,"Mar 9, 2023",$14.99,$8.99,Dire Wolf,Dire Wolf,"1,581","1,174",407,Mostly Positive,"['Action', 'Adventure', 'Casual', 'RPG']"
2111630,JR EAST Train Simulator,"Nov 14, 2022",No Price,No Discount,"ONGAKUKAN Co.,Ltd.","EAST JAPAN RAILWAY TRADING CO., LTD.","1,236",946,290,Very Positive,['Simulation']
2675740,Planet Zoo: Eurasia Animal Pack,"Dec 13, 2023",$9.99,No Discount,Frontier Developments,Frontier Developments,77,64,13,Very Positive,"['Casual', 'Simulation', 'Strategy']"
638230,Journey,"Jun 11, 2020",$14.99,No Discount,thatgamecompany,Annapurna Interactive,"38,212","35,955","2,257",Very Positive,"['Adventure', 'Indie']"
4562150,How To Grow a Black Hole,"Jun 23, 2026",$3.99,No Discount,Desolation Digital,Desolation Digital,558,388,170,Mixed,"['Casual', 'Indie', 'Simulation']"
1271700,HOT WHEELS UNLEASHED™,"Sep 30, 2021",$39.99,No Discount,Milestone S.r.l.,Milestone S.r.l.,"7,596","5,983","1,613",Very Positive,['Racing']
3337140,After Inc: Revival,"Jun 17, 2025",$17.99,No Discount,Ndemic Creations,Ndemic Creations,"1,377","1,089",288,Mixed,"['Simulation', 'Strategy', 'Early Access']"
3922100,Forest Doesn’t Care,"Aug 29, 2025",$13.99,No Discount,MOROZ GAMES,MOROZ GAMES,156,108,48,Mixed,"['Adventure', 'Indie', 'Simulation']"
332950,Dark Deception,"Sep 26, 2018",Free,No Discount,Glowstick Entertainment,Glowstick Entertainment,"24,095","21,314","2,781",Very Positive,"['Action', 'Adventure', 'Indie', 'Free To Play']"
239250,Castlevania: Lords of Shadow 2,"Feb 25, 2014",Castlevania: Lords of Shadow 2 Demo,No Discount,MercurySteam,KONAMI,"6,469","5,483",986,Very Positive,"['Action', 'Adventure']"
4216280,Dverghold,"Jul 29, 2026",$16.99,$14.44,Team Sorgarn,AIP,53,53,0,Very Positive,"['RPG', 'Early Access']"
4249140,Dino Crisis 2,"Feb 12, 2026",$9.99,No Discount,"CAPCOM Co., Ltd.","CAPCOM Co., Ltd.",725,635,90,Very Positive,"['Action', 'Adventure']"
274500,Brigador: Up-Armored Edition,"Jun 2, 2016",$24.99,$6.49,Stellar Jockeys,Stellar Jockeys,"5,803","5,411",392,Very Positive,"['Action', 'Indie']"
715560,Eastshade,"Feb 13, 2019",$24.99,No Discount,Eastshade Studios,Eastshade Studios,"5,479","4,885",594,Very Positive,"['Adventure', 'Indie']"
3599690,Funi Raccoon Game,"Mar 13, 2026",No Price,No Discount,Crayon,The Crayon Eating Company,"1,769","1,755",14,Very Positive,"['Action', 'Adventure', 'Casual', 'Indie']"
1413480,Shin Megami Tensei III Nocturne HD Remaster,"May 20, 2021",$49.99,No Discount,ATLUS,SEGA,"5,190","4,529",661,Mostly Positive,['RPG']
1522160,Disney Epic Mickey: Rebrushed,"Sep 24, 2024",No Price,No Discount,Purple Lamp,THQ Nordic,"1,668","1,570",98,Very Positive,"['Action', 'Adventure']"
3931060,MARVEL MaXimum Collection,"Mar 27, 2026",$24.99,No Discount,Limited Run Games,Limited Run Games,112,86,26,Mostly Positive,"['Action', 'Adventure']"
1522090,Stellaris: Nemesis,"Apr 15, 2021",$19.99,No Discount,Paradox Development Studio,Paradox Interactive,"1,863",775,"1,088",Mixed,"['Simulation', 'Strategy']"
2837730,Planet Zoo: Barnyard Animal Pack,"Apr 30, 2024",$9.99,No Discount,Frontier Developments,Frontier Developments,145,105,40,Mixed,"['Casual', 'Simulation', 'Strategy']"
1341160,Infinite Tournament Paintball,"Aug 3, 2020",$14.99,No Discount,FiveTwo Games,FiveTwo Games,536,461,75,Very Positive,"['Action', 'Indie', 'Massively Multiplayer', 'Simulation']"
291650,Pillars of Eternity,"Mar 26, 2015",$29.99,No Discount,Obsidian Entertainment,Xbox Game Studios,"26,048","23,049","2,999",Very Positive,['RPG']
4517460,Total Football Online,"Jun 10, 2026",Free To Play,No Discount,GALA SPORTS ,GALA SPORTS ,984,670,314,Mixed,"['Action', 'Casual', 'Simulation', 'Sports']"
1492070,Sker Ritual,"Apr 18, 2024",$19.99,No Discount,Wales Interactive,Skybound Games,"6,010","4,888","1,122",Mixed,"['Action', 'Adventure', 'Indie']"
913740,WORLD OF HORROR,"Oct 19, 2023",$19.99,No Discount,panstasz,Ysbryd Games,"9,813","8,799","1,014",Mostly Positive,"['Indie', 'RPG']"
4157970,Warframe: The Old Peace Uriel Bundle,"Dec 10, 2025",$19.99,$15.99,Digital Extremes,Digital Extremes,15,15,0,Positive,"['Action', 'RPG', 'Free To Play']"
3112260, Virtua Fighter 5 R.E.V.O. World Stage,"Jan 27, 2025",$19.99,No Discount,RGG Studio,SEGA,"2,287","1,622",665,Mixed,['Action']
2708450,Oh Deer,"Jun 27, 2024",$9.99,No Discount,Cozy Cabin Studios,Cozy Cabin Studios,"2,568","2,183",385,Mostly Positive,"['Action', 'Casual', 'Indie']"
2581950,Tiny Aquarium: Social Fishkeeping,"Jun 23, 2025",$7.49,$5.24,Lunheim Studios,Future Friends Games,"3,654","3,510",144,Very Positive,"['Casual', 'Indie', 'Massively Multiplayer', 'Simulation']"
960910,Heavy Rain,"Jun 18, 2020",No Price,No Discount,Quantic Dream,Quantic Dream,"30,018","25,720","4,298",Very Positive,"['Action', 'Adventure']"
555160,Pavlov,"Dec 4, 2024",$24.99,No Discount,Vankrupt Games,Vankrupt Games,"40,513","35,938","4,575",Mixed,"['Action', 'Indie']"
2140610,The Sims™ 4 For Rent Expansion Pack,"Dec 7, 2023",$39.99,$19.99,Maxis,Electronic Arts,260,83,177,Mostly Negative,"['Casual', 'Simulation']"
282070,This War of Mine,"Nov 14, 2014",$19.99,No Discount,11 bit studios,11 bit studios,"106,401","98,725","7,676",Very Positive,"['Adventure', 'Indie', 'Simulation']"
2881610,Mohrta,"Oct 14, 2025",$19.99,No Discount,Scumhead,Scumhead,"1,507","1,387",120,Very Positive,"['Action', 'Adventure', 'Indie']"
207610,The Walking Dead,"Apr 24, 2012",$14.99,No Discount,Telltale Games,Skybound Games,"80,127","77,981","2,146",Overwhelmingly Positive,['Adventure']
553310,Lethal League Blaze,"Oct 24, 2018",$19.99,No Discount,Team Reptile,Team Reptile,"6,668","6,470",198,Very Positive,"['Action', 'Indie', 'Sports']"
4355590,"Warhammer 40,000: Darktide - Skitarii Class Cosmetic Upgrade","Jun 23, 2026",$7.99,No Discount,Fatshark,Fatshark,124,50,74,Mixed,"['Action', 'Adventure', 'RPG']"
1017900,Age of Empires: Definitive Edition,"Aug 19, 2019",$19.99,No Discount,World's Edge,Xbox Game Studios,"15,563","13,117","2,446",Very Positive,['Strategy']
3511300,Le Mans Ultimate - 2024 Pack 5,"Jun 10, 2025",$12.99,No Discount,Studio 397,Studio 397,49,36,13,Mixed,"['Racing', 'Simulation', 'Sports']"
1110910,Mortal Shell,"Aug 18, 2021",$29.99,No Discount,Cold Symmetry,Playstack,"11,654","7,870","3,784",Mixed,"['Action', 'RPG']"
1584090,Touhou Mystia's Izakaya,"Oct 1, 2021",$5.99,No Discount,二色幽紫蝶,二色幽紫蝶,"33,455","32,779",676,Overwhelmingly Positive,"['Casual', 'Indie', 'RPG', 'Simulation']"
775500,SCARLET NEXUS,"Jun 24, 2021",No Price,No Discount,BANDAI NAMCO Studios Inc.,BANDAI NAMCO Entertainment,"18,130","14,565","3,565",Mixed,"['Action', 'Adventure', 'RPG']"
469600,Legion TD 2 - Multiplayer Tower Defense,"Oct 1, 2021",$24.99,No Discount,AutoAttack Games,AutoAttack Games,"15,210","13,124","2,086",Very Positive,"['Casual', 'Indie', 'Strategy']"
16810,Sid Meier's Civilization IV: Colonization,"Sep 23, 2008",$29.99,$5.99,Firaxis Games,2K,"1,563","1,357",206,Very Positive,['Strategy']
3651190,Jurassic World Evolution 3: Badlands Set,"Oct 21, 2025",$4.99,No Discount,Frontier Developments,Frontier Developments,63,53,10,Very Positive,"['Simulation', 'Strategy']"
2191280,Gurei,"Jul 22, 2026",$15.99,$14.39,Lobo Sagaz studio,Astrolabe Games,234,200,34,Very Positive,"['Action', 'Adventure', 'Indie']"
675010,MudRunner,"Oct 30, 2017",$19.99,No Discount,Saber Interactive,Focus Entertainment,"43,840","40,155","3,685",Very Positive,['Simulation']
1489630,Carrier Command 2,"Aug 10, 2021",$29.99,No Discount,Geometa,MicroProse Software,"3,743","3,052",691,Mostly Positive,"['Action', 'Adventure', 'Simulation', 'Strategy']"
1578390,My Garage,"Jun 2, 2026",$19.99,No Discount,Viking Game Studio,Viking Game Studio,"4,181","3,781",400,Very Positive,"['Indie', 'Racing', 'Simulation']"
2701660,DRAGON QUEST III HD-2D Remake,"Nov 14, 2024",$59.99,No Discount,Square Enix,Square Enix,"4,949","3,836","1,113",Very Positive,['RPG']
2478970,Tomb Raider I-III Remastered Starring Lara Croft,"Feb 13, 2024",$29.99,No Discount,Aspyr,Aspyr,"8,530","7,183","1,347",Very Positive,"['Action', 'Adventure']"
2495450,Winter Memories,"Jan 5, 2024",$19.99,No Discount,Dojin Otome,Kagura Games,"10,536","10,268",268,Overwhelmingly Positive,"['Adventure', 'Casual', 'RPG', 'Simulation']"
3454980,Mortal Kombat: Legacy Kollection,"Oct 29, 2025",$49.99,No Discount,Digital Eclipse,Digital Eclipse,"1,251",781,470,Mostly Positive,['Action']
3920280,Dispatch - Digital Deluxe Edition Upgrade,"Oct 22, 2025",$10.99,No Discount,AdHoc Studio,AdHoc Studio,279,254,25,Very Positive,"['Adventure', 'Casual', 'Indie', 'Strategy']"
1174370,Rust - Instruments Pack,"Dec 5, 2019",$9.99,$4.99,Facepunch Studios,Facepunch Studios,922,839,83,Very Positive,"['Action', 'Adventure', 'Indie', 'Massively Multiplayer']"
936790,Life is Strange: True Colors,"Sep 9, 2021",No Price,No Discount,Deck Nine,Square Enix,"16,798","14,914","1,884",Very Positive,"['Action', 'Adventure']"
1634860,Minishoot' Adventures,"Apr 2, 2024",No Price,No Discount,SoulGame Studio,SoulGame Studio,"8,169","7,982",187,Overwhelmingly Positive,"['Action', 'Adventure', 'Casual', 'RPG']"
3288210,Super Meat Boy 3D,"Mar 31, 2026",$24.99,No Discount,Sluggerfly,Headup,900,798,102,Very Positive,"['Action', 'Indie']"
1568590,Goose Goose Duck,"Oct 3, 2021",Free To Play,No Discount,"Gaggle Studios, Inc.","Gaggle Studios, Inc.","81,663","70,685","10,978",Very Positive,"['Casual', 'Indie', 'Massively Multiplayer', 'Strategy']"
4078870,War Thunder - Su-30MK2 AMV Pack,"Nov 11, 2025",$79.99,No Discount,Gaijin Entertainment,Gaijin Network Ltd,49,32,17,Mixed,"['Action', 'Massively Multiplayer', 'Simulation', 'Free To Play']"
760640,Tennis Elbow 4,"Jan 23, 2026",$29.99,No Discount,Mana Games,Mana Games,"1,110","1,070",40,Very Positive,"['Indie', 'Simulation', 'Sports']"
3983810,The Spike Cross,"Sep 19, 2025",Free To Play,No Discount,SUNCYAN Inc.,SUNCYAN Inc.,"2,826","2,420",406,Very Positive,"['Action', 'Casual', 'Indie', 'Simulation']"
329430,State of Decay: YOSE,"Apr 27, 2015",$19.99,No Discount,Undead Labs,Xbox Game Studios,"13,120","10,811","2,309",Very Positive,"['Action', 'RPG', 'Simulation']"
3539440,Metal Garden,"Mar 21, 2025",$5.99,No Discount,Tinerasoft,Tinerasoft,"4,207","4,069",138,Overwhelmingly Positive,"['Action', 'Adventure', 'Indie']"
1995890,Aerofly FS 4 Flight Simulator,"Jul 4, 2022",$59.99,No Discount,IPACS,IPACS,"1,385","1,236",149,Very Positive,"['Action', 'Indie', 'Racing', 'Simulation']"
3480,Peggle Deluxe,"Feb 27, 2007",No Price,No Discount,"PopCap Games, Inc.","PopCap Games, Inc.","14,225","13,889",336,Overwhelmingly Positive,['Casual']
2314160,Tactical Assault VR,"Mar 26, 2023",$19.99,No Discount,HammerFire Interactive,HammerFire Interactive,"3,748","2,891",857,Mostly Negative,"['Action', 'Simulation', 'Early Access']"
3641780,Abiotic Factor - Supporter's Pack,"Jul 22, 2025",$7.99,No Discount,Deep Field Games,Playstack,647,600,47,Very Positive,"['Action', 'Adventure', 'RPG', 'Simulation']"
3393070,KAIJU NO. 8 THE GAME,"Sep 30, 2025",Free To Play,No Discount,Akatsuki Games Inc.,Akatsuki Games Inc.,"1,176",790,386,Mostly Positive,"['RPG', 'Free To Play']"
831560,WARRIORS OROCHI 4,"Oct 15, 2018",$59.99,$29.99,"KOEI TECMO GAMES CO., LTD.","KOEI TECMO GAMES CO., LTD.","5,600","4,842",758,Mostly Positive,['Action']
1342260,SAMURAI SHODOWN,"Jun 14, 2021",$49.55,$7.42,SNK CORPORATION,SNK CORPORATION,"1,713","1,381",332,Very Positive,['Action']
1192900,IRON REBELLION,"Dec 12, 2024",$24.99,No Discount,Black Beach Studio,Black Beach Studio,849,722,127,Very Positive,"['Action', 'Indie', 'Simulation']"
1700270,Lucky Tower Ultimate,"Apr 16, 2026",$14.99,No Discount,Studio Seufz,AMC Games,"2,352","2,228",124,Overwhelmingly Positive,"['Action', 'Adventure', 'Indie', 'RPG']"
3365540,Space Engineers 2 Pioneer Edition,"Jan 27, 2025",$14.99,No Discount,Keen Software House,Keen Software House,64,61,3,Very Positive,"['Action', 'Indie', 'Simulation', 'Strategy']"
2102040,My Little Puppy,"Nov 6, 2025",$24.99,No Discount,Dreamotion Inc.,Dreamotion Inc.,"4,867","4,752",115,Overwhelmingly Positive,"['Action', 'Adventure', 'Casual', 'Indie']"
560130,Pillars of Eternity II: Deadfire,"May 8, 2018",$19.99,No Discount,Obsidian Entertainment,Versus Evil,"19,980","17,591","2,389",Very Positive,['RPG']
1722870,Clank!,"Oct 21, 2024",$22.99,$16.09,Dire Wolf,Dire Wolf,561,515,46,Very Positive,['Strategy']
2287330,Empire of the Ants,"Nov 6, 2024",No Price,No Discount,Tower Five,Microids,"1,156",874,282,Very Positive,['Strategy']
1491000,War Robots: Frontiers,"Mar 4, 2025",Free To Play,No Discount,MY.GAMES,MY.GAMES,"4,829","3,158","1,671",Mixed,"['Action', 'Simulation', 'Free To Play']"
236430,DARK SOULS™ II,"Apr 25, 2014",$39.99,No Discount,"FromSoftware, Inc.",BANDAI NAMCO Entertainment,"46,684","41,148","5,536",Mostly Positive,"['Action', 'RPG']"
299970,Project Motor Racing,"Nov 25, 2025",$39.99,No Discount,Straight4 Studios,GIANTS Software,"2,452","1,015","1,437",Mostly Positive,"['Racing', 'Simulation']"
242680,Nuclear Throne,"Dec 5, 2015",$11.99,No Discount,Vlambeer,Vlambeer,"19,726","18,939",787,Very Positive,"['Action', 'Indie', 'RPG']"
"239140,302101,325723,325724,347090,435111,436080,436081,436082,748340,748341,1112520,1112521,1174580,1177880,1184350,1241570,1300710,1354960,1468290,1498210,1543420,1647900,1702060,1762700,1822810,1935540,3454290",Dying Light: Definitive 10th Anniversary Edition,"Jan 26, 2015",$24.99,$4.99,Techland,Techland,"498,963","474,776","24,187",Very Positive,"['Action', 'Adventure', 'RPG']"
2909580,Viractal: Will You Trust Your Party?,"Jan 25, 2026",No Price,No Discount,Sting,Sting,478,425,53,Very Positive,"['Adventure', 'Casual', 'Indie', 'RPG']"
2757330,Class of '09: The Flip Side,"Sep 23, 2024",$9.99,No Discount,SBN3,Wrath Club,"3,483","1,999","1,484",Mostly Positive,"['Casual', 'Indie']"
237310,Elsword,"Jul 2, 2014",Free to Play,No Discount,KOG,KOG Games,"9,711","7,097","2,614",Mixed,"['Action', 'Adventure', 'Casual', 'Massively Multiplayer']"
714120,Little Misfortune,"Sep 18, 2019",Little Misfortune Demo,No Discount,Killmonday Games AB,Killmonday Games AB,"14,037","12,961","1,076",Very Positive,"['Adventure', 'Casual', 'Indie']"
3130740,Total War: WARHAMMER III - Golgfag – Omens of Destruction,"Dec 12, 2024",$8.99,No Discount,CREATIVE ASSEMBLY,SEGA,828,491,337,Mixed,"['Action', 'Strategy']"
2903950,Master Detective Archives: RAIN CODE Plus,"Jul 17, 2024",$29.99,No Discount,"Spike Chunsoft Co., Ltd.","Spike Chunsoft Co., Ltd.","2,208","1,780",428,Mostly Positive,"['Action', 'Adventure']"
3252020,Atomfall Story Expansion Pack: The Red Strain,"Sep 16, 2025",$19.99,No Discount,Rebellion,Rebellion,58,41,17,Mostly Positive,"['Action', 'Adventure']"
4174310,Retail Hell,"May 21, 2026",No Price,No Discount,LEAP Game Studios,Midnighters,466,442,24,Very Positive,"['Action', 'Indie', 'Simulation']"
2738630,Dungeons & Dragons Neverwinter Nights 2: Enhanced Edition,"Jul 15, 2025",$29.99,No Discount,Aspyr Media,Aspyr Media,"1,529",722,807,Mostly Negative,"['Action', 'Adventure', 'RPG']"
673610,Airport CEO,"Mar 4, 2021",$24.99,No Discount,Apog Labs,Apog Labs,"8,316","6,914","1,402",Very Positive,"['Indie', 'Simulation', 'Strategy']"
2438680,Airborne Empire,"Apr 17, 2026",$29.99,$14.99,The Wandering Band LLC,Stray Fawn Publishing,907,795,112,Mostly Positive,"['Action', 'Adventure', 'Casual', 'Indie']"
4496660,Assassin's Creed Black Flag Resynced - Map Pack,"Jul 9, 2026",$4.99,No Discount,Ubisoft Singapore,Ubisoft,82,26,56,Mostly Negative,"['Action', 'Adventure']"
1166860,Rival Stars Horse Racing: Desktop Edition,"Jun 24, 2020",$29.99,No Discount,PikPok,PikPok,"5,250","4,820",430,Very Positive,"['Racing', 'Simulation', 'Sports', 'Strategy']"
1227690,Severed Steel,"Sep 17, 2021",$24.99,$2.49,Greylock Studio,Greylock Studio,"10,138","9,668",470,Very Positive,"['Action', 'Indie']"
2788520,Cozy Caravan,"Jan 7, 2026",$19.99,No Discount,5 Lives Studios,5 Lives Studios,"1,360","1,276",84,Very Positive,"['Adventure', 'Casual', 'Indie']"
2890830,Streamer Life Simulator 2,"Feb 5, 2026",$19.99,No Discount,Cheesecake Dev,Cheesecake Dev,"6,952","5,660","1,292",Mostly Positive,"['Indie', 'Simulation']"
1368030,ANNO: Mutationem,"Mar 16, 2022",No Price,No Discount,ThinkingStars,ThinkingStars,"6,587","5,317","1,270",Mixed,"['Action', 'Adventure', 'Indie', 'RPG']"
2719200,SAMURAI WARRIORS 4 DX,"May 13, 2024",$49.99,$29.99,"KOEI TECMO GAMES CO., LTD."," KOEI TECMO GAMES CO., LTD.",507,437,70,Very Positive,['Action']
331670,The Jackbox Party Pack,"Nov 26, 2014",$24.99,No Discount,"Jackbox Games, Inc.","Jackbox Games, Inc.","1,918","1,739",179,Very Positive,"['Casual', 'Indie', 'Strategy']"
1668540,The Legend of Heroes: Trails into Reverie,"Jul 7, 2023",$59.99,No Discount,Nihon Falcom,"NIS America, Inc.","1,221","1,152",69,Very Positive,['RPG']
2700600,Assetto Corsa Competizione - GT2 Pack,"Jan 24, 2024",$17.99,No Discount,Kunos Simulazioni,505 Games,101,90,11,Very Positive,"['Racing', 'Simulation', 'Sports']"
1718870,Spaceflight Simulator,"Feb 17, 2022",$14.99,No Discount,Team Curiosity ✦,Team Curiosity ✦,"9,611","9,304",307,Overwhelmingly Positive,"['Indie', 'Simulation', 'Early Access']"
245170,Skullgirls 2nd Encore,"Aug 22, 2013",$24.99,No Discount,Hidden Variable Studios,Autumn Games,"41,616","30,444","11,172",Very Positive,"['Action', 'Indie']"
3985670,UBOAT - Type IX: Distant Coasts,"Apr 17, 2026",$16.99,No Discount,Deep Water Studio,PlayWay S.A.,467,231,236,Mostly Negative,"['Action', 'Indie', 'RPG', 'Simulation']"
4450800,Idols of Ash,"Apr 9, 2026",$2.99,No Discount,Leafy Games,Leafy Games,"3,150","3,070",80,Overwhelmingly Positive,"['Adventure', 'Indie', 'Simulation']"
986850,theHunter: Call of the Wild™ - Parque Fernando,"Dec 13, 2018",$7.99,$3.99,Expansive Worlds,Expansive Worlds,367,224,143,Mixed,"['Adventure', 'Simulation', 'Sports']"
1150640,Yu-Gi-Oh! Legacy of the Duelist : Link Evolution,"Mar 24, 2020",$39.99,No Discount,Other Ocean Emeryville,KONAMI,"4,865","4,022",843,Very Positive,['Simulation']
1833200,DuneCrawl,"Jan 5, 2026",$19.99,No Discount,Alientrap,Alientrap,640,485,155,Very Positive,"['Action', 'Adventure', 'Indie', 'RPG']"
438640,LEGO® STAR WARS™: The Force Awakens,"Jun 27, 2016",$19.99,$3.99,Traveller's Tales,Warner Bros. Interactive Entertainment,"7,036","5,875","1,161",Mixed,"['Action', 'Adventure']"
4496490,Assassin's Creed Black Flag Resynced - Master Assassin Character Pack,"Jul 9, 2026",$9.99,No Discount,Ubisoft Singapore,Ubisoft,13,7,6,Mixed,"['Action', 'Adventure']"
2091330,The Long Dark: Tales from the Far Territory,"Dec 5, 2022",$19.99,No Discount,Hinterland Studio Inc.,Hinterland Studio Inc.,"1,736","1,253",483,Mostly Positive,"['Adventure', 'Indie', 'Simulation', 'Strategy']"
674140,Bugsnax,"Apr 28, 2022",$24.99,No Discount,Young Horses,Young Horses,"9,369","9,127",242,Overwhelmingly Positive,"['Action', 'Adventure', 'Casual', 'Indie']"
4834070,Don't Sleep With The Fishes,"Jun 26, 2026",$1.99,No Discount,Taiki,DopplerGhost,624,592,32,Very Positive,"['Adventure', 'Indie']"
987840,Expeditions: Rome,"Jan 20, 2022",$44.99,No Discount,Logic Artists,THQ Nordic,"6,702","5,859",843,Very Positive,"['RPG', 'Strategy']"
235600,Tom Clancy’s Splinter Cell Blacklist,"Aug 20, 2013",$19.99,No Discount,Ubisoft Toronto,Ubisoft,"21,556","16,977","4,579",Mostly Positive,"['Action', 'Adventure']"
872410,ROMANCE OF THE THREE KINGDOMS XIV,"Jan 15, 2020",No Price,No Discount,"KOEI TECMO GAMES CO., LTD.","KOEI TECMO GAMES CO., LTD.","15,897","10,030","5,867",Mixed,['Simulation']
2277860,Stellaris: First Contact Story Pack,"Mar 14, 2023",$14.99,No Discount,Paradox Development Studio,Paradox Interactive,599,263,336,Mixed,"['Simulation', 'Strategy']"
3796270,Cosmetic Pack - Hearts of Iron IV: Warships of the Pacific,"Mar 17, 2026",$4.99,No Discount,Paradox Development Studio,Paradox Interactive,112,57,55,Mixed,"['Simulation', 'Strategy']"
3133060,Gnomes,"Apr 4, 2025",No Price,No Discount,DYSTOPIAN,DYSTOPIAN,"1,785","1,698",87,Very Positive,"['Casual', 'Indie', 'Strategy']"
2141580,Age of Empires II: Definitive Edition - Return of Rome,"May 16, 2023",$14.99,No Discount,World's Edge,Xbox Game Studios,"1,966",967,999,Mostly Negative,['Strategy']
874390,The Battle of Polytopia,"Aug 4, 2020",$14.99,No Discount,Midjiwan AB,Midjiwan AB,"5,962","5,600",362,Very Positive,"['Action', 'Adventure', 'Casual', 'Indie']"
4216130,Deep Rock Galactic: Rogue Core - Supporter Upgrade,"May 20, 2026",$14.99,No Discount,Ghost Ship Games,Coffee Stain Publishing,77,74,3,Very Positive,['Action']
1184050,Gears Tactics,"Apr 28, 2020",$29.99,No Discount,Splash Damage,Xbox Game Studios,"7,656","5,735","1,921",Mixed,['Strategy']
1624540,Storyteller,"Mar 23, 2023",$14.99,No Discount,Daniel Benmergui,Annapurna Interactive,"9,052","8,020","1,032",Overwhelmingly Positive,['Adventure']
3875050,MotoGP™26,"Apr 29, 2026",$59.99,$41.99,Milestone S.r.l.,Milestone S.r.l.,306,199,107,Mixed,"['Racing', 'Simulation', 'Sports']"
311770,LEGO® Pirates of the Caribbean: The Video Game,"May 24, 2011",$19.99,No Discount,Traveller's Tales,Disney,"5,699","5,187",512,Very Positive,"['Action', 'Adventure']"
3259470,Papa's Pizzeria Deluxe,"Nov 19, 2024",$5.99,No Discount,Flipline Studios,Flipline Studios,"3,660","3,612",48,Very Positive,"['Action', 'Casual', 'Indie', 'Simulation']"
716670,Stellaris: Apocalypse,"Feb 22, 2018",$19.99,No Discount,Paradox Development Studio,Paradox Interactive,"1,796","1,162",634,Mixed,"['Simulation', 'Strategy']"
3635260,﻿The Desert Armor Set,"Jun 27, 2025",$8.99,No Discount,The Fun Pimps,The Fun Pimps,255,231,24,Mixed,"['Action', 'Adventure', 'Indie', 'RPG']"
1090200,Destiny 2: Shadowkeep Pack,"Oct 1, 2019",$9.99,$0.99,Bungie,Bungie,"5,227","1,723","3,504",Mostly Negative,"['Action', 'Adventure']"
2467880,Fading Echo,"Jul 21, 2026",No Price,No Discount,Emeteria,New Tales,103,99,4,Very Positive,"['Action', 'Adventure', 'Indie']"
324160,CLANNAD,"Apr 28, 2004",$44.99,No Discount,VisualArts/Key,Sekai Project,"10,843","10,672",171,Very Positive,"['Adventure', 'Casual']"
2915460,OneShot: World Machine Edition,"Sep 30, 2024",No Price,No Discount,Future Cat LLC,KOMODO,"5,520","5,442",78,Overwhelmingly Positive,"['Adventure', 'Casual', 'Indie']"
2384550,VTube Studio - VNet Multiplayer Collab,"Apr 24, 2023",$19.99,No Discount,DenchiSoft,DenchiSoft,53,43,10,Positive,"['Indie', 'Animation & Modeling', 'Video Production']"
404012,Total War: WARHAMMER - Call of the Beastmen,"Jul 28, 2016",$18.99,No Discount,CREATIVE ASSEMBLY,SEGA,"1,581",875,706,Mixed,"['Action', 'Strategy']"
2208350,Total Chaos,"Nov 20, 2025",No Price,No Discount,Trigger Happy Interactive,Apogee Entertainment,"1,594","1,389",205,Very Positive,"['Action', 'Adventure', 'Indie']"
2459550,Emberward,"Jun 25, 2024",No Price,No Discount,Refic Games,Refic Games,"3,802","3,685",117,Very Positive,"['Action', 'Adventure', 'Indie', 'RPG']"
3244810,theHunter: Call of the Wild™ - Salzwiesen Park,"Dec 3, 2024",$6.99,$3.49,Expansive Worlds,Avalanche Studios,204,134,70,Mixed,"['Adventure', 'Simulation', 'Sports']"
1335830,Len's Island,"Jun 19, 2025",$24.99,No Discount,Flow Studio,Flow Studio,"7,862","6,268","1,594",Mostly Positive,"['Action', 'Adventure', 'Indie', 'RPG']"
228200,Company of Heroes,"Sep 11, 2006",$19.99,$3.99,Relic Entertainment,Relic Entertainment,"18,635","17,565","1,070",Very Positive,"['Action', 'Strategy']"
2383200,PATAPON 1+2 REPLAY,"Jul 10, 2025",$29.99,No Discount,"SAS CO.,LTD.",Bandai Namco Entertainment Inc.,"2,329","1,951",378,Very Positive,"['Action', 'Adventure', 'RPG']"
2739630,of the Devil,"Feb 6, 2025",Free To Play,No Discount,nth Circle Studios,nth Circle Studios,"2,509","2,483",26,Very Positive,"['Adventure', 'Indie']"
1056760,Euro Truck Simulator 2 - Road to the Black Sea,"Dec 5, 2019",$17.99,No Discount,SCS Software,SCS Software,"3,697","3,184",513,Mixed,"['Indie', 'Simulation']"
2937310,Tidal Nexus Online,"Aug 3, 2026",Free To Play,No Discount,Riptide Interactive,Riptide Interactive,57,30,27,Mixed,"['Action', 'Indie', 'Massively Multiplayer', 'RPG']"
412830,STEINS;GATE,"Sep 8, 2016",$29.99,No Discount,MAGES. Inc.,"Spike Chunsoft Co., Ltd.","26,527","25,751",776,Overwhelmingly Positive,['Adventure']
1200349,Fishing Planet: Congo Discovery Pack,"Nov 30, 2021",$39.99,No Discount,Fishing Planet LLC,Fishing Planet LLC,144,127,17,Very Positive,"['Massively Multiplayer', 'Simulation', 'Sports', 'Free To Play']"
708770,ARK: Aberration - Expansion Pack,"Dec 12, 2017",No Price,No Discount,Studio Wildcard,Studio Wildcard,"3,975","3,119",856,Mostly Positive,"['Action', 'Adventure', 'Indie', 'Massively Multiplayer']"
12140,Max Payne,"Jul 25, 2001",$9.99,No Discount,Remedy Entertainment,Rockstar Games,"15,753","13,984","1,769",Mostly Positive,['Action']
3774330,Medieval Dynasty - Echoes of Nature,"Jun 26, 2025",$4.99,No Discount,Render Cube,Toplitz Productions,91,76,15,Very Positive,"['Action', 'Adventure', 'Indie', 'RPG']"
969990,SpongeBob SquarePants: Battle for Bikini Bottom - Rehydrated,"Jun 23, 2020",$29.99,No Discount,Purple Lamp,THQ Nordic,"18,132","17,035","1,097",Very Positive,"['Action', 'Adventure', 'Casual']"
3054690,NORSE: Oath of Blood,"Feb 17, 2026",$34.99,$23.44,Arctic Hazard,Tripwire Presents,"2,801","1,588","1,213",Very Positive,"['RPG', 'Strategy']"
2887680,Vampire Survivors: Operation Guns,"May 9, 2024",$2.49,No Discount,poncle,poncle,592,541,51,Very Positive,"['Action', 'Casual', 'Indie', 'RPG']"
683320,GRIS,"Dec 13, 2018",$14.99,No Discount,Nomada Studio,Devolver Digital,"95,911","92,123","3,788",Very Positive,"['Adventure', 'Indie']"
1147100,Conan Exiles Enhanced - Debaucheries of Derketo Pack,"Oct 8, 2019",$9.99,No Discount,Funcom,Funcom,209,135,74,Mixed,"['Action', 'Adventure', 'Massively Multiplayer', 'RPG']"
302510,Ryse: Son of Rome,"Oct 10, 2014",$9.99,No Discount,Crytek,Crytek ,"44,842","39,044","5,798",Very Positive,['Action']
3030720,FATE: Reawakened,"Mar 12, 2025",$24.99,No Discount,gamigo US Inc.,gamigo US Inc.,777,571,206,Mostly Positive,"['Action', 'Adventure', 'RPG']"
3065030,The Caribou Trail,"May 14, 2026",No Price,No Discount,Unreliable Narrators,Unreliable Narrators,608,554,54,Very Positive,"['Action', 'Adventure', 'Casual', 'Indie']"
3500880,Tavern Talk 2: Dreamwalker,"Jun 9, 2026",No Price,No Discount,Gentle Troll Entertainment,Gentle Troll Entertainment,89,83,6,Very Positive,"['Adventure', 'Casual', 'Indie', 'Simulation']"
626690,Sword Art Online: Fatal Bullet,"Feb 23, 2018",$19.99,No Discount,Dimps Corporation,BANDAI NAMCO Entertainment,"19,502","15,378","4,124",Very Positive,"['Action', 'RPG']"
269210,Hero Siege,"Jan 29, 2014",$7.99,No Discount,Panic Art Studios Ltd,Panic Art Studios Ltd,"46,918","31,505","15,413",Mixed,"['Action', 'Adventure', 'Indie', 'Massively Multiplayer']"
1556790,Isonzo,"Sep 13, 2022",$39.99,$9.99,BlackMill Games,BlackMill Games,"17,117","14,200","2,917",Very Positive,"['Action', 'Indie', 'Massively Multiplayer', 'Simulation']"
587620,Okami HD,"Dec 12, 2017",$19.99,No Discount,"CAPCOM Co., Ltd.","CAPCOM Co., Ltd.","10,672","9,818",854,Very Positive,['Adventure']
3045200,Beatblock,"Sep 26, 2025",$14.99,No Discount,BubbleTabby,SKY HOUR WORKS,"1,197","1,167",30,Very Positive,"['Action', 'Indie', 'Simulation', 'Early Access']"
"21000,213330,313690",LEGO Batman Trilogy,"Sep 29, 2008",$19.99,$2.99,Traveller's Tales,Warner Bros. Interactive Entertainment,"16,207","14,510","1,697",Very Positive,"['Action', 'Adventure']"
1171690,Wayfinder,"Oct 21, 2024",$24.99,No Discount,Airship Syndicate,Airship Syndicate,"26,556","15,918","10,638",Mostly Positive,"['Action', 'Adventure', 'RPG']"
774241,Warhammer: Chaosbane,"May 31, 2019",$29.99,$1.49,Eko Software,Nacon,"6,420","3,746","2,674",Mixed,"['Action', 'Adventure', 'RPG']"
1636440,SILENT HILL: Townfall,"Sep 23, 2026",$49.99,No Discount,Screen Burn,KONAMI,0,0,0,"['Action', 'Adventure']",
1718460,Terminator 2D: NO FATE,"Dec 12, 2025",$29.99,No Discount,Bitmap Bureau,Reef Entertainment,"1,495","1,264",231,Very Positive,['Action']
1357860,Fuga: Melodies of Steel,"Jul 28, 2021",No Price,No Discount,CyberConnect2,CyberConnect2,"1,265","1,184",81,Very Positive,"['RPG', 'Simulation', 'Strategy']"
4018550,Cat Isle,"Jul 20, 2026",No Price,No Discount,domkegames,domkegames,127,125,2,Very Positive,"['Casual', 'Indie', 'Simulation', 'Strategy']"
799600,Cosmoteer: Starship Architect & Commander,"Oct 24, 2022",No Price,No Discount,Walternate Realities,Walternate Realities,"12,783","12,063",720,Very Positive,"['Simulation', 'Strategy', 'Early Access']"
4159030,Medieval Dynasty - Exquisite Pack,"Dec 5, 2025",$4.99,No Discount,Render Cube,Toplitz Productions,25,23,2,Positive,"['Action', 'Adventure', 'Indie', 'RPG']"
32330,LEGO® Indiana Jones™: The Original Adventures,"Jun 3, 2008",$19.99,No Discount,Traveller's Tales,LucasArts,"4,386","3,861",525,Very Positive,"['Action', 'Adventure']"
252530,OMSI 2: Steam Edition,"Dec 11, 2013",$29.99,No Discount,MR-Software GbR,Aerosoft GmbH,"14,771","12,640","2,131",Very Positive,"['Casual', 'Simulation']"
1061910,Metal: Hellsinger,"Sep 15, 2022",No Price,No Discount,The Outsiders,Funcom,"16,951","16,240",711,Very Positive,"['Action', 'Adventure']"
2320,Quake II,"Nov 11, 1997",$9.99,$3.99,id Software,Bethesda Softworks,"10,261","9,782",479,Very Positive,['Action']
3551190,The Last Salvage Squad,"Jun 17, 2026",No Price,No Discount,Sunfish Kumano,Waku Waku Games,451,444,7,Very Positive,['Action']
2825860,The Sinking City 2,"Aug 18, 2026",$49.99,No Discount,Frogwares,Frogwares,0,0,0,"['Action', 'Adventure']",
4249150,Breath of Fire IV,"Apr 1, 2026",$9.99,No Discount,"CAPCOM Co., Ltd.","CAPCOM Co., Ltd.",602,452,150,Mixed,"['Adventure', 'RPG']"
38400,Fallout: A Post Nuclear Role Playing Game,"Sep 30, 1997",$9.99,$2.49,Interplay Inc.,Bethesda Softworks,"25,029","23,588","1,441",Very Positive,['RPG']
4268470,Rosalie,"Mar 21, 2026",$6.99,No Discount,Articho Games,Articho Games,277,258,19,Very Positive,"['Action', 'Adventure', 'Casual', 'Indie']"
2015880,Cult of the Lamb: Cultist Pack,"Aug 11, 2022",$4.99,No Discount,Massive Monster,Devolver Digital,312,285,27,Very Positive,"['Action', 'Adventure', 'Indie', 'Strategy']"
887380,ARK: Extinction - Expansion Pack,"Nov 6, 2018",No Price,No Discount,Studio Wildcard,Snail Games USA,"3,317","2,431",886,Mixed,"['Action', 'Adventure', 'Indie', 'Massively Multiplayer']"
2630,Call of Duty® 2,"Oct 25, 2005",$19.99,No Discount,Infinity Ward,Activision,"11,465","10,738",727,Very Positive,['Action']
2396990,Fate/hollow ataraxia REMASTERED,"Aug 6, 2025",$29.99,No Discount,TYPE-MOON,Aniplex Inc.,"1,078","1,045",33,Very Positive,['Adventure']
1812090,Escape Academy,"Jul 13, 2022",$19.99,No Discount,Coin Crew Games,iam8bit Presents,"1,340","1,168",172,Mostly Positive,['Adventure']
1663220,Coffee Talk Episode 2: Hibiscus & Butterfly,"Apr 20, 2023",No Price,No Discount,Toge Productions,Toge Productions,"2,757","2,664",93,Very Positive,"['Adventure', 'Casual', 'Indie', 'Simulation']"
287980,Mini Metro,"Nov 6, 2015",$9.99,No Discount,Dinosaur Polo Club,Dinosaur Polo Club,"16,692","16,027",665,Very Positive,"['Indie', 'Simulation', 'Strategy']"
3308200,Tombwater,"Mar 31, 2026",No Price,No Discount,Moth Atlas,Midwest Games,270,251,19,Very Positive,"['Action', 'Adventure', 'Indie', 'RPG']"
1270580,Mind Over Magic,"Feb 12, 2025",$24.99,No Discount,Sparkypants,Klei Publishing,"4,453","3,864",589,Very Positive,['Simulation']
2922530,Fishing Planet: Ocean Voyager Pack,"Jun 5, 2024",$39.99,No Discount,Fishing Planet LLC,Fishing Planet LLC,52,23,29,Mixed,"['Massively Multiplayer', 'Simulation', 'Sports', 'Free To Play']"
2076140,Tavern Talk - A Cozy Visual Novel,"Jun 20, 2024",No Price,No Discount,Gentle Troll Entertainment,Gentle Troll Entertainment,"1,754","1,556",198,Mixed,"['Adventure', 'Casual', 'Indie', 'Simulation']"
241930,Middle-earth™: Shadow of Mordor™,"Sep 30, 2014",$19.99,No Discount,Monolith Productions,Warner Bros. Interactive Entertainment,"96,703","89,464","7,239",Very Positive,['None']
1552550,Castlevania Advance Collection,"Sep 23, 2021",$19.99,No Discount,KONAMI,KONAMI,"2,495","2,284",211,Very Positive,['Action']
3181650,MINOS,"Apr 9, 2026",$17.99,No Discount,Artificer,Devolver Digital,578,514,64,Mostly Positive,"['Action', 'Adventure', 'RPG', 'Simulation']"
1944040,goblinAmerica,"Jun 17, 2026",No Price,No Discount,Gil Lawson,Gil Lawson,171,164,7,Very Positive,"['Action', 'Indie', 'Early Access']"
1147560,Skul: The Hero Slayer,"Jan 20, 2021",$19.99,No Discount,SOUTHPAW GAMES,NEOWIZ,"57,475","53,600","3,875",Very Positive,"['Action', 'Indie']"
2234150,BACKROOMS: APPREHENSION,"Aug 14, 2025",$2.99,No Discount,DMNT Interactive,DMNT Interactive,"1,570","1,313",257,Very Positive,"['Action', 'Adventure', 'Indie']"
4103450,Guild Wars® Eye of the North™,"Dec 3, 2025",$9.99,No Discount,ArenaNet®,ArenaNet®,143,63,80,Mixed,"['Action', 'Adventure', 'Massively Multiplayer', 'RPG']"
1148760,I Was a Teenage Exocolonist,"Aug 25, 2022",$24.99,No Discount,Northway Games,Finji,"4,750","4,575",175,Very Positive,"['Indie', 'RPG', 'Simulation']"
1716120,Monster Rancher 1 & 2 DX,"Dec 8, 2021",$29.99,$19.49,"KOEI TECMO GAMES CO., LTD.","KOEI TECMO GAMES CO., LTD.","1,136","1,027",109,Very Positive,"['RPG', 'Simulation']"
314160,Microsoft Flight Simulator X: Steam Edition,"Oct 16, 2006",$24.99,No Discount,Microsoft Game Studios,Xbox Game Studios,"26,429","22,888","3,541",Very Positive,['Simulation']
1067690,Battle Brothers - Warriors of the North,"May 9, 2019",$9.99,No Discount,Overhype Studios,Hooded Horse,332,304,28,Very Positive,"['Indie', 'RPG', 'Strategy']"
1340480,The Cosmic Wheel Sisterhood,"Aug 16, 2023",No Price,No Discount,Deconstructeam,Devolver Digital,"6,231","5,814",417,Very Positive,"['Adventure', 'Indie']"
2214826,Atomic Heart - Digital Artbook,"Feb 20, 2023",$6.99,No Discount,Mundfish,Focus Entertainment,99,84,15,Very Positive,"['Action', 'Adventure', 'RPG']"
4427420,TBH : Task Bar Hero - Hunter (Class),"May 27, 2026",$4.99,$3.74,Nugem Studio,Nugem Studio,118,53,65,Mixed,"['Casual', 'Indie', 'RPG', 'Free To Play']"
1016950,Blood Bowl 3,"Feb 23, 2023",$29.99,No Discount,Cyanide Studio,Slitherine Ltd.,"5,639","2,796","2,843",Mixed,"['Sports', 'Strategy']"
326460,ShellShock Live,"May 22, 2020",$9.99,No Discount,kChamp Games,kChamp Games,"35,577","33,075","2,502",Very Positive,"['Action', 'Casual', 'Indie', 'Massively Multiplayer']"
475550,Beholder,"Nov 9, 2016",$13.99,No Discount,Alawar Stargaze (Warm Lamp Games),Alawar,"30,919","28,343","2,576",Very Positive,"['Adventure', 'Indie', 'Strategy']"
3640430,Worlds Upon The Wind,"Jul 23, 2026",No Price,No Discount,Max Shawabkeh,Max Shawabkeh,147,146,1,Very Positive,"['Indie', 'Strategy']"
346900,AdVenture Capitalist,"Mar 30, 2015",Free To Play,No Discount,Hyper Hippo Games,Hyper Hippo Games,"60,346","52,862","7,484",Very Positive,"['Casual', 'Indie', 'Free To Play']"
2701440,PARANORMASIGHT: The Mermaid's Curse,"Feb 19, 2026",$24.99,No Discount,Square Enix,Square Enix,"2,518","2,392",126,Very Positive,"['Adventure', 'RPG', 'Simulation']"
2443770,Will You Wheel?,"Nov 29, 2023",$9.99,No Discount,Noon Games,Noon Games,382,305,77,Very Positive,"['Adventure', 'Casual', 'Indie', 'Racing']"
2365810,Pseudoregalia,"Jul 28, 2023",$5.99,No Discount,rittzler,rittzler,"18,657","18,055",602,Overwhelmingly Positive,"['Action', 'Adventure', 'Indie']"
512540,ARK: Scorched Earth - Expansion Pack,"Sep 1, 2016",No Price,No Discount,Studio Wildcard,Studio Wildcard,"5,282","4,168","1,114",Mostly Positive,"['Action', 'Adventure', 'Indie', 'Massively Multiplayer']"
1235740,The Sims™ 4 Spa Day Game Pack,"Jul 14, 2015",$19.99,$13.99,Maxis,Electronic Arts,59,40,19,Mixed,['Simulation']
882140,Reentry - A Space Flight Simulator,"Nov 7, 2025",$34.99,No Discount,Lyra Creative,Lyra Creative,"1,336","1,295",41,Very Positive,"['Adventure', 'Indie', 'Simulation', 'Strategy']"
2393970,Human Host,"Apr 5, 2026",$16.88,No Discount,Virtual Matrix Studio,Virtual Matrix Studio,524,426,98,Mostly Positive,"['Action', 'Adventure', 'Indie', 'RPG']"
2370000,Lumines Arise,"Nov 11, 2025",$39.99,$29.99,Enhance,Enhance,916,865,51,Very Positive,"['Action', 'Casual', 'Indie']"
4135750,FEED THE QUEEN,"May 25, 2026",$7.99,No Discount,Quiétude,Quiétude,569,397,172,Mixed,['Strategy']
3576870,Blossom: The Seed of Life,"Mar 9, 2026",$25.58,$14.78,Pebbledust Games,Pretty Soon,997,881,116,Very Positive,"['Adventure', 'Indie']"
846770,DYSMANTLE,"Nov 16, 2021",$19.99,No Discount,10tons Ltd,10tons Ltd,"11,558","10,480","1,078",Very Positive,"['Action', 'Adventure', 'Indie', 'RPG']"
2717880,The Rogue Prince of Persia,"Aug 20, 2025",$29.99,No Discount,Evil Empire,Ubisoft,"2,747","2,471",276,Very Positive,"['Action', 'Adventure']"
4666090,Midnight Moments,"Jul 30, 2026",$2.99,$2.69,Happy Volcano,Happy Volcano,41,40,1,Positive,['Casual']
2967990,Train Sim World® 5,"Sep 17, 2024",$39.99,No Discount,Dovetail Games,Dovetail Games - TSW,"5,225","4,120","1,105",Mostly Positive,['Simulation']
404430,Assetto Corsa - Dream Pack 2,"Oct 8, 2015",$6.99,No Discount,Kunos Simulazioni,505 Games,328,299,29,Very Positive,"['Indie', 'Racing', 'Simulation', 'Sports']"
2401830,Age of Wonders 4: Empires & Ashes,"Nov 7, 2023",$19.99,No Discount,Triumph Studios,Paradox Interactive,238,192,46,Very Positive,['Strategy']
2144600,Eterspire,"Jun 4, 2026",Free To Play,No Discount,Stonehollow Workshop,Stonehollow Workshop,"1,340","1,018",322,Mostly Positive,"['Action', 'Adventure', 'Indie', 'Massively Multiplayer']"
1861610,Endorphin Vice,"Feb 17, 2022",$9.99,No Discount,Endorphin Studios,Endorphin Studios,"3,443","1,942","1,501",Mixed,"['Action', 'Casual', 'Indie', 'Simulation']"
3088070,Dark Light: Survivor,"May 14, 2026",$16.99,No Discount,Mirari&Co.,Mirari&Co.,316,244,72,Mostly Positive,"['Action', 'Adventure', 'RPG', 'Early Access']"
955900,Amazing Cultivation Simulator,"Nov 24, 2020",$24.99,No Discount,GSQ Games,GSQ Games,"23,587","20,192","3,395",Very Positive,['None']
4538560,Throne and Liberty Nix Celebration Pack: Gold,"Jun 25, 2026",$99.99,No Discount,NC,Amazon Game Studios,0,0,0,"['Action', 'Adventure', 'Massively Multiplayer', 'RPG']",
531130,Euro Truck Simulator 2 - Vive la France !,"Dec 5, 2016",$17.99,No Discount,SCS Software,SCS Software,"2,493","2,294",199,Very Positive,"['Indie', 'Simulation']"
1999360,Placid Plastic Duck Simulator,"Jul 6, 2022",$1.99,No Discount,turbolento games,turbolento publishing,"20,074","19,591",483,Overwhelmingly Positive,"['Casual', 'Simulation']"
423630,Assetto Corsa - Dream Pack 3,"Dec 15, 2015",$6.99,No Discount,Kunos Simulazioni,505 Games,224,209,15,Very Positive,"['Indie', 'Racing', 'Simulation', 'Sports']"
2174380,Call of the Elder Gods,"May 12, 2026",$24.99,No Discount,Out of the Blue Games,Kwalee,340,312,28,Mostly Positive,"['Adventure', 'Indie']"
17410,Mirror's Edge™,"Jan 13, 2009",No Price,No Discount,DICE,Electronic Arts,"39,280","34,449","4,831",Very Positive,"['Action', 'Adventure']"
427290,Vampyr,"Jun 4, 2018",$39.99,No Discount,DONTNOD Entertainment,Focus Entertainment,"25,037","19,393","5,644",Mostly Positive,"['Action', 'RPG']"
1330000,Stolen Realm,"Mar 8, 2024",$19.99,No Discount,Burst2Flame Entertainment,Burst2Flame Entertainment,"3,905","3,283",622,Very Positive,"['Adventure', 'RPG', 'Strategy']"
4260840,STRANGER THAN HEAVEN,"Jan 14, 2027",$69.99,No Discount,RGG Studio,SEGA,0,0,0,"['Action', 'Adventure', 'RPG']",
961930,Battle Brothers - Beasts & Exploration,"Nov 29, 2018",$9.99,No Discount,Overhype Studios,Hooded Horse,382,328,54,Very Positive,"['Indie', 'RPG', 'Strategy']"
1586100,Root: The Riverfolk Expansion,"Apr 28, 2021",$9.99,$6.99,Dire Wolf,Dire Wolf,59,52,7,Very Positive,"['Indie', 'Simulation', 'Strategy']"
6000,STAR WARS™ Republic Commando™,"Mar 1, 2005",$9.99,No Discount,LucasArts,LucasArts,"17,109","16,361",748,Very Positive,['Action']
1839430,Dolls Nest,"Apr 23, 2025",No Price,No Discount,NITRO PLUS,NITRO PLUS,"2,445","2,161",284,Very Positive,['Action']
4018950,Lost Wiki: Kozlovka,"Mar 20, 2026",$4.99,No Discount,yattytheman,yattytheman,"1,529","1,486",43,Very Positive,['Indie']
742420,Saints Row,"Aug 24, 2023",$29.99,No Discount,Volition,Deep Silver,"8,642","4,915","3,727",Mixed,"['Action', 'Adventure']"
645730,RESONANCE OF FATE™/END OF ETERNITY™ 4K/HD EDITION,"Oct 17, 2018",$34.99,No Discount,tri-Ace,tri-Ace,"1,043",837,206,Very Positive,['RPG']
237930,Transistor,"May 20, 2014",$19.99,$3.99,Supergiant Games,Supergiant Games,"31,217","29,324","1,893",Very Positive,"['Action', 'Indie', 'RPG']"
1696780,Steam Deck Docking Station,N/A,No Price,No Discount,None,None,0,0,0,['None'],
2269950,The Karters 2: Turbo Charged,"Jul 17, 2025",$29.99,No Discount,Pixel Edge Games,Pixel Edge Games,"1,085",998,87,Very Positive,"['Action', 'Adventure', 'Casual', 'Indie']"
"534380,1537622,1537624,1888510",Dying Light 2: Stay Human Digital Extras Edition,"Feb 3, 2022",$59.99,$11.99,Techland,Techland,"217,744","171,601","46,143",Mostly Positive,"['Action', 'Adventure', 'RPG']"
787860,Farming Simulator 19,"Nov 19, 2018",$17.99,No Discount,Giants Software,Giants Software,"76,251","72,035","4,216",Overwhelmingly Positive,['Simulation']
3534790,Mesmalie,"Jul 9, 2026",No Price,No Discount,Rain (orbitaldot),Rain (orbitaldot),721,719,2,Overwhelmingly Positive,"['Adventure', 'Indie']"
1458151,The Sims™ 4 Dream Home Decorator Game Pack,"Jun 1, 2021",$19.99,$13.99,Maxis,Electronic Arts,154,74,80,Mixed,"['Casual', 'Simulation']"
2100431,Solasta: Crown of the Magister - Palace of Ice,"May 25, 2023",$14.99,No Discount,Tactical Adventures,Tactical Adventures,277,194,83,Mostly Positive,"['Adventure', 'RPG', 'Strategy']"
2319790,Captain Wayne - Vacation Desperation,"Nov 25, 2025",$9.99,$4.99,Ciaran Games LLC,Silver Lining Interactive,"1,074","1,045",29,Very Positive,"['Action', 'Adventure', 'Indie']"
1668110,Conan Exiles Enhanced - People of the Dragon Pack,"Oct 21, 2021",$9.99,No Discount,Funcom,Funcom,99,73,26,Mostly Positive,"['Action', 'Adventure', 'Massively Multiplayer', 'RPG']"
4195470,Taimanin Squad,"Mar 4, 2026",Free To Play,No Discount,LiLith,Gremory Games inc.,"1,023",437,586,Mixed,"['Action', 'Adventure', 'RPG', 'Strategy']"
2091020,Blades of Fire,"May 14, 2026",No Price,No Discount,MercurySteam,505 Games,641,492,149,Very Positive,"['Action', 'Adventure']"
1262240,Plants vs. Zombies: Battle for Neighborville™,"Oct 18, 2019",No Price,No Discount,PopCap,Electronic Arts,"18,753","13,278","5,475",Very Positive,"['Action', 'Casual', 'Strategy']"
2021910,FPS Chess,"Jul 16, 2022",Free,No Discount,Meta Fork,DigiPen Institute of Technology,"43,600","36,720","6,880",Very Positive,"['Action', 'Casual', 'Strategy', 'Free To Play']"
2084000,Shogun Showdown,"Sep 5, 2024",No Price,No Discount,Roboatino,Goblinz Publishing,"6,946","6,612",334,Very Positive,"['Indie', 'RPG', 'Strategy']"
1425000,Endless Alice,"Jan 15, 2025",No Price,No Discount,HowlingRain,HowlingRain,"2,409","2,190",219,Very Positive,"['Action', 'Adventure', 'Indie', 'RPG']"
3558400,Backseat Drivers,"Oct 9, 2025",No Price,No Discount,GhostJam Games,GhostJam Games,"1,176",919,257,Mixed,"['Casual', 'Indie', 'Racing', 'Simulation']"
1434950,HighFleet,"Jul 27, 2021",$29.99,No Discount,Konstantin Koshutin,MicroProse Software,"7,363","6,498",865,Very Positive,"['Action', 'Adventure', 'Indie', 'Strategy']"
2383130,Project: Mist,"May 19, 2026",No Price,No Discount,Chicken Launcher,Chicken Launcher,233,167,66,Very Positive,"['Action', 'Adventure', 'Indie', 'Simulation']"
475150,Titan Quest Anniversary Edition,"Aug 31, 2016",$19.99,No Discount,Iron Lore Entertainment,THQ Nordic,"37,774","34,115","3,659",Mostly Positive,"['Action', 'RPG']"
3930240,Across the Obelisk: The Shattered Remnant,"Jun 17, 2026",$9.99,No Discount,Dreamsite Games,Dreamsite Games,17,7,10,Mixed,"['Adventure', 'Indie', 'RPG', 'Strategy']"
2690330,Vampire Survivors: Emergency Meeting,"Dec 18, 2023",$2.49,No Discount,poncle,poncle,"1,092","1,015",77,Very Positive,"['Action', 'Casual', 'Indie', 'RPG']"
1898830,VBridger,"Apr 10, 2022",$9.99,No Discount,PiPuProductions,PiPuProductions,210,162,48,Mostly Positive,"['Casual', 'Animation & Modeling', 'Utilities']"
2629230,The Adventures of Sir Kicksalot,"May 15, 2026",No Price,No Discount,Stéphane Le Roy,Stéphane Le Roy,956,934,22,Overwhelmingly Positive,"['Action', 'RPG']"
2457540,Cardfight!! Vanguard Dear Days 2,"Jan 29, 2025",$69.99,$48.99,FURYU Corporation,Bushiroad Inc.,642,439,203,Mostly Negative,"['RPG', 'Strategy']"
2570210,Eden Crafters,"May 7, 2026",$19.99,No Discount,Osaris Games,Osaris Games,"2,603","2,224",379,Mostly Positive,"['Adventure', 'Indie', 'Simulation', 'Strategy']"
3483880,SUPER ROBOT WARS Y - Expansion Pack,"Apr 21, 2026",$29.99,No Discount,Bandai Namco Forge Digitals Inc.,Bandai Namco Entertainment Inc.,51,27,24,Mixed,"['RPG', 'Simulation', 'Strategy']"
1562700,SANABI,"Nov 8, 2023",$14.99,$9.74,WONDER POTION,NEOWIZ,"44,631","43,407","1,224",Overwhelmingly Positive,"['Action', 'Adventure', 'Indie']"
2792140,"Warhammer 40,000: Space Marine 2 - Ultramarines Champion Pack","Oct 3, 2024",$7.99,No Discount,Saber Interactive,Focus Entertainment,86,35,51,Mixed,"['Action', 'Adventure', 'RPG']"
720250,Welcome to the Game II,"Apr 3, 2018",$9.99,No Discount,Reflect Studios,Reflect Studios,"3,519","2,971",548,Very Positive,"['Indie', 'Simulation', 'Strategy']"
448280,Job Simulator,"Apr 5, 2016",$19.99,No Discount,Owlchemy Labs,Owlchemy Labs,"5,440","4,965",475,Very Positive,"['Action', 'Casual', 'Indie', 'Simulation']"
2820700,A Gentlemen's Dispute,"Sep 19, 2025",$7.99,$5.59,Blast Furnace Games,Blast Furnace Games,"1,422","1,338",84,Very Positive,"['Action', 'Casual', 'Strategy']"
1859910,Legend of Mortal,"Jun 14, 2024",No Price,No Discount,Obb Studio Inc.,Paras Games,"37,223","28,338","8,885",Overwhelmingly Positive,"['Adventure', 'Indie', 'RPG', 'Strategy']"
113200,The Binding of Isaac,"Sep 28, 2011",$4.99,No Discount,Edmund McMillen,Edmund McMillen,"62,704","59,342","3,362",Very Positive,"['Action', 'Adventure', 'Indie', 'RPG']"
242550,Rayman® Legends,"Sep 3, 2013",$29.99,No Discount,Ubisoft Montpellier,Ubisoft,"12,265","11,022","1,243",Very Positive,"['Action', 'Adventure']"
512900,Streets of Rogue,"Jul 12, 2019",$19.99,No Discount,Matt Dabrowski,tinyBuild,"22,999","22,085",914,Very Positive,"['Action', 'Adventure', 'Indie', 'RPG']"
2973120,Dusk City,"Jul 25, 2024",$24.99,No Discount,Suteneko Lab.,Dieselmine,388,346,42,Very Positive,"['Action', 'Adventure']"
1985820,Call of Duty®: Vanguard,"Mar 8, 2023",$59.99,No Discount,Sledgehammer Games,Activision,"4,277","2,888","1,389",Mostly Positive,['Action']
1592280,Selaco,"May 31, 2024",$24.99,No Discount,Altered Orbit Studios,Altered Orbit Studios,"5,303","4,882",421,Very Positive,"['Action', 'Adventure', 'Indie', 'Early Access']"
4271160,Zero Stress King: Idle Defense,"Mar 30, 2026",$4.99,No Discount,Pauloondra,Pauloondra,"1,547","1,354",193,Very Positive,"['Adventure', 'Casual', 'Indie', 'Strategy']"
1148590,DOOM 64,"Mar 19, 2020",$4.99,$1.99,id Software,Bethesda Softworks,"8,711","8,082",629,Very Positive,['Action']
700280,Dead by Daylight - Leatherface™,"Sep 14, 2017",$4.99,No Discount,Behaviour Digital Inc.,Behaviour Digital Inc.,"2,890","2,361",529,Very Positive,['Action']
2328720,Assetto Corsa Competizione - 2023 GT World Challenge Pack,"Apr 19, 2023",$12.99,No Discount,Kunos Simulazioni,505 Games,185,163,22,Very Positive,"['Indie', 'Racing', 'Simulation', 'Sports']"
1590910,Forgive Me Father,"Apr 7, 2022",$19.99,No Discount,Byte Barrel,Fulqrum Publishing,"5,997","5,027",970,Very Positive,"['Action', 'Indie']"
3056840,A Bumpy Ride,"May 1, 2026",No Price,No Discount,Cosmoporium Games,Cosmoporium Games,545,530,15,Very Positive,"['Action', 'Adventure', 'Casual', 'Indie']"
4695090,FPS Chess: Ignition,"Jun 24, 2026",$4.99,No Discount,Meta Fork,Evergreen Games,59,56,3,Very Positive,"['Action', 'Casual', 'Indie', 'Strategy']"
4621250,HITMAN WOA - The Wizard Pack,"Jun 5, 2026",$4.99,No Discount,IO Interactive A/S,IO Interactive A/S,45,38,7,Positive,"['Action', 'Adventure']"
1879330,WARRIORS OROCHI 3 Ultimate Definitive Edition,"Jul 12, 2022",$39.99,$27.99,"KOEI TECMO GAMES CO., LTD.","KOEI TECMO GAMES CO., LTD.","2,515","2,242",273,Very Positive,"['Action', 'Strategy']"
3732960,Rest Area Simulator,"Apr 24, 2026",$9.99,No Discount,Oriseus Studios,PlayWay S.A.,589,509,80,Very Positive,"['Casual', 'Indie', 'Simulation']"
1277400,Monster Hunter Stories 2: Wings of Ruin,"Jul 8, 2021",No Price,No Discount,"CAPCOM Co., Ltd.","CAPCOM Co., Ltd.","17,152","14,165","2,987",Very Positive,"['Adventure', 'RPG']"
1914121,[NA/EU] Black Desert - Explorer to Conqueror,"Mar 2, 2022",$49.99,$24.99,Pearl Abyss,Pearl Abyss,37,26,11,Mixed,"['Action', 'Adventure', 'Massively Multiplayer', 'RPG']"
1948980,Hero's Adventure: Road to Passion,"Nov 15, 2023",No Price,No Discount,半瓶醋工作室（Half Amateur Studio）,XD,"24,927","21,068","3,859",Very Positive,"['Adventure', 'Indie', 'RPG', 'Simulation']"
2296990,We Were Here Expeditions: The FriendShip,"Sep 14, 2023",$3.99,No Discount,Total Mayhem Games,Total Mayhem Games,"24,018","21,640","2,378",Very Positive,"['Adventure', 'Casual', 'Indie']"
2585890,Demon Tides,"Feb 19, 2026",$24.99,No Discount,Fabraz,Fabraz,870,835,35,Very Positive,"['Action', 'Adventure']"
3136330,Tiny Terraces,"Jul 31, 2025",No Price,No Discount,VuVuu,VuVuu,894,827,67,Very Positive,"['Casual', 'Indie', 'Early Access']"
2490990,Visions of Mana,"Aug 29, 2024",No Price,No Discount,Square Enix,Square Enix,"2,710","2,110",600,Mixed,"['Action', 'RPG']"
1958220,WitchSpring R,"Sep 25, 2023",$34.99,No Discount,KIWIWALKS,KIWIWALKS,"8,128","7,795",333,Very Positive,"['Adventure', 'Indie', 'RPG']"
1569190,House Flipper - Pets DLC,"May 12, 2022",$14.99,$11.24,Frozen Way,Frozen Way,469,402,67,Very Positive,"['Casual', 'Indie', 'Simulation']"
1337860,Assetto Corsa Competizione - GT4 Pack,"Jul 15, 2020",$19.99,No Discount,KUNOS Simulazioni,505 Games,286,264,22,Very Positive,"['Racing', 'Simulation', 'Sports']"
1113120,IXION,"Dec 7, 2022",$34.99,No Discount,Bulwark Studios,Kasedo Games,"17,534","13,814","3,720",Mostly Positive,"['Indie', 'Simulation', 'Strategy']"
410320,EARTH DEFENSE FORCE 4.1 The Shadow of New Despair,"Jul 18, 2016",$19.99,No Discount,SANDLOT,D3PUBLISHER,"10,505","9,978",527,Very Positive,['Action']
303310,The House in Fata Morgana,"May 13, 2016",$24.99,No Discount,NOVECT,MangaGamer,"6,549","6,205",344,Very Positive,['Adventure']
1843840,Rogue Point,"Feb 12, 2026",$19.99,No Discount,Crowbar Collective,Team17,"1,065",736,329,Mixed,"['Action', 'Early Access']"
1755920,Star Hunter - Infinite Lagrange,"Oct 7, 2021",Free To Play,No Discount,NetEase Games,NetEase Games,"1,056",606,450,Mixed,"['Massively Multiplayer', 'Simulation', 'Strategy']"
2689210,Persona 3 Reload: Expansion Pass,"Mar 11, 2024",$34.99,No Discount,ATLUS,SEGA,"4,538","1,472","3,066",Mixed,"['Adventure', 'RPG', 'Strategy']"
330830,Tales from the Borderlands,"Feb 16, 2021",$19.99,No Discount,Telltale Games,2K,"19,512","18,394","1,118",Very Positive,['Adventure']
3071240,Voodoo Fishin',"Mar 31, 2026",No Price,No Discount,Lost Arcade,Lost Arcade,835,682,153,Mostly Positive,"['Action', 'Adventure', 'Casual', 'Indie']"
2792180,"Warhammer 40,000: Space Marine 2 - Space Wolves Chapter Pack","Apr 15, 2025",$9.99,No Discount,Saber Interactive,Focus Entertainment,295,175,120,Mixed,"['Action', 'Adventure', 'RPG']"
814370,Monster Sanctuary,"Dec 8, 2020",$19.99,$4.99,moi rai games,Team17,"12,608","11,503","1,105",Very Positive,"['Action', 'Adventure', 'Indie', 'RPG']"
1201360,Assetto Corsa Competizione - Intercontinental GT Pack,"Feb 4, 2020",$14.99,No Discount,Kunos Simulazioni,505 Games,362,351,11,Very Positive,"['Racing', 'Simulation', 'Sports']"
2244130,Ratopia,"Apr 30, 2025",No Price,No Discount,Cassel Games,Cassel Games,"4,804","4,218",586,Very Positive,"['Adventure', 'Casual', 'Indie', 'Simulation']"
1088790,Rebel Inc: Escalation,"Oct 13, 2021",$14.99,No Discount,Ndemic Creations,Hooded Horse,"7,485","6,135","1,350",Mostly Positive,"['Simulation', 'Strategy']"
45740,Dead Rising® 2,"Sep 27, 2010",$19.99,No Discount,Capcom Vancouver,Capcom,"8,811","6,871","1,940",Mostly Positive,"['Action', 'Adventure']"
3734890,2 Fights in 2 Tight Spaces,"Jun 7, 2026",$12.99,No Discount,Ground Shatter,Ground Shatter,111,92,19,Very Positive,"['Action', 'Strategy', 'Early Access']"
1076080,American Truck Simulator - Forest Machinery,"Jun 11, 2019",No Price,No Discount,SCS Software,SCS Software,337,305,32,Very Positive,"['Indie', 'Simulation']"
1473480,A.V.A Global,"Aug 23, 2022",Free To Play,No Discount,Valiant,Valiant,"7,764","3,692","4,072",Mixed,"['Action', 'Massively Multiplayer', 'Free To Play']"
675590,Assetto Corsa - Ferrari 70th Anniversary Pack,"Sep 19, 2017",$6.99,No Discount,Kunos Simulazioni,505 Games,322,301,21,Very Positive,"['Indie', 'Racing', 'Simulation', 'Sports']"
4543600,PAYDAY 2: Espionage Weapon Pack,"Apr 30, 2026",$2.99,No Discount,Sidetrack Games,Starbreeze Entertainment,242,228,14,Very Positive,"['Action', 'RPG']"
1120300,DCS: Syria,"Aug 20, 2020",$59.99,No Discount,Eagle Dynamics SA,Eagle Dynamics SA,214,177,37,Very Positive,['Simulation']
1687670,LAST CLOUDIA,"Aug 30, 2021",Free To Play,No Discount,AIDIS Inc.,AIDIS Inc.,"1,014",833,181,Very Positive,"['Action', 'Adventure', 'RPG', 'Free To Play']"
711980,Starship EVO,"Jun 19, 2020",$24.99,No Discount,Moonfire Entertainment,Moonfire Entertainment,"1,507","1,258",249,Mostly Positive,"['Action', 'Adventure', 'Indie', 'Simulation']"
548570,RAGE 2,"May 14, 2019",$39.99,$7.99,id Software,Bethesda Softworks,"16,987","10,750","6,237",Mixed,['Action']
235580,Sid Meier's Civilization V: Brave New World,"Jul 8, 2013",$29.99,$7.49,Firaxis Games,2K,"1,668","1,563",105,Very Positive,['Strategy']
4116960,Space Engineers - Core Systems Pack,"Nov 24, 2025",$4.99,No Discount,Keen Software House,Keen Software House,37,29,8,Mostly Positive,"['Action', 'Indie', 'Simulation', 'Strategy']"
2502240,Planet Zoo: Oceania Pack,"Sep 19, 2023",$9.99,No Discount,Frontier Developments,Frontier Developments,116,109,7,Very Positive,"['Casual', 'Simulation', 'Strategy']"
3176060,Emissary Zero,"Mar 28, 2025",No Price,No Discount,Rone Vine,Rone Vine,"3,107","2,608",499,Mostly Positive,"['Adventure', 'Indie', 'Massively Multiplayer']"
754150,Rolling Line,"Apr 27, 2018",$19.99,No Discount,Gaugepunk Games,Gaugepunk Games,"2,569","2,465",104,Very Positive,"['Casual', 'Indie', 'Simulation']"
2210,Quake 4,"Oct 18, 2005",$14.99,$4.94,RavenSoft,Bethesda Softworks,"3,898","3,417",481,Very Positive,['Action']
4710940,Solo Leveling: ARISE OVERDRIVE - Jeju Island Raid Special Pack,"Jun 17, 2026",$4.99,No Discount,Netmarble Neo,Netmarble,38,27,11,Mixed,"['Action', 'RPG']"
3232610,Bendy: Lone Wolf,"Aug 15, 2025",No Price,No Discount,Joey Drew Studios,Joey Drew Studios,"1,665","1,409",256,Very Positive,"['Action', 'Adventure', 'Indie']"
1622941,Dead by Daylight - Escape Expansion Pack,"Jun 15, 2021",$24.99,No Discount,Behaviour Interactive Inc.,Behaviour Interactive Inc.,125,82,43,Positive,['Action']
1245560,Roots of Pacha,"Apr 25, 2023",$24.99,No Discount,Soda Den,Soda Den,"4,528","4,239",289,Very Positive,"['Indie', 'RPG', 'Simulation']"
2698780,ContractVille,"May 26, 2025",No Price,No Discount,MYM Games Studios,FiftyEight Studios,"6,151","4,980","1,171",Mostly Positive,"['Casual', 'Indie', 'Simulation']"
4341120,CloverPit: Unholy Fusion,"Apr 9, 2026",$2.99,No Discount,Panik Arcade,Panik Arcade,152,102,50,Mixed,"['Action', 'Adventure', 'Indie', 'Simulation']"
1540570,Fractal Block World,"Oct 18, 2021",$6.99,No Discount,Dan Hathaway,Fractal Block Team LLC,"1,533","1,507",26,Very Positive,"['Action', 'Adventure', 'Indie']"
962750,American Truck Simulator - Special Transport,"Nov 7, 2018",$4.99,No Discount,SCS Software,SCS Software,889,602,287,Mixed,"['Indie', 'Simulation']"
285310,RollerCoaster Tycoon®: Deluxe,"Mar 31, 1999",$5.99,No Discount,Chris Sawyer Productions,Atari,"8,257","7,787",470,Very Positive,"['Simulation', 'Strategy']"
2438990,Ark Nova,"Jun 20, 2025",$22.99,$16.09,Dire Wolf,Dire Wolf,870,820,50,Very Positive,['Strategy']
606150,Moonlighter,"May 29, 2018",$19.99,No Discount,Digital Sun,11 bit studios,"21,946","18,028","3,918",Mostly Positive,"['Action', 'Adventure', 'Indie']"
3243190,Psychopomp GOLD,"Oct 24, 2024",$8.99,No Discount,Fading Club,Fading Club,"5,305","5,176",129,Overwhelmingly Positive,"['Action', 'Adventure']"
1670540,Total War: WARHAMMER III - Ogre Kingdoms,"Feb 24, 2022",$11.99,No Discount,CREATIVE ASSEMBLY,SEGA,"1,171",523,648,Mixed,"['Action', 'Strategy']"
2464280,Tormented Souls 2,"Oct 23, 2025",No Price,No Discount,Dual Effect,PQube,"2,124","1,860",264,Very Positive,"['Action', 'Adventure']"
2317640,JUMP KING QUEST,"May 25, 2026",$14.99,$10.04,Nexile,Nexile,"1,252","1,105",147,Very Positive,"['Action', 'Adventure', 'Indie', 'RPG']"
312530,Duck Game,"Jun 4, 2015",$12.99,No Discount,Landon Podbielski,CORPTRON GAMES CORP.,"39,024","37,689","1,335",Very Positive,"['Action', 'Indie']"
847370,Sunset Overdrive,"Nov 16, 2018",$19.99,No Discount,Insomniac Games,Xbox Game Studios,"14,413","12,981","1,432",Very Positive,"['Action', 'Adventure']"
1846170,Iron Lung,"Mar 9, 2022",$7.99,No Discount,David Szymanski,David Szymanski,"11,122","10,213",909,Very Positive,"['Adventure', 'Indie', 'Simulation']"
1213700,Spirit of the North,"May 7, 2020",$19.99,$2.99,Infuse Studio,Silver Lining Interactive,"6,534","5,510","1,024",Mostly Positive,"['Adventure', 'Casual', 'Indie']"
3626760,No Man's Home,"Dec 12, 2025",$9.99,No Discount,radrunner,radrunner,235,205,30,Very Positive,"['Action', 'Adventure', 'Early Access']"
1465470,The Crust,"Jul 15, 2024",No Price,No Discount,VEOM Studio,Crytivo,"3,697","2,843",854,Very Positive,"['Simulation', 'Strategy', 'Early Access']"
2254740,Persona 5 Tactica,"Nov 16, 2023",$59.99,No Discount,ATLUS,SEGA,"2,170","1,596",574,Very Positive,"['RPG', 'Strategy']"
2377930,Destiny of Immortal,"Jul 7, 2026",$11.99,No Discount,LeiYun Games,2P Games,"1,569","1,272",297,Very Positive,"['Adventure', 'Indie', 'RPG', 'Simulation']"
1477840,American Truck Simulator - Cabin Accessories,"Dec 3, 2020",$3.99,No Discount,SCS Software,SCS Software,333,294,39,Very Positive,"['Indie', 'Simulation']"
287450,Rise of Nations: Extended Edition,"Jun 12, 2014",$19.99,No Discount,SkyBox Labs,Xbox Game Studios,"15,821","14,978",843,Very Positive,"['Simulation', 'Strategy']"
677160,We Were Here Too,"Feb 2, 2018",$9.99,No Discount,Total Mayhem Games,Total Mayhem Games,"11,200","8,762","2,438",Mixed,"['Adventure', 'Casual', 'Indie']"
4409870,Slots & Diapers,"Jun 3, 2026",$6.99,No Discount,Parodie Games,Lazy Otter,480,426,54,Mostly Positive,"['Casual', 'Indie', 'Simulation', 'Strategy']"
362620,Software Inc.,"May 1, 2015",$22.99,No Discount,Coredumping,Coredumping,"7,778","7,327",451,Very Positive,"['Indie', 'Simulation', 'Strategy', 'Early Access']"
267530,The LEGO® Movie - Videogame,"Feb 7, 2014",$19.99,$3.99,TT Fusion,Warner Bros. Interactive Entertainment,"6,000","5,221",779,Very Positive,"['Action', 'Adventure']"
1473960,Wreck Runners,"Jul 16, 2026",$9.99,No Discount,Disruptive Games,Disruptive Games,44,34,10,Mostly Positive,"['Action', 'Adventure', 'Indie']"
3009850,Hard Time III,"Sep 9, 2024",$14.99,$9.74,MDickie,MDickie,944,804,140,Very Positive,"['Action', 'Adventure', 'Indie', 'RPG']"
2686540,Icarus: Art Deco Furniture Pack,"Nov 16, 2023",$13.99,No Discount,RocketWerkz,RocketWerkz,51,44,7,Very Positive,"['Action', 'Adventure', 'Simulation']"
1769830,As We Descend,"May 28, 2025",$19.99,No Discount,Box Dragon,Coffee Stain Publishing,"1,350","1,174",176,Mixed,"['Indie', 'RPG', 'Strategy', 'Early Access']"
2169930,R-Type Tactics I • II Cosmos,"Jun 18, 2026",$49.99,No Discount,Granzella Inc.,"NIS America, Inc.",89,75,14,Mostly Positive,"['Simulation', 'Strategy']"
1556110,Total War: WARHAMMER II - The Silence & The Fury,"Jul 14, 2021",$9.99,No Discount,CREATIVE ASSEMBLY,SEGA,"1,110",794,316,Mostly Positive,"['Action', 'Strategy']"
2774040,The Boss Gangster: Criminal Empire,"Oct 31, 2025",No Price,No Discount,BEF GAMES,Tripwire Presents,382,315,67,Mostly Positive,"['Action', 'Indie', 'RPG', 'Simulation']"
826630,Iron Harvest,"Sep 1, 2020",$29.99,$4.49,KING Art,Prime Matter,"15,933","11,573","4,360",Mixed,['Strategy']
3993450,Monster Train 2: Destiny of the Railforged,"Feb 2, 2026",$9.99,No Discount,Shiny Shoe,Big Fan Games,331,275,56,Very Positive,"['Indie', 'Strategy']"
1400660,Rise of Piracy,"Feb 24, 2026",$15.99,No Discount,IrishJohnGames,MicroProse Software,517,409,108,Very Positive,"['Action', 'Adventure', 'Indie', 'Simulation']"
2008920,Lorelei and the Laser Eyes,"May 16, 2024",$24.99,No Discount,Simogo,Annapurna Interactive,"3,180","2,983",197,Very Positive,"['Adventure', 'Indie']"
2509200,ERA ONE,"Aug 6, 2025",$29.99,No Discount,Team Complex LTD,Team Complex LTD,"1,520","1,324",196,Very Positive,"['Strategy', 'Early Access']"
4242210,Spirit City: Lofi Sessions - Enchanted Garden DLC,"Mar 23, 2026",$7.99,No Discount,Mooncube Games,Mooncube Games,124,108,16,Very Positive,"['Casual', 'Indie', 'Simulation']"
1150530,Wizard with a Gun,"Oct 17, 2023",$24.99,No Discount,Galvanic Games,Devolver Digital,"3,938","3,165",773,Mostly Positive,"['Action', 'Adventure', 'Indie']"
2448020,Yooka-Replaylee,"Oct 9, 2025",No Price,No Discount,Playtonic Games,"PM Studios, Inc.","1,102","1,026",76,Very Positive,"['Action', 'Adventure', 'Casual', 'Indie']"
1532200,Mars First Logistics,"Sep 25, 2025",$19.99,No Discount,Shape Shop,Shape Shop,"3,726","3,536",190,Very Positive,"['Indie', 'Simulation']"
2712380,Legends of Dragaea: Idle Dungeons,"Nov 3, 2025",$9.99,No Discount,Blast Programming,GIGATANK 3000,973,848,125,Very Positive,"['Adventure', 'Casual', 'Indie', 'RPG']"
3915680,Trailmakers - Frozen Tracks,"Nov 20, 2025",$14.99,$10.04,Flashbulb,Flashbulb,73,51,22,Mixed,"['Action', 'Adventure', 'Indie', 'Racing']"
1641700,Moving Out 2,"Aug 15, 2023",$42.99,$10.74,SMG Studio,Team17,610,458,152,Mostly Negative,"['Action', 'Casual', 'Indie', 'Simulation']"
2471970,Planetary Life,"Aug 15, 2025",No Price,No Discount,Sotenbox,Sotenbox,897,845,52,Very Positive,"['Indie', 'Simulation', 'Strategy', 'Early Access']"
2657090,Teardown: Relics of Barkuna,"Jun 10, 2026",$7.99,No Discount,Tuxedo Labs,Tuxedo Labs,99,78,21,Mixed,"['Action', 'Indie', 'Simulation', 'Strategy']"
1928980,Nightingale,"Feb 20, 2024",$29.99,No Discount,Inflexion Games,Inflexion Games,"18,017","11,964","6,053",Mixed,"['Action', 'Adventure', 'RPG', 'Early Access']"
1188930,Chrono Ark,"May 2, 2024",$24.99,No Discount,Al Fine,Al Fine,"13,688","12,404","1,284",Very Positive,"['Adventure', 'Indie', 'RPG', 'Strategy']"
4400940,Euro Truck Simulator 2 - Holland Style Tuning Pack,"Jun 30, 2026",$3.99,No Discount,SCS Software,SCS Software,370,316,54,Mostly Positive,"['Indie', 'Simulation']"
2219390,Imperial Ambitions,"Jul 13, 2026",No Price,No Discount,aoiti,aoiti,92,75,17,Very Positive,"['Simulation', 'Strategy']"
2593340,Wonderia,"Jul 22, 2026",$13.99,$12.59,Rock&Dash,IndieArk,274,220,54,Mostly Positive,"['Adventure', 'RPG', 'Simulation', 'Early Access']"
3121110,Zort,"Dec 7, 2024",$4.00,No Discount,Londer Software,Londer Software,"13,908","12,583","1,325",Very Positive,"['Action', 'Adventure', 'Indie', 'Early Access']"
2878420,Old Market Simulator,"Oct 3, 2024",$9.99,$5.99,Alcedo Games,Alcedo Games,"5,251","4,606",645,Very Positive,['Simulation']
245390,"I Have No Mouth, and I Must Scream","Oct 31, 1996",$9.99,No Discount,The Dreamers Guild,Nightdive Studios,"3,968","3,527",441,Very Positive,['Adventure']
2081880,Kathana,"Aug 8, 2025",Free To Play,No Discount,Gameolic Development Studio,Gameolic Development Studio,567,421,146,Very Positive,"['Massively Multiplayer', 'RPG', 'Early Access']"
1074320,Total War: WARHAMMER II - The Hunter & The Beast,"Sep 11, 2019",$9.99,No Discount,CREATIVE ASSEMBLY,SEGA,"1,705","1,010",695,Mixed,"['Action', 'Strategy']"
2454960,The Great Villainess: Strategy of Lily,"Jul 23, 2025",$29.99,No Discount,Alliance Arts,Alliance Arts,"1,568","1,342",226,Mostly Positive,"['Indie', 'Simulation', 'Strategy']"
3805420,A Few Quick Matches,"Aug 5, 2025",$6.99,$4.96,Studio Bidou,Studio Bidou,"2,710","2,312",398,Very Positive,"['Action', 'Casual', 'Indie']"
1952920,Strikers Club,"Jul 17, 2026",Free To Play,No Discount,Oddshot Games,Oddshot Games,"4,053","3,236",817,Very Positive,"['Action', 'Indie', 'Simulation', 'Sports']"
3745310,DEADLINE DELIVERY,"Mar 16, 2026",$14.99,$9.74,GOOD1 Studios,GOOD1 Studios,323,280,43,Mostly Positive,"['Action', 'Casual', 'Indie', 'Racing']"
1151380,Cowboy Life Simulator,"Nov 26, 2025",$18.99,$13.29,Odd Qubit,RockGame S.A.,"1,252","1,123",129,Mostly Positive,"['Action', 'Adventure', 'Casual', 'RPG']"
1848440,Foolish Mortals,"Nov 5, 2025",$19.99,$15.99,Inklingwood Studios,Inklingwood Studios,707,675,32,Very Positive,['Adventure']
2640950,Scott Pilgrim EX,"Mar 2, 2026",$28.99,No Discount,Tribute Games Inc.,Tribute Games Inc.,491,421,70,Very Positive,"['Action', 'Adventure']"
4241680,WolfQuest Anniversary - Tower Fall,"Jan 28, 2026",$9.99,No Discount,eduweb,eduweb,38,37,1,Positive,"['Action', 'RPG', 'Simulation']"
1902940,Snacktorio,"Jun 4, 2026",No Price,No Discount,ellraiser,TNgineers,223,206,17,Very Positive,"['Casual', 'Simulation']"
3266090,IT Specialist Simulator,"Nov 20, 2025",No Price,No Discount,Pixel Team RED,Pixel Team RED,417,314,103,Very Positive,"['Casual', 'Indie', 'Simulation', 'Early Access']"
1684350,The Thaumaturge,"Mar 4, 2024",$34.99,No Discount,Fool's Theory,11 bit studios,"5,841","4,845",996,Mostly Positive,"['Adventure', 'RPG']"
1947910,OPUS: Prism Peak,"Apr 15, 2026",$24.99,$19.99,SIGONO INC.,SHUEISHA GAMES,"1,168","1,088",80,Very Positive,"['Adventure', 'Indie']"
474960,Quantum Break,"Sep 29, 2016",$39.99,No Discount,Remedy Entertainment,Xbox Game Studios,"30,781","26,358","4,423",Very Positive,['Action']
3774910,Hell Clock: Cursed War,"Jul 9, 2026",$9.99,No Discount,Rogue Snail,Mad Mushroom,32,25,7,Mostly Positive,"['Action', 'Indie', 'RPG']"
3320,Insaniquarium Deluxe,"Aug 30, 2006",No Price,No Discount,"PopCap Games, Inc.","PopCap Games, Inc.","6,784","6,569",215,Very Positive,['Casual']
1062810,Inkbound,"Apr 9, 2024",$29.99,$8.99,Shiny Shoe,Shiny Shoe,"4,018","3,484",534,Mostly Positive,"['Action', 'Indie', 'Massively Multiplayer', 'RPG']"
2027330,GoreBox,"Jul 21, 2023",$8.99,No Discount,F2Games,F2Games,"24,319","20,451","3,868",Mostly Positive,"['Action', 'Casual', 'Indie', 'Simulation']"
404013,Total War: WARHAMMER - The Grim and the Grave,"Sep 1, 2016",$8.99,No Discount,CREATIVE ASSEMBLY,SEGA,784,535,249,Mostly Positive,"['Action', 'Strategy']"
1934140,Planet Zoo: Wetlands Animal Pack,"Apr 12, 2022",$9.99,No Discount,Frontier Developments,Frontier Developments,262,247,15,Very Positive,"['Casual', 'Simulation', 'Strategy']"
3951490,The King is Watching: Crowns of History,"Mar 16, 2026",$4.99,$3.99,Hypnohead,tinyBuild,95,89,6,Very Positive,"['Indie', 'Strategy']"
2473350,HUNTDOWN: OVERTIME,"May 7, 2026",$16.99,No Discount,Easy Trigger Games,Coffee Stain Publishing,823,727,96,Very Positive,"['Action', 'Early Access']"
501590,Bulletstorm: Full Clip Edition,"Apr 7, 2017",No Price,No Discount,People Can Fly,Gearbox Publishing,"9,596","8,580","1,016",Very Positive,"['Action', 'Adventure']"
874260,The Forgotten City,"Jul 28, 2021",$24.99,No Discount,Modern Storyteller,Dear Villagers,"13,527","12,967",560,Overwhelmingly Positive,"['Adventure', 'Indie', 'RPG']"
343780,Cat Goes Fishing,"Jan 19, 2015",$6.99,No Discount,Cat5Games,Cat5Games,"16,396","15,440",956,Very Positive,"['Casual', 'Indie', 'Simulation']"
671860,BattleBit Remastered,"Jun 15, 2023",$14.99,No Discount,SgtOkiDoki,SgtOkiDoki,"146,335","119,477","26,858",Mixed,"['Action', 'Massively Multiplayer', 'Early Access']"
794800,Clue/Cluedo: Classic Edition,"May 17, 2018",$16.99,No Discount,Marmalade Game Studio Ltd,Marmalade Game Studio Ltd,"3,572","3,119",453,Very Positive,"['Casual', 'Strategy']"
2305210,Skyformer,"Jul 30, 2026",$14.99,$9.74,Weatherfused,Weatherfused,77,65,12,Very Positive,"['Adventure', 'Indie', 'Simulation', 'Strategy']"
3363680,EverSiege: Untold Ages,"Mar 26, 2026",$19.99,No Discount,Tindalos Interactive,Dear Villagers,"2,011","1,381",630,Mixed,"['Indie', 'Strategy']"
1016800,Chernobylite Complete Edition,"Jul 28, 2021",$29.99,No Discount,The Farm 51,The Farm 51,"15,667","12,812","2,855",Very Positive,"['Action', 'Adventure', 'Indie', 'RPG']"
577940,Killer Instinct,"Sep 27, 2017",Free To Play,No Discount,Iron Galaxy Studios,Xbox Game Studios,"5,649","4,894",755,Very Positive,"['Action', 'Free To Play']"
2253060,Root: The Underworld Expansion,"Mar 30, 2023",$9.99,$6.99,Dire Wolf,Dire Wolf,54,42,12,Mostly Positive,"['Indie', 'Simulation', 'Strategy']"
1891700,Tap Ninja - Idle game,"Mar 17, 2022",Free To Play,No Discount,Broken Glass,Broken Glass,"9,717","8,264","1,453",Very Positive,"['Action', 'Adventure', 'Casual', 'Indie']"
2200780,My Dream Setup,"Feb 20, 2023",$5.99,No Discount,Campfire Studio,Campfire Studio,"6,849","6,259",590,Very Positive,"['Casual', 'Indie', 'Simulation']"
1494420,Silica,"May 3, 2023",$19.99,No Discount,Martin 'Dram' Melichárek,Bohemia Interactive,"4,877","3,724","1,153",Very Positive,"['Action', 'Indie', 'Strategy', 'Early Access']"
3172700,Banquet for Fools,"Mar 5, 2026",No Price,No Discount,Hannah and Joseph Games,Hannah and Joseph Games,924,829,95,Very Positive,"['Action', 'Adventure', 'RPG']"
2526540,Dead by Daylight - Old Wounds Pack,"Jan 8, 2024",$19.99,No Discount,Behaviour Interactive Inc.,Behaviour Interactive Inc.,29,22,7,Mostly Positive,['Action']
648350,Jurassic World Evolution,"Jun 12, 2018",$44.99,No Discount,Frontier Developments,Frontier Developments,"55,249","48,309","6,940",Very Positive,"['Simulation', 'Strategy']"
2638370,Five Nights at Freddy's: Into the Pit,"Aug 7, 2024",$19.99,No Discount,Mega Cat Studios,Mega Cat Studios,"10,889","10,424",465,Very Positive,"['Action', 'Adventure', 'Indie']"
675260,Batman: The Enemy Within - The Telltale Series,"Aug 8, 2017",$14.99,No Discount,Telltale,Telltale,"10,615","9,796",819,Very Positive,['Adventure']
332570,Amazing Frog?,"Nov 20, 2014",$19.99,No Discount,Fayju,Fayju,"11,663","11,005",658,Very Positive,"['Action', 'Adventure', 'Indie', 'Early Access']"
1914122,[NA/EU] Black Desert - Traveler to Conqueror,"Mar 2, 2022",$79.99,$39.99,Pearl Abyss,Pearl Abyss,99,74,25,Mostly Positive,"['Action', 'Adventure', 'Massively Multiplayer', 'RPG']"
242700,Injustice: Gods Among Us Ultimate Edition,"Nov 12, 2013",$19.99,No Discount,NetherRealm Studios,Warner Bros. Interactive Entertainment,"20,087","17,337","2,750",Very Positive,['Action']
1321680,Hello Neighbor 2,"Dec 6, 2022",No Price,No Discount,Eerie Guest,tinyBuild,"5,740","4,634","1,106",Very Positive,"['Adventure', 'Indie', 'Strategy']"
3946110,Fracture Field,"Apr 20, 2026",No Price,No Discount,Type-Ten,Type Ten LLC,"1,126",860,266,Mostly Positive,"['Casual', 'Indie', 'Simulation', 'Strategy']"
493190,Assetto Corsa - Red Pack,"Jul 14, 2016",$6.99,No Discount,Kunos Simulazioni,505 Games,248,230,18,Very Positive,"['Indie', 'Racing', 'Simulation', 'Sports']"
2803600,Warframe: Starter Weapon Pack,"Feb 20, 2024",$4.99,$2.49,Digital Extremes,Digital Extremes,117,106,11,Very Positive,"['Action', 'RPG', 'Free To Play']"
1708850,Drug Dealer Simulator 2,"Jun 20, 2024",$24.99,$12.24,Byterunners,Movie Games S.A.,"7,696","4,375","3,321",Mixed,"['Action', 'Adventure', 'Indie', 'Simulation']"
1515210,The Past Within,"Nov 2, 2022",$5.99,No Discount,Rusty Lake,Rusty Lake,"16,703","15,811",892,Very Positive,"['Adventure', 'Indie']"
573160,Space Engineers Deluxe,"Dec 22, 2016",$7.99,No Discount,Keen Software House,Keen Software House,238,193,45,Very Positive,"['Action', 'Indie', 'Simulation', 'Strategy']"
1487210,Super Mega Baseball™ 4,"Jun 2, 2023",No Price,No Discount,Metalhead Software Inc.,Electronic Arts,"1,467","1,164",303,Very Positive,"['Simulation', 'Sports']"
1458100,Cozy Grove,"Apr 7, 2021",$14.99,No Discount,Spry Fox, Spry Fox,"8,472","7,586",886,Mostly Positive,"['Casual', 'Indie']"
24880,The Saboteur™,"Mar 7, 2024",No Price,No Discount,Pandemic Studios,Electronic Arts,"2,853","2,595",258,Very Positive,"['Action', 'Adventure']"
2702260,Map Map - A Game About Maps,"May 28, 2026",No Price,No Discount,Pipapo Games,Pipapo Games,263,245,18,Very Positive,"['Adventure', 'Casual', 'Indie', 'Simulation']"
1755580,The Jackbox Party Starter,"Jun 29, 2022",$19.99,No Discount,"Jackbox Games, Inc.","Jackbox Games, Inc.",567,534,33,Very Positive,"['Casual', 'Indie', 'Strategy']"
2926900,MAVRIX by Matt Jones,"Jul 16, 2026",$39.99,No Discount,Third Kind Games,Cascade Interactive,968,781,187,Mostly Positive,"['Action', 'Adventure', 'Casual', 'Massively Multiplayer']"
844590,Hypnospace Outlaw,"Mar 12, 2019",$19.99,No Discount,Tendershoot,No More Robots,"5,524","5,342",182,Very Positive,['Simulation']
885000,Synth Riders,"Jul 12, 2018",$24.99,$9.99,Kluge Interactive,Kluge Interactive,"1,666","1,528",138,Very Positive,"['Action', 'Casual', 'Indie']"
3213120,Machinefall,"Jul 10, 2026",No Price,No Discount,by Jan Zizka,by Jan Zizka,95,80,15,Very Positive,['Strategy']
1361320,The Room 4: Old Sins,"Feb 11, 2021",$8.99,No Discount,Fireproof Games,Fireproof Games,"18,221","17,942",279,Overwhelmingly Positive,['Adventure']
3969080,MapleStory M,"Mar 18, 2026",Free To Play,No Discount,NEXON,NEXON,154,57,97,Mostly Negative,"['Adventure', 'Casual', 'Massively Multiplayer', 'RPG']"
3800340,ScootX,"Oct 30, 2025",$19.99,No Discount,Mash Games,Mash Games,"2,426","2,247",179,Very Positive,"['Casual', 'Indie', 'Simulation', 'Sports']"
1983260,Dungeons of Hinterberg,"Jul 18, 2024",$22.99,$6.89,Microbird Games,Curve Games,"3,316","3,100",216,Very Positive,"['Action', 'Adventure', 'Indie', 'RPG']"
710920,Darksiders Genesis,"Dec 5, 2019",$29.99,No Discount,Airship Syndicate,THQ Nordic,"13,630","11,144","2,486",Mostly Positive,"['Action', 'Adventure']"
38410,Fallout 2: A Post Nuclear Role Playing Game,"Dec 1, 1998",$9.99,$2.49,Black Isle Studios,Bethesda Softworks,"17,370","16,308","1,062",Very Positive,['RPG']
2179850,Cobalt Core,"Nov 8, 2023",$19.99,No Discount,Rocket Rat Games,Brace Yourself Games,"4,356","4,180",176,Very Positive,"['Indie', 'Strategy']"
2321780,Starship Troopers: Ultimate Bug War!,"Mar 16, 2026",No Price,No Discount,Auroch Digital,Dotemu,"1,405","1,304",101,Very Positive,"['Action', 'Adventure', 'Indie']"
1896700,Wylde Flowers,"Sep 20, 2022",No Price,No Discount,Studio Drydock Pty Ltd,Studio Drydock Pty Ltd,"2,745","2,631",114,Very Positive,"['Adventure', 'Simulation']"
2099110,The Classrooms,"Oct 28, 2022",$11.99,No Discount,Xefier Games,Xefier Games,"3,190","2,851",339,Very Positive,"['Action', 'Early Access']"
301320,NoLimits 2 Roller Coaster Simulation,"Aug 21, 2014",No Price,No Discount,Ole Lange,O.L. Software,"1,673","1,621",52,Overwhelmingly Positive,"['Indie', 'Simulation']"
65540,Gothic 1,"Mar 15, 2001",$19.99,No Discount,Piranha Bytes,THQ Nordic,"18,247","16,880","1,367",Very Positive,"['Action', 'RPG']"
2060280,Lost Judgment - The Kaito Files Story Expansion,"Sep 14, 2022",$29.99,No Discount,RGG Studio,SEGA,733,651,82,Very Positive,"['Action', 'Adventure']"
1894430,Plan B: Terraform,"Aug 29, 2025",$15.99,No Discount,Gaddy Games,Gaddy Games,"3,563","3,249",314,Very Positive,"['Indie', 'Simulation', 'Strategy']"
1253920,Rogue Legacy 2,"Apr 28, 2022",$24.99,No Discount,Cellar Door Games,Cellar Door Games,"15,098","13,715","1,383",Very Positive,"['Action', 'Adventure', 'Indie', 'RPG']"
2958970,The Thing: Remastered,"Dec 5, 2024",$29.99,No Discount,Nightdive Studios,Nightdive Studios,"1,389","1,244",145,Mostly Positive,['Action']
4660150,"Warhammer 40,000: Gladius - Eradication pack","May 21, 2026",$9.99,No Discount,Proxy Studios,Slitherine Ltd. ,21,18,3,Positive,['Strategy']
788100,Neon Abyss,"Jul 14, 2020",$31.49,$7.87,Veewo Games,Team17,"23,596","20,273","3,323",Very Positive,"['Action', 'Adventure', 'Indie', 'RPG']"
1914120,[NA/EU] Black Desert - Traveler to Explorer,"Mar 2, 2022",$29.99,$14.99,Pearl Abyss,Pearl Abyss,36,20,16,Mixed,"['Action', 'Adventure', 'Massively Multiplayer', 'RPG']"
1088290,Grim Dawn - Steam Loyalist Items Pack 2,"Jun 20, 2019",$8.99,No Discount,Crate Entertainment,Crate Entertainment,252,236,16,Very Positive,"['Action', 'Adventure', 'Indie', 'RPG']"
2659380,Hydroneer: Journey to Volcalidus,"Apr 5, 2024",$9.99,No Discount,Foulball Hangover,Foulball Hangover,243,190,53,Mostly Positive,"['Adventure', 'Casual', 'Indie', 'Simulation']"
4348800,Farming Simulator 25: SKY Agriculture Pack,"Jun 30, 2026",$9.99,No Discount,GIANTS Software,GIANTS Software,19,14,5,Positive,['Simulation']
645630,Car Mechanic Simulator 2018,"Jul 28, 2017",$31.98,$17.58,Red Dot Games,PlayWay S.A.,"56,301","51,157","5,144",Very Positive,"['Racing', 'Simulation']"
4242820,Farthest Frontier - Cats and Dogs,"May 14, 2026",$7.99,No Discount,Crate Entertainment,Crate Entertainment,114,62,52,Mixed,"['Indie', 'Simulation', 'Strategy']"
1265640,Conan Exiles Enhanced - Architects of Argos Pack,"May 7, 2020",$9.99,No Discount,Funcom,Funcom,106,81,25,Mostly Positive,"['Action', 'Adventure', 'Massively Multiplayer', 'RPG']"
455040,Total War: WARHAMMER - Norsca,"Aug 10, 2017",$9.99,No Discount,CREATIVE ASSEMBLY,SEGA,"1,015",757,258,Mostly Positive,"['Action', 'Strategy']"
3562890,Victoria 3: Iberian Twilight - Immersion Pack,"Dec 11, 2025",$9.99,No Discount,Paradox Development Studio,Paradox Interactive,168,139,29,Very Positive,"['Simulation', 'Strategy']"
1473350,(the) Gnorp Apologue,"Dec 14, 2023",$6.99,No Discount,Myco,(Myco) ,"9,893","9,385",508,Very Positive,"['Casual', 'Indie', 'Simulation', 'Strategy']"
3284290,Moonsigil Atlas,"May 28, 2026",No Price,No Discount,Snake Tower Games,Twin Sails Interactive,284,240,44,Mixed,['Strategy']
3464370,Sani Yang's Laboratory,"Sep 29, 2025",No Price,No Discount,"TALESSHOP Co., Ltd.",Smilegate,"1,098","1,085",13,Overwhelmingly Positive,"['Adventure', 'Simulation', 'Strategy']"
743450,Monster Prom,"Apr 27, 2018",Monster Prom Demo,No Discount,Beautiful Glitch,Xelu,"14,330","13,329","1,001",Very Positive,"['Indie', 'Simulation']"
3226450,iRacing Arcade,"Mar 3, 2026",No Price,No Discount,Original Fire Games,iRacing,"1,180",859,321,Mixed,['Racing']
967050,Pacify,"Feb 22, 2019",$4.99,No Discount,Shawn Hitchcock,Hitchcock Games,"42,721","36,776","5,945",Mostly Positive,"['Action', 'Adventure', 'Casual', 'Indie']"
1337760,Potion Permit,"Sep 22, 2022",No Price,No Discount,MassHive Media,PQube,"5,377","4,268","1,109",Mostly Positive,"['Action', 'Adventure', 'Casual', 'RPG']"
1798010,Mega Man Battle Network Legacy Collection Vol. 1,"Apr 13, 2023",$39.99,No Discount,"CAPCOM Co., Ltd.","CAPCOM Co., Ltd.","1,527","1,338",189,Mostly Positive,"['Action', 'RPG']"
2908500,Buggos 2,"Sep 25, 2025",$19.99,No Discount,Intrepid Marmot,Intrepid Marmot,669,561,108,Very Positive,"['Simulation', 'Strategy']"
1022850,Dark Deception Complete,"Jan 29, 2019",$19.99,No Discount,Glowstick Entertainment,Glowstick Entertainment,"1,627","1,429",198,Very Positive,"['Action', 'Adventure', 'Indie', 'RPG']"
212480,Sonic & All-Stars Racing Transformed Collection,"Jan 31, 2013",$19.99,No Discount,Sumo Digital,SEGA,"17,845","16,658","1,187",Very Positive,"['Racing', 'Sports']"
3863760,侠影录,"Jul 23, 2026",$14.99,$13.49,朽木工作室,噪点游戏 SERICA GAMES,950,719,231,Mostly Positive,"['Action', 'Indie', 'RPG']"
3002850,FAIRY TAIL 2,"Dec 11, 2024",$59.99,$29.99,"KOEI TECMO GAMES CO., LTD.","KOEI TECMO GAMES CO., LTD.",241,155,86,Mixed,"['Action', 'RPG']"
2118560,IL-2 Sturmovik: Battle of Normandy,"Sep 29, 2022",$59.99,$14.99,1C Game Studios,FOR-GAMES CR LTD,50,36,14,Mostly Positive,"['Action', 'Simulation']"
3990740,MITHOS: Game Master's TTRPG Toolkit,"May 7, 2026",$39.00,No Discount,Michael DeLeo,MITHOS,166,154,12,Very Positive,"['RPG', 'Utilities']"
"2131630,2131640,2131650,2131680,2306740",METAL GEAR SOLID: MASTER COLLECTION Vol.1,"Oct 24, 2023",$19.99,No Discount,KONAMI,KONAMI,"5,689","4,669","1,020",Very Positive,['Action']
2150050,Planet Zoo: Twilight Pack,"Oct 18, 2022",$9.99,No Discount,Frontier Developments,Frontier Developments,143,128,15,Very Positive,"['Casual', 'Simulation', 'Strategy']"
3741860,Vital Shell,"Jan 7, 2026",No Price,No Discount,MarvinWizard,MarvinWizard,"1,699","1,652",47,Very Positive,"['Action', 'RPG']"
1388590,Yakuza 6: The Song of Life,"Mar 25, 2021",$19.99,No Discount,RGG Studio,SEGA,"8,240","7,640",600,Very Positive,"['Action', 'Adventure']"
2638630,American Truck Simulator - Farm Machinery,"Nov 30, 2023",$4.99,No Discount,SCS Software,SCS Software,114,93,21,Very Positive,"['Indie', 'Simulation']"
1983620,Infinitevania,"Jul 24, 2026",$14.99,$12.74,JHT Games,JHT Games,182,168,14,Very Positive,"['Action', 'Adventure', 'Indie']"
3362880,Wingspan: Asia Expansion,"Jun 16, 2025",$11.99,$9.59,Monster Couch,Monster Couch,39,35,4,Positive,"['Indie', 'Strategy']"
859580,Imperator: Rome,"Apr 25, 2019",$39.99,No Discount,Paradox Development Studio,Paradox Interactive,"27,069","17,711","9,358",Very Positive,"['Simulation', 'Strategy']"
19900,Far Cry® 2,"Oct 22, 2008",$9.99,No Discount,Ubisoft Montreal,Ubisoft,"18,635","14,111","4,524",Mixed,['Action']
673880,"Warhammer 40,000: Mechanicus","Nov 15, 2018",$29.99,No Discount,Bulwark Studios,Kasedo Games,"15,036","13,397","1,639",Very Positive,['Strategy']
4057370,World War Z x The Walking Dead,"Jan 29, 2026",$9.99,No Discount,Saber Interactive Inc,Saber Interactive Inc,309,229,80,Mostly Positive,['Action']
1274600,The Last Faith,"Nov 15, 2023",$27.99,No Discount,Kumi Souls Games,Playstack,"5,611","4,738",873,Very Positive,"['Action', 'Adventure', 'Indie']"
4507620,Crazy Oddballs: Idle RPG,"May 18, 2026",Free,No Discount,Crazy Oddballs,Crazy Oddballs,334,247,87,Mostly Positive,"['Action', 'Adventure', 'Casual', 'Indie']"
644830,The Surge 2,"Sep 23, 2019",$29.99,No Discount,Deck13,Focus Entertainment,"9,522","7,182","2,340",Mixed,"['Action', 'RPG']"
1721060,Mandragora: Whispers of the Witch Tree,"Apr 17, 2025",No Price,No Discount,Primal Game Studio,Knights Peak,"3,690","2,813",877,Very Positive,"['Action', 'Indie', 'RPG']"
466300,Planescape: Torment: Enhanced Edition,"Apr 11, 2017",$19.99,No Discount,Beamdog,Beamdog,"5,566","5,262",304,Very Positive,"['Adventure', 'RPG']"
3606890,Upload Labs,"Oct 3, 2025",Free To Play,No Discount,EnigmaDev Studios,EnigmaDev Studios,"8,166","7,539",627,Very Positive,"['Simulation', 'Free To Play']"
604500,Tank Force: Online Shooter Game,"Oct 23, 2017",Free To Play,No Discount,XDEVS LTD,XDEVS LTD,"3,211","2,110","1,101",Mixed,"['Action', 'Casual', 'Massively Multiplayer', 'Simulation']"
540710,Assetto Corsa - Porsche Pack II,"Nov 22, 2016",$4.99,No Discount,Kunos Simulazioni,Kunos Simulazioni,173,157,16,Very Positive,"['Indie', 'Racing', 'Simulation', 'Sports']"
4824420,Vespera,"Jul 21, 2026",$7.99,$6.63,Idle Gamers,Idle Gamers,199,179,20,Very Positive,"['Action', 'Adventure', 'Casual', 'Indie']"
1607680,Bread & Fred,"May 23, 2023",No Price,No Discount,SandCastles Studio,Infogrames,"5,175","4,019","1,156",Mostly Positive,"['Action', 'Adventure', 'Casual', 'Indie']"
2525310,Drop Duchy,"May 5, 2025",$14.99,No Discount,Sleepy Mill Studio,The Arcade Crew,"3,147","2,814",333,Very Positive,"['Adventure', 'Indie', 'Strategy']"
779880,Total War: WARHAMMER II - The Queen & The Crone,"May 31, 2018",$9.99,No Discount,CREATIVE ASSEMBLY,SEGA,804,571,233,Mostly Positive,"['Action', 'Strategy']"
629760,MORDHAU,"Apr 29, 2019",$29.99,No Discount,Triternion,Triternion,"113,188","90,472","22,716",Mostly Positive,"['Action', 'Indie']"
1082710,Bug Fables: The Everlasting Sapling,"Nov 21, 2019",$19.99,No Discount,Moonsprout Games,DANGEN Entertainment,"6,006","5,827",179,Very Positive,"['Action', 'Adventure', 'Indie', 'RPG']"
393010,Don't Starve: Shipwrecked,"Dec 1, 2015",$6.99,No Discount,Klei Entertainment,Klei Entertainment,"3,345","3,200",145,Overwhelmingly Positive,"['Adventure', 'Indie', 'Simulation']"
2560240,Biped 2,"Nov 5, 2025",$27.98,$9.18,META Publishing,META Publishing,"1,026",663,363,Mostly Positive,"['Action', 'Adventure', 'Casual', 'Indie']"
4694190,Le Mans Ultimate - US Track Pack 1,"Jul 28, 2026",$19.99,$17.99,Studio 397,Motorsport Games,10,5,5,9 user reviews,"['Racing', 'Simulation', 'Sports']"
3372980,Tower Wizard,"Jun 19, 2025",$2.99,No Discount,Barribob,Barribob,"8,794","8,519",275,Overwhelmingly Positive,"['Indie', 'RPG', 'Simulation', 'Strategy']"
1949030,Sherlock Holmes The Awakened,"Apr 11, 2023",$39.99,No Discount,Frogwares,Frogwares,"2,918","2,404",514,Very Positive,['Adventure']
665300,Stream Avatars,"Jul 26, 2017",$14.99,No Discount,Travis Miller,Travis Miller,"2,466","2,351",115,Very Positive,"['Animation & Modeling', 'Audio Production', 'Design & Illustration', 'Utilities']"
3256150,Moomintroll: Winter's Warmth,"Apr 27, 2026",$19.99,No Discount,Hyper Games,Hyper Games,501,493,8,Very Positive,"['Adventure', 'Indie', 'RPG']"
2824380,Exotica 2: Pet Shop Simulator,"Jan 21, 2026",$14.99,No Discount,Konrul Game,Ultimate Publishing,535,416,119,Very Positive,"['Adventure', 'Casual', 'Indie', 'Simulation']"
1762930,Goat Simulator: Remastered,"Nov 7, 2024",$29.99,No Discount,Coffee Stain Studios,Coffee Stain Publishing,"1,164","1,023",141,Very Positive,"['Adventure', 'Casual', 'Simulation']"
3301110,Total War: WARHAMMER III - The Changeling – Shadows of Change,"Mar 25, 2025",$8.99,No Discount,CREATIVE ASSEMBLY,SEGA,217,105,112,Mixed,"['Action', 'Strategy']"
274190,Broforce,"Oct 15, 2015",$14.99,No Discount,Free Lives,Devolver Digital,"60,911","59,034","1,877",Very Positive,"['Action', 'Adventure', 'Casual', 'Indie']"
2526530,Dead by Daylight - Maddening Darkness Pack,"Jan 8, 2024",$9.99,No Discount,Behaviour Interactive Inc.,Behaviour Interactive Inc.,74,55,19,Mostly Positive,['Action']
3149980,Love n Life: Happy Student,"Jul 18, 2025",$9.99,$6.99,Reborn Entertainment,Reborn Entertainment,778,649,129,Very Positive,"['RPG', 'Simulation']"
3762550,HELLMART,"Jan 28, 2026",No Price,No Discount,GAZE IN GAMES,GAZE IN GAMES,"1,089",856,233,Very Positive,"['Adventure', 'Indie', 'Simulation']"
540711,Assetto Corsa - Porsche Pack III,"Dec 20, 2016",$4.99,No Discount,Kunos Simulazioni,Kunos Simulazioni,136,129,7,Very Positive,"['Indie', 'Racing', 'Simulation', 'Sports']"
234080,Castlevania: Lords of Shadow – Ultimate Edition,"Aug 27, 2013",$29.99,No Discount,MercurySteam,KONAMI,"10,321","8,346","1,975",Very Positive,"['Action', 'Adventure']"
3388410,Monster Crown: Sin Eater,"Apr 30, 2026",No Price,No Discount,Studio Aurum,Studio Aurum,196,170,26,Very Positive,"['Adventure', 'Indie', 'RPG', 'Strategy']"
16870,Sid Meier's Civilization V: Gods and Kings,"Jun 18, 2012",$29.99,$7.49,Firaxis Games,2K,458,406,52,Very Positive,['Strategy']
3165680,Avakin Life,"May 27, 2026",Free To Play,No Discount,Lockwood Publishing,Lockwood Publishing,"1,072",685,387,Mixed,"['Casual', 'Massively Multiplayer', 'Simulation', 'Free To Play']"
234330,MARVEL Puzzle Quest,"Dec 5, 2013",Free to Play,No Discount, Infinity Plus 2,505 Go Inc,"4,492","3,098","1,394",Mixed,"['Casual', 'RPG', 'Strategy', 'Free To Play']"
3057670,Pluto,"Mar 9, 2026",No Price,No Discount,Siege Wizard Interactive,indie.io,530,498,32,Very Positive,"['Indie', 'Strategy']"
65980,Sid Meier's Civilization®: Beyond Earth™,"Oct 23, 2014",$39.99,$9.99,Firaxis Games,2K,"23,121","14,009","9,112",Very Positive,['Strategy']
1069660,Ultimate Admiral: Dreadnoughts,"Jan 25, 2023",$34.99,No Discount,Game-Labs,Game-Labs,"7,942","4,832","3,110",Mixed,"['Indie', 'RPG', 'Simulation', 'Strategy']"
1209460,Euro Truck Simulator 2 - Iberia,"Apr 8, 2021",$17.99,No Discount,SCS Software,SCS Software,"2,476","1,923",553,Mixed,"['Indie', 'Simulation']"
1182020,WGT Golf,"Apr 13, 2020",Free To Play,No Discount,"World Golf Tour, LLC","World Golf Tour, LLC","3,310","2,047","1,263",Mixed,"['Simulation', 'Sports', 'Free To Play', 'Early Access']"
753420,Dungreed,"Feb 14, 2018",$9.99,No Discount,TEAM HORAY,TEAM HORAY,"9,576","8,937",639,Very Positive,"['Action', 'Indie']"
3301120,Total War: WARHAMMER III - Yuan Bo – Shadows of Change,"Mar 25, 2025",$8.99,No Discount,CREATIVE ASSEMBLY,SEGA,200,112,88,Mixed,"['Action', 'Strategy']"
1864950,Beastieball,"Nov 12, 2024",No Price,No Discount,Wishes Ultd.,Klei Publishing,"1,691","1,663",28,Very Positive,"['Adventure', 'Indie', 'RPG', 'Sports']"
251110,INFRA,"Jan 15, 2016",$34.99,$6.99,Loiste Interactive,Loiste Interactive,"3,692","3,266",426,Very Positive,"['Adventure', 'Indie']"
406550,Umineko When They Cry - Question Arcs,"Jul 8, 2016",$24.99,$14.99,07th Expansion,MangaGamer,"2,802","2,666",136,Very Positive,['Adventure']
3263320,Carry The Glass,"Oct 23, 2024",$4.99,No Discount,Çağatay Demir,SlugShot Games,"3,275","2,468",807,Very Positive,"['Adventure', 'Casual', 'Indie', 'Simulation']"
1367550,Kingdom Rush Vengeance - Tower Defense,"Oct 15, 2020",$19.99,No Discount,Ironhide Game Studio,Ironhide Game Studio,"10,797","10,137",660,Mostly Positive,['Strategy']
600750,Star Trek Timelines,"Jan 14, 2016",Free To Play,No Discount,Tilting Point,Tilting Point,"1,520","1,002",518,Mixed,"['Adventure', 'RPG', 'Strategy', 'Free To Play']"
1750770,Starcom: Unknown Space,"Sep 2, 2024",$24.99,No Discount,"Wx3 Labs, LLC","Wx3 Labs, LLC","4,445","4,106",339,Very Positive,"['Action', 'Adventure', 'Indie', 'RPG']"
3581600,Fate War,"Aug 4, 2025",Free To Play,No Discount,IGG SINGAPORE PTE. LTD.,IGG SINGAPORE PTE. LTD.,470,299,171,Mixed,"['Massively Multiplayer', 'RPG', 'Strategy', 'Free To Play']"
824550,SD GUNDAM BATTLE ALLIANCE,"Aug 24, 2022",$84.99,$21.24,ARTDINK,Bandai Namco Entertainment,"6,101","3,860","2,241",Mixed,"['Action', 'RPG']"
1747960,Planet Zoo: North America Animal Pack,"Oct 4, 2021",$9.99,No Discount,Frontier Developments,Frontier Developments,178,156,22,Very Positive,"['Casual', 'Simulation', 'Strategy']"
3857430,Interdimensional Vending Machine,"Jun 10, 2026",$7.99,No Discount, Neuroticfly Games, Neuroticfly Games,166,141,25,Very Positive,['Indie']
3657930,NBA 2K26 Hall of Fame Pass: Season 8,"Jun 26, 2026",$19.99,No Discount,Visual Concepts,2K,3,1,2,3 user reviews,['Sports']
3511030,Mini Cozy Room: Lo-Fi,"Mar 30, 2025",No Price,No Discount,Tesseract Studio,Tesseract Studio,"3,529","3,414",115,Very Positive,"['Casual', 'Indie']"
4767260,DCS: F-100D Super Sabre by Grinnelli Designs,"Jun 12, 2026",$47.99,No Discount,Grinnelli Designs,Eagle Dynamics SA,35,35,0,Positive,['Simulation']
4630460,The Mound: Omen of Cthulhu - Characters & Items Pack,"Jul 15, 2026",$4.99,No Discount,ACE Team,Nacon,11,10,1,Positive,"['Action', 'Adventure']"
558244,Euro Truck Simulator 2 - Italia,"Dec 5, 2017",$17.99,No Discount,SCS Software,SCS Software,"2,388","2,239",149,Very Positive,"['Indie', 'Simulation']"
2552440,KINGDOM HEARTS HD 2.8 Final Chapter Prologue,"Jun 13, 2024",$59.99,No Discount,Square Enix,Square Enix,742,615,127,Very Positive,"['Action', 'Adventure', 'RPG']"
2870350,Pipistrello and the Cursed Yoyo,"May 28, 2025",No Price,No Discount,Pocket Trap,"PM Studios, Inc.","2,122","2,080",42,Very Positive,"['Action', 'Adventure', 'Indie']"
320240,We Happy Few,"Aug 10, 2018",$59.99,No Discount,Compulsion Games,Gearbox Publishing,"13,764","10,567","3,197",Mixed,"['Action', 'Adventure', 'Indie']"
526060,Assetto Corsa - Porsche Pack I,"Oct 25, 2016",$4.99,No Discount,Kunos Simulazioni,505 Games,262,240,22,Very Positive,"['Indie', 'Racing', 'Simulation', 'Sports']"
1055540,A Short Hike,"Jul 30, 2019",$7.99,No Discount,adamgryu,adamgryu,"22,521","22,332",189,Overwhelmingly Positive,"['Adventure', 'Indie']"
3607440,A.A.U. Black Site,"May 21, 2026",$14.99,No Discount,Raspberry Studio,IZilla Games,331,269,62,Very Positive,"['Action', 'Adventure', 'Indie', 'Early Access']"
579180,Ys VIII: Lacrimosa of DANA,"Apr 16, 2018",$39.99,No Discount,Nihon Falcom,"NIS America, Inc.","7,013","6,335",678,Very Positive,"['Action', 'RPG']"
1812370,Little Goody Two Shoes,"Nov 7, 2023",No Price,No Discount,AstralShift,Square Enix,"2,499","2,383",116,Very Positive,"['Adventure', 'RPG']"
2730970,Westland Survival,"Sep 24, 2025",Free To Play,No Discount,Helio Games,Helio Games ,554,327,227,Mixed,"['Action', 'Adventure', 'RPG', 'Simulation']"
2950840,Hades II Original Soundtrack,"May 6, 2024",$9.99,No Discount,Supergiant Games,Supergiant Games,79,78,1,Very Positive,['None']
"881020,2183570,2694640,2694650,2694660,2694670,2782160,2853970,2853980,2944850,2944860,3839790,4528540",Granblue Fantasy: Relink - Endless Ragnarok (Special Edition),"Jan 31, 2024",No Price,No Discount,"Cygames, Inc.","Cygames, Inc.","54,985","49,540","5,445",Very Positive,"['Action', 'Adventure', 'RPG']"
712640,Don't Starve: Hamlet,"Nov 8, 2018",$6.99,No Discount,Klei Entertainment,Klei Entertainment,"1,662","1,454",208,Very Positive,"['Adventure', 'Indie', 'Simulation']"
3125250,STORROR Parkour Pro,"Mar 31, 2025",$24.99,No Discount,Hole in the Sleeve Game Studios,Hole in the Sleeve Game Studios,"1,740","1,252",488,Mixed,"['Action', 'Adventure', 'Indie', 'Simulation']"
1620340,Wrestling Empire,"Jul 2, 2021",No Price,No Discount,MDickie,MDickie,"3,116","2,934",182,Very Positive,"['Action', 'Indie', 'RPG', 'Simulation']"
2767530,Wicked Seed,"Jan 23, 2026",No Price,No Discount,Dead Right Games,Dead Right Games,"1,144","1,082",62,Very Positive,"['Action', 'Indie', 'RPG']"
1812860,Dice Gambit,"Aug 14, 2025",No Price,No Discount,Chromatic Ink,Spelkollektivet,"1,122",988,134,Mostly Positive,"['Indie', 'RPG', 'Strategy']"
4295960,Manga Club Advisor wants to support Saeki Sasara,"Jul 31, 2026",$11.99,$10.79,キラ☆タマ,Oπ,88,79,9,Very Positive,"['Casual', 'Indie', 'Simulation']"
282470,Don't Starve: Reign of Giants,"Apr 30, 2014",$6.99,No Discount,Klei Entertainment,Klei Entertainment,"1,754","1,696",58,Overwhelmingly Positive,"['Adventure', 'Indie', 'Simulation']"
1293820,YOU and ME and HER: A Love Story,"May 25, 2020",$29.99,No Discount,Nitroplus,JAST,"6,881","6,541",340,Overwhelmingly Positive,['Adventure']
925580,Euro Truck Simulator 2 - Beyond the Baltic Sea,"Nov 29, 2018",$17.99,No Discount,SCS Software,SCS Software,"3,071","2,799",272,Mostly Positive,"['Indie', 'Simulation']"
473950,Manifold Garden,"Oct 20, 2020",$19.99,$4.99,William Chyr Studio,William Chyr Studio,"8,469","8,066",403,Very Positive,"['Adventure', 'Indie']"
4097630,HITMAN WOA - The Eminem vs. Slim Shady Pack,"Dec 1, 2025",$4.99,No Discount,IO Interactive A/S,IO Interactive A/S,134,109,25,Mixed,"['Action', 'Adventure']"
3204800,Hunt: Showdown 1896 - Ghost Face Rampage,"Oct 24, 2024",$9.99,No Discount,Crytek,Crytek,631,566,65,Very Positive,['Action']
2318480,Last Train Outta' Wormtown,"Jan 17, 2025",No Price,No Discount,Get(Color) Games,Get(Color) Games,"1,799","1,696",103,Very Positive,"['Action', 'Indie']"
404010,Total War: WARHAMMER - Chaos Warriors,"May 24, 2016",$7.99,No Discount,CREATIVE ASSEMBLY,SEGA,"1,590",700,890,Mixed,"['Action', 'Strategy']"
335240,Transformice,"Jan 30, 2015",Free To Play,No Discount,Atelier 801,Atelier 801,"28,838","25,396","3,442",Very Positive,"['Free To Play', 'Indie', 'Massively Multiplayer']"
2870340,Decktamer,"Oct 27, 2025",No Price,No Discount,Horizon Edge,Assemble Entertainment,"2,082","1,786",296,Very Positive,['Strategy']
282800,100% Orange Juice,"Sep 10, 2013",No Price,No Discount,Orange_Juice,Fruitbat Factory,"30,117","27,423","2,694",Very Positive,"['Indie', 'Strategy']"
1647550,NEO: The World Ends with You,"Oct 19, 2022",$59.99,No Discount,Square Enix,Square Enix,"1,096","1,010",86,Very Positive,"['Action', 'RPG']"
2084970,Etheria: Restart,"Oct 23, 2025",Free To Play,No Discount,XD,XD,347,201,146,Mostly Positive,"['Adventure', 'RPG', 'Strategy', 'Free To Play']"
605230,Grey Hack,"Dec 14, 2017",$19.99,No Discount,Loading Home,Loading Home,"1,858","1,675",183,Very Positive,"['Indie', 'Massively Multiplayer', 'Simulation', 'Early Access']"
1262460,Zompiercer,"Apr 3, 2020",$19.99,No Discount,DDDimanN,DDDimanN,"4,655","4,110",545,Mostly Positive,"['Action', 'Adventure', 'Indie', 'Early Access']"
3391450,GORN 2,"Apr 17, 2025",$19.99,No Discount,Cortopia,Devolver Digital,677,585,92,Very Positive,['Action']
1803140,Deer & Boy,"Jun 23, 2026",No Price,No Discount,Lifeline Games,Dear Villagers,385,360,25,Very Positive,"['Action', 'Adventure', 'Indie']"
4523180,Company of Heroes 3: Hammer & Shield Battlegroup DLC,"Apr 14, 2026",$13.99,$11.19,Relic Entertainment,Relic Entertainment,34,11,23,Mixed,"['Action', 'Strategy']"
2678080,Tides of Tomorrow 🌊,"Apr 22, 2026",$29.99,No Discount,Digixart,THQ Nordic,665,581,84,Very Positive,"['Adventure', 'Indie']"
2555420,Age of Empires II: Definitive Edition - The Mountain Royals,"Oct 31, 2023",$14.99,No Discount,World's Edge,Xbox Game Studios,454,304,150,Mixed,['Strategy']
798460,Ni no Kuni Wrath of the White Witch™ Remastered,"Sep 19, 2019",$49.99,No Discount,LEVEL5 Inc.,BANDAI NAMCO Entertainment,"5,123","4,274",849,Mostly Positive,"['Action', 'Adventure', 'RPG']"
1420350,Fraymakers,"Jan 18, 2023",$19.99,No Discount,Team Fray,Team Fray,"1,546","1,233",313,Very Positive,"['Action', 'Adventure', 'Indie', 'Early Access']"
4867080,Flock Around - Emu Island (Australia) Expansion Pack,"Jul 16, 2026",$3.99,No Discount,Friend Shaped Games,Friend Shaped Games,36,34,2,Positive,"['Casual', 'Indie']"
1307580,TOEM: A Photo Adventure,"Sep 17, 2021",$19.99,$1.99,Something We Made,Something We Made,"11,730","11,627",103,Overwhelmingly Positive,"['Adventure', 'Casual', 'Indie']"
1068820,OVR Toolkit - Desktop Overlay,"Jun 28, 2019",$10.99,No Discount,Curtis English,VoxelLoop Software Limited,"3,375","2,925",450,Very Positive,['Utilities']
3594460,WARNO - LANDJUT,"Apr 15, 2026",$19.99,No Discount,Eugen Systems,Eugen Systems,147,91,56,Mixed,"['Action', 'Indie', 'Simulation', 'Strategy']"
4262310, All Hail the Orb,"Apr 20, 2026",$6.99,No Discount,LeGingerDev,LeGingerDev,"1,439","1,366",73,Very Positive,"['Casual', 'Simulation']"
1450830,At Dead Of Night,"Nov 19, 2020",$15.99,No Discount,Baggy Cat Ltd.,Baggy Cat Ltd.,"3,535","3,318",217,Very Positive,"['Action', 'Indie', 'RPG', 'Strategy']"
1244040,Crocotile 3D,"May 7, 2015",$29.99,$23.99,Alex Hanson-White,Alex Hanson-White,272,244,28,Very Positive,"['Animation & Modeling', 'Design & Illustration']"
2487150,Deconstruction Simulator,"Sep 23, 2025",No Price,No Discount,Games Incubator,Games Incubator,"1,506","1,180",326,Mostly Positive,"['Casual', 'Indie', 'Simulation']"
4210010,Incremental Infinity,"Jul 20, 2026",$4.99,No Discount,Rablo Games,Rablo Games,136,80,56,Mixed,"['Casual', 'Indie', 'Simulation', 'Strategy']"
3660220,Syberia - Remastered,"Nov 6, 2025",$29.99,$14.99,Virtuallyz Gaming,Microids,821,590,231,Mostly Positive,['Adventure']
404014,Total War: WARHAMMER - The King and the Warlord,"Oct 20, 2016",$8.99,No Discount,CREATIVE ASSEMBLY,SEGA,653,503,150,Mostly Positive,"['Action', 'Strategy']"
2245620,Tangy TD,"Mar 9, 2026",$9.99,No Discount,Cakez,Cakez,"1,496","1,357",139,Mostly Positive,"['Action', 'Indie', 'Strategy']"
257510,The Talos Principle,"Dec 11, 2014",$29.99,No Discount,Croteam,Devolver Digital,"32,977","31,431","1,546",Very Positive,"['Action', 'Adventure', 'Indie']"
3077590,PowerWash Simulator – Wallace & Gromit Special Pack,"Mar 4, 2025",$7.99,No Discount,FuturLab,Square Enix,126,105,21,Very Positive,"['Casual', 'Indie', 'Simulation']"
1286990,CONSCRIPT: Director’s Cut,"Jul 23, 2024",$26.99,$9.17,Jordan Mochi,Team17,"2,502","2,267",235,Very Positive,"['Action', 'Adventure', 'Indie']"
2987800,Madoka Magica Magia Exedra,"Jul 16, 2025",Free To Play,No Discount,WRIGHT FLYER STUDIOS,Aniplex Inc.,"1,203",800,403,Mostly Positive,"['RPG', 'Free To Play']"
3481460,Deep Rock Galactic - Skullcrusher Pack,"Feb 27, 2025",$9.99,$4.99,Ghost Ship Games,Coffee Stain Publishing,352,347,5,Very Positive,['Action']
3335020,Wartales - Expansion: The Skelmar Invasion,"Dec 10, 2024",$19.99,No Discount,Shiro Games,Shiro Games,238,182,56,Mostly Positive,"['Adventure', 'Indie', 'RPG', 'Strategy']"
2013290,Planet Zoo: Conservation Pack,"Jun 21, 2022",$9.99,No Discount,Frontier Developments,Frontier Developments,120,115,5,Very Positive,"['Casual', 'Simulation', 'Strategy']"
3570060,The Ember Guardian,"Apr 17, 2026",$19.99,No Discount,Ratbit Games,Slug Disco,279,229,50,Mostly Positive,"['Action', 'Adventure', 'Strategy']"
2235200,Neon Abyss 2,"Jul 17, 2025",$19.99,$15.99,Veewo Games,Veewo Games,"2,249","1,564",685,Mostly Positive,"['Action', 'Adventure', 'Indie', 'RPG']"
3301130,Total War: WARHAMMER III - Mother Ostankya – Shadows of Change,"Mar 25, 2025",$8.99,No Discount,CREATIVE ASSEMBLY,SEGA,148,82,66,Mixed,"['Action', 'Strategy']"
1329500,SpiderHeck,"Sep 22, 2022",$14.99,No Discount,Neverjam,tinyBuild,"6,349","5,882",467,Very Positive,"['Action', 'Casual', 'Indie']"
4070950,FATAL FURY: CotW - Season Pass 2,"Jan 22, 2026",$19.99,No Discount,SNK CORPORATION,SNK CORPORATION,46,44,2,Positive,['Action']
3364150,Whack-A-Monster,"Jul 28, 2026",$6.99,$6.29,Brainfog Games,Brainfog Games,80,75,5,Very Positive,"['Casual', 'Indie', 'RPG', 'Simulation']"
619680,Assetto Corsa - Ready To Race Pack,"May 18, 2017",$4.99,No Discount,Kunos Simulazioni,505 Games,256,241,15,Very Positive,"['Indie', 'Racing', 'Simulation', 'Sports']"
1237980,STAR WARS™ Battlefront,"Nov 16, 2015",No Price,No Discount,DICE,Electronic Arts,"5,823","4,592","1,231",Very Positive,"['Action', 'Adventure', 'Strategy']"
2529790,GRIME II,"Mar 31, 2026",$27.99,No Discount,Clover Bite,Kwalee,"1,909","1,661",248,Very Positive,"['Action', 'Indie', 'RPG']"
2067780,Your Turn To Die -Death Game By Majority-,"Feb 20, 2023",$16.99,No Discount,Nankidai,0UP GAMES,"4,326","4,229",97,Very Positive,"['Adventure', 'Indie', 'Early Access']"
1668510,The Legend of Heroes: Trails from Zero,"Sep 27, 2022",$39.99,No Discount,Nihon Falcom,"NIS America, Inc.","1,546","1,510",36,Very Positive,['RPG']
1124300,HUMANKIND™,"Aug 17, 2021",$49.99,No Discount,AMPLITUDE Studios,AMPLITUDE Studios,"28,581","19,736","8,845",Very Positive,['Strategy']
3307910,The Outlast Trials - Unholy Night Pack,"Dec 10, 2024",$19.99,No Discount,Red Barrels,Red Barrels,117,115,2,Very Positive,"['Action', 'Adventure', 'Indie']"
3334790,Workers & Resources: Soviet Republic - Early Start,"May 22, 2025",$19.99,No Discount,3Division,Hooded Horse,412,275,137,Mixed,"['Simulation', 'Strategy']"
1559600,The Ranch of Rivershine,"May 23, 2025",$29.99,No Discount,Cozy Bee Games,Cozy Bee Games,"2,283","2,146",137,Very Positive,['Simulation']
1235741,The Sims™ 4 Outdoor Retreat,"Jan 13, 2015",$19.99,$13.99,Maxis,Electronic Arts,53,23,30,Mixed,"['Casual', 'Simulation']"
1082430,Before Your Eyes,"Apr 8, 2021",$9.99,No Discount,GoodbyeWorld Games,Skybound Games,"23,549","23,078",471,Overwhelmingly Positive,"['Adventure', 'Indie']"
386360,SMITE®,"Sep 8, 2015",Free To Play,No Discount,Titan Forge Games,Hi-Rez Studios,"119,894","94,341","25,553",Mixed,"['Action', 'Adventure', 'Casual', 'Indie']"
2701720,Wagotabi: A Japanese Journey,"Aug 13, 2025",No Price,No Discount,Wagotabi Limited,Wagotabi Limited,"1,465","1,447",18,Very Positive,"['Casual', 'Indie', 'RPG', 'Simulation']"
1359980,POSTAL: Brain Damaged,"Jun 9, 2022",No Price,No Discount,Hyperstrange,Running With Scissors,"11,111","10,554",557,Very Positive,['Action']
2625580,Killer Instinct: Anniversary Edition,"Nov 28, 2023",$29.99,No Discount,Iron Galaxy Studios,Xbox Game Studios,104,94,10,Very Positive,['Action']
2749770,Galaxy Burger,"Aug 23, 2024",No Price,No Discount,Galactic Workshop,Galactic Workshop,"2,812","2,714",98,Very Positive,"['Casual', 'Indie', 'Massively Multiplayer', 'Simulation']"
1079260,Fireworks Mania - An Explosive Simulator,"Dec 17, 2020",$14.99,No Discount,Laumania ApS,Laumania ApS,"7,888","7,646",242,Very Positive,"['Action', 'Casual', 'Indie', 'Simulation']"
1608230,Planet of Lana,"May 23, 2023",$19.99,$4.99,Wishfully,Thunderful Publishing,"10,324","9,604",720,Very Positive,"['Action', 'Adventure', 'Indie']"
2383250,Stormworks: Space,"Oct 12, 2023",$9.99,No Discount,Geometa,Geometa,913,388,525,Mixed,['Simulation']
3907790,OxyRail,"Feb 20, 2026",$14.99,No Discount,OxygenTech Limited,OxygenTech Limited,933,756,177,Very Positive,"['Action', 'Adventure', 'Casual', 'Indie']"
2776900,The Eminence in Shadow: Master of Garden,"Aug 28, 2024",Free To Play,No Discount,Team CARAVAN,Aiming Inc.,584,405,179,Mixed,"['Action', 'Adventure', 'Casual', 'RPG']"
1088710,Yakuza 3 Remastered,"Jan 28, 2021",No Price,No Discount,RGG Studio,SEGA,"10,201","8,233","1,968",Very Positive,"['Action', 'Adventure']"
3577690,"Warhammer 40,000: Battlesector - Ultramarines","May 21, 2026",$14.99,No Discount,Slitherine Ltd.,Slitherine Ltd.,43,30,13,Mixed,['Strategy']
1522820,Orcs Must Die! 3,"Jul 23, 2021",$29.99,No Discount,Robot Entertainment,Robot Entertainment,"14,854","12,745","2,109",Very Positive,"['Action', 'Adventure', 'Indie', 'Strategy']"
1315180,Spark in the Dark,"Apr 7, 2026",$16.99,No Discount,Stellar Fish,Stellar Fish,"1,174","1,034",140,Very Positive,"['Action', 'Adventure', 'Indie', 'RPG']"
1201270,A Space for the Unbound,"Jan 19, 2023",No Price,No Discount,Mojiken,Toge Productions,"7,667","7,445",222,Very Positive,"['Adventure', 'Indie']"
388410,Darksiders II Deathinitive Edition,"Nov 5, 2015",$29.99,No Discount,Gunfire Games,THQ Nordic,"20,535","16,143","4,392",Mostly Positive,"['Action', 'Adventure', 'RPG']"
2714620,Duck Detective: The Ghost of Glamping,"May 22, 2025",$9.99,No Discount,Happy Broccoli Games,Happy Broccoli Games,"2,762","2,674",88,Very Positive,"['Adventure', 'Casual', 'Indie']"
702050,The Song of Saya,"Aug 12, 2019",$14.99,No Discount,Nitroplus,JAST,"10,020","8,944","1,076",Very Positive,"['Adventure', 'Simulation']"
3028310,Nordhold,"Mar 25, 2025",$19.99,No Discount,StunForge,HypeTrain Digital,"3,318","2,882",436,Mostly Positive,"['Indie', 'Strategy']"
1732190,FATAL FRAME / PROJECT ZERO: Maiden of Black Water,"Oct 27, 2021",$39.99,No Discount,"KOEI TECMO GAMES CO., LTD.","KOEI TECMO GAMES CO., LTD.","6,499","5,378","1,121",Very Positive,['Adventure']
3930510,Don't Let It Starve,"Jun 12, 2026",No Price,No Discount,Eduardo Scarpato,Black Lantern Collective,183,176,7,Very Positive,"['Simulation', 'Strategy']"
1266840,The Last Stand: Aftermath,"Nov 16, 2021",$24.99,No Discount,Con Artist Games,Armor Games Studios,"6,712","5,403","1,309",Mostly Positive,"['Action', 'Adventure', 'Indie']"
3319120,Don't Play This,"Apr 14, 2026",$8.99,No Discount,Admia,Notex,982,829,153,Very Positive,"['Adventure', 'Indie', 'Simulation']"
794860,eSail Sailing Simulator,"Mar 26, 2019",$37.99,No Discount,eSail Ltd.,eSail Ltd.,832,772,60,Very Positive,"['Racing', 'Simulation', 'Sports']"
3471800,Vanguard Galaxy,"Oct 30, 2025",$8.99,No Discount,Bat Roost Games,Bat Roost Games,529,483,46,Very Positive,"['Casual', 'Indie', 'Simulation', 'Strategy']"
2477340,Expeditions: A MudRunner Game,"Mar 5, 2024",$39.99,No Discount,Saber Interactive,Focus Entertainment,"4,754","2,687","2,067",Mixed,"['Adventure', 'Racing', 'Simulation']"
1146830,theHunter: Call of the Wild™ - High-Tech Hunting Pack,"Sep 18, 2019",$3.99,$1.99,Expansive Worlds,Avalanche Studios,404,291,113,Mostly Positive,"['Adventure', 'Simulation', 'Sports']"
4232870,Crusader Kings III Creator Pack: Celestial Court Attire,"Mar 11, 2026",$4.99,No Discount,TAMA,Paradox Interactive,60,49,11,Very Positive,"['RPG', 'Simulation', 'Strategy']"
268870,Satellite Reign,"Aug 28, 2015",$29.99,$2.99,5 Lives Studios,5 Lives Studios,"5,343","3,818","1,525",Mostly Positive,"['Action', 'Indie', 'Strategy']"
2252680,Farlands,"Jul 16, 2026",$17.99,No Discount,JanduSoft,JanduSoft,"1,685","1,528",157,Mostly Positive,"['Casual', 'Indie', 'RPG', 'Simulation']"
4418930,The Bazaar - Karnok,"Mar 4, 2026",$19.99,No Discount,Tempo,Tempo,269,139,130,Mixed,['Strategy']
1446650,BRAVELY DEFAULT II,"Sep 2, 2021",$59.99,No Discount,Square Enix,Square Enix,"2,057","1,661",396,Very Positive,"['Adventure', 'RPG']"
205710,EverQuest,"Dec 13, 2012",Free to Play,No Discount,Darkpaw Games,Daybreak Game Company,"2,695","2,125",570,Mostly Positive,"['Massively Multiplayer', 'RPG', 'Free To Play']"
1491670,Venba,"Jul 31, 2023",$14.99,$3.74,Visai Games,Visai Games,"3,643","3,370",273,Very Positive,['None']
4111370,Birdwatching Notebook,"May 26, 2026",No Price,No Discount,Biekka Games,Biekka Games,"1,553","1,516",37,Overwhelmingly Positive,['Casual']
3871380,"Warhammer 40,000: Space Marine 2 - Carcharodons Cosmetic Pack","Feb 26, 2026",$4.99,No Discount,Saber Interactive,Focus Entertainment,230,102,128,Mixed,"['Action', 'Adventure', 'RPG']"
1198090,The Legend of Heroes: Trails of Cold Steel IV,"Apr 9, 2021",$59.99,No Discount,Nihon Falcom,"NIS America, Inc.","2,503","2,280",223,Mostly Positive,['RPG']
3600640,Wandering Sword - Secrets of the Eastern Sea,"Jun 18, 2025",$6.99,$5.94,The Swordman Studio,Spiral Up Games,965,767,198,Mostly Positive,"['Adventure', 'Indie', 'RPG', 'Strategy']"
606280,Darksiders III,"Nov 27, 2018",$39.99,No Discount,Gunfire Games,THQ Nordic,"17,356","13,182","4,174",Mixed,"['Action', 'Adventure', 'RPG']"
1509510,Settlement Survival,"Oct 24, 2022",$21.49,$5.37,Gleamer Studio,Team17,"8,019","6,843","1,176",Mixed,"['Simulation', 'Strategy']"
415600,Kart Racing Pro,"Jul 14, 2017",$39.99,No Discount,PiBoSo,PiBoSo,"1,058",933,125,Very Positive,"['Racing', 'Simulation', 'Sports']"
3518320,The Outlast Trials - Sweet Release Pack,"Apr 22, 2025",$19.99,No Discount,Red Barrels,Red Barrels,105,104,1,Very Positive,"['Action', 'Adventure', 'Indie']"
554620,Life is Strange: Before the Storm,"Aug 31, 2017",$16.99,No Discount,Deck Nine,Square Enix,"37,829","35,282","2,547",Very Positive,"['Action', 'Adventure']"
435881,Fallout 4 Far Harbor,"May 18, 2016",$14.99,$8.99,Bethesda Game Studios,Bethesda Softworks,"4,805","4,078",727,Very Positive,['RPG']
2124750,Stormworks: Industrial Frontier,"Oct 13, 2022",$9.99,No Discount,Geometa,Geometa,564,325,239,Mixed,['Simulation']
1484720,Dead Estate,"Oct 19, 2021",Dead Estate Demo,No Discount,Milkbar Lads,2 Left Thumbs,"6,636","6,280",356,Very Positive,"['Action', 'Indie']"
2190220,Touhou Danmaku Kagura Phantasia Lost,"Feb 7, 2024",$19.99,No Discount,Alliance Arts,Alliance Arts,"2,470","2,030",440,Very Positive,"['Action', 'Adventure', 'Casual', 'Indie']"
3260820,Le Mans Ultimate - 2024 Pack 4,"Feb 25, 2025",$7.49,No Discount,Studio 397,Studio 397,46,34,12,Mostly Positive,"['Racing', 'Simulation', 'Sports']"
429790,AdventureQuest 3D,"Oct 28, 2022",Free To Play,No Discount,"Artix Entertainment, LLC","Artix Entertainment, LLC","9,707","7,917","1,790",Very Positive,"['Action', 'Adventure', 'Casual', 'Free To Play']"
564230,Fire Pro Wrestling World,"Dec 18, 2017",$29.99,No Discount,"Spike Chunsoft Co., Ltd.","Spike Chunsoft Co., Ltd.","3,325","2,984",341,Very Positive,"['Simulation', 'Sports']"
24810,Command & Conquer™ 3: Kane’s Wrath,"Nov 13, 2009",No Price,No Discount,EA Los Angeles,Electronic Arts,"5,821","5,443",378,Very Positive,"['Action', 'Strategy']"
842780,NavalArt,"Jun 20, 2018",$18.99,No Discount,Rigidbody,RZ Entertainment,"2,387","2,165",222,Very Positive,"['Indie', 'Simulation', 'Strategy', 'Early Access']"
1100140,Touhou Fuujinroku ~ Mountain of Faith.,"Aug 17, 2007",$14.99,No Discount,上海アリス幻樂団,"Mediascape Co., Ltd.","1,643","1,616",27,Very Positive,"['Action', 'Indie']"
2075070,KinitoPET,"Jan 9, 2024",$5.99,No Discount,troy_en,troy_en,"14,639","13,618","1,021",Overwhelmingly Positive,"['Casual', 'Indie', 'Simulation']"
3428570,Teller's Duty,"Jun 12, 2026",$17.08,$11.54,Hiscory,Hiscory,336,241,95,Mostly Positive,"['Adventure', 'Indie', 'Simulation']"
2591280,F1® Manager 2024,"Jul 23, 2024",$34.99,No Discount,Frontier Developments,Frontier Developments,"6,878","5,736","1,142",Very Positive,"['Simulation', 'Strategy']"
1479730,Commandos: Origins,"Apr 9, 2025",$49.99,No Discount,Claymore Game Studios,Kalypso Media,"2,472","1,944",528,Mostly Positive,['Strategy']
1962870,Wingspan: Oceania Expansion,"Dec 12, 2023",$11.99,$9.59,Monster Couch,Monster Couch,93,81,12,Very Positive,"['Indie', 'Strategy']"
4579010,Granblue Fantasy: Relink - Endless Ragnarok Character Expansion Set: Fraux,"Jul 8, 2026",$2.99,No Discount,"Cygames, Inc.","Cygames, Inc.",10,9,1,Positive,"['Action', 'Adventure', 'RPG']"
4391870,Bounty Pro Pulling,"Jun 12, 2026",$24.99,No Discount,"KODGAMES, LLC","KODGAMES, LLC",23,22,1,Very Positive,"['Simulation', 'Early Access']"
32500,STAR WARS™: The Force Unleashed™ II,"Oct 26, 2010",$19.99,No Discount,Aspyr Studios,LucasArts,"7,979","5,035","2,944",Mixed,['Action']
1138190,Poker Championship,"Sep 25, 2019",Free To Play,No Discount,BBstudio Inc.,BBstudio Inc.,"2,858","2,273",585,Mostly Positive,"['Casual', 'Indie', 'Massively Multiplayer', 'Sports']"
503560,911 Operator,"Feb 24, 2017",$14.99,$2.99,Jutsu Games,Games Operators,"19,722","17,459","2,263",Very Positive,"['Casual', 'Indie', 'Simulation', 'Strategy']"
4518440,超凡功夫之王传奇,"May 27, 2026",Free To Play,No Discount,功夫之王,功夫之王,134,105,29,Mostly Positive,"['Action', 'Adventure', 'Indie', 'Massively Multiplayer']"
1521580,Perfect Heist 2,"Dec 10, 2021",$9.99,No Discount,yeswecamp,yeswecamp,"4,708","4,369",339,Very Positive,"['Action', 'Casual', 'Indie', 'Strategy']"
1832960,House Flipper - Farm DLC,"Apr 13, 2023",$14.99,$11.24,Frozen Way,Frozen Way,412,243,169,Mixed,"['Casual', 'Indie', 'Simulation']"
2401860,Age of Wonders 4: Eldritch Realms,"Jun 18, 2024",$19.99,No Discount,Triumph Studios,Paradox Interactive,255,181,74,Mixed,['Strategy']
4104070,Devlog: A Post-Modern College Experience,"Jul 31, 2026",$19.99,No Discount,Shut-in Studios,Shut-in Studios,30,30,0,Positive,"['Casual', 'Indie', 'Early Access']"
1920490,The Outer Worlds: Spacer's Choice Edition,"Mar 7, 2023",$39.99,No Discount,Obsidian Entertainment,Private Division,"5,391","4,100","1,291",Mostly Positive,"['Action', 'Adventure', 'RPG']"
2089600,Urban Myth Dissolution Center,"Feb 12, 2025",No Price,No Discount,Hakababunko,SHUEISHA GAMES,"6,184","5,436",748,Very Positive,['Adventure']
953880,First Class Trouble,"Nov 1, 2021",$14.99,No Discount,Invisible Walls,Invisible Walls,"4,376","3,485",891,Mostly Positive,['Indie']
382110,Virtual Desktop Classic,"Mar 31, 2016",$24.99,No Discount,"Virtual Desktop, Inc.","Virtual Desktop, Inc.","2,100","1,447",653,Mostly Positive,['Utilities']
9880,Champions Online,"Sep 1, 2009",Free to Play,No Discount,Cryptic Studios,Arc Games,"4,371","3,092","1,279",Mixed,"['Massively Multiplayer', 'RPG', 'Free To Play']"
254780,Empire Earth II: Gold Edition,"Jul 4, 2007",$9.99,No Discount,Mad Doc Software,Rebellion,63,56,7,Very Positive,['Strategy']
4579020,Granblue Fantasy: Relink - Endless Ragnarok Character Expansion Set: Fediel,"Jul 8, 2026",$2.99,No Discount,"Cygames, Inc.","Cygames, Inc.",14,14,0,Positive,"['Action', 'Adventure', 'RPG']"
1621070,DeadPoly,"Jan 12, 2022",$9.99,No Discount,TFL Games,TFL Games,"6,118","4,755","1,363",Very Positive,"['Action', 'Adventure', 'Casual', 'Indie']"
4082620,The Bazaar - Celebrity Chef Warrior Mom Expansion,"Nov 5, 2025",$19.99,No Discount,Tempo,Tempo,176,91,85,Very Negative,['Strategy']
4234570,The Hellreaver Armor Set,"Dec 18, 2025",$8.99,No Discount,The Fun Pimps,The Fun Pimps,76,47,29,Mixed,"['Action', 'Adventure', 'Indie', 'RPG']"
1545450,Incredibox,"Aug 16, 2009",$4.99,No Discount,So Far So Good,So Far So Good,"5,884","5,690",194,Very Positive,"['Casual', 'Indie']"
598980,The Coin Game,"Mar 19, 2026",$19.99,$13.39,devotid,Kwalee,"5,939","5,498",441,Mixed,"['Adventure', 'Casual', 'Indie', 'Simulation']"
2878980,NBA 2K25,"Oct 28, 2024",$69.99,No Discount,Visual Concepts,2K,"42,874","25,328","17,546",Mixed,"['Simulation', 'Sports']"
2827230,Wild Assault,"May 28, 2026",$14.99,$6.74,Combat Cat Studio,Combat Cat Studio,"4,284","2,926","1,358",Mostly Positive,"['Action', 'Adventure', 'Massively Multiplayer']"
3170570,Backyard Football '99,"Sep 8, 2025",$9.99,No Discount,Mega Cat Studios,Playground Productions,172,164,8,Very Positive,"['Casual', 'Sports']"
620610,American Truck Simulator - Heavy Cargo Pack,"Jun 7, 2017",$4.99,No Discount,SCS Software,SCS Software,848,771,77,Very Positive,"['Indie', 'Simulation']"
3454110,Starship Troopers: Terran Command - The Eradicators,"May 26, 2026",$11.99,No Discount,The Artistocrats,Slitherine Ltd.,125,66,59,Mostly Positive,['Strategy']
1715590,Wizordum,"Apr 29, 2025",No Price,No Discount,Emberheart Games,Apogee Entertainment,903,829,74,Mostly Positive,"['Action', 'Indie']"
4559600,ZEPHON - The Syncretic & The Imperious,"May 29, 2026",$12.99,No Discount,Proxy Studios,Proxy Studios,35,33,2,Positive,"['RPG', 'Strategy']"
1865970,Assetto Corsa Competizione - American Track Pack,"Jun 30, 2022",$17.99,No Discount,Kunos Simulazioni,505 Games,101,79,22,Mostly Positive,"['Racing', 'Simulation', 'Sports']"
1289810,Siralim Ultimate,"Dec 3, 2021",$29.99,No Discount,Thylacine Studios,Thylacine Studios LLC,"2,521","2,342",179,Mostly Positive,"['Indie', 'RPG', 'Strategy']"
10680,Aliens vs. Predator™,"Feb 16, 2010",$14.99,No Discount,Rebellion,SEGA,"21,390","19,541","1,849",Very Positive,['Action']
312750,Final Fantasy IV (3D Remake),"Sep 17, 2014",$15.99,No Discount,Square Enix,Square Enix,"3,220","2,707",513,Mostly Positive,['RPG']
3856460,Cursed Words: The Word Game That Isn't,"Apr 2, 2026",No Price,No Discount,Buried Things,Forklift Interactive,681,655,26,Very Positive,"['Casual', 'Indie', 'Strategy']"
965680,Boomerang Fu,"Aug 13, 2020",$14.99,No Discount,Cranky Watermelon,Cranky Watermelon,"3,002","2,904",98,Very Positive,"['Action', 'Casual', 'Indie']"
2348930,Teenage Mutant Ninja Turtles: Shredder's Revenge - Dimension Shellshock,"Aug 31, 2023",$7.99,No Discount,Tribute Games Inc.,Dotemu,216,176,40,Very Positive,"['Action', 'Adventure', 'Casual', 'Indie']"
1161590,Punch Club 2: Fast Forward,"Jul 20, 2023",No Price,No Discount,Lazy Bear Games,tinyBuild,"4,509","3,719",790,Mostly Positive,"['Adventure', 'Indie', 'RPG', 'Simulation']"
569860,Thimbleweed Park™,"Mar 30, 2017",$19.99,$4.99,Terrible Toybox,Terrible Toybox,"4,187","3,892",295,Very Positive,"['Adventure', 'Indie']"
586200,Street Fighter 30th Anniversary Collection,"May 29, 2018",$29.99,No Discount,Digital Eclipse,"Capcom U.S.A, Inc.","3,458","2,458","1,000",Mixed,['Action']
1747760,Momodora: Moonlit Farewell,"Jan 11, 2024",$16.99,$10.19,Bombservice,PLAYISM,"3,221","2,964",257,Very Positive,"['Action', 'Adventure', 'Indie']"
4255580,Mouse X,"Jun 10, 2026",$2.99,No Discount,CenterPoint Gaming,CenterPoint Gaming,867,842,25,Overwhelmingly Positive,"['Indie', 'Animation & Modeling', 'Design & Illustration', 'Photo Editing']"
1875060,Reus 2,"May 28, 2024",No Price,No Discount,Abbey Games,Firesquid,"2,284","2,159",125,Very Positive,"['Indie', 'Simulation', 'Strategy']"
414340,Hellblade: Senua's Sacrifice,"Aug 8, 2017",$29.99,No Discount,Ninja Theory,Ninja Theory,"76,399","68,683","7,716",Very Positive,"['Action', 'Adventure', 'Indie']"
2487060,Anonymous Hacker Simulator,"Apr 3, 2024",No Price,No Discount,Sicarius,G-DEVS.com,768,657,111,Very Positive,"['Indie', 'Simulation']"
3744430,Together: Moon Escape,"Apr 21, 2026",No Price,No Discount,CarlosGameDev,CarlosGameDev,898,821,77,Very Positive,"['Adventure', 'Indie']"
2313020,Umamusume: Pretty Derby - Party Dash,"Aug 29, 2024",$44.99,No Discount,"Cygames, Inc.","Cygames, Inc.","1,552","1,153",399,Very Positive,['Action']
2463690,Strange Seed,"Nov 5, 2025",$14.99,No Discount,Chronicle Games Ltd,Slug Disco,441,383,58,Very Positive,"['Action', 'Adventure', 'Indie', 'RPG']"
3607950,Ravenswatch - Merlin,"Jan 19, 2026",$7.99,No Discount,Passtech Games,Nacon,188,147,41,Mostly Positive,"['Action', 'Adventure']"
544730,Catan Universe,"Apr 25, 2017",Free To Play,No Discount,Client/Frontend: Endava  / Backend: SuperNimbus,USM,"18,008","8,571","9,437",Mostly Negative,"['Casual', 'Strategy']"
24790,Command & Conquer 3 Tiberium Wars™,"Mar 28, 2007",No Price,No Discount,EA Los Angeles,Electronic Arts,"9,287","8,339",948,Very Positive,"['Action', 'Strategy']"
206420,Saints Row IV: Re-Elected,"Aug 19, 2013",$19.99,No Discount,Deep Silver Volition,Deep Silver,"77,563","67,988","9,575",Mostly Positive,"['Action', 'Adventure']"
3933070,Lead the Way Pack - Battlefield™ 6 and REDSEC,"Nov 11, 2025",$11.99,No Discount,Battlefield Studios,Electronic Arts,368,314,54,Very Positive,['Action']
3756010,SUPER BOMBERMAN COLLECTION,"Feb 5, 2026",$19.99,No Discount,RED ART GAMES,KONAMI,304,267,37,Very Positive,['Action']
2214830,Atomic Heart - Labor & Science Weapon Skin Pack,"Feb 20, 2023",$4.99,No Discount,Mundfish,Focus Entertainment,80,68,12,Very Positive,"['Action', 'Adventure', 'RPG']"
2280350,Turbo Dismount® 2,"Mar 13, 2026",$19.99,No Discount,Secret Exit Ltd.,Secret Exit Ltd.,759,725,34,Very Positive,"['Action', 'Indie', 'Racing', 'Simulation']"
2199210,Planet Zoo: Grasslands Animal Pack,"Dec 13, 2022",$9.99,No Discount,Frontier Developments,Frontier Developments,95,90,5,Very Positive,"['Casual', 'Simulation', 'Strategy']"
315960,Plague Inc: Evolved Soundtrack,"Sep 10, 2014",$4.99,No Discount,Ndemic Creations,Ndemic Creations,360,259,101,Mostly Positive,"['Casual', 'Indie', 'Simulation', 'Strategy']"
4157430,Diggin,"Jul 16, 2026",No Price,No Discount,Longshot Studio,Longshot Studio,534,425,109,Mostly Positive,"['Adventure', 'Casual', 'Indie', 'Strategy']"
2346830,Planet Zoo: Tropical Pack,"Apr 4, 2023",$9.99,No Discount,Frontier Developments,Frontier Developments,90,78,12,Very Positive,"['Casual', 'Simulation', 'Strategy']"
282440,Quake Live,"Aug 6, 2010",$9.99,$2.99,id Software,Bethesda Softworks,"15,844","13,706","2,138",Very Positive,['Action']
378648,The Witcher 3: Wild Hunt - Blood and Wine,"May 30, 2016",$49.99,$9.99,CD PROJEKT RED,CD PROJEKT RED,"10,224","9,888",336,Very Positive,['RPG']
2507620,The Quintessential Quintuplets - Five Memories Spent With You,"May 23, 2024",$34.99,No Discount,MAGES. Inc.,"Spike Chunsoft Co., Ltd.",471,457,14,Very Positive,['Adventure']
2999030,Exploding Kittens® 2,"Aug 12, 2024",$12.49,No Discount,Marmalade Game Studio Ltd,Marmalade Game Studio Ltd,495,375,120,Mostly Positive,"['Action', 'Casual', 'Indie', 'Simulation']"
4179020,Summer’s Heartbeat,"Mar 22, 2026",No Price,No Discount,Storytaco,Storytaco,417,393,24,Mostly Positive,"['Adventure', 'RPG', 'Simulation']"
4179010,DRAGON BALL FighterZ - DAIMA Pack,"Apr 21, 2026",$7.99,No Discount,Arc System Works,Bandai Namco Entertainment,109,87,22,Mostly Positive,['Action']
2661250,Dead by Daylight - Alan Wake Chapter,"Jan 30, 2024",$4.99,No Discount,Behaviour Interactive Inc.,Behaviour Interactive Inc.,647,537,110,Very Positive,['Action']
2109270,Preserve,"May 15, 2025",$12.49,$6.24,Bitmap Galaxy,Grindstone,760,705,55,Very Positive,"['Casual', 'Indie']"
2609610,CONVRGENCE,"Apr 22, 2024",$19.99,$13.99,Monkey-With-a-Bomb,Monkey-With-a-Bomb,"1,661","1,464",197,Very Positive,"['Action', 'Adventure', 'Early Access']"
311730,DEAD OR ALIVE 5 Last Round: Core Fighters,"Mar 30, 2015",Free To Play,No Discount,Team NINJA,"KOEI TECMO GAMES CO., LTD.","10,487","7,302","3,185",Mostly Positive,['Action']
3430340,Dice A Million,"Feb 25, 2026",No Price,No Discount,countlessnights,2 Left Thumbs,"1,067",960,107,Very Positive,"['Indie', 'Strategy']"
3858380,Space Engineers - Apex Survival Pack,"Sep 8, 2025",$4.99,No Discount,Keen Software House,Keen Software House,47,38,9,Positive,"['Action', 'Indie', 'Simulation', 'Strategy']"
645401,Sid Meier's Civilization® VI: Khmer and Indonesia Civilization & Scenario Pack,"Oct 19, 2017",$98.63,$56.87,Firaxis Games,2K,371,192,179,Mixed,['Strategy']
797430,HD Poker: Texas Hold'em,"Sep 14, 2018",Free To Play,No Discount,Z4,Z4,"4,865","3,886",979,Mixed,"['Casual', 'Free To Play', 'Massively Multiplayer', 'Simulation']"
898920,Axis & Allies 1942 Online,"Nov 9, 2021",$19.99,No Discount,Beamdog,Beamdog,"5,085","3,987","1,098",Mixed,['Strategy']
2214825,Atomic Heart - Golden Age Weapon Skin Pack,"Feb 20, 2023",$4.99,No Discount,Mundfish,Focus Entertainment,57,54,3,Very Positive,"['Action', 'Adventure', 'RPG']"
1608290,GNOSIA,"Jan 23, 2022",$24.99,No Discount,Petit Depotto,PLAYISM,"5,042","4,723",319,Very Positive,"['Adventure', 'Indie', 'RPG', 'Simulation']"
1529930,WolfQuest Anniversary - Lost River,"Dec 15, 2022",$11.99,No Discount,eduweb,eduweb,247,242,5,Very Positive,"['Action', 'RPG', 'Simulation']"
1293160,The Medium,"Jan 28, 2021",$49.99,No Discount,Bloober Team,Bloober Team SA,"10,137","9,002","1,135",Very Positive,['Adventure']
3798230,Idol Party 2 - Love Vibe,"Oct 22, 2025",Free To Play,No Discount,LONGYOU TECHNOLOGY PTE.LTD.,LONGYOU TECHNOLOGY PTE.LTD.,412,275,137,Very Positive,"['Casual', 'Massively Multiplayer', 'RPG', 'Free To Play']"
1895460,D-topia,"Jul 14, 2026",$19.99,No Discount,Marumittu Games,Annapurna Interactive,112,100,12,Very Positive,"['Adventure', 'Casual', 'Indie']"
851100,Touhou Luna Nights,"Feb 25, 2019",$17.99,No Discount,Team Ladybug,WSS playground,"14,903","14,506",397,Very Positive,"['Action', 'Adventure', 'Indie']"
1012790,Into the Radius VR,"Jul 20, 2020",$29.99,No Discount,CM IMMERSIVE,CM IMMERSIVE,"11,278","10,548",730,Very Positive,"['Action', 'Indie']"
1432050,Nobody Saves the World,"Jan 18, 2022",$24.99,No Discount,Drinkbox Studios,Drinkbox Studios,"6,865","6,248",617,Very Positive,"['Action', 'Adventure', 'Indie', 'RPG']"
1262572,Need for Speed™ Most Wanted Complete DLC Bundle,"Jun 18, 2020",$29.99,No Discount,Criterion Games,Electronic Arts,144,125,19,Very Positive,['Racing']
2419670,Eclipsium,"Sep 19, 2025",$12.99,No Discount,Housefire,CRITICAL REFLEX,"3,368","3,081",287,Overwhelmingly Positive,"['Adventure', 'Indie']"
2313550,Vampire Survivors: Tides of the Foscari,"Apr 13, 2023",$1.99,No Discount,poncle,poncle,"1,136","1,063",73,Very Positive,"['Action', 'Casual', 'Indie', 'RPG']"
541300,Survive the Nights,"Dec 5, 2025",$19.99,No Discount,a2z Interactive,a2z Interactive,"6,702","4,404","2,298",Mostly Positive,"['Action', 'Adventure', 'Indie', 'Massively Multiplayer']"
1713350,Project Castaway,"Mar 17, 2026",$19.99,No Discount,Mardonpol Inc.,Mardonpol Inc.,"1,828","1,202",626,Mixed,"['Action', 'Adventure', 'Casual', 'RPG']"
1158180,Total War: WARHAMMER II - The Shadow & The Blade,"Dec 12, 2019",$9.99,No Discount,CREATIVE ASSEMBLY,SEGA,856,592,264,Mixed,"['Action', 'Strategy']"
2679990,Icarus: Industrial Furniture Pack,"Nov 16, 2023",$13.99,No Discount,RocketWerkz,RocketWerkz,35,27,8,Mostly Positive,"['Action', 'Adventure', 'Simulation']"
342560,Airships: Conquer the Skies,"Aug 16, 2018",$24.99,$12.49,David Stark,David Stark,"6,574","6,303",271,Very Positive,"['Action', 'Indie', 'Strategy']"
17480,Command & Conquer™ Red Alert™ 3,"Oct 28, 2008",No Price,No Discount,EA Los Angeles,Electronic Arts,"15,920","13,569","2,351",Mostly Positive,"['Action', 'Strategy']"
1105510,Yakuza 5 Remastered,"Jan 28, 2021",$19.99,No Discount,RGG Studio,SEGA,"7,314","6,489",825,Very Positive,"['Action', 'Adventure']"
1201540,HELLCARD,"Feb 1, 2024",$24.99,No Discount,Thing Trunk,Skystone Games,"4,653","3,984",669,Very Positive,"['Adventure', 'Indie', 'RPG', 'Strategy']"
617830,SUPERHOT VR,"May 25, 2017",$24.99,No Discount,SUPERHOT Team,SUPERHOT Team,"10,774","8,079","2,695",Mixed,"['Action', 'Indie']"
4210150,ARC Raiders - The Bonecrown Set,"Dec 16, 2025",$20.00,No Discount,Embark Studios,Embark Studios,170,150,20,Very Positive,['Action']
1250,Killing Floor,"May 14, 2009",$19.99,No Discount,Tripwire Interactive,Tripwire Interactive,"69,259","65,700","3,559",Very Positive,['Action']
4348660,American Truck Simulator - Bobcat Cargo Pack,"Feb 26, 2026",No Price,No Discount,SCS Software,SCS Software,38,37,1,Positive,"['Indie', 'Simulation']"
1233260,FAIRY TAIL,"Jul 29, 2020",$59.99,$19.79,"KOEI TECMO GAMES CO., LTD.","KOEI TECMO GAMES CO., LTD.","1,834","1,361",473,Mostly Positive,"['Action', 'Adventure', 'RPG']"
3825780,WonderKing,"Jan 12, 2026",Free To Play,No Discount,dreamideasoft,wondersoft,365,158,207,Mixed,"['Massively Multiplayer', 'RPG', 'Free To Play']"
21000,LEGO® Batman™: The Videogame,"Sep 29, 2008",$19.99,$2.99,Traveller's Tales,Warner Bros. Interactive Entertainment,"16,207","14,510","1,697",Very Positive,"['Action', 'Adventure']"
2501600,DICEOMANCER,"Oct 9, 2024",No Price,No Discount,超厚皮猪猪 Ultra Piggy Studio,Gamirror Games,"5,587","5,365",222,Very Positive,"['Casual', 'Indie', 'Strategy']"
333600,NEKOPARA Vol. 1,"Dec 29, 2014",No Price,No Discount,NEKO WORKs,Sekai Project,"27,399","26,048","1,351",Very Positive,"['Casual', 'Indie']"
3708690,Trailmakers: Packing Heat,"Jun 17, 2025",$9.99,$4.99,Flashbulb,Flashbulb,40,21,19,Mixed,"['Action', 'Adventure', 'Indie', 'Racing']"
1040930,Conan Exiles Enhanced - Treasures of Turan Pack,"Apr 15, 2019",$9.99,No Discount,Funcom,Funcom,129,105,24,Mostly Positive,"['Action', 'Adventure', 'Massively Multiplayer', 'RPG']"
2169090,Vampire Survivors Soundtrack,"Oct 13, 2022",$2.99,No Discount,poncle,poncle,219,212,7,Very Positive,['None']
1612420,Suit for Hire,"Jun 20, 2025",$14.99,No Discount,Godmode Interactive,Godmode Interactive,"3,272","3,037",235,Very Positive,"['Action', 'Indie']"
1530160,Digimon World: Next Order,"Feb 21, 2023",$59.99,No Discount,"HYDE, Inc.",Bandai Namco Entertainment,"2,926","2,382",544,Mostly Positive,"['RPG', 'Simulation']"
2461280,Lessaria: Fantasy Kingdom Sim,"Oct 20, 2025",$24.90,No Discount,Rockbee Team,Polden Publishing,"3,019","2,359",660,Mostly Positive,"['Indie', 'RPG', 'Simulation', 'Strategy']"
1553061,A Total War Saga: TROY - MYTHOS,"Sep 2, 2021",$24.99,No Discount,CREATIVE ASSEMBLY,SEGA,107,66,41,Mixed,"['Action', 'Simulation', 'Strategy']"
1179680,Wurm Online,"Dec 12, 2012",Free To Play,No Discount,Code Club AB,Code Club AB,"2,557","1,596",961,Mixed,"['Adventure', 'Free To Play', 'Indie', 'Massively Multiplayer']"
2791440,Brighter Shores,"Nov 6, 2024",Free To Play,No Discount,Fen Research Ltd,Fen Research Ltd,"9,383","6,338","3,045",Mostly Negative,"['Adventure', 'Indie', 'Massively Multiplayer', 'RPG']"
2459970,Call of Duty®: Modern Warfare® II - Gunslinger Ghost,"Aug 10, 2023",$19.99,No Discount,Infinity Ward,Activision,123,110,13,Very Positive,['Action']
2510710,Kunitsu-Gami: Path of the Goddess,"Jul 18, 2024",No Price,No Discount,"CAPCOM Co., Ltd.","CAPCOM Co., Ltd.","2,506","2,316",190,Very Positive,"['Action', 'Strategy']"
4271990,IL-2 Sturmovik: Odessa and Leningrad - Siege and Liberation,"Jan 27, 2026",$79.99,$55.99,1C Game Studios,FOR-GAMES CR LTD,14,12,2,Positive,"['Action', 'Simulation']"
1266540,Ships At Sea,"May 23, 2024",$24.99,No Discount,Misc Games,Misc Games,"2,670","1,850",820,Very Positive,"['Adventure', 'Simulation', 'Early Access']"
10150,Prototype™,"Jun 10, 2009",$19.99,No Discount,Radical Entertainment,Activision,"14,106","11,343","2,763",Very Positive,"['Action', 'Adventure']"
861250,Cyber Shadow,"Jan 26, 2021",$19.99,$11.99,"Aarne ""MekaSkull"" Hunziker",Yacht Club Games,"1,539","1,291",248,Very Positive,"['Action', 'Indie']"
1018010,Castlevania Anniversary Collection,"May 16, 2019",$19.99,No Discount,KONAMI,KONAMI,"2,269","1,850",419,Very Positive,"['Action', 'Adventure', 'Racing', 'RPG']"
597760,Yuppie Psycho: Executive Edition,"Apr 25, 2019",$16.99,$5.09,Baroque Decay,Neon Doctrine,"9,401","8,925",476,Very Positive,"['Adventure', 'Indie']"
6020,STAR WARS™ Jedi Knight - Jedi Academy™,"Sep 16, 2003",$9.99,No Discount,Raven Software,LucasArts,"13,802","13,250",552,Very Positive,['Action']
2607060,From Glory To Goo,"Apr 2, 2024",$11.99,$8.39,Stratagem Blue,Stratagem Blue,"1,749","1,691",58,Very Positive,"['Simulation', 'Strategy', 'Early Access']"
1307890,Kingdoms Reborn,"Nov 2, 2020",$19.99,No Discount,Earthshine,Earthshine,"9,693","8,768",925,Mostly Positive,"['Indie', 'Simulation', 'Strategy', 'Early Access']"
2949320,Ratatan,"Sep 18, 2025",$24.99,No Discount,TVT Co. Ltd.,Game Source Entertainment,"3,075","2,632",443,Very Positive,"['Action', 'Adventure', 'Casual', 'Indie']"
274940,Depth,"Nov 3, 2014",$19.99,No Discount,Ammobox Studios,Ammobox Studios,"32,947","28,980","3,967",Very Positive,"['Action', 'Indie']"
3801380,Dragon Ace Casino,"Oct 16, 2025",Free To Play,No Discount,GameSpring Inc.,GameSpring Inc.,23,13,10,Mixed,"['Casual', 'Massively Multiplayer', 'Simulation', 'Sports']"
1059220,'83,"Apr 23, 2026",$29.99,$14.99,Blue Dot Games,Blue Dot Games,"1,243",832,411,Mixed,"['Action', 'Massively Multiplayer', 'Simulation', 'Strategy']"
1229500,Shieldmaiden: Remix Edition,"Mar 12, 2020",$12.99,$6.49,Dumativa,Dumativa,241,219,22,Positive,"['Action', 'Adventure', 'Casual', 'Indie']"
793460,112 Operator,"Apr 23, 2020",$24.99,$4.99,Jutsu Games,Games Operators,"7,355","6,522",833,Mostly Positive,"['Indie', 'Simulation', 'Strategy']"
2738230,The House of Tesla: Definitive Edition,"Sep 23, 2025",No Price,No Discount,Blue Brain Games,Blue Brain Games,848,612,236,Very Positive,['Adventure']
2055290,Sonic Colors: Ultimate,"Feb 6, 2023",$39.99,No Discount,Blind Squirrel Entertainment,SEGA,"1,745","1,171",574,Mixed,"['Action', 'Casual']"
589590,Kindergarten,"Jun 15, 2017",$4.99,No Discount,Con Man Games,SmashGames,"10,530","10,194",336,Overwhelmingly Positive,"['Adventure', 'Indie']"
346940,Shadowrun: Hong Kong - Extended Edition,"Aug 20, 2015",$19.99,$4.99,Harebrained Schemes,Paradox Interactive,"4,825","4,181",644,Very Positive,"['Adventure', 'Indie', 'RPG', 'Strategy']"
1676130,Deadlink,"Jul 27, 2023",No Price,No Discount,Gruby Entertainment,SuperGG.com,"3,643","3,243",400,Very Positive,"['Action', 'Indie']"
673130,AMID EVIL,"Jun 20, 2019",$19.99,$9.98,Indefatigable,New Blood Interactive,"7,690","7,150",540,Mostly Positive,"['Action', 'Adventure', 'Indie']"
757310,Sable,"Sep 23, 2021",$24.99,No Discount,Shedworks,Raw Fury,"6,401","5,520",881,Very Positive,"['Adventure', 'Indie', 'RPG']"
247000,Talisman: Digital Classic Edition,"Feb 25, 2014",$6.99,No Discount,Nomad Games,Nomad Games,"10,002","7,830","2,172",Mostly Positive,"['Indie', 'RPG', 'Strategy']"
351970,Tales of Zestiria,"Oct 19, 2015",$49.99,$4.99,BANDAI NAMCO Studio Inc.,BANDAI NAMCO Entertainment,"9,306","7,418","1,888",Mixed,['RPG']
1695830,Baldur's Gate: Dark Alliance,"Dec 17, 2021",$39.99,No Discount,Square One Games Inc.,Interplay Entertainment Corp.,"1,013",830,183,Very Positive,"['Action', 'RPG']"
8850,BioShock® 2,"Feb 9, 2010",$19.99,No Discount,2K Marin,2K,"14,939","13,252","1,687",Very Positive,['Action']
1215390,Animal Revolt Battle Simulator,"Apr 15, 2022",$14.99,No Discount,VDimension,VDimension,"6,807","6,494",313,Very Positive,"['Action', 'Simulation', 'Strategy']"
1490890,Demon Slayer -Kimetsu no Yaiba- The Hinokami Chronicles,"Oct 15, 2021",$59.99,No Discount,CyberConnect2,SEGA,"19,633","17,100","2,533",Very Positive,"['Action', 'Adventure']"
977880,Eastward,"Sep 16, 2021",$24.99,No Discount,Pixpil,Chucklefish,"16,570","13,908","2,662",Mostly Positive,"['Action', 'Adventure', 'Indie', 'RPG']"
2175540,DRAGON QUEST MONSTERS: The Dark Prince,"Sep 11, 2024",$39.99,No Discount,Square Enix,Square Enix,"1,288",950,338,Mixed,['RPG']
972370,Conan Exiles Enhanced - Seekers of the Dawn Pack,"Dec 12, 2018",$9.99,No Discount,Funcom,Funcom,159,109,50,Mixed,"['Action', 'Adventure', 'Massively Multiplayer', 'RPG']"
2843190,Camper Van: Make it Home,"Jun 7, 2025",No Price,No Discount,Malapata Studio,Malapata Studio,"1,302","1,195",107,Very Positive,"['Casual', 'Indie']"
1129190,Our Life: Beginnings & Always,"Nov 16, 2020",No Price,No Discount,GB Patch Games,GB Patch Games,"13,668","13,498",170,Very Positive,"['Casual', 'Indie', 'Free To Play']"
3521410,Cats & Cups,"Nov 1, 2025",$9.99,$4.99,Rogue Duck Interactive,Rogue Duck Interactive,"1,175","1,063",112,Very Positive,"['Casual', 'Indie', 'Simulation', 'Strategy']"
1451480,The Greatest Penguin Heist of All Time,"Jun 3, 2026",$14.99,No Discount,That Fish,That Fish,"2,928","2,610",318,Very Positive,"['Action', 'Adventure', 'Indie']"
1920780,Stray Gods: The Roleplaying Musical,"Aug 9, 2023",$29.99,No Discount,Summerfall Studios,Balor Games,"3,877","3,530",347,Very Positive,['Adventure']
4529160,SCUM Woodland Hunter Pack,"May 25, 2026",$11.99,No Discount,Gamepires,Gamepires,67,31,36,Mixed,"['Action', 'Adventure', 'Indie', 'Massively Multiplayer']"
2159270,Kingdoms of the Dump,"Nov 18, 2025",$19.99,No Discount,Roach Games,Roach Games,"1,078","1,010",68,Very Positive,['RPG']
1531540,Distant Worlds 2,"Mar 10, 2022",$49.99,No Discount,CodeForce,Slitherine Ltd.,"3,545","2,527","1,018",Mixed,"['Simulation', 'Strategy']"
3282470,ARK Fantastic Tames - Dreadmare,"Oct 30, 2024",$4.99,No Discount,Studio Wildcard,Studio Wildcard,318,160,158,Very Negative,"['Action', 'Adventure', 'Indie', 'Massively Multiplayer']"
4570,"Warhammer 40,000: Dawn of War - Anniversary Edition (Classic)","Jan 1, 2006",$14.99,$9.89,Relic Entertainment,Relic Entertainment,"11,921","11,279",642,Very Positive,['Strategy']
3777620,SnowRunner - Season 18: Patch & Power,"Jun 25, 2026",$6.99,No Discount,Saber Interactive,Focus Entertainment,77,61,16,Mixed,"['Adventure', 'Simulation']"
3525620,Wall Street Raider,"May 14, 2026",$29.99,No Discount,Ronin Software,Hackjack Games,204,192,12,Very Positive,"['Casual', 'Indie', 'Simulation', 'Strategy']"
688420,Bad North: Jotunn Edition,"Nov 16, 2018",Bad North Demo,No Discount,Plausible Concept,Raw Fury,"14,112","13,160",952,Very Positive,"['Action', 'Indie', 'Simulation']"
3500680,Cropdeck,"Apr 28, 2026",No Price,No Discount,Piotrek,Mad Head Bump,418,389,29,Very Positive,"['Casual', 'Indie', 'Simulation', 'Strategy']"
1021110,House Flipper - Luxury DLC,"Oct 14, 2021",$14.99,$11.24,Empyrean,Frozen District,504,392,112,Mostly Positive,"['Indie', 'Simulation']"
2115770,Stellaris: Toxoids Species Pack,"Sep 20, 2022",$9.99,No Discount,Paradox Development Studio,Paradox Interactive,349,254,95,Mostly Positive,"['Simulation', 'Strategy']"
1209120,Total War: WARHAMMER II - The Warden & The Paunch,"May 21, 2020",$9.99,No Discount,CREATIVE ASSEMBLY,SEGA,"1,634","1,104",530,Mixed,"['Action', 'Strategy']"
4553760,TEVI - Fauna Arcana,"Jun 24, 2026",$11.99,No Discount,CreSpirit,CreSpirit,166,153,13,Very Positive,"['Action', 'Adventure', 'Casual', 'Indie']"
2386310,Ultros,"Feb 13, 2024",No Price,No Discount,Hadoque,Kepler Interactive,"1,230",951,279,Very Positive,"['Adventure', 'Indie']"
221380,Age of Empires II (Retired),"Apr 9, 2013",$19.99,No Discount,Skybox Labs,Xbox Game Studios,"102,773","98,491","4,282",Very Positive,['Strategy']
678800,SAS: Zombie Assault 4,"Oct 16, 2017",Free To Play,No Discount,Ninja Kiwi,Ninja Kiwi,"9,641","8,289","1,352",Mostly Positive,"['Action', 'RPG', 'Free To Play']"
420490,Call of Duty®: Infinite Warfare - Season Pass,"Nov 4, 2016",$49.99,No Discount,Infinity Ward,Activision,155,110,45,Mixed,"['Action', 'Adventure']"
1766740,Choo-Choo Charles,"Dec 9, 2022",$31.43,$19.87,Two Star Games,Two Star Games,"17,366","15,776","1,590",Very Positive,"['Action', 'Adventure', 'Indie']"
2736310,PowerWash Simulator – Alice’s Adventures Special Pack,"Jul 2, 2024",$7.99,No Discount,FuturLab,Square Enix,205,190,15,Very Positive,"['Casual', 'Indie', 'Simulation']"
3543750,War Thunder - F/A-18С Early (US) Pack,"Mar 18, 2025",$79.99,No Discount,Gaijin Entertainment,Gaijin Network Ltd,75,39,36,Mixed,"['Action', 'Massively Multiplayer', 'Simulation', 'Free To Play']"
1324130,Stranded: Alien Dawn,"Apr 25, 2023",$34.99,No Discount,Haemimont Games,Paradox Interactive,"11,167","9,423","1,744",Mostly Positive,"['Simulation', 'Strategy']"
1276390,Bloons TD Battles 2,"Nov 30, 2021",Free To Play,No Discount,Ninja Kiwi,Ninja Kiwi,"34,045","28,741","5,304",Very Positive,"['Action', 'Casual', 'Indie', 'Strategy']"
3590560,NUTMEG! A Nostalgic Deckbuilding Football Manager,"Mar 26, 2026",No Price,No Discount,Sumo Digital,Secret Mode,422,379,43,Very Positive,"['Simulation', 'Sports', 'Strategy']"
1058020,"STAR WARS™ Battlefront (Classic, 2004)","Sep 21, 2004",$9.99,No Discount,Pandemic Studios,Lucasfilm,"4,686","4,521",165,Very Positive,['Action']
2773280,ANEURISM IV,"Mar 11, 2025",$9.99,$4.99,Vellocet,Vellocet,"6,181","4,717","1,464",Mixed,"['Action', 'RPG', 'Simulation']"
770810,"Good Pizza, Great Pizza - Cooking Simulator Game","Jan 6, 2023",$9.99,No Discount,TapBlaze,TapBlaze,"6,716","5,911",805,Very Positive,"['Casual', 'Indie', 'Simulation']"
4012030,Squad - Fireteam ,"Dec 3, 2025",No Price,No Discount,Offworld,Offworld,134,75,59,Mixed,"['Action', 'Indie', 'Massively Multiplayer', 'Strategy']"
2328320,The Outlast Trials - Reagent Starter Pack,"Mar 5, 2024",$19.99,No Discount,Red Barrels,Red Barrels,374,359,15,Very Positive,"['Action', 'Adventure', 'Indie']"
3992110,theHunter: Call of the Wild™ - Game Feeder Pack,"Oct 21, 2025",$6.99,$5.24,Expansive Worlds,Avalanche Studios,62,39,23,Mixed,"['Adventure', 'Simulation', 'Sports']"
269950,X-Plane 11,"Mar 30, 2017",$29.99,No Discount,Laminar Research,Laminar Research,"20,178","18,768","1,410",Very Positive,['Simulation']
862800,Storm Chasers,"Jun 28, 2019",$12.99,No Discount,Little Cloud Games,Little Cloud Games,"2,953","2,646",307,Very Positive,"['Action', 'Indie', 'Simulation', 'Early Access']"
4719220,Denshattack! Soundtrack,"Jul 15, 2026",$8.99,No Discount,Undercoders,Fireshine Games,15,15,0,Positive,['None']
2271930,IfSunSets,"Nov 4, 2024",$19.99,No Discount,POLYMORPH,Smilegate,"2,341","1,758",583,Mostly Positive,"['Action', 'Adventure', 'Indie', 'RPG']"
1105500,Yakuza 4 Remastered,"Jan 28, 2021",$19.99,No Discount,RGG Studio,SEGA,"7,422","6,718",704,Very Positive,"['Action', 'Adventure']"
712100,A Total War Saga: THRONES OF BRITANNIA,"May 2, 2018",$39.99,No Discount,CREATIVE ASSEMBLY,SEGA,"14,847","10,484","4,363",Very Positive,"['Action', 'Strategy']"
2744880,Climber Animals: Together,"Mar 22, 2024",$3.99,$2.99,Devotion Interactive,Devotion Interactive,"5,957","4,413","1,544",Mixed,"['Adventure', 'Casual', 'Indie', 'Simulation']"
2802710,Quantum Odyssey,"Jan 29, 2025",$17.99,$12.59,Quarks Interactive,Quarks Interactive,144,134,10,Very Positive,"['Indie', 'Simulation', 'Early Access']"
598190,Hollow Knight - Official Soundtrack,"Feb 24, 2017",$9.99,No Discount,Team Cherry,Team Cherry,604,579,25,Overwhelmingly Positive,"['Action', 'Adventure', 'Indie']"
2953480,Lunar Eclipse,"Jun 4, 2025",No Price,No Discount,Black Rabbit's Tales,Black Rabbit's Tales,792,659,133,Very Positive,"['Adventure', 'Casual', 'Early Access']"
1627570,The Plucky Squire,"Sep 17, 2024",$29.99,No Discount,All Possible Futures,Devolver Digital,"4,110","3,483",627,Very Positive,['Adventure']
3180150,Mall Simulator,"Nov 3, 2025",$13.99,No Discount,F13 Games,F13 Games,"3,207","2,693",514,Mixed,"['Casual', 'Indie', 'Simulation', 'Early Access']"
1227650,Bang-On Balls: Chronicles,"Oct 5, 2023",$24.99,$8.75,Exit Plan Games,Untold Tales,"5,159","4,933",226,Very Positive,"['Action', 'Adventure', 'Casual', 'Indie']"
3353390,Starforged Legacy,"Jun 1, 2026",No Price,No Discount,Second Shift Games,Second Shift Games,156,139,17,Very Positive,"['Action', 'Casual', 'Indie', 'Strategy']"
3118100,Kingdom Come: Deliverance II The Lion’s Crest,"Mar 28, 2025",$4.99,No Discount,Warhorse Studios,Deep Silver,415,300,115,Mostly Positive,"['Action', 'Adventure', 'RPG']"
2712950,Against the Storm - Supporter Pack,"Dec 8, 2023",$9.99,No Discount,Eremite Games,Hooded Horse,111,111,0,Very Positive,"['Simulation', 'Strategy']"
1235744,The Sims™ 4 Jungle Adventure,"Feb 27, 2018",$19.99,$13.99,Maxis,Electronic Arts,40,23,17,Mixed,['Simulation']
1621310,Atelier Sophie 2: The Alchemist of the Mysterious Dream,"Feb 24, 2022",$59.99,$29.99,"KOEI TECMO GAMES CO., LTD.","KOEI TECMO GAMES CO., LTD.","2,575","2,418",157,Very Positive,['RPG']
246420,Kingdom Rush  - Tower Defense,"Jan 6, 2014",$9.99,No Discount,Ironhide Game Studio,Ironhide Game Studio,"16,936","16,474",462,Overwhelmingly Positive,['Strategy']
2696090,A Date with Death - Expansion DLC,"Dec 7, 2023",$6.99,No Discount,Two and a Half Studios,Two and a Half Studios,156,151,5,Very Positive,"['Indie', 'Simulation', 'Free To Play']"
3447720,theHunter: Call of the Wild™ - Rapid Hunt Rifle Pack,"Mar 25, 2025",$4.99,$2.99,Expansive Worlds,Avalanche Studios,106,90,16,Very Positive,"['Adventure', 'Simulation', 'Sports']"
258970,Gauntlet™ Slayer Edition,"Sep 23, 2014",$19.99,No Discount,Arrowhead Game Studios,WB Games,"10,277","8,436","1,841",Very Positive,"['Action', 'Adventure', 'RPG']"
2001340,Fuga: Melodies of Steel 2,"May 10, 2023",No Price,No Discount,CyberConnect2,CyberConnect2,382,371,11,Very Positive,"['RPG', 'Simulation', 'Strategy']"
1094390,Waltz of the Wizard,"Jul 10, 2019",$19.99,No Discount,Aldin Dynamics,Aldin Dynamics,950,865,85,Very Positive,"['Action', 'Adventure', 'Indie', 'RPG']"
1384770,Scrutinized,"Aug 5, 2020",$9.99,No Discount,Reflect Studios,Reflect Studios,"1,382","1,229",153,Very Positive,"['Indie', 'Simulation']"
3743240,Robocop Rogue City - Unfinished Business - Prime Directives Pack,"Jul 17, 2025",$3.99,No Discount,Teyon,Nacon,34,30,4,Positive,"['Action', 'Adventure']"
1661621,S.T.A.L.K.E.R. 2: Heart of Chornobyl - Ultimate Content,"Nov 20, 2024",$34.99,$24.49,GSC Game World,GSC Game World,128,112,16,Very Positive,"['Action', 'Adventure', 'RPG']"
1574360,Uncharted Waters Origin,"Mar 5, 2023",Free To Play,No Discount,"KOEI TECMO GAMES CO., LTD.",LINE Games Corporation,"1,749",809,940,Mixed,"['Adventure', 'Massively Multiplayer', 'RPG', 'Simulation']"
4427400,TBH : Task Bar Hero - 3 Stash Pack,"May 27, 2026",$2.99,$2.24,Nugem Studio,Nugem Studio,102,58,44,Mostly Negative,"['Casual', 'Indie', 'RPG', 'Free To Play']"
816340,Kingdom Rush Origins - Tower Defense,"Oct 17, 2018",$14.99,No Discount,Ironhide Game Studio,Ironhide Game Studio,"7,947","7,600",347,Very Positive,"['Indie', 'Strategy']"
2878600,Harry Potter: Quidditch Champions,"Sep 3, 2024",$29.99,No Discount,Unbroken Studios,Warner Bros. Games,"3,403","2,549",854,Mostly Positive,"['Action', 'Sports']"
766870,theHunter: Call of the Wild™ - Weapon Pack 1,"Apr 12, 2018",$3.99,$1.99,Expansive Worlds,Avalanche Studios,379,317,62,Very Positive,"['Adventure', 'Simulation', 'Sports']"
2379160,Signy & Mino: Against All Gods,"Jul 30, 2026",No Price,No Discount,AN Productions,Armor Games Studios,38,35,3,Positive,['RPG']
2922540,Fishing Planet: Japan Odyssey Pack,"Jun 5, 2024",$59.99,No Discount,Fishing Planet LLC,Fishing Planet LLC,64,35,29,Mixed,"['Massively Multiplayer', 'Simulation', 'Sports', 'Free To Play']"
2753000,GOALS,"Jun 4, 2026",Free To Play,No Discount,GOALS ,GOALS ,"6,578","2,508","4,070",Mixed,"['Action', 'Adventure', 'Casual', 'Simulation']"
914620,Mist Survival,"Aug 15, 2018",$10.99,No Discount,Dimension 32 Entertainment,Dimension 32 Entertainment,"14,291","10,829","3,462",Mixed,"['Action', 'Adventure', 'Indie', 'Simulation']"
887120,Conan Exiles Enhanced - Jewel of the West Pack,"Aug 2, 2018",$9.99,No Discount,Funcom,Funcom,135,95,40,Mixed,"['Action', 'Adventure', 'Massively Multiplayer', 'RPG']"
1802451,The Ascent - Cyber Warrior Pack,"Feb 24, 2022",$4.99,$2.49,Neon Giant,"KRAFTON, Inc.",35,21,14,Mixed,"['Action', 'Adventure', 'Indie', 'RPG']"
3364840,METAL GEAR SOLID Δ: SNAKE EATER - Sneaking DLC Pack,"Aug 28, 2025",$14.99,No Discount,KONAMI,KONAMI,90,78,12,Very Positive,['Action']
1614550,Astro Colony,"Jun 2, 2026",No Price,No Discount,Terad Games,Terad Games,"2,681","2,166",515,Mostly Positive,"['Action', 'Adventure', 'Casual', 'Indie']"
3571710,Leaf Blower Co.,"Nov 17, 2025",$19.99,$11.99,LifT Games,Forklift Interactive,224,172,52,Very Positive,"['Casual', 'Indie', 'Simulation']"
365960,rFactor 2,"Mar 28, 2013",$29.99,No Discount,Studio 397,Studio 397,"9,196","7,242","1,954",Mostly Positive,"['Racing', 'Simulation', 'Sports']"
3148060,Penelope Pendrick and the Art of Deceit,"Nov 19, 2025",No Price,No Discount,Default Cube Games,Default Cube Games,560,544,16,Very Positive,"['Adventure', 'Indie']"
2155180,Pioneers of Pagonia,"Dec 11, 2025",$34.99,No Discount,Envision Entertainment,Envision Entertainment,"5,464","4,444","1,020",Mixed,"['Simulation', 'Strategy']"
1621560,Black One Blood Brothers,"Jan 11, 2022",$17.99,No Discount,Helios Studio,Helios Studio,"1,438","1,132",306,Mixed,"['Action', 'Indie', 'Simulation', 'Strategy']"
1574240,Dread Delusion,"May 14, 2024",$19.99,No Discount,Lovely Hellplace,DreadXP,"5,191","4,687",504,Very Positive,"['Action', 'Adventure', 'Indie', 'RPG']"
538680,The Legend of Heroes: Trails of Cold Steel,"Aug 2, 2017",$39.99,No Discount,Nihon Falcom,XSEED Games,"5,901","5,578",323,Very Positive,['RPG']
1351080,Pharaoh™: A New Era,"Feb 15, 2023",$22.99,No Discount,Triskell Interactive,Dotemu,"5,319","3,987","1,332",Very Positive,"['Simulation', 'Strategy']"
924980,Trials of Mana,"Apr 24, 2020",No Price,No Discount,Square Enix,Square Enix,"5,741","5,243",498,Mostly Positive,['RPG']
227310,Euro Truck Simulator 2 - Going East!,"Sep 19, 2013",$9.99,No Discount,SCS Software,SCS Software,"4,293","3,874",419,Mostly Positive,"['Indie', 'Simulation']"
1801110,BOKURA,"Aug 9, 2023",$5.49,No Discount,tokoronyori,Kodansha,"12,900","11,808","1,092",Very Positive,"['Action', 'Adventure', 'Casual', 'Indie']"
1822060,Those Who Rule,"Jan 27, 2025",$17.99,$8.99,Eldin Turulja,Eldin Turulja,"1,082",975,107,Very Positive,"['Indie', 'RPG', 'Strategy']"
3278310,LANESPLIT,"Jan 28, 2026",No Price,No Discount,FunkyMouse,FunkyMouse,413,317,96,Mixed,"['Action', 'Indie', 'Racing', 'Simulation']"
3889960,Warface,"Oct 15, 2025",Free To Play,No Discount,Astrum Oyun,Astrum Oyun,"2,934","2,061",873,Mostly Positive,"['Action', 'Free To Play']"
839770,Phoenix Point,"Dec 3, 2020",No Price,No Discount,Snapshot Games Inc.,Snapshot Games Inc.,"7,137","5,219","1,918",Mostly Positive,"['RPG', 'Strategy']"
1659600,Teenage Mutant Ninja Turtles: The Cowabunga Collection,"Aug 30, 2022",$39.99,No Discount,Digital Eclipse,KONAMI,"1,023",901,122,Very Positive,['Action']
4037760,Warframe: Wukong Qitian Collection,"Oct 15, 2025",$14.99,$10.49,Digital Extremes,Digital Extremes,12,11,1,Positive,"['Action', 'RPG', 'Free To Play']"
920571,Resident Evil 2 - All In-game Rewards Unlocked,"Apr 4, 2019",$4.99,No Discount,"CAPCOM Co., Ltd.","CAPCOM Co., Ltd.","1,312","1,250",62,Overwhelmingly Positive,['Action']
1604000,Milk outside a bag of milk outside a bag of milk,"Dec 16, 2021",$8.99,No Discount,Nikita Kryukov,Nikita Kryukov,"22,194","21,449",745,Overwhelmingly Positive,"['Casual', 'Indie']"
57300,Amnesia: The Dark Descent,"Sep 8, 2010",$19.99,No Discount,Frictional Games,Frictional Games,"35,560","33,636","1,924",Very Positive,"['Action', 'Adventure', 'Indie']"
3255980,Ranch Simulator: Southwest Ranch & Farm Expansion Pack,"Feb 17, 2025",$14.99,No Discount,Toxic Dog,Excalibur Games,357,165,192,Mixed,['Simulation']
2526550,Dead by Daylight - Macabre Tales Pack,"Jan 8, 2024",$19.99,No Discount,Behaviour Interactive Inc.,Behaviour Interactive Inc.,39,28,11,Mixed,['Action']
1386900,Observer: System Redux,"Nov 10, 2020",$29.99,$7.49,Bloober Team,Bloober Team SA,"2,979","2,535",444,Mixed,"['Adventure', 'Indie']"
2654990,Mythic Love: Iberian Legends,"Jun 23, 2026",No Price,No Discount,Platonic Games,Platonic Games,243,228,15,Very Positive,"['Casual', 'Indie', 'Simulation']"
1206410,Kristala,"Apr 23, 2026",No Price,No Discount,Astral Clocktower Studios,Astral Clocktower Studios,610,460,150,Mostly Positive,"['Action', 'Adventure', 'Indie', 'RPG']"
2103470,Republic of Pirates,"Jun 19, 2024",No Price,No Discount,Crazy Goat Games,PQube,523,375,148,Mixed,"['Simulation', 'Strategy']"
2212670,MakeRoom,"Aug 7, 2025",$9.99,No Discount,Kenney,Wholesome Games Presents,"1,083","1,027",56,Very Positive,"['Casual', 'Indie', 'Simulation']"
257420,Serious Sam 4,"Sep 24, 2020",$39.99,No Discount,Croteam,Devolver Digital,"17,639","14,695","2,944",Very Positive,"['Action', 'Adventure', 'Indie']"
1525700,Tavern Master,"Nov 16, 2021",$14.99,$2.99,Untitled Studio,Untitled Studio,"13,162","12,128","1,034",Very Positive,"['Simulation', 'Strategy']"
3575980,Fantasy Maiden Wars - DREAM OF THE STRAY DREAMER -,"Oct 20, 2025",$34.99,No Discount,さんぼん堂,Phoenixx Inc.,584,576,8,Very Positive,"['Indie', 'RPG', 'Simulation']"
1585220,Melatonin,"Dec 15, 2022",$14.99,No Discount,Half Asleep,Half Asleep,"8,162","7,699",463,Very Positive,"['Action', 'Indie']"
2541530,AETHUS,"Mar 6, 2026",$19.99,No Discount,Pawsmonaut Games,Pawsmonaut Games,"1,984","1,876",108,Very Positive,"['Adventure', 'Casual', 'Indie', 'Simulation']"
215100,Ragnarok Online,"Jun 1, 2003",Free to Play,No Discount,Gravity Interactive,Gravity Interactive,"2,442","1,727",715,Mostly Negative,"['Massively Multiplayer', 'RPG', 'Free To Play']"
1250650,AI＊Shoujo/AI＊少女,"Mar 16, 2020",$69.99,No Discount,ILLUSION,ILLUSION,"2,228","1,681",547,Mostly Positive,['Simulation']
1242980,KeyWe,"Aug 31, 2021",$24.99,No Discount,Stonewheat & Sons,Fireshine Games,"2,454","2,217",237,Very Positive,"['Casual', 'Indie']"
1701720,Rust Soundtrack,"Mar 3, 2022",$9.99,$4.99,Facepunch Studios,Facepunch Studios,174,143,31,Very Positive,['None']
467980,Assetto corsa - Japanese Pack,"May 18, 2016",$2.99,No Discount,Kunos Simulazioni,505 Games,"1,322","1,224",98,Very Positive,"['Indie', 'Racing', 'Simulation', 'Sports']"
39150,FINAL FANTASY VIII,"Dec 5, 2013",$11.99,No Discount,Square Enix,Square Enix,"9,475","8,361","1,114",Very Positive,['RPG']
718670,Cultist Simulator,"May 31, 2018",$19.99,No Discount,Weather Factory,Weather Factory,"14,385","11,397","2,988",Very Positive,"['Indie', 'RPG', 'Simulation']"
4770120,Premium Battle Pass Bundle - Rainbow Six Siege,"Jun 2, 2026",$19.99,No Discount,Ubisoft Montreal,Ubisoft,29,12,17,Mixed,['Action']
3444020,Demonic Mahjong,"Jul 15, 2025",$16.99,$13.59,Boxed Lighting Games,Omegames Studio,"5,484","5,261",223,Very Positive,"['Casual', 'Strategy']"
1420290,No More Heroes,"Jun 9, 2021",$19.99,No Discount,GRASSHOPPER MANUFACTURE INC.,XSEED Games,"2,643","2,206",437,Very Positive,['Action']
466170,Idling to Rule the Gods,"May 27, 2016",Free To Play,No Discount,Shugasu GmbH,Shugasu GmbH,"2,123","1,798",325,Very Positive,"['Casual', 'Indie', 'Simulation', 'Strategy']"
3390880,CAPTURED 2,"Apr 22, 2026",$7.99,No Discount,Puck Redflix,Puck Games,555,548,7,Very Positive,['Action']
4542910,HITMAN WOA - World Champions Pack,"Jun 5, 2026",$4.99,No Discount,IO Interactive A/S,IO Interactive A/S,35,32,3,Positive,"['Action', 'Adventure']"
2434600,ShantyTown,"Apr 16, 2026",No Price,No Discount,Erik Rempen,Kinephantom Games,433,425,8,Very Positive,"['Casual', 'Indie', 'Simulation']"
3205310,Darkest Dungeon® II: Inhuman Bondage,"Jan 27, 2025",$9.99,No Discount,Red Hook Studios,Red Hook Studios,324,243,81,Mostly Positive,"['Indie', 'RPG', 'Strategy']"
899440,GOD EATER 3,"Feb 7, 2019",$59.99,No Discount,BANDAI NAMCO Studios Inc.,BANDAI NAMCO Entertainment,"9,927","7,874","2,053",Mostly Positive,['Action']
3838370,TR-49,"Jan 21, 2026",$6.99,No Discount,inkle Ltd,inkle Ltd,"1,180","1,115",65,Very Positive,['Adventure']
3116700,Reap and Rush,"Jul 21, 2026",$14.99,$11.99,Beijing Pacifier Technology,Beijing Pacifier Technology,570,457,113,Mostly Positive,"['Action', 'Adventure', 'Indie', 'RPG']"
790820,Valkyria Chronicles 4 Complete Edition,"Sep 25, 2018",$49.99,No Discount,SEGA,SEGA,"7,057","6,088",969,Mostly Positive,"['Action', 'RPG', 'Strategy']"
4164290,Cloudheim - Supporter Pack,"Dec 4, 2025",$9.99,No Discount,Noodle Cat Games,Noodle Cat Games,13,13,0,Positive,"['Action', 'Adventure', 'RPG']"
3227240,MineGeon: Renegades,"Jul 30, 2026",$19.99,$16.99,Kickstone Studio,Kickstone Studio,88,62,26,Mixed,"['Action', 'Adventure', 'Indie', 'RPG']"
3337040,Planet Coaster 2: Thrill-Seekers Ride Pack,"Dec 12, 2024",$9.99,No Discount,Frontier Developments,Frontier Developments,157,83,74,Mixed,"['Simulation', 'Strategy']"
2008980,XENOTILT: HOSTILE PINBALL ACTION,"Nov 12, 2024",$19.99,No Discount,WIZNWAR,FLARB LLC,761,738,23,Overwhelmingly Positive,"['Action', 'Indie']"
200900,Cave Story+,"Nov 22, 2011",$14.99,No Discount,"Nicalis, Inc.","Nicalis, Inc.","8,276","7,687",589,Very Positive,"['Action', 'Adventure', 'Indie']"
667720,Red Faction Guerrilla Re-Mars-tered,"Jul 3, 2018",$19.99,$3.99,Volition,Deep Silver,"4,412","3,513",899,Mixed,['None']
552700,WORLD OF FINAL FANTASY®,"Nov 21, 2017",$24.99,No Discount,Square Enix,Square Enix,"3,361","2,564",797,Mixed,['RPG']
4184650,War Thunder - BMPT-72 “Terminator-2” Pack,"Dec 16, 2025",$69.99,No Discount,Gaijin Entertainment,Gaijin Network Ltd,51,30,21,Mixed,"['Action', 'Massively Multiplayer', 'Simulation', 'Free To Play']"
2254450,The Last of Us™ Part I - Upgrade to Digital Deluxe Edition,"Mar 28, 2023",No Price,No Discount,Naughty Dog LLC,PlayStation Publishing LLC,396,248,148,Mixed,"['Action', 'Adventure']"
3474900,Anima Engine,"Feb 15, 2025",$2.99,No Discount,MarroIndustries,marroindustries,"1,015",823,192,Very Positive,['Animation & Modeling']
204880,Sins of a Solar Empire®: Rebellion,"Jun 12, 2012",$19.99,No Discount,Ironclad Games Corporation,Stardock Entertainment,"16,322","15,208","1,114",Very Positive,"['Action', 'Indie', 'Simulation', 'Strategy']"
2938870,Maseylia : Echoes of the Past,"Jun 19, 2026",No Price,No Discount,Sol Brothers,Sol Brothers,75,64,11,Very Positive,"['Adventure', 'Indie']"
1671570,Out and About,"Aug 11, 2025",No Price,No Discount,Yaldi Games,Yaldi Games,409,379,30,Very Positive,"['Casual', 'Indie', 'Simulation', 'Early Access']"
4439290,Forza Horizon 6 Italian Passion Car Pack,"Jul 14, 2026",$4.99,No Discount,Playground Games,Xbox Game Studios,37,29,8,Mostly Positive,"['Racing', 'Simulation', 'Sports']"
2983890,PowerWash Simulator – Shrek Special Pack,"Oct 10, 2024",$7.99,No Discount,FuturLab,Square Enix,182,143,39,Mostly Positive,"['Casual', 'Indie', 'Simulation']"
2545710,Tony Hawk's™ Pro Skater™ 3 + 4,"Jul 10, 2025",$49.99,No Discount,Iron Galaxy Studios,Activision,"1,606","1,104",502,Mixed,['Sports']
1235761,The Sims™ 4 Laundry Day Stuff,"Jan 16, 2018",$9.99,$6.99,Maxis,Electronic Arts,119,70,49,Mixed,['Simulation']
1574260,My Friendly Neighborhood,"Jul 18, 2023",No Price,No Discount,John Szymanski,DreadXP,"3,420","3,251",169,Very Positive,"['Action', 'Adventure', 'Indie']"
1134010,Conan Exiles Enhanced - Blood and Sand Pack,"Sep 3, 2019",$9.99,No Discount,Funcom,Funcom,88,52,36,Mixed,"['Action', 'Adventure', 'Massively Multiplayer', 'RPG']"
4207910,Deep Rock Galactic - Relic Raider Pack,"Jan 29, 2026",$9.99,No Discount,Ghost Ship Games,Coffee Stain Publishing,168,164,4,Very Positive,['Action']
1670870,MADiSON,"Jul 7, 2022",$34.99,No Discount,BLOODIOUS GAMES,BLOODIOUS GAMES,"3,407","2,969",438,Very Positive,"['Action', 'Adventure', 'Indie', 'Simulation']"
418460,Rising Storm 2: Vietnam,"May 30, 2017",$24.99,No Discount,Antimatter Games,Tripwire Interactive,"59,446","51,663","7,783",Very Positive,"['Action', 'Massively Multiplayer', 'Simulation', 'Strategy']"
254760,Empire Earth: Gold Edition,"May 6, 2003",$5.99,No Discount,Stainless Steel Studios,Rebellion,164,146,18,Very Positive,['Strategy']
1925560,Tricking 0,"Mar 31, 2022",No Price,No Discount,Full-in Studios,Full-in Studios,"1,048",862,186,Very Positive,"['Action', 'Indie', 'Simulation', 'Sports']"
1805480,Like a Dragon: Ishin!,"Feb 21, 2023",No Price,No Discount,RGG Studio,SEGA,"6,363","5,138","1,225",Mixed,"['Action', 'Adventure']"
942290,House Flipper - Garden DLC,"May 16, 2019",$14.99,$11.24,Empyrean,Frozen District,894,592,302,Mixed,"['Casual', 'Indie', 'Simulation']"
2720950,Grunn,"Oct 4, 2024",$12.99,No Discount,Sokpop Collective,Sokpop Collective,"1,437","1,384",53,Very Positive,"['Adventure', 'Indie', 'Simulation']"
976590,Bus Simulator 21 Next Stop,"Sep 7, 2021",$24.99,$8.74,stillalive studios,astragon Entertainment,"6,667","4,668","1,999",Mostly Positive,['Simulation']
2510960,Temtem: Swarm,"Apr 2, 2026",No Price,No Discount,Crema,Crema,"2,732","2,143",589,Mixed,"['Action', 'Casual', 'RPG']"
1294810,Redfall,"May 1, 2023",$39.99,$19.99,Arkane Austin,Bethesda Softworks,"4,698","1,806","2,892",Mostly Positive,"['Action', 'Adventure']"
240440,Quadrilateral Cowboy,"Jul 25, 2016",$19.99,$9.99,Blendo Games,Blendo Games,"1,010",929,81,Very Positive,"['Action', 'Adventure', 'Indie']"
895400,Deadside,"Dec 5, 2024",$24.99,No Discount,Bad Pixel,Bad Pixel,"40,475","30,572","9,903",Mixed,"['Action', 'Adventure', 'Indie', 'Massively Multiplayer']"
1581770,SpellForce: Conquest of Eo,"Feb 3, 2023",$59.48,$28.88,Owned by Gravity,THQ Nordic,"2,648","2,123",525,Very Positive,"['RPG', 'Strategy']"
2014380,LIVE A LIVE,"Apr 27, 2023",No Price,No Discount,Square Enix,Square Enix,919,790,129,Very Positive,"['Adventure', 'RPG']"
1173900,Conan Exiles Enhanced - Riders of Hyboria Pack,"Dec 5, 2019",$9.99,No Discount,Funcom,Funcom,121,81,40,Mixed,"['Action', 'Adventure', 'Massively Multiplayer', 'RPG']"
919390,Conan Exiles Enhanced - The Savage Frontier Pack,"Oct 9, 2018",$9.99,No Discount,Funcom,Funcom,112,83,29,Mostly Positive,"['Action', 'Adventure', 'Massively Multiplayer', 'RPG']"
2436600,Planet Zoo: Arid Animal Pack,"Jun 20, 2023",$9.99,No Discount,Frontier Developments,Frontier Developments,71,63,8,Very Positive,"['Casual', 'Simulation', 'Strategy']"
2299900,Felvidek,"Mar 29, 2024",$10.99,No Discount,Jozef Pavelka,Tutto Passa,"5,952","5,853",99,Very Positive,"['Indie', 'RPG']"
2088570,Tiny Rogues,"Sep 23, 2022",$9.99,No Discount,RubyDev,RubyDev,"10,683","10,270",413,Very Positive,"['Action', 'Adventure', 'Indie', 'RPG']"
427190,DEAD RISING®,"Sep 12, 2016",$9.99,No Discount,Capcom,Capcom,"7,212","6,364",848,Very Positive,"['Action', 'Adventure']"
16450,F.E.A.R. 2: Project Origin,"Feb 12, 2009",$14.99,No Discount,Monolith,Warner Bros. Games,"9,466","8,023","1,443",Mostly Positive,['Action']
332310,LEGO® Worlds,"Mar 7, 2017",$29.99,$4.49,TT Games,Warner Bros. Interactive Entertainment,"15,630","12,237","3,393",Mostly Positive,['Adventure']
246580,The Typing of The Dead: Overkill,"Oct 29, 2013",$19.99,No Discount,Modern Dream,SEGA,"4,095","3,595",500,Very Positive,['Action']
3720420,Demon Lord: Just a Block,"Apr 29, 2026",$12.99,No Discount,YuWave,YuWave,"2,299","2,217",82,Very Positive,"['Action', 'Adventure', 'Casual', 'Indie']"
1764530,Sailwind,"Oct 18, 2021",$19.99,No Discount,Raw Lion Workshop,Raw Lion Workshop,"2,325","2,067",258,Mostly Positive,"['Adventure', 'Casual', 'Indie', 'Simulation']"
3795900,FRONT MISSION 3: Remake,"Jan 30, 2026",No Price,No Discount,MegaPixel Studio S.A.,Forever Entertainment S. A.,423,317,106,Mostly Positive,"['Action', 'RPG', 'Strategy']"
3315560,Crusader Kings III Creator Pack: High Medieval Warfare Attire,"Jan 27, 2026",$4.99,No Discount,"Nick ""JedNick"" Salvi",Paradox Interactive,69,53,16,Mostly Positive,"['RPG', 'Simulation', 'Strategy']"
273300,Outlast: Whistleblower DLC,"May 6, 2014",$4.99,No Discount,Red Barrels,Red Barrels,"5,514","5,340",174,Very Positive,"['Action', 'Adventure', 'Indie']"
418340,RWBY: Grimm Eclipse,"Jul 5, 2016",$19.99,No Discount,Rooster Teeth Games,FarBridge,"11,622","9,389","2,233",Mostly Positive,"['Action', 'Adventure', 'Indie']"
1869780,UnderMine 2,"Jul 22, 2025",$19.99,No Discount,Thorium,Thorium,844,632,212,Very Positive,"['Action', 'Adventure', 'Indie', 'RPG']"
809230,Unity of Command II,"Nov 12, 2019",$29.99,No Discount,2x2 Games,2x2 Games,"2,189","1,743",446,Mixed,"['Indie', 'Simulation', 'Strategy']"
700600,Evil Genius 2: World Domination,"Mar 30, 2021",$39.99,No Discount,Rebellion,Rebellion,"13,219","9,137","4,082",Very Positive,"['Simulation', 'Strategy']"
233610,Distance,"Sep 18, 2018",$24.99,$2.49,Refract,Refract,"7,548","6,979",569,Very Positive,"['Action', 'Indie', 'Racing']"
1146960,Frostpunk: The Last Autumn,"Jan 21, 2020",$16.99,No Discount,11 bit studios,11 bit studios,"1,629","1,237",392,Mostly Positive,"['Simulation', 'Strategy']"
3816930,Grind Survivors,"Mar 16, 2026",$12.99,$9.74,Pushka Studios,Assemble Entertainment,"1,404","1,017",387,Mixed,"['Action', 'Indie']"
1817361,Age of Empires III: Definitive Edition - Knights of the Mediterranean,"May 26, 2022",$9.99,No Discount,World's Edge,Xbox Game Studios,385,335,50,Very Positive,['Strategy']
3474700,Plant Nursery Simulator,"Jun 22, 2026",No Price,No Discount,Robot Assembly,Robot Assembly,346,324,22,Very Positive,"['Casual', 'Simulation']"
2313720,Noun Town Language Learning,"May 20, 2026",No Price,No Discount,SUPER HYPER MEGA,SUPER HYPER MEGA,744,636,108,Very Positive,"['Adventure', 'Casual', 'Simulation']"
1170970,Marbles on Stream,"Mar 28, 2018",Free To Play,No Discount,Pixel by Pixel Studios Inc.,Pixel by Pixel Studios Inc.,"2,312","1,989",323,Very Positive,"['Casual', 'Massively Multiplayer', 'Racing', 'Simulation']"
1286710,Hylics 2,"Jun 22, 2020",$14.99,No Discount,Mason Lindroth,Mason Lindroth,"3,533","3,431",102,Very Positive,['RPG']
2354000,Slackers - Carts of Glory,"Sep 18, 2024",$12.99,No Discount,Falling Saints,Falling Saints,"2,122","1,938",184,Very Positive,"['Action', 'Casual', 'Indie', 'Racing']"
2362300,Train Sim World® 4,"Sep 26, 2023",$29.99,No Discount,Dovetail Games,Dovetail Games - TSW,"4,003","3,178",825,Very Positive,['Simulation']
3043940,Croc Legend of the Gobbos,"Oct 17, 2025",$29.99,No Discount,Titanium Studios,Argonaut Games,364,332,32,Very Positive,"['Action', 'Adventure']"
3587610,The Dark Queen of Mortholme,"Aug 15, 2025",$4.99,No Discount,Mosu,Monster Theater,"4,108","3,427",681,Very Positive,['Indie']
203750,Binary Domain,"Apr 27, 2012",$14.99,$2.99,Devil's Details,SEGA,"8,257","7,083","1,174",Very Positive,['Action']
4035270,Space Rock Breaker,"Dec 19, 2025",No Price,No Discount,WAKA WAKA,WAKA WAKA,"4,112","3,959",153,Very Positive,['Casual']
1928420,Farlight 84,"Sep 21, 2023",Free To Play,No Discount,Farlight Games,Farlight Games,"55,386","42,113","13,273",Mixed,"['Action', 'Adventure', 'Massively Multiplayer', 'Free To Play']"
2235020,Contra: Operation Galuga,"Mar 12, 2024",No Price,No Discount,WayForward,KONAMI,962,842,120,Very Positive,['Action']
2657100,Teardown: The Greenwash Gambit,"Jun 24, 2025",$7.99,No Discount,Tuxedo Labs,Tuxedo Labs,208,162,46,Mostly Positive,"['Action', 'Indie', 'Simulation', 'Strategy']"
4383880,Huntin' Buddies,"Jul 24, 2026",No Price,No Discount,Huntin' Buddies Wildlife Management, Huntin' Buddies Wildlife Management,52,45,7,Mostly Positive,['Action']
893180,Catherine Classic,"Jan 10, 2019",$19.99,No Discount,ATLUS,SEGA,"11,149","9,713","1,436",Very Positive,['Adventure']
50,Half-Life: Opposing Force,"Nov 1, 1999",$4.99,No Discount,Gearbox Software,Valve,"28,767","27,426","1,341",Very Positive,['Action']
3962020,EXD - Extra Dimensional,"Apr 16, 2026",$29.99,No Discount,Lords of Illusion,Lords of Illusion,329,278,51,Mixed,"['Action', 'Adventure', 'RPG']"
2569670,Farmer's Dynasty 2,"Apr 2, 2026",$24.99,No Discount,UMEO Studios,Toplitz Productions,"1,256",920,336,Mostly Positive,"['Adventure', 'Casual', 'RPG', 'Simulation']"
3047140,Atomfall: Story Expansion Pack Wicked Isle,"Jun 3, 2025",$19.99,No Discount,Rebellion,Rebellion,82,48,34,Mixed,"['Action', 'Adventure']"
4165520,Wartales - Expansion: The Curse of Rigel,"Dec 11, 2025",$19.99,No Discount,Shiro Games,Shiro Games,150,102,48,Mixed,"['Adventure', 'Indie', 'RPG', 'Strategy']"
2678830,Halcyon Days at Taoyuan,"Jan 19, 2026",$11.99,No Discount,BotanX,方块游戏(CubeGame),"1,264","1,126",138,Very Positive,"['Casual', 'Indie', 'RPG', 'Simulation']"
204371,Castle Crashers - Pink Knight Pack,"Sep 26, 2012",$0.99,No Discount,The Behemoth,The Behemoth,905,891,14,Overwhelmingly Positive,"['Action', 'Adventure', 'Casual', 'Indie']"
2896260,ODDCORE,"Jan 7, 2026",$12.99,No Discount,ODDCORP,Scarecrow Arts,"1,086","1,051",35,Very Positive,"['Action', 'Indie', 'Early Access']"
3813350,Azure Striker Gunvolt Trilogy Enhanced,"Jul 23, 2025",$39.99,$27.99,"INTI CREATES CO., LTD.","INTI CREATES CO., LTD.",209,165,44,Mostly Positive,"['Action', 'Adventure']"
4298880,Timber Rush,"Mar 17, 2026",No Price,No Discount,Allerton Apps,Allerton Apps,"1,377","1,166",211,Very Positive,"['Action', 'Casual', 'Indie', 'Strategy']"
674930,Boyfriend Dungeon,"Aug 11, 2021",$19.99,$5.99,Kitfox Games,Kitfox Games,"2,671","2,452",219,Very Positive,"['Indie', 'RPG', 'Simulation']"
2499520,Be My Horde,"Jun 18, 2024",$9.99,No Discount,Polished Games,Polished Games,"2,103","1,792",311,Mostly Positive,"['Action', 'Casual', 'Indie', 'Simulation']"
3099000,Guns of Fury,"Feb 13, 2025",$14.99,$8.99,Gelato Games Ltd,Gelato Games Ltd,955,846,109,Very Positive,"['Action', 'Adventure', 'Indie']"
204372,Castle Crashers - Blacksmith Pack,"Sep 26, 2012",$0.99,No Discount,The Behemoth,The Behemoth,853,830,23,Overwhelmingly Positive,"['Action', 'Adventure', 'Casual', 'Indie']"
239820,Game Dev Tycoon,"Aug 29, 2013",$9.99,No Discount,Greenheart Games 💚,Greenheart Games 💚,"45,032","42,865","2,167",Very Positive,"['Casual', 'Indie', 'Simulation', 'Strategy']"
374040,Portal Knights,"May 18, 2017",$19.99,No Discount,Keen Games GmbH,505 Games,"22,334","18,623","3,711",Very Positive,"['Action', 'Adventure', 'RPG']"
1125240,Ancient Dungeon,"Nov 3, 2021",$19.99,No Discount,Eric Thullen,Eric Thullen,"1,734","1,645",89,Very Positive,"['Action', 'Adventure', 'Indie', 'RPG']"
2447000,High On Life: High On Knife,"Oct 2, 2023",$14.99,No Discount,"Squanch Games, Inc.","Squanch Games, Inc.",625,359,266,Mostly Positive,"['Action', 'Adventure']"
2067050,Squirrel with a Gun,"Aug 29, 2024",$19.99,No Discount,Dee Dee Creations LLC,Maximum Entertainment,"3,895","3,311",584,Very Positive,"['Action', 'Adventure', 'Indie', 'Simulation']"
4182480,Smash Hit Museum,"Dec 19, 2025",$6.99,No Discount, InIt Games, InIt Games,443,380,63,Very Positive,"['Action', 'Casual', 'Indie', 'Simulation']"
2273980,Orcs Must Die! Deathtrap,"Jan 28, 2025",$29.99,No Discount,Robot Entertainment,Robot Entertainment,"4,633","3,276","1,357",Mixed,"['Action', 'Indie', 'Strategy']"
3315580,Crusader Kings III Creator Pack: North Pacific Attire,"Mar 11, 2026",$4.99,No Discount,"Adrian ""Aj"" Kamil",Paradox Interactive,23,17,6,Mostly Positive,"['RPG', 'Simulation', 'Strategy']"
230190,War for the Overworld,"Apr 2, 2015",$29.99,No Discount,Brightrock Games,Mythwright,"8,102","6,961","1,141",Mostly Positive,"['Indie', 'Simulation', 'Strategy']"
1488200,Symphony of War: The Nephilim Saga,"Jun 10, 2022",$19.99,No Discount,Dancing Dragon Games,indie.io,"14,705","13,898",807,Very Positive,"['Adventure', 'Indie', 'RPG', 'Strategy']"
2064650,Tower of Fantasy,"Oct 19, 2022",Free To Play,No Discount,Hotta Studio,Perfect World Games,"12,035","7,972","4,063",Mixed,"['Action', 'Massively Multiplayer', 'RPG', 'Free To Play']"
252110,Lovers in a Dangerous Spacetime,"Sep 9, 2015",$14.99,No Discount,Asteroid Base,Asteroid Base,"4,059","3,782",277,Very Positive,"['Action', 'Indie', 'Simulation']"
2368930,ISLANDERS: New Shores,"Jul 10, 2025",No Price,No Discount,The Station,Coatsink,"1,266","1,219",47,Very Positive,"['Casual', 'Indie', 'Simulation', 'Strategy']"
1665190,Monster Prom 3: Monster Roadtrip,"Oct 21, 2022",No Price,No Discount,Beautiful Glitch,Beautiful Glitch,"3,305","3,211",94,Overwhelmingly Positive,"['Casual', 'Indie', 'Simulation', 'Strategy']"
1235766,The Sims™ 4 Tiny Living Stuff,"Jan 21, 2020",$9.99,$6.99,Maxis,Electronic Arts,133,109,24,Very Positive,['Simulation']
13520,Far Cry®,"Mar 23, 2004",$9.99,No Discount,Crytek Studios,Ubisoft,"11,712","9,576","2,136",Mostly Positive,['Action']
3453960,Farming Simulator 25: Mercedes-Benz Trucks Pack,"Sep 9, 2025",$12.99,No Discount,GIANTS Software,GIANTS Software,108,88,20,Very Positive,['Simulation']
372360,Tales of Symphonia,"Feb 1, 2016",$19.99,$4.99,BANDAI NAMCO Entertainment Inc.,BANDAI NAMCO Entertainment,"5,181","4,422",759,Very Positive,['RPG']
4341060,Songs of Conquest - Yulan,"Jun 4, 2026",$9.99,No Discount,Lavapotion,Coffee Stain Publishing,52,51,1,Positive,"['Adventure', 'RPG', 'Strategy']"
914710,Cat Quest II,"Sep 24, 2019",Cat Quest II Demo,No Discount,The Gentlebros,Kepler Interactive,"7,181","6,840",341,Very Positive,"['Action', 'Adventure', 'Indie', 'RPG']"
3124230,Jackal,"Feb 5, 2026",$14.99,No Discount,Transhuman Design,Transhuman Design,572,511,61,Very Positive,"['Action', 'Indie']"
2304400,The Sims™ 4 Home Chef Hustle Stuff Pack,"Sep 28, 2023",$9.99,$6.99,Maxis,Electronic Arts,63,52,11,Very Positive,"['Adventure', 'Casual', 'Simulation', 'Free To Play']"
3977280,Forts - Firebird,"Jun 16, 2026",$9.99,No Discount,EarthWork Games,EarthWork Games,76,48,28,Mixed,"['Action', 'Indie', 'Strategy']"
3759220,Pawsome Resort,"Jun 22, 2026",No Price,No Discount,Pixel Puffs,GameDev.ist,154,129,25,Very Positive,"['Adventure', 'Casual', 'Indie', 'RPG']"
4635190,SCUM Woodland Furniture Pack,"May 25, 2026",$9.99,No Discount,Gamepires,Gamepires,36,23,13,Mixed,"['Action', 'Adventure', 'Indie', 'Massively Multiplayer']"
3601770,Space Engineers - Fieldwork Pack,"Apr 28, 2025",$4.99,No Discount,Keen Software House,Keen Software House,45,41,4,Positive,"['Action', 'Indie', 'Simulation', 'Strategy']"
485380,Welcome to the Game,"Jun 15, 2016",$4.99,No Discount,Reflect Studios,Reflect Studios,"2,580","2,177",403,Mostly Positive,"['Indie', 'Simulation']"
3708070,Campsite Hustle! - Management Simulator,"Jun 2, 2026",$14.99,No Discount,Red Shore Games,Red Shore Games,253,198,55,Mixed,"['Indie', 'Simulation', 'Early Access']"
2218970,Plains of Pain,"Feb 17, 2023",$19.99,No Discount,Cobra Byte Digital,Cobra Byte Digital,910,755,155,Very Positive,"['Action', 'Adventure', 'Indie', 'Massively Multiplayer']"
1749080,Stellaris: Aquatics Species Pack,"Nov 22, 2021",$9.99,No Discount,Paradox Development Studio,Paradox Interactive,741,643,98,Very Positive,"['Simulation', 'Strategy']"
1811990,Wildfrost,"Apr 12, 2023",$19.99,No Discount,Deadpan Games,Chucklefish,"8,806","7,295","1,511",Very Positive,"['Indie', 'Strategy']"
325724,Dying Light: The Following,"Feb 8, 2016",$14.99,$4.49,Techland,Techland Publishing,"6,054","4,769","1,285",Mixed,"['Action', 'RPG']"
1837480,Vietnam War,"Apr 25, 2025",$14.99,No Discount,Thorium Game Lab,Thorium Game Lab,"1,718","1,452",266,Very Positive,"['Action', 'Early Access']"
898890,Endling - Extinction is Forever,"Jul 19, 2022",$29.99,$9.89,Herobeat Studios,HandyGames,"3,590","3,416",174,Very Positive,"['Adventure', 'Indie', 'Simulation']"
1342490,Daemon X Machina: Titanic Scion,"Sep 5, 2025",No Price,No Discount,Marvelous Inc.,XSEED Games,"2,468","1,562",906,Mixed,['Action']
2160220,Shipwrecked 64,"Jan 1, 2024",$7.99,No Discount,Squeaks D'Corgeh,Cogware Games,"2,672","2,543",129,Very Positive,"['Adventure', 'Casual', 'Strategy']"
272600,Detective Grimoire,"Aug 18, 2014",$6.99,No Discount,SFB Games,SFB Games,"2,502","2,403",99,Overwhelmingly Positive,"['Adventure', 'Indie']"
843390,Vertigo 2,"Mar 30, 2023",No Price,No Discount,Zach Tsiakalis-Brown,Zulubo Productions,"2,714","2,584",130,Very Positive,"['Action', 'Adventure', 'Indie']"
3152750,Taival,"Jul 14, 2026",No Price,No Discount,Bonobo Software,Level Up Gaming,140,115,25,Very Positive,"['Adventure', 'Casual', 'Indie', 'RPG']"
4197890,The Last Cat in the Universe,"Apr 23, 2026",$6.99,$5.59,Apamate Studio,Apamate Studio,"1,101","1,047",54,Very Positive,"['Casual', 'Indie']"
2961880,Grocery Store Simulator,"Nov 21, 2024",$14.99,No Discount,EXPERIMENT ONE,EXPERIMENT ONE,"6,154","5,589",565,Very Positive,"['Action', 'Casual', 'Indie', 'Simulation']"
1770580,DCS: AH-64D,"Mar 17, 2022",$63.99,No Discount,Eagle Dynamics SA,Eagle Dynamics SA,420,320,100,Mostly Positive,['Simulation']
4244640,Foghorns Drown,"Jul 20, 2026",$9.99,No Discount,Studio Laaya,Studio Laaya,115,89,26,Mostly Positive,['Indie']
2579530,Trailmakers: Space Voyager Pack,"Oct 31, 2023",$9.99,$4.99,Flashbulb,Flashbulb,46,39,7,Positive,"['Action', 'Adventure', 'Indie', 'Racing']"
559650,Witch It,"Oct 22, 2020",$19.99,No Discount,Barrel Roll Games,Barrel Roll Games,"19,848","17,637","2,211",Very Positive,"['Action', 'Casual', 'Indie']"
3265250,MindsEye,"Jun 10, 2025",$34.99,$17.49,Build A Rocket Boy,Build A Rocket Boy,"3,247","1,541","1,706",Mixed,"['Action', 'Adventure']"
666860,Bit Heroes Quest,"Dec 13, 2017",Free To Play,No Discount,Juppiomenz,Kongregate,"3,310","2,664",646,Mostly Positive,"['Adventure', 'Free To Play', 'Massively Multiplayer', 'RPG']"
2399750,Dead by Daylight - End Transmission Chapter,"Jun 13, 2023",$7.99,No Discount,Behaviour Interactive Inc.,Behaviour Interactive Inc.,666,386,280,Mixed,['Action']
1657740,Mr. Sleepy Man,"Mar 10, 2026",No Price,No Discount,Devin Santi,Devin Santi,620,613,7,Very Positive,"['Adventure', 'Indie']"
397950,Clustertruck,"Sep 27, 2016",$14.99,No Discount,Landfall,tinyBuild,"18,419","17,232","1,187",Overwhelmingly Positive,"['Action', 'Indie']"
3081320,Fuga: Melodies of Steel 3,"May 28, 2025",No Price,No Discount,CyberConnect2,CyberConnect2,232,209,23,Mostly Positive,"['RPG', 'Simulation', 'Strategy']"
2991180,Age of Mythology: Retold - Heavenly Spear,"Sep 30, 2025",$19.99,No Discount,World's Edge,Xbox Game Studios,418,375,43,Very Positive,['Strategy']
1581040,El Shaddai ASCENSION OF THE METATRON HD Remaster,"Sep 1, 2021",$29.99,$7.49,"crim Co., Ltd.","crim Co., Ltd.",507,430,77,Very Positive,['Action']
1254120,Bless Unleashed,"Aug 6, 2021",Free To Play,No Discount,VALOFE,VALOFE,"31,095","16,413","14,682",Mixed,"['Action', 'Massively Multiplayer', 'RPG', 'Free To Play']"
3205380,Omelet You Cook,"Feb 8, 2026",No Price,No Discount,Dan Schumacher,SchuBox Games,"1,583","1,537",46,Very Positive,"['Action', 'Casual', 'Indie', 'Strategy']"
2551020,One-armed robber,"Dec 15, 2023",Free To Play,No Discount,Duhndal,Duhndal,"51,997","47,501","4,496",Very Positive,"['Action', 'Indie', 'Simulation', 'Strategy']"
4024620,Crimson Desert - Deluxe Pack,"Mar 19, 2026",$12.99,No Discount,Pearl Abyss,Pearl Abyss,497,425,72,Very Positive,"['Action', 'Adventure']"
2564710,Green Hell Official Soundtrack,"Sep 1, 2023",$1.99,No Discount,Creepy Jar,Creepy Jar,59,55,4,Very Positive,['None']
1388850,Sid Meier's Civilization® VI: Babylon Pack,"Nov 19, 2020",$4.99,No Discount,Firaxis Games,2K,180,114,66,Mixed,['Strategy']
1260520,Patrick's Parabox,"Mar 29, 2022",No Price,No Discount,Patrick Traynor,Patrick Traynor,"5,743","5,700",43,Overwhelmingly Positive,"['Casual', 'Indie', 'Strategy']"
2564960,I'm on Observation Duty 8,"Dec 4, 2025",No Price,No Discount,Notovia,Notovia,247,237,10,Very Positive,['Indie']
2350270,Primal Planet,"Jul 28, 2025",$19.99,No Discount,Seethingswarm,Pretty Soon,727,642,85,Very Positive,"['Action', 'Adventure', 'Indie']"
761620,Beholder 2,"Dec 4, 2018",$23.78,$17.83,Alawar Stargaze (Warm Lamp Games),Alawar,"8,089","7,043","1,046",Very Positive,"['Adventure', 'Indie', 'Simulation', 'Strategy']"
1685750,Capcom Fighting Collection,"Jun 23, 2022",$29.99,No Discount,"CAPCOM Co., Ltd.","CAPCOM Co., Ltd.","1,032",939,93,Very Positive,['Action']
4007140,Ragnarok X: Next Generation,"Feb 25, 2026",Free To Play,No Discount,Gravity Game Hub PTE. LTD.,Gravity Game Hub PTE. LTD.,76,32,44,Mixed,"['Massively Multiplayer', 'Free To Play']"
1199030,Tainted Grail: Conquest,"May 27, 2021",$19.99,No Discount,Questline,Awaken Realms,"8,318","7,479",839,Mostly Positive,"['Action', 'Indie', 'RPG']"
1937500,Let's School,"Jul 26, 2023",No Price,No Discount,Pathea Games,Pathea Games,"7,375","6,840",535,Very Positive,"['Casual', 'Indie', 'Simulation']"
2086430,NIMRODS,"Oct 28, 2024",$9.99,$7.99,Fiveamp,Fiveamp,"1,823","1,550",273,Mixed,"['Action', 'Adventure', 'Casual', 'Indie']"
1161830,Age of Reforging: The Freelands,"Apr 28, 2025",$29.99,$20.99,PersonaeGame Studio,Kunpan Games,"2,435","1,758",677,Mostly Positive,"['Adventure', 'Indie', 'RPG', 'Strategy']"
303210,The Beginner's Guide,"Oct 1, 2015",$9.99,No Discount,Everything Unlimited Ltd.,Everything Unlimited Ltd.,"23,303","20,572","2,731",Very Positive,"['Adventure', 'Indie']"
3594760,Pacific Drive: Whispers in the Woods,"Oct 23, 2025",$14.99,No Discount,Ironwood Studios,Kepler Interactive,335,189,146,Mixed,"['Action', 'Adventure', 'Indie', 'Racing']"
1881200,TRYP FPV: Drone Racer Simulator,"Jun 30, 2022",$16.99,No Discount,UNDEAD BATTERY,UNDEAD BATTERY,"3,180","2,725",455,Very Positive,"['Indie', 'Racing', 'Simulation', 'Sports']"
1547890,Let's Build a Zoo,"Nov 5, 2021",$19.99,No Discount,Springloaded,No More Robots,"4,096","3,658",438,Very Positive,"['Simulation', 'Strategy']"
25000,Overgrowth,"Oct 16, 2017",$19.99,No Discount,Wolfire Games,Wolfire Games,"9,155","7,405","1,750",Very Positive,"['Action', 'Indie']"
1874490,Potionomics,"Oct 17, 2022",$24.99,No Discount,Voracious Games,XSEED Games,"7,344","6,643",701,Very Positive,"['Indie', 'RPG', 'Simulation', 'Strategy']"
1491410,Eternal Strands,"Jan 28, 2025",No Price,No Discount,Yellow Brick Games,Yellow Brick Games,"1,724","1,521",203,Very Positive,"['Action', 'Adventure']"
4651970,Car Mechanic Simulator 2021 - Pickup DLC,"Jul 7, 2026",$5.99,No Discount,GameFormatic S.A.,PlayWay S.A.,15,13,2,Positive,"['Racing', 'Simulation']"
3919190,Obey the Voice™,"Jan 27, 2026",$7.99,No Discount,svklmrt,Patchwork Interactive,705,610,95,Very Positive,"['Adventure', 'Indie']"
3899930,DCS: C-130J,"Nov 27, 2025",$63.99,No Discount,Eagle Dynamics SA,Eagle Dynamics SA,73,61,12,Very Positive,"['Simulation', 'Free To Play']"
3009870,Trailmakers: Motorhead Pack,"Aug 15, 2024",$7.99,$3.99,Flashbulb,Flashbulb,44,39,5,Positive,"['Action', 'Adventure', 'Indie', 'Racing']"
1999190,DRAGON BALL XENOVERSE 2 Conton City Vote Pack,"Jul 7, 2022",$7.99,No Discount,QLOC,Bandai Namco Entertainment America Inc.,83,59,24,Mostly Positive,"['Action', 'Adventure', 'Casual', 'Massively Multiplayer']"
324080,Rising World,"Dec 3, 2014",$14.99,No Discount,JIW-Games,JIW-Games,"5,956","5,106",850,Very Positive,"['Action', 'Adventure', 'Indie', 'RPG']"
942970,Unheard - Voices of Crime,"Mar 28, 2019",$6.99,No Discount,NEXT Studios,NEXT Studios,"33,792","32,441","1,351",Very Positive,"['Indie', 'RPG', 'Simulation']"
3422270,Terra Firma 2,"Oct 27, 2025",$19.99,No Discount,Working as Intended,Working as Intended,169,155,14,Very Positive,"['Indie', 'Simulation', 'Strategy', 'Early Access']"
3515530,Ice Cream Simulator,"Jun 5, 2026",No Price,No Discount,AM Playhouse,PlayWay S.A.,157,124,33,Very Positive,"['Casual', 'Indie', 'Simulation']"
3907350,The Prince of Tennis Sweet School Festival ~♡-40 and more...~,"Jul 29, 2026",$49.99,No Discount,KONAMI,KONAMI,17,17,0,Positive,['Adventure']
3232380,FROGGY HATES SNOW,"May 7, 2026",No Price,No Discount,CRYING BRICK,Digital Bandidos,458,420,38,Very Positive,"['Action', 'Indie', 'Strategy']"
782250,Hush Hush - Only Your Love Can Save Them,"Apr 20, 2023",No Price,No Discount,Sad Panda Studios,Sad Panda Studios,"1,642","1,546",96,Very Positive,"['Indie', 'Simulation', 'Strategy']"
3533100,Wrap House Simulator🌯,"May 29, 2025",No Price,No Discount,Broken Lyre Entertainment,PlayWay S.A.,"3,243","2,860",383,Very Positive,"['Casual', 'Indie', 'Simulation']"
1175380,Arma 3 Creator DLC: Spearhead 1944,"Jul 25, 2023",$17.99,No Discount,Heavy Ordnance Works,Bohemia Interactive,944,638,306,Mixed,"['Action', 'Simulation', 'Strategy']"
1154810,Going Under,"Sep 24, 2020",$24.99,$2.49,Aggro Crab,Team17 Digital,"4,124","3,719",405,Very Positive,"['Action', 'Indie']"
3381680,Age of History 2: Definitive Edition,"Apr 15, 2026",$9.99,No Discount,Łukasz Jakowski,Łukasz Jakowski Games,"2,364","1,972",392,Very Positive,"['Indie', 'Strategy']"
1955230,Penny’s Big Breakaway,"Feb 21, 2024",No Price,No Discount,Evening Star,Private Division,"1,298","1,041",257,Very Positive,"['Adventure', 'Indie']"
1674010,Nin Online,"Jun 12, 2025",Free To Play,No Discount,Hitspark,Hitspark,"1,557","1,185",372,Mostly Positive,"['Action', 'Adventure', 'Indie', 'Massively Multiplayer']"
2067920,Rogue: Genesia,"Mar 7, 2025",No Price,No Discount,Ouadi Huard,Ouadi Huard,"8,528","7,739",789,Very Positive,"['Action', 'Casual', 'RPG', 'Strategy']"
234650,Shadowrun Returns,"Jul 25, 2013",$14.99,$3.74,Harebrained Schemes,Paradox Interactive,"13,672","12,078","1,594",Very Positive,"['Adventure', 'Indie', 'RPG', 'Strategy']"
4528730,Scroll Of Taiwu - The Transmogrifying Cricket,"Jun 16, 2026",$6.99,No Discount,ConchShip Games,ConchShip Games,411,320,91,Mostly Positive,"['Adventure', 'Casual', 'Indie', 'RPG']"
1502970,Atelier Sophie: The Alchemist of the Mysterious Book DX,"Apr 21, 2021",$39.99,$19.99,"KOEI TECMO GAMES CO., LTD.","KOEI TECMO GAMES CO., LTD.","1,030",930,100,Very Positive,['RPG']
372000,Tree of Savior (English Ver.),"Mar 28, 2016",Free To Play,No Discount,"IMCGAMES Co.,Ltd.","IMCGAMES Co.,Ltd.","20,458","13,078","7,380",Mixed,"['Massively Multiplayer', 'RPG', 'Free To Play']"
4039900,ZOMBUTCHER: Monster Business Simulator,"Jun 11, 2026",No Price,No Discount,ODIUS,Loopr Partners,127,91,36,Mostly Positive,"['Action', 'Indie', 'Simulation']"
2429190,Amerzone - The Explorer's Legacy,"Apr 24, 2025",$39.99,No Discount,Microids Studio Paris,Microids,626,570,56,Very Positive,"['Action', 'Adventure', 'Simulation']"
718560,Scythe: Digital Edition,"Sep 5, 2018",$19.99,No Discount,The Knights of Unity,The Knights of Unity,"3,811","3,409",402,Very Positive,['Strategy']
3957240,Sail Girl,"Jul 23, 2026",Free To Play,No Discount,HKSTTNT,Nutaku Publishing,87,64,23,Mostly Positive,"['Action', 'Adventure', 'Casual', 'RPG']"
1299170,Ova Magica,"May 28, 2026",$29.99,No Discount,ClaudiaTheDev,"Top Hat Studios, Inc.",700,648,52,Very Positive,"['Casual', 'Indie', 'RPG', 'Simulation']"
580100,Darkest Dungeon®: The Crimson Court,"Jun 19, 2017",$9.99,No Discount,Red Hook Studios,Red Hook Studios,"2,366","1,458",908,Mixed,"['Indie', 'RPG', 'Strategy']"
3594780,Blackjack 21: Blackjackist,"Apr 29, 2025",Free To Play,No Discount,KamaGames Entertainment Group Limited,KamaGames Ltd.,956,711,245,Mixed,"['Casual', 'Massively Multiplayer', 'Simulation', 'Sports']"
2064870,Deceit 2,"Sep 14, 2023",Free To Play,No Discount,World Makers,World Makers,"6,748","3,900","2,848",Mixed,"['Action', 'Free To Play']"
745920,Temtem,"Sep 6, 2022",$44.99,No Discount,Crema,Balor Games,"39,321","31,995","7,326",Mixed,"['Adventure', 'Indie', 'Massively Multiplayer', 'RPG']"
1178830,Bright Memory: Infinite,"Nov 11, 2021",$19.99,$9.99,FYQD-Studio,FYQD-Studio,"39,835","36,518","3,317",Very Positive,"['Action', 'Indie']"
1115690,"Yes, Your Grace","Mar 6, 2020",$19.99,No Discount,Brave At Night,No More Robots,"14,105","12,283","1,822",Very Positive,"['Adventure', 'Casual', 'Indie', 'RPG']"
3868650,Fallout 4 - Creations Bundle,"Nov 10, 2025",$19.99,$15.99,Bethesda Game Studios,Bethesda Softworks,762,175,587,Mostly Negative,['RPG']
3274400,"Warhammer 40,000: Space Marine 2 - Raven Guard Cosmetic Pack","Feb 6, 2025",$4.99,No Discount,Saber Interactive,Focus Entertainment,324,228,96,Mostly Positive,"['Action', 'Adventure', 'RPG']"
2790750,Call of Duty®: Modern Warfare® III - Tracer Pack: Nuptial Nightmare Ultra Skin Pro Pack,"Sep 25, 2024",$19.99,No Discount,Sledgehammer Games,Activision,14,12,2,Positive,['Action']
2704090,Celestial Return,"Jul 14, 2026",$14.99,No Discount,Metaphor Games,Shoreline Games,145,126,19,Very Positive,"['Adventure', 'Indie', 'RPG']"
251060,Wargame: Red Dragon,"Apr 17, 2014",$29.99,No Discount,Eugen Systems,Eugen Systems,"19,710","17,447","2,263",Very Positive,"['Indie', 'Simulation', 'Strategy']"
1163550,Captain Tsubasa: Rise of New Champions,"Sep 28, 2020",$39.99,No Discount,TAMSOFT CORPORATION,BANDAI NAMCO Entertainment,"6,673","4,794","1,879",Very Positive,"['Action', 'Casual', 'RPG', 'Sports']"
2229890,Command & Conquer Renegade™,"Mar 7, 2024",No Price,No Discount,Westwood Studios,Electronic Arts,865,727,138,Mostly Positive,"['Action', 'Adventure', 'Strategy']"
537800,Bomber Crew,"Oct 19, 2017",$15.99,$2.39,Runner Duck,Curve Games,"15,472","13,552","1,920",Mostly Positive,"['Simulation', 'Strategy']"
2352340,Suzerain: Kingdom of Rizia,"Mar 25, 2024",$14.99,No Discount,Torpor Games,Torpor Games,875,798,77,Very Positive,"['Adventure', 'Indie', 'RPG']"
2561440,DREDGE - The Pale Reach,"Nov 16, 2023",$5.99,No Discount,Black Salt Games,Team17,"1,106",777,329,Mixed,"['Adventure', 'RPG']"
2475460,SOS OPS!,"Nov 30, 2023",No Price,No Discount,ArtDock,Dreland Enterprises,"4,214","3,501",713,Very Positive,['None']
1238880,Battlefield™ Hardline,"Mar 16, 2015",No Price,No Discount,DICE,Electronic Arts,"5,334","3,696","1,638",Mixed,['Action']
3214480,Prime Monster,"May 4, 2026",No Price,No Discount,Cavalier Game Studios,Cavalier Game Studios,312,261,51,Very Positive,"['Casual', 'Indie', 'Strategy']"
1946700,Layers of Fear,"Jun 15, 2023",$29.99,No Discount,Anshar Studios,Bloober Team SA,"1,697","1,342",355,Very Positive,['Adventure']
3170410,Backyard Soccer '98,"Nov 27, 2024",$9.99,No Discount,Mega Cat Studios,Playground Productions,217,210,7,Very Positive,"['Casual', 'Sports']"
3667390,Black Hole Fishing,"Apr 7, 2026",$5.99,No Discount, SDG Games,Playsaurus,539,476,63,Very Positive,"['Casual', 'Indie', 'Simulation']"
1307710,GRID Legends,"Feb 24, 2022",No Price,No Discount,Codemasters,Electronic Arts,"3,853","2,908",945,Very Positive,"['Action', 'Racing', 'Simulation', 'Sports']"
2598510,Darkest Dungeon® II: The Binding Blade,"Dec 11, 2023",$9.99,No Discount,Red Hook Studios,Red Hook Studios,532,406,126,Mostly Positive,"['Indie', 'RPG', 'Strategy']"
2229840,"Command & Conquer Red Alert™, Counterstrike™ and The Aftermath™","Mar 7, 2024",No Price,No Discount,Westwood Studios,Electronic Arts,403,321,82,Very Positive,"['Action', 'RPG', 'Strategy']"
2292800,Blacksmith Master,"May 15, 2025",$19.99,No Discount,Untitled Studio,Hooded Horse,"2,703","2,258",445,Very Positive,"['Simulation', 'Strategy', 'Early Access']"
1225560,Unravel,"Feb 9, 2016",No Price,No Discount,Coldwood Interactive,Electronic Arts,"5,547","5,026",521,Very Positive,"['Action', 'Adventure']"
2944850,Granblue Fantasy: Relink - Color Pack 5,"May 30, 2024",$7.99,No Discount,"Cygames, Inc.","Cygames, Inc.",17,15,2,Positive,"['Action', 'Adventure', 'RPG']"
4773930,君临传奇之风起云涌,"Jul 16, 2026",Free To Play,No Discount,君临传奇之风起云涌,君临传奇之风起云涌,76,63,13,Very Positive,"['Action', 'Casual', 'Indie', 'Massively Multiplayer']"
1858950,Steel Century Groove,"Jan 28, 2026",No Price,No Discount,Sloth Gloss Games,Sloth Gloss Games,103,97,6,Very Positive,"['Adventure', 'RPG']"
2732960,Command & Conquer™ Generals Zero Hour,"Mar 7, 2024",No Price,No Discount,EA Pacific,Electronic Arts,"6,179","5,613",566,Very Positive,"['Action', 'Adventure', 'RPG', 'Strategy']"
2229870,Command & Conquer™ Generals,"Mar 7, 2024",No Price,No Discount,EA Pacific,Electronic Arts,"2,078","1,822",256,Very Positive,"['Action', 'Strategy']"
2229850,Command & Conquer Red Alert™ 2 and Yuri’s Revenge™,"Mar 7, 2024",No Price,No Discount,Westwood Pacific,Electronic Arts,"10,644","9,967",677,Overwhelmingly Positive,"['Action', 'Strategy']"
2229880,Command & Conquer™ Tiberian Sun™ and Firestorm™,"Mar 7, 2024",No Price,No Discount,Westwood Studios,Electronic Arts,"1,293","1,159",134,Very Positive,"['Action', 'Strategy']"
1549250,UNDECEMBER: The Forge,"Oct 11, 2022",Free To Play,No Discount,Needs Games,LINE Games Corporation,"20,636","10,818","9,818",Mostly Negative,"['Action', 'Adventure', 'RPG', 'Free To Play']"
352720,The Universim,"Jan 22, 2024",$29.99,No Discount,Crytivo,Crytivo,"10,629","8,463","2,166",Mixed,"['Indie', 'Simulation', 'Strategy']"
785300,XCOM 2: War of the Chosen - Tactical Legacy Pack,"Oct 9, 2018",$7.99,No Discount,Firaxis Games,2K,388,304,84,Mostly Positive,['Strategy']
632300,Hobo: Tough Life,"Apr 12, 2021",$29.99,No Discount,Perun Creative,Perun Creative,"9,964","8,355","1,609",Mostly Positive,"['Adventure', 'Indie', 'RPG', 'Simulation']"
300550,Shadowrun: Dragonfall - Director's Cut,"Sep 18, 2014",$14.99,No Discount,Harebrained Schemes,Paradox Interactive,"6,554","5,854",700,Very Positive,"['Adventure', 'Indie', 'RPG', 'Strategy']"
3577620,"Warhammer 40,000: Battlesector - Black Legion","Feb 24, 2026",$14.99,No Discount,Slitherine Ltd.,Slitherine Ltd. ,38,34,4,Positive,['Strategy']
4760250,Warframe: Styanax Prime Access - Prime Pack,"Jun 17, 2026",No Price,No Discount,Digital Extremes,Digital Extremes,2,2,0,2 user reviews,"['Action', 'RPG']"
1858630,SWORD ART ONLINE Fractured Daydream,"Oct 3, 2024",$59.99,No Discount,Dimps Corporation,Bandai Namco Entertainment,"2,854","1,853","1,001",Mostly Positive,"['Action', 'Casual', 'RPG']"
848350,Katamari Damacy REROLL,"Dec 6, 2018",$29.99,No Discount,MONKEYCRAFT Co. Ltd.,BANDAI NAMCO Entertainment,"6,641","6,194",447,Very Positive,"['Action', 'Casual']"
1468260,Leaf Blower Revolution - Idle Game,"Dec 4, 2020",Free To Play,No Discount,Humble North,Humble North,"26,414","24,868","1,546",Very Positive,"['Casual', 'Indie', 'Free To Play']"
1907590,Psycho Patrol R,"Mar 23, 2025",$39.99,No Discount,Consumer Softproducts,Consumer Softproducts,"2,173","1,918",255,Very Positive,"['Action', 'Adventure', 'Indie', 'Early Access']"
4082750,Log Riders,"Feb 12, 2026",$4.99,No Discount,Bluespy Studios,Bluespy Studios,693,490,203,Mixed,"['Adventure', 'Casual', 'Indie']"
2272900,Mirthwood,"Nov 6, 2024",No Price,No Discount,Bad Ridge Games,V Publishing,"2,358","1,662",696,Mostly Positive,"['RPG', 'Simulation']"
1196770,Planet Zoo: Arctic Pack,"Dec 17, 2019",$9.99,No Discount,Frontier Developments,Frontier Developments,366,276,90,Mostly Positive,"['Simulation', 'Strategy']"
2197328,Resident Evil 4 Weapon Exclusive Upgrade Ticket x5 (A),"Apr 6, 2023",$9.99,No Discount,"CAPCOM Co., Ltd.","CAPCOM Co., Ltd.",152,133,19,Very Positive,"['Action', 'Adventure']"
2597970,Finding Frankie,"Oct 25, 2024",$14.99,No Discount,SUPERLOU,SUPERLOU,"2,036","1,822",214,Very Positive,"['Action', 'Adventure', 'Indie']"
2426120,Concubine,"Oct 13, 2025",$14.99,No Discount,Upgrade Entertainment,Upgrade Entertainment,527,435,92,Mostly Positive,"['Action', 'Adventure', 'Indie', 'RPG']"
3205060,Lil Gator Game: In the Dark,"Feb 12, 2026",$12.99,$9.09,MegaWobble,Playtonic Friends,229,221,8,Very Positive,"['Adventure', 'Casual', 'Indie']"
4767560,Into the Radius 2 - Classic Explorer Kit,"Jun 22, 2026",$9.99,No Discount,CM IMMERSIVE,CM IMMERSIVE,57,54,3,Very Positive,['Indie']
3372710,Noble Legacy,"Aug 12, 2025",$24.99,No Discount,Studio 369,Ultimus Rex LLC,770,558,212,Mostly Positive,"['RPG', 'Simulation', 'Early Access']"
3391970,LOCKDOWN Protocol - Characters,"Dec 18, 2024",$9.99,No Discount,Mirage Creative Lab,Mirage Creative Lab,81,57,24,Mostly Positive,"['Action', 'Casual', 'Indie', 'Strategy']"
4148530,City Transport Simulator 2026 - Bus & Tram,"Apr 14, 2026",$39.99,No Discount,ViewApp,ViewApp - CTS,479,362,117,Mostly Positive,['Simulation']
235540,Warhammer: End Times - Vermintide,"Oct 23, 2015",$29.99,No Discount,Fatshark,Fatshark,"21,438","17,137","4,301",Mostly Positive,"['Action', 'Indie']"
3450550,PAYDAY 3: Jacket Character Pack,"Feb 3, 2025",$4.99,No Discount,Starbreeze Studios,Starbreeze Entertainment,703,611,92,Very Positive,"['Action', 'Adventure', 'RPG']"
3066290,Space Engineers - Contact Pack,"Oct 14, 2024",$4.99,No Discount,Keen Software House,Keen Software House,82,73,9,Very Positive,"['Action', 'Indie', 'Simulation', 'Strategy']"
541670,Disney Infinity 3.0: Gold Edition,"Dec 9, 2016",$29.99,No Discount,Avalanche Software,Disney,"1,411","1,242",169,Very Positive,"['Action', 'Adventure']"
2536180,Project Wingman: Frontline-59 Campaign,"Dec 1, 2024",$4.99,No Discount,Sector D2,Humble Games,"1,559","1,397",162,Mostly Positive,"['Action', 'Indie', 'Simulation']"
1478300,Sid Meier's Civilization® VI: Portugal Pack,"Mar 25, 2021",$4.99,No Discount,Firaxis Games,2K,179,91,88,Mixed,['Strategy']
356650,Death's Gambit: Afterlife,"Aug 13, 2018",$19.99,$10.99,White Rabbit,Serenity Forge,"5,564","4,515","1,049",Mixed,"['Action', 'Adventure', 'Indie', 'RPG']"
243970,"Invisible, Inc.","May 12, 2015",$19.99,$4.99,Klei Entertainment,Klei Entertainment,"5,760","5,258",502,Very Positive,"['Action', 'Indie', 'Strategy']"
2019810,Boxes: Lost Fragments,"Feb 1, 2024",No Price,No Discount,Big Loop Studios,Snapbreak,"5,444","5,065",379,Very Positive,"['Adventure', 'Casual', 'Indie']"
2439510,Doomsday: Odysseus Returns,"Jun 25, 2023",Free,No Discount,IGG SINGAPORE PTE. LTD.,IGG SINGAPORE PTE. LTD.,922,597,325,Mixed,"['Massively Multiplayer', 'RPG', 'Strategy']"
1683340,Kayak VR: Mirage,"Jul 12, 2022",$22.99,No Discount,Better Than Life,Better Than Life,"1,049",860,189,Very Positive,"['Adventure', 'Casual', 'Indie', 'Racing']"
2842800,Dream of Corpse Lady,"Jan 11, 2026",No Price,No Discount,HT3 Studio,INDIECN,"2,277","2,130",147,Very Positive,"['Adventure', 'Indie', 'Strategy']"
3124550,Liquor Store Simulator,"May 2, 2025",No Price,No Discount,Tovarishch Games,PlayWay S.A.,593,515,78,Very Positive,"['Casual', 'Indie', 'Simulation']"
1436700,Trine 5: A Clockwork Conspiracy,"Aug 31, 2023",$29.99,No Discount,Frozenbyte,THQ Nordic,"3,419","3,065",354,Very Positive,"['Action', 'Adventure', 'Indie', 'RPG']"
2668290,"Warhammer 40,000: Boltgun - Forges of Corruption Expansion","Jun 18, 2024",$5.99,No Discount,Auroch Digital,Focus Entertainment,420,361,59,Very Positive,"['Action', 'Indie']"
1316910,Super Monkey Ball Banana Mania,"Oct 4, 2021",$29.99,No Discount,RGG Studio,SEGA,"1,613","1,328",285,Very Positive,['Action']
1952520,PAW Patrol World,"Sep 29, 2023",$39.99,No Discount,3DClouds,Outright Games Ltd.,163,143,20,Very Positive,"['Action', 'Adventure']"
1131620,Dominion,"Feb 1, 2024",Free To Play,No Discount,Temple Gates Games,Temple Gates Games,"2,258","1,964",294,Very Positive,['Strategy']
9480,Saints Row 2,"Jan 28, 2009",$9.99,No Discount,Volition,Deep Silver,"21,665","16,421","5,244",Mixed,['Action']
3446240,Eastern Era,"Mar 27, 2026",$24.99,$22.49,FunYoo Games,FunYoo Games,"2,993","1,942","1,051",Mixed,"['Adventure', 'Indie', 'RPG', 'Simulation']"
1567110,Planet Zoo: Southeast Asia Animal Pack,"Mar 30, 2021",$9.99,No Discount,Frontier Developments,Frontier Developments,199,171,28,Very Positive,"['Simulation', 'Strategy']"
1144400,Senren＊Banka,"Feb 14, 2020",No Price,No Discount,YUZUSOFT,HIKARI FIELD,"36,646","36,093",553,Overwhelmingly Positive,"['Adventure', 'Casual']"
3580580,Jacksmith: Weapons and Warriors,"May 13, 2025",$5.99,No Discount,Flipline Studios,Flipline Studios,"1,950","1,908",42,Very Positive,"['Action', 'Casual', 'Indie', 'Simulation']"
565610,Grim Dawn - Steam Loyalist Items Pack,"Dec 22, 2016",$8.99,No Discount,Crate Entertainment,Crate Entertainment,214,200,14,Very Positive,"['Action', 'Adventure', 'Indie', 'RPG']"
1874170,Shredders,"Mar 16, 2022",$29.99,No Discount,FoamPunch,FoamPunch,"3,904","3,697",207,Very Positive,"['Action', 'Simulation', 'Sports']"
2236950,PowerWash Simulator – SpongeBob SquarePants Special Pack,"Jun 29, 2023",$7.99,No Discount,FuturLab,Square Enix,515,351,164,Mixed,"['Casual', 'Indie', 'Simulation']"
3006280,Sheepherds!,"Nov 17, 2025",$14.99,$10.49,Ultimo Disco,Yahaha Games,364,358,6,Very Positive,"['Action', 'Casual', 'Indie']"
252610,Death Road to Canada,"Jul 21, 2016",$14.99,No Discount,Rocketcat Games,Rocketcat Games,"10,451","9,695",756,Very Positive,"['Action', 'Indie', 'RPG']"
4751340,Organize my Shop,"Jul 24, 2026",No Price,No Discount,Owl's Howls,Owl's Howls,60,48,12,Mostly Positive,"['Casual', 'Indie', 'Simulation']"
4251710,EXSTETRA,"Jul 29, 2026",$24.99,$19.99,FURYU CORPORATION,FURYU CORPORATION,27,19,8,Mixed,['RPG']
440650,Niche - a genetics survival game,"Sep 15, 2016",$17.99,No Discount,Stray Fawn Studio,Stray Fawn Publishing,"5,219","4,501",718,Mostly Positive,"['Indie', 'Simulation', 'Strategy']"
1378290,The Citadel,"Aug 5, 2020",No Price,No Discount,doekuramori,doekuramori,"3,022","2,803",219,Very Positive,"['Action', 'Casual', 'Indie']"
1650010,RIDE 5,"Aug 24, 2023",$49.99,No Discount,Milestone S.r.l.,Milestone S.r.l.,"3,942","3,239",703,Very Positive,"['Racing', 'Simulation', 'Sports']"
3352240,Raiders of Blackveil,"Dec 15, 2025",$19.99,No Discount,Wombo Games,Wombo Games,"1,442",876,566,Mixed,"['Action', 'Early Access']"
3756340,Cheat Death,"Jul 16, 2026",$12.99,No Discount,GG Studio,Polden Publishing,40,34,6,Positive,"['Indie', 'Simulation', 'Strategy']"
4640190,PAYDAY 3: Swedish Weapon Pack,"May 19, 2026",$3.99,No Discount,Starbreeze Studios,Starbreeze Entertainment,122,110,12,Very Positive,"['Action', 'Adventure', 'RPG']"
3949290,Ys X: Proud Nordics,"Feb 20, 2026",$69.99,No Discount,Nihon Falcom,"NIS America, Inc.",166,127,39,Mixed,"['Action', 'Adventure', 'RPG']"
4126900,Out Of Ore - Mass Excavation,"Dec 18, 2025",$9.99,No Discount,North Modding Company AB,North Modding Company AB,26,23,3,Positive,"['Adventure', 'Casual', 'Simulation', 'Strategy']"
1817800,Oddsparks: An Automation Adventure,"May 27, 2025",$29.99,No Discount,Massive Miniteam,HandyGames,"2,266","1,894",372,Mixed,"['Adventure', 'Indie', 'Simulation', 'Strategy']"
2130960,"Warhammer 40,000: Gladius - Adepta Sororitas","Dec 13, 2022",$14.99,No Discount,Proxy Studios,Slitherine Ltd.,100,91,9,Very Positive,['Strategy']
2400160,Glyphica: Typing Survival,"Oct 9, 2024",No Price,No Discount,aliasBLACK,aliasBLACK,"2,487","2,258",229,Very Positive,"['Action', 'Indie', 'Strategy', 'Early Access']"
2004740,Captain of Industry - Supporter edition upgrade,"May 31, 2022",$9.99,No Discount,MaFi Games,MaFi Games,59,56,3,Very Positive,"['Indie', 'Simulation', 'Strategy']"
3769130,Keep on Mining!,"Jul 30, 2025",$4.99,No Discount,EagleEye Games,EagleEye Games,"8,300","7,769",531,Very Positive,"['Casual', 'Indie']"
1259790,Puyo Puyo™ Tetris® 2,"Mar 23, 2021",$19.99,No Discount,SEGA,SEGA,"2,876","2,364",512,Very Positive,"['Action', 'Casual']"
2878960,WWE 2K25,"Mar 13, 2025",$59.99,No Discount,Visual Concepts,2K,"6,596","4,556","2,040",Very Positive,"['Simulation', 'Sports']"
4428640,Scritchy Scratchy - Supporter Pack,"Mar 18, 2026",$2.99,No Discount,Lunch Money Games,Funday Games,22,21,1,Positive,"['Casual', 'Indie', 'Simulation']"
6860,Hitman: Blood Money,"May 30, 2006",$9.99,No Discount,Io-Interactive A/S,Io-Interactive A/S,"15,972","15,023",949,Very Positive,['Action']
3977290,Rewind 99,"Mar 11, 2026",No Price,No Discount,Gunmetal Games,Gunmetal Games,470,366,104,Mostly Positive,"['Action', 'Casual', 'Indie', 'Simulation']"
755500,ONE PIECE World Seeker,"Mar 14, 2019",$89.99,$8.99,"GANBARION Co., Ltd.",BANDAI NAMCO Entertainment,"6,249","4,811","1,438",Very Positive,"['Action', 'Adventure']"
4224240,Jujutsu Kaisen Phantom Parade,"Feb 27, 2026",Free To Play,No Discount,BILIBILI HK LIMITED,BILIBILI HK LIMITED,464,243,221,Mixed,"['RPG', 'Free To Play']"
1198970,I Am Jesus Christ,"Apr 2, 2026",No Price,No Discount,Space Boat Studios,PlayWay S.A.,"1,488","1,284",204,Very Positive,"['Action', 'Adventure', 'Casual', 'Indie']"
1368571,The Sims™ 4 Paranormal Stuff Pack,"Jan 26, 2021",$9.99,$6.99,Maxis,Electronic Arts,107,82,25,Mostly Positive,"['Casual', 'Simulation']"
324800,Shadow Warrior 2,"Oct 13, 2016",$29.99,No Discount,Flying Wild Hog,Devolver Digital,"28,141","24,515","3,626",Mostly Positive,"['Action', 'Adventure']"
573100,Battlefleet Gothic: Armada 2,"Jan 24, 2019",$19.99,No Discount,Tindalos Interactive,Focus Entertainment,"10,975","8,161","2,814",Mixed,['Strategy']
956680,M.A.S.S. Builder,"Sep 14, 2025",No Price,No Discount,Vermillion Digital,Sekai Project,"4,111","3,500",611,Very Positive,"['Action', 'Indie', 'RPG', 'Strategy']"
1726150,Planet Zoo: Europe Pack,"Dec 14, 2021",$9.99,No Discount,Frontier Developments,Frontier Developments,118,109,9,Very Positive,"['Casual', 'Simulation', 'Strategy']"
3144860,WILL: Follow The Light,"May 7, 2026",$24.99,No Discount,TomorrowHead Studio,TomorrowHead Studio,514,383,131,Mostly Positive,"['Adventure', 'Indie']"
1493170,Assetto Corsa Competizione - British GT Pack,"Feb 10, 2021",$12.99,No Discount,Kunos Simulazioni,505 Games,123,118,5,Very Positive,"['Racing', 'Simulation', 'Sports']"
1438980,Solasta: Crown of the Magister - Supporter Pack,"Oct 20, 2020",$9.99,No Discount,Tactical Adventures,Tactical Adventures,49,43,6,Positive,"['Adventure', 'Indie', 'RPG', 'Strategy']"
547502,Cities: Skylines - Mass Transit,"May 18, 2017",$12.99,No Discount,Colossal Order,Paradox Interactive,"1,106",927,179,Very Positive,"['Simulation', 'Strategy']"
2464230,Car Mechanic Simulator 2021 - Dodge | Plymouth | Chrysler Remastered DLC,"Jun 29, 2023",$15.99,No Discount,Red Dot Games,PlayWay S.A.,37,31,6,Positive,"['Racing', 'Simulation']"
2996080,TAMASHIKA,"Apr 10, 2026",$19.99,No Discount,quicktequila,EDGLRD,297,242,55,Very Positive,"['Action', 'Indie']"
456750,The Room Three,"Nov 13, 2018",$5.99,No Discount,Fireproof Games,Fireproof Games,"13,337","12,728",609,Very Positive,"['Adventure', 'Indie']"
505230,Pathologic 2,"May 23, 2019",No Price,No Discount,Ice-Pick Lodge,tinyBuild,"12,128","11,118","1,010",Very Positive,"['Adventure', 'Indie', 'RPG']"
9200,RAGE,"Oct 3, 2011",$9.99,$3.99,id Software,Bethesda Softworks,"18,261","14,221","4,040",Mostly Positive,['Action']
3902520,Ukrainian Warfare: Gostomel Heroes,"Mar 31, 2026",No Price,No Discount,Cats Who Play,Cats Who Play,"1,837","1,673",164,Very Positive,['Strategy']
2916700,Attack on Titan 3 / A.O.T. 3,"Dec 9, 2026",$69.99,No Discount,"KOEI TECMO GAMES CO., LTD.","KOEI TECMO GAMES CO., LTD.",0,0,0,['Action'],
1535220,CarX Drift Racing Online - Season Pass,"Feb 14, 2021",$42.99,No Discount,"CarX Technologies, LLC","CarX Technologies, LLC",165,139,26,Very Positive,"['Massively Multiplayer', 'Racing', 'Simulation', 'Sports']"
2162820,Rustil: Eternal Labyrinth Castle,"Mar 13, 2026",$24.78,$10.35,KTMG LLC.,KIC Games,930,662,268,Mostly Positive,"['Action', 'Indie']"
1318690,shapez,"Jun 7, 2020",No Price,No Discount,Tobias Springer,tobspr Games,"15,758","15,118",640,Overwhelmingly Positive,"['Casual', 'Indie', 'Simulation', 'Strategy']"
1723950,Solasta: Crown of the Magister - Lost Valley,"Apr 14, 2022",$12.99,No Discount,Tactical Adventures,Tactical Adventures,362,214,148,Mixed,"['Adventure', 'Indie', 'RPG', 'Strategy']"
1865950,Assetto Corsa Competizione - Challengers Pack,"Mar 23, 2022",$10.99,No Discount,Kunos Simulazioni,505 Games,164,140,24,Very Positive,"['Indie', 'Racing', 'Simulation', 'Sports']"
1299690,Gori: Cuddly Carnage,"Aug 29, 2024",No Price,No Discount,Angry Demon Studio,Wired Productions,"1,747","1,676",71,Very Positive,"['Action', 'Adventure', 'Indie']"
1571100,Passpartout 2: The Lost Artist,"Apr 4, 2023",$24.99,No Discount,Flamebait Games,Flamebait Games,"1,358","1,291",67,Very Positive,"['Casual', 'Indie', 'Simulation']"
606880,GreedFall,"Sep 9, 2019",$34.99,No Discount,Spiders,Focus Entertainment,"21,940","16,685","5,255",Mixed,['RPG']
2763670,Arctic Eggs,"May 16, 2024",$9.99,No Discount,The Water Museum,CRITICAL REFLEX,"6,002","5,740",262,Very Positive,"['Adventure', 'Indie', 'Simulation']"
3967470,We Gotta Go,"Apr 14, 2026",$9.99,No Discount,FuzzyBot,Mad Mushroom,322,200,122,Mixed,"['Action', 'Adventure', 'Indie']"
1205040,Granny: Chapter Two,"Dec 30, 2019",$7.99,No Discount,DVloper,DVloper,"2,122","2,011",111,Very Positive,"['Adventure', 'Indie']"
3772960,UMIGARI | ウミガリ,"Feb 4, 2026",$12.99,No Discount,Chilla's Art,Chilla's Art,"1,039",856,183,Very Positive,"['Adventure', 'Casual', 'Indie']"
1163770,Graveyard Keeper - Stranger Sins,"Oct 28, 2019",$9.99,No Discount,Lazy Bear Games,tinyBuild,491,397,94,Very Positive,"['Adventure', 'Indie', 'RPG', 'Simulation']"
528230,SYNTHETIK: Legion Rising,"Mar 15, 2018",$19.99,$4.99,Flow Fire Games,Flow Fire Games,"13,084","12,284",800,Very Positive,"['Action', 'Indie']"
2436840,RoboCop: Rogue City - Vanguard Pack,"Nov 2, 2023",$4.99,$3.74,Teyon,Nacon,69,65,4,Very Positive,"['Action', 'Adventure']"
434050,Duke Nukem 3D: 20th Anniversary World Tour,"Oct 11, 2016",$19.99,No Discount,"Nerve Software, Gearbox Software, LLC",Gearbox Publishing,"6,526","5,509","1,017",Very Positive,"['Action', 'Adventure']"
3874260,Anno 117: Pax Romana – Blooming Cities Pack,"Jun 18, 2026",$6.99,No Discount,Ubisoft Mainz,Ubisoft Mainz,38,27,11,Mostly Positive,"['Simulation', 'Strategy']"
3928720,Hollow Knight: Silksong - Official Soundtrack,"Sep 4, 2025",$11.99,No Discount,Team Cherry,Team Cherry,520,501,19,Overwhelmingly Positive,['None']
207490,Rayman® Origins,"Mar 29, 2012",$19.99,No Discount,Ubisoft Montpellier,Ubisoft,"6,167","5,807",360,Very Positive,"['Action', 'Adventure']"
1282150,SpongeBob SquarePants: The Cosmic Shake,"Jan 31, 2023",$39.99,No Discount,Purple Lamp,THQ Nordic,"4,926","4,540",386,Very Positive,['Action']
3887700,Girls' Frontline,"Nov 18, 2025",Free To Play,No Discount,"SUNBORN Information Co., Ltd.",Darkwinter Software Limited,796,683,113,Very Positive,"['RPG', 'Strategy', 'Free To Play']"
2103530,Idle Clans,"Apr 7, 2023",Free To Play,No Discount,Isam Games,Isam Games,"1,638","1,217",421,Mostly Positive,"['Casual', 'Indie', 'Massively Multiplayer', 'RPG']"
341940,Hatred,"Jun 1, 2015",$5.99,No Discount,Destructive Creations,Destructive Creations,"29,459","24,865","4,594",Very Positive,"['Action', 'Indie']"
512790,Quern - Undying Thoughts,"Nov 28, 2016",$24.99,No Discount,Zadbox Entertainment,Blue Brain Games,"4,048","3,677",371,Mostly Positive,['Adventure']
1296830,暖雪 Warm Snow,"Jan 18, 2022",No Price,No Discount,BadMudStudio,bilibili,"38,955","36,212","2,743",Mostly Positive,"['Action', 'Adventure', 'Indie', 'RPG']"
3307120,Kitty Powers' Matchmaker Makeover,"Feb 12, 2026",$13.99,$12.59,Magic Notion Ltd,Magic Notion Ltd,232,225,7,Very Positive,"['Casual', 'Indie', 'Simulation']"
2507980,Meta Ghost: Breaking Show,"Jul 16, 2026",No Price,No Discount,Scarecrow Studio,Flawless Gaming,"1,754","1,265",489,Mostly Positive,"['Action', 'Indie', 'RPG']"
3320400,Holdfast: Nations At War - Blackpowder Firearms,"Nov 21, 2024",$7.99,No Discount,Anvil Game Studios,Anvil Game Studios,16,12,4,Mostly Positive,"['Action', 'Indie', 'Massively Multiplayer', 'RPG']"
2445990,Bloomtown: A Different Story,"Sep 24, 2024",No Price,No Discount,Lazy Bear Games,Twin Sails Interactive,"1,592","1,364",228,Very Positive,"['Adventure', 'Indie', 'RPG']"
719890,Beasts of Bermuda,"Dec 21, 2018",$19.99,No Discount,"Sastrei Studios, LLC","Sastrei Studios, LLC","9,709","6,696","3,013",Mixed,"['Adventure', 'Indie', 'Massively Multiplayer', 'Simulation']"
3569970,Hunt: Showdown 1896 - The Ghost of Blanchett Graves,"Jun 19, 2025",$9.99,No Discount,Crytek,Crytek,119,105,14,Very Positive,['Action']
1935900,Root: Exiles & Partisans & Vagabonds,"May 3, 2022",$7.99,$5.59,Dire Wolf,Dire Wolf,30,23,7,Mostly Positive,"['Indie', 'Simulation', 'Strategy']"
2886620,Hive Blight,"Mar 9, 2026",$12.49,No Discount,OptizOnion,OptizOnion,326,307,19,Very Positive,"['RPG', 'Strategy', 'Early Access']"
1776430,theHunter: Call of the Wild™ - Mississippi Acres Preserve,"Dec 7, 2021",$7.99,$3.99,Expansive Worlds,Avalanche Studios,776,389,387,Mixed,"['Adventure', 'Simulation', 'Sports']"
1283970,YoloMouse - Cursor Changer,"May 1, 2020",$4.99,No Discount,Dragonrise Games,Dragonrise Games,"2,951","2,727",224,Very Positive,"['Action', 'Indie', 'Free To Play', 'Animation & Modeling']"
1118240,Lake,"Sep 1, 2021",No Price,No Discount,Gamious,Whitethorn Games,"5,824","5,062",762,Very Positive,"['Adventure', 'Indie']"
1699230,Hail to the Rainbow,"Nov 27, 2025",No Price,No Discount,Носков Сергей,Носков Сергей,"2,630","2,387",243,Very Positive,"['Action', 'Adventure', 'Indie']"
3887090,Airport Baggage Simulator,"May 28, 2026",No Price,No Discount,Three River Games (3RG),Three River Games (3RG),116,107,9,Mostly Positive,"['Casual', 'Indie', 'Simulation']"
230330,FINAL FANTASY® XI: Ultimate Collection Seekers Edition,"Apr 19, 2013",$29.99,No Discount,Square Enix,Square Enix,434,383,51,Very Positive,"['Massively Multiplayer', 'RPG']"
1233570,Mirror's Edge™ Catalyst,"Jun 7, 2016",No Price,No Discount,DICE,Electronic Arts,"16,477","13,139","3,338",Mostly Positive,"['Action', 'Adventure']"
2521170,Looking For Fael,"Jul 16, 2026",$19.99,No Discount,Swing Swing Submarine,ARTE France,134,133,1,Very Positive,"['Adventure', 'Indie']"
2138090,Atelier Marie Remake: The Alchemist of Salburg,"Jul 12, 2023",$49.99,$19.99,"KOEI TECMO GAMES CO., LTD.","KOEI TECMO GAMES CO., LTD.",403,358,45,Very Positive,"['Casual', 'RPG']"
977610,FINAL FANTASY XV EPISODE ARDYN,"Mar 25, 2019",$4.99,No Discount,Square Enix,Square Enix,856,708,148,Very Positive,['RPG']
3469750,Military Incremental Complex,"Nov 21, 2025",No Price,No Discount,Space Kraken Studios,Space Kraken Studios,723,596,127,Mixed,"['Simulation', 'Strategy']"
307110,We Need To Go Deeper,"Aug 1, 2019",$15.99,No Discount,Deli Interactive LLC,Deli Interactive LLC,"6,050","5,201",849,Mostly Positive,"['Action', 'Indie', 'Simulation']"
3140180,THYSIASTERY,"Mar 9, 2026",$14.99,$9.29,DIRGA,DIRGA,310,253,57,Mostly Positive,"['Indie', 'RPG']"
3571730,ARK Animated Series 109-Costumes Pack,"Mar 27, 2025",$14.99,No Discount,Studio Wildcard,Studio Wildcard,74,44,30,Mixed,"['Action', 'Adventure', 'Indie', 'Massively Multiplayer']"
1668520,The Legend of Heroes: Trails to Azure,"Mar 14, 2023",$39.99,No Discount,Nihon Falcom,"NIS America, Inc.","1,128","1,103",25,Very Positive,['RPG']
2593910,"PowerWash Simulator – Warhammer 40,000 Special Pack","Feb 27, 2024",$7.99,No Discount,FuturLab,Square Enix,495,203,292,Mixed,"['Casual', 'Indie', 'Simulation']"
677120,Heroes of Hammerwatch,"Mar 1, 2018",$14.99,No Discount,Crackshell,Team17,"9,513","8,321","1,192",Mostly Positive,"['Action', 'Indie', 'RPG']"
1999520,CATO: Buttered Cat,"Sep 5, 2024",No Price,No Discount,Team Woll,GCORES PUBLISHING,"3,022","2,973",49,Very Positive,"['Adventure', 'Casual', 'Indie', 'Free To Play']"
363970,Clicker Heroes,"May 13, 2015",Free To Play,No Discount,Playsaurus,Playsaurus,"62,134","55,678","6,456",Very Positive,"['Adventure', 'Casual', 'Indie', 'RPG']"
3069120,Love Curse: Find Your Soulmate,"Apr 19, 2025",$14.00,No Discount,Xso,Xso,"3,337","3,179",158,Very Positive,['RPG']
1714580,moon: Remix RPG Adventure,"Dec 15, 2021",$18.99,$13.29,Onion Games,Onion Games,381,358,23,Very Positive,"['Adventure', 'RPG']"
936160,Atelier Rorona ~The Alchemist of Arland~ DX,"Dec 4, 2018",$39.99,$9.99,"KOEI TECMO GAMES CO., LTD.","KOEI TECMO GAMES CO., LTD.",761,699,62,Very Positive,['RPG']
4446010,The First Million,"Jun 24, 2026",No Price,No Discount,Sonderland,Sonderland,97,73,24,Mostly Positive,['Strategy']
288160,The Room,"Jul 28, 2014",$4.99,No Discount,Fireproof Games,Fireproof Games,"31,657","30,942",715,Overwhelmingly Positive,"['Adventure', 'Indie']"
1741470,Wingspan: European Expansion,"May 5, 2022",$9.99,$7.99,Monster Couch,Monster Couch,80,72,8,Very Positive,"['Indie', 'Strategy']"
845640,Sonic Mania - Encore DLC,"Jul 17, 2018",$4.99,No Discount,Christian Whitehead,SEGA,755,686,69,Very Positive,"['Action', 'Adventure', 'Casual']"
4337770,Echoes of Aincrad - Ultimate Upgrade Pack,"Jul 9, 2026",$29.99,No Discount,Game Studio Inc.,Bandai Namco Entertainment Inc.,12,7,5,Mixed,"['Action', 'RPG']"
1866180,Hooked on You: A Dead by Daylight Dating Sim™,"Aug 3, 2022",$9.99,$3.99,Psyop,Behaviour Interactive Inc.,"6,767","6,105",662,Very Positive,['Casual']
4124750,Frostpunk 2: Breach of Trust,"Jun 23, 2026",$12.99,$11.04,11 bit studios,11 bit studios,525,247,278,Mixed,"['Simulation', 'Strategy']"
1979440,SAND LAND,"Apr 25, 2024",$69.99,$39.89,"ILCA, Inc.",Bandai Namco Entertainment Inc.,"1,349","1,184",165,Very Positive,"['Action', 'RPG']"
4129630,Old World - Empires of the Indus,"Mar 30, 2026",$19.99,No Discount,Mohawk Games,Hooded Horse,53,49,4,Very Positive,"['RPG', 'Simulation', 'Strategy']"
24800,Command & Conquer: Red Alert 3 - Uprising,"Mar 12, 2009",No Price,No Discount,EA Los Angeles,Electronic Arts,"5,821","4,830",991,Mixed,"['Action', 'Strategy']"
1282730,Loop Hero,"Mar 4, 2021",$14.99,No Discount,Four Quarters,Devolver Digital,"36,472","33,821","2,651",Very Positive,"['Indie', 'RPG', 'Strategy']"
207140,SpeedRunners,"Apr 19, 2016",No Price,No Discount,DoubleDutch Games,tinyBuild,"37,137","34,908","2,229",Very Positive,"['Action', 'Casual', 'Indie', 'Racing']"
3734290,Goblin Sushi,"Feb 9, 2026",$9.99,$7.49,Old Cake Factory,Metaroot,451,406,45,Very Positive,"['Action', 'Strategy', 'Early Access']"
3572160,Tom Clancy's The Division 2  Battle for Brooklyn Deluxe DLC,"May 27, 2025",$24.99,No Discount,Ubisoft,Ubisoft,43,21,22,Mixed,"['Action', 'Adventure', 'RPG']"
2106670,Gatekeeper,"Aug 1, 2025",$14.99,No Discount,Gravity Lagoon,HypeTrain Digital,"3,276","2,746",530,Mostly Positive,"['Action', 'Adventure', 'Indie']"
2637990,Duck Detective: The Secret Salami,"May 23, 2024",$9.99,No Discount,Happy Broccoli Games,Happy Broccoli Games,"6,677","6,335",342,Very Positive,"['Adventure', 'Casual', 'Indie']"
1788210,"Warhammer 40,000: Gladius - Adeptus Mechanicus","Nov 22, 2021",$14.99,No Discount,Proxy Studios,Slitherine Ltd.,118,109,9,Very Positive,['Strategy']
442120,Pinball FX Classic,"Sep 26, 2017",No Price,No Discount,Zen Studios,Zen Studios,"5,418","4,749",669,Very Positive,['Simulation']
614580,Cities: Skylines - Green Cities,"Oct 19, 2017",$12.99,No Discount,Colossal Order,Paradox Interactive,587,490,97,Very Positive,"['Simulation', 'Strategy']"
4261930,Hunt: Showdown 1896 - The Heart of Lower DeSalle,"Apr 15, 2026",$9.99,No Discount,Crytek,Crytek,121,98,23,Very Positive,['Action']
504210,SHENZHEN I/O,"Nov 17, 2016",$14.99,No Discount,Zachtronics,Zachtronics,"4,495","4,264",231,Very Positive,"['Indie', 'Simulation']"
3839310,DRAGON BALL XENOVERSE 2 - FUTURE SAGA Chapter 3,"Oct 29, 2025",$11.99,No Discount,QLOC,Bandai Namco Entertainment,43,37,6,Positive,"['Action', 'Adventure', 'Casual', 'Massively Multiplayer']"
1425350,Botany Manor,"Apr 9, 2024",No Price,No Discount,Balloon Studios,Whitethorn Games,"1,517","1,445",72,Very Positive,['Adventure']
1045980,Stellaris: Ancient Relics Story Pack,"Jun 4, 2019",$9.99,No Discount,Paradox Development Studio,Paradox Interactive,589,431,158,Mostly Positive,"['Simulation', 'Strategy']"
3244800,theHunter: Call of the Wild™ - German Shorthaired Pointer,"Dec 3, 2024",$5.99,$3.29,Expansive Worlds,Avalanche Studios,232,136,96,Mostly Negative,"['Adventure', 'Simulation', 'Sports']"
3274440,"Warhammer 40,000: Space Marine 2 - Blood Angels Cosmetic Pack","Jun 26, 2025",$4.99,No Discount,Saber Interactive,Focus Entertainment,380,178,202,Mixed,"['Action', 'Adventure', 'RPG']"
47790,Medal of Honor™,"Oct 12, 2010",No Price,No Discount,Electronic Arts,Electronic Arts,"11,143","8,558","2,585",Very Positive,['Action']
1536370,Cloudpunk - City of Ghosts,"May 25, 2021",$14.99,$7.49,ION LANDS,ION LANDS,468,386,82,Very Positive,"['Adventure', 'Indie', 'RPG']"
1043260,Gladiator Guild Manager,"Jun 22, 2024",$14.99,No Discount,Entertainment Forge,GrabTheGames,"4,060","3,292",768,Mostly Positive,"['Indie', 'Simulation', 'Strategy']"
239350,Spelunky,"Aug 8, 2013",$14.99,No Discount,Mossmouth,Mossmouth,"16,637","15,329","1,308",Very Positive,['Indie']
3726250,My Little Cafe Nightmare,"Jun 2, 2026",No Price,No Discount,SethMadDev,Ivy Juice Games,227,212,15,Very Positive,['Simulation']
1116540,DAVIGO: VR vs. PC,"Nov 29, 2023",No Price,No Discount,Davigo Studio,Davigo Studio,"1,386","1,197",189,Very Positive,"['Action', 'Indie', 'Early Access']"
2948640,The Jackbox Survey Scramble,"Oct 23, 2024",No Price,No Discount,"Jackbox Games, Inc","Jackbox Games, Inc",360,329,31,Very Positive,"['Casual', 'Indie', 'Strategy']"
3169520,"Warhammer 40,000: Space Marine - Master Crafted Edition","Jun 10, 2025",$39.99,No Discount,SneakyBox,SEGA,396,213,183,Mixed,"['Action', 'Adventure', 'RPG']"
1283090,Deep Rock Galactic - Dark Future Pack,"May 13, 2020",$7.99,$2.39,Ghost Ship Games,Coffee Stain Publishing,584,554,30,Very Positive,['Action']
2210520,COPA CITY,"Jun 16, 2026",$24.99,No Discount,Triple Espresso S.A.,Triple Espresso S.A.,278,194,84,Mostly Positive,"['Simulation', 'Sports', 'Strategy']"
415200,Motorsport Manager,"Nov 9, 2016",$19.99,No Discount,Playsport Games,Miniclip,"14,189","13,014","1,175",Very Positive,"['Racing', 'Simulation', 'Sports', 'Strategy']"
3916260,Psalm 2,"May 21, 2026",$7.99,$5.99,Notex,N4bA,600,531,69,Very Positive,"['Adventure', 'Indie']"
50620,Darksiders™,"Sep 23, 2010",$19.99,No Discount,Vigil Games,THQ Nordic,"12,897","11,489","1,408",Very Positive,"['Action', 'Adventure']"
1808680,Snufkin: Melody of Moominvalley,"Mar 7, 2024",$19.99,No Discount,Hyper Games,Raw Fury,"4,181","4,058",123,Very Positive,"['Adventure', 'Indie', 'RPG']"
3975500,Poem of the Starherd,"Jun 19, 2026",$18.99,No Discount,commamion,OTAKU Plan,121,92,29,Very Positive,"['Casual', 'RPG', 'Simulation']"
2537470,Vultures - Scavengers of Death,"May 13, 2026",No Price,No Discount,Team Vultures,Firesquid,544,445,99,Mostly Positive,"['Action', 'Adventure', 'Indie', 'RPG']"
204450,Call of Juarez: Gunslinger,"May 22, 2013",$14.99,$1.49,Techland,Techland Publishing,"44,017","41,804","2,213",Very Positive,['Action']
3588490,Bogos Binted?,"Jan 28, 2026",$5.49,No Discount,underbadger,GameDev.ist,"1,367","1,254",113,Very Positive,"['Casual', 'Indie', 'Simulation', 'Strategy']"
2170970,Call of Duty®: Black Ops 7 or Call of Duty®: Warzone™ Points,"Nov 16, 2022",No Price,No Discount,Treyarch,Activision,0,0,0,['Action'],
1899060,Pocket Mirror ~ GoldenerTraum,"May 19, 2023",No Price,No Discount,AstralShift,KOMODO,"1,708","1,590",118,Very Positive,"['Adventure', 'Casual', 'Indie', 'RPG']"
4181970,Full Stride,"Jul 15, 2026",$34.99,No Discount,Blue Bullet Inc.,Blue Bullet Inc.,189,113,76,Mixed,"['Indie', 'Racing', 'Sports']"
3547880,FeeBay Simulator,"Jun 12, 2026",No Price,No Discount,Lake Country Games,Lake Country Games,148,136,12,Very Positive,"['Indie', 'Simulation']"
2922520,Fishing Planet: Sailor Collection Pack,"Aug 8, 2024",$19.99,No Discount,Fishing Planet LLC,Fishing Planet LLC,34,28,6,Positive,"['Massively Multiplayer', 'Simulation', 'Sports', 'Free To Play']"
1267540,WRC 9 FIA World Rally Championship,"Sep 16, 2021",$29.99,$2.99,KT Racing,Nacon,"4,208","3,243",965,Mostly Positive,"['Racing', 'Simulation', 'Sports']"
1859280,7 Days to End with You,"Feb 6, 2022",$7.99,$5.59,Lizardry,PLAYISM,"3,389","2,977",412,Very Positive,"['Adventure', 'Casual', 'Indie', 'Simulation']"
1882500,Cattails: Wildwood Story,"Oct 20, 2023",No Price,No Discount,Falcon Development,Falcon Development,"1,920","1,872",48,Very Positive,"['Indie', 'RPG', 'Simulation']"
3377850,Bloons TD 6: Rogue Legends,"Oct 15, 2025",$9.99,No Discount,Ninja Kiwi,Ninja Kiwi,49,23,26,Mixed,['Strategy']
2221920,Immortals Fenyx Rising,"Dec 15, 2022",$39.99,No Discount,Ubisoft,Ubisoft,"4,624","3,384","1,240",Mostly Positive,"['Action', 'Adventure', 'RPG']"
3817870,Cast n Chill - Supporter Pack,"Jun 16, 2025",$2.99,No Discount,Wombat Brawler,Wombat Brawler,69,68,1,Very Positive,"['Casual', 'Indie', 'RPG', 'Simulation']"
3419430,Bongo Cat,"Mar 5, 2025",Free To Play,No Discount,Irox Games,Irox Games,"107,830","104,175","3,655",Overwhelmingly Positive,"['Casual', 'Indie', 'Massively Multiplayer', 'Simulation']"
1830970,The Last Flame,"Jan 9, 2025",$19.99,No Discount,Hotloop,Hotloop,"2,892","2,461",431,Very Positive,"['Adventure', 'Indie', 'RPG', 'Strategy']"
71340,Sonic Generations Collection,"Nov 3, 2011",No Price,No Discount,Devil's Details,SEGA,"25,490","23,847","1,643",Very Positive,['Action']
1058450,MY HERO ONE'S JUSTICE 2,"Mar 12, 2020",No Price,No Discount,BYKING,BANDAI NAMCO Entertainment,"3,945","3,452",493,Very Positive,['Action']
67370,The Darkness II,"Feb 9, 2012",$29.99,No Discount,Digital Extremes,2K,"21,003","19,238","1,765",Very Positive,['Action']
2553040,Nested Lands,"Feb 25, 2026",No Price,No Discount,1M Bits Horde,META Publishing,541,387,154,Mostly Positive,"['Action', 'Adventure', 'Indie', 'RPG']"
1450900,Desynced,"Mar 5, 2026",No Price,No Discount,Stage Games Inc.,Forklift Interactive,"2,018","1,606",412,Mixed,"['Simulation', 'Strategy']"
1580240,Rune Factory 4 Special,"Dec 7, 2021",$29.99,No Discount,Marvelous Inc.,XSEED Games,"2,323","2,051",272,Mostly Positive,['RPG']
238090,Sniper Elite 3,"Jun 27, 2014",$29.99,No Discount,Rebellion,Rebellion,"28,328","23,243","5,085",Very Positive,"['Action', 'Adventure']"
2903960,Wartales - Contract: The Tavern Opens!,"Apr 18, 2024",$12.99,No Discount,Shiro Games,Shiro Games,381,277,104,Mostly Positive,"['Adventure', 'Indie', 'RPG', 'Strategy']"
764790,The Messenger,"Aug 30, 2018",$19.99,No Discount,Sabotage,Devolver Digital,"13,131","12,166",965,Very Positive,"['Action', 'Indie']"
858710,Gravity Circuit,"Jul 13, 2023",$16.99,No Discount,Domesticated Ant Games,PID Games,"5,900","5,397",503,Very Positive,"['Action', 'Indie']"
800270,Terraforming Mars,"Oct 17, 2018",$19.99,No Discount,Artefacts Studio,Twin Sails Interactive,"7,222","5,092","2,130",Mostly Negative,['Strategy']
2367860,Age of Wonders 4: Dragon Dawn,"Jun 20, 2023",$9.99,No Discount,Triumph Studios,Paradox Interactive,333,270,63,Very Positive,['Strategy']
1291340,Townscaper,"Aug 26, 2021",$5.99,No Discount,Oskar Stålberg,Raw Fury,"21,590","20,573","1,017",Very Positive,"['Casual', 'Indie', 'Simulation']"
458710,Kingdom Rush Frontiers - Tower Defense,"Jul 25, 2016",$9.99,No Discount,Ironhide Game Studio,Ironhide Game Studio,"10,624","10,277",347,Very Positive,['Strategy']
4328240,HITMAN WOA - Patient Zero Requiem Pack,"Feb 25, 2026",$4.99,No Discount,IO Interactive A/S,IO Interactive A/S,122,102,20,Very Positive,"['Action', 'Adventure']"
4204530,Knights End,"Mar 13, 2026",$7.99,No Discount,Knight Shift Studios,Knight Shift Studios,327,295,32,Very Positive,"['Action', 'Adventure', 'Indie']"
992070,Idle Wizard,"Jan 25, 2019",Free To Play,No Discount,TwoWizards,TwoWizards,"1,802","1,560",242,Very Positive,"['Indie', 'Free To Play']"
"614570,403640",Dishonored: Death of the Outsider - Deluxe Bundle,"Sep 14, 2017",$29.99,$5.99,Arkane Studios,Bethesda Softworks,"13,250","11,607","1,643",Very Positive,['Action']
1373960,INDIKA,"May 2, 2024",$24.99,No Discount,Odd Meter,11 bit studios,"8,936","7,965",971,Very Positive,['Adventure']
384190,ABZU,"Aug 2, 2016",$19.99,No Discount,Giant Squid,505 Games,"27,569","25,623","1,946",Very Positive,"['Adventure', 'Casual', 'Indie', 'Simulation']"
1677970,Railroad Corporation 2,"Feb 25, 2026",$39.99,No Discount,Corbie Games,Iceberg Interactive,408,291,117,Mixed,"['Simulation', 'Strategy']"
4157130,Dark Pals: The 1st Floor,"May 1, 2026",$6.70,$4.95,Skunx Games,Skunx Games,738,654,84,Very Positive,"['Adventure', 'Indie']"
1945600,The Riftbreaker: Metal Terror,"Jul 18, 2022",$9.99,No Discount,EXOR Studios,EXOR Studios,331,264,67,Very Positive,"['Action', 'Adventure', 'Indie', 'RPG']"
2017080,Nickelodeon All-Star Brawl 2,"Nov 7, 2023",$49.99,No Discount,Fair Play Labs,GameMill Entertainment,"1,759","1,351",408,Very Positive,['Action']
3311670,Bento Blocks,"Jan 29, 2026",No Price,No Discount,SOMETIMES LIMITED,SOMETIMES LIMITED,362,355,7,Very Positive,"['Casual', 'Indie']"
2666510,Rusty's Retirement,"Apr 26, 2024",$6.99,No Discount,Mister Morris Games,Mister Morris Games,"14,756","14,271",485,Very Positive,"['Casual', 'Indie', 'Simulation', 'Strategy']"
3287230,Helen Keller Simulator,"Jul 31, 2026",$2.99,$2.24,Soapy Sandwich,Soapy Sandwich,55,55,0,Positive,['Simulation']
1328990,Godsworn,"Mar 28, 2024",No Price,No Discount,Thunderoak Interactive,Thunderoak Interactive,835,778,57,Very Positive,"['RPG', 'Strategy', 'Early Access']"
1893810,Solium Infernum,"Feb 22, 2024",No Price,No Discount,League of Geeks,League of Geeks,"1,703","1,505",198,Very Positive,"['Indie', 'Strategy']"
2328650,Locomoto,"Apr 8, 2025",No Price,No Discount,Green Tile Digital,Green Tile Digital,658,596,62,Very Positive,"['Adventure', 'Casual', 'Indie', 'Simulation']"
1868360,Deep Sleep: Labyrinth of the Forsaken,"Aug 21, 2025",No Price,No Discount,scriptwelder,Armor Games Studios,610,580,30,Very Positive,"['Adventure', 'Indie', 'RPG']"
760730,Conan Exiles Enhanced - The Imperial East Pack,"Jun 22, 2018",$9.99,No Discount,Funcom,Funcom,195,135,60,Mixed,"['Action', 'Adventure', 'Massively Multiplayer', 'RPG']"
1330460,Becastled,"Oct 22, 2025",$19.99,No Discount,Mana Potion Studios,Mana Potion Studios,"5,589","4,569","1,020",Mostly Positive,"['Indie', 'Strategy']"
3107410,Opus Magnum: De Re Metallica,"Mar 17, 2026",$12.99,No Discount,Zachtronics,Zachtronics,137,137,0,Very Positive,"['Indie', 'Simulation']"
658620,Wonderful Everyday Down the Rabbit-Hole,"Aug 30, 2017",$29.99,No Discount,KeroQ,Frontwing USA,"2,677","2,478",199,Very Positive,"['Adventure', 'Casual']"
518150,Intruder,"Mar 1, 2019",$19.99,No Discount,Superboss Games,Superboss Games,"7,016","6,333",683,Mostly Positive,['Early Access']
1314820,RealFlight Trainer Edition,"Aug 13, 2020",$39.99,No Discount,"Horizon Hobby, LLC","Horizon Hobby, LLC",528,462,66,Very Positive,"['Indie', 'Simulation']"
4643090,The NOexistenceN of Lilith,"Jul 16, 2026",$1.99,No Discount,Nino Games, Nino Games,"1,540","1,509",31,Overwhelmingly Positive,"['Casual', 'Indie', 'RPG', 'Simulation']"
4212180,BlazBlue Entropy Effect - Naoto Character Pack,"Feb 11, 2026",$4.99,$2.49,91Act,91Act,58,49,9,Very Positive,"['Action', 'Adventure', 'Indie']"
2585630,Warhammer: Vermintide 2 - Necromancer Career,"Oct 19, 2023",$3.99,No Discount,Fatshark,Fatshark,421,346,75,Very Positive,"['Action', 'Indie']"
1079180,Slime Rancher: Secret Style Pack,"Jun 18, 2019",$7.99,$4.79,Monomi Park,Monomi Park,487,464,23,Very Positive,"['Action', 'Adventure', 'Indie', 'Simulation']"
3815280,Spirit City: Lofi Sessions - All Aboard! DLC,"Aug 25, 2025",$7.99,No Discount,Mooncube Games,Mooncube Games,232,210,22,Very Positive,"['Casual', 'Indie', 'Simulation']"
2250600,Disgaea 7: Vows of the Virtueless,"Oct 3, 2023",$59.99,No Discount,"Nippon Ichi Software, Inc.","NIS America, Inc.",967,723,244,Mostly Positive,"['Action', 'Adventure', 'RPG', 'Strategy']"
3315570,Crusader Kings III Creator Pack: Holy Buildings,"Jan 27, 2026",$4.99,No Discount,Kefir úr,Paradox Interactive,63,43,20,Mixed,"['RPG', 'Simulation', 'Strategy']"
1556200,Predator: Hunting Grounds,"Apr 29, 2021",$19.99,No Discount,IllFonic,IllFonic Publishing,"5,647","4,295","1,352",Mostly Positive,['Action']
430210,Megaton Rainfall,"Nov 17, 2017",$15.99,No Discount,"Pentadimensional Games, SL","Pentadimensional Games, SL","2,279","1,642",637,Mixed,"['Action', 'Indie']"
871980,Digimon Survive,"Jul 28, 2022",$59.99,No Discount,"HYDE, Inc.",Bandai Namco Entertainment Inc.,"3,696","2,922",774,Mostly Positive,['RPG']
858810,Dawn of Man,"Mar 1, 2019",$24.99,No Discount,Madruga Works,Madruga Works,"17,817","15,464","2,353",Very Positive,"['Indie', 'Simulation', 'Strategy']"
2873470,EVERSPACE™ 2 - Wrath of the Ancients,"May 12, 2025",$24.99,No Discount,ROCKFISH Games,ROCKFISH Games,99,75,24,Mostly Positive,"['Action', 'Adventure', 'RPG', 'Simulation']"
4674630,Automobilista 2 - Historical Endurance Pack Pt2: 2005 Endurance ,"Jul 7, 2026",$9.99,No Discount,Reiza Studios,Reiza Studios,20,19,1,Positive,"['Action', 'Indie', 'Racing', 'Simulation']"
388080,Borderless Gaming,"Jul 23, 2015",$6.99,No Discount,AndrewMD5,Codeusa,"4,667","3,760",907,Mostly Positive,"['Action', 'Utilities']"
4157170,Sports Card Shop Simulator,"Jun 4, 2026",No Price,No Discount,OverPowered Team,Ultimate Games S.A.,154,141,13,Very Positive,"['Indie', 'Simulation', 'Sports', 'Early Access']"
3905440,Infection Free Zone - Supporter Pack,"Oct 18, 2025",$9.99,$7.99,Jutsu Games,Games Operators,51,50,1,Positive,"['Action', 'Indie', 'Simulation', 'Strategy']"
2713000,Resonance: A Plague Tale Legacy,"Aug 27, 2026",$49.99,No Discount,Asobo Studio,Focus Entertainment,0,0,0,"['Action', 'Adventure']",
3091340,Metal Thunder,"Nov 1, 2024",$10.99,$7.69,Dumbbell Games,Dumbbell Games,583,453,130,Mixed,"['Action', 'Casual', 'Indie', 'Simulation']"
522470,The House of Da Vinci,"Nov 24, 2017",$19.99,No Discount,Blue Brain Games,Blue Brain Games,"7,264","6,258","1,006",Mostly Positive,"['Adventure', 'Indie']"
1410710,Democracy 4,"Jan 13, 2022",$29.99,No Discount,Positech Games,Positech Games,"6,370","5,207","1,163",Mixed,"['Indie', 'Simulation', 'Strategy']"
3562730,Victoria 3: National Awakening - Immersion Pack,"Sep 23, 2025",$9.99,No Discount,Paradox Development Studio,Paradox Interactive,328,230,98,Mixed,"['Simulation', 'Strategy']"
2704450,Stoneguard,"Jul 30, 2026",$6.99,$5.94,Thorn Spire Games,Wandering Wizard,34,27,7,Positive,"['Action', 'Indie', 'Strategy', 'Early Access']"
4605390,Codename CURE II – Combat Specialist Pack,"Jul 24, 2026",$9.99,$7.99,Raptor Byte,indie.io,28,26,2,Positive,"['Action', 'Indie', 'Free To Play']"
2682670,"Warhammer 40,000: Rogue Trader - Voidfarer Pack","Dec 7, 2023",$4.99,No Discount,Owlcat Games,Owlcat Games,70,38,32,Mixed,"['Adventure', 'Indie', 'RPG', 'Strategy']"
2874030,WolfQuest Anniversary - Hellroaring Mountain,"Apr 11, 2024",$9.99,No Discount,eduweb,eduweb,78,76,2,Very Positive,"['Action', 'RPG', 'Simulation']"
3399960,Fish to Dish: Idle Sushi,"Jun 16, 2025",$5.99,$4.79,Kygua Tech,IndieArk,"2,574","2,483",91,Overwhelmingly Positive,"['Casual', 'Indie', 'RPG']"
774291,Last Man Sitting,"Mar 31, 2026",$15.98,$9.98,DoubleMoose Games,Raw Fury,382,293,89,Very Positive,['Action']
884101,SCP: 5K - Omni Edition Upgrade,"Apr 20, 2022",$29.99,No Discount,Affray Interactive,Affray Interactive,152,146,6,Very Positive,"['Action', 'Adventure', 'Indie']"
2401850,Age of Wonders 4: Primal Fury,"Feb 27, 2024",$9.99,No Discount,Triumph Studios,Paradox Interactive,200,164,36,Very Positive,['Strategy']
4312380,Quarantine Zone: The Last Check Supporter Pack,"Mar 2, 2026",$4.99,No Discount,Brigada Games,Devolver Digital,17,16,1,Positive,"['Indie', 'Simulation', 'Strategy']"
1566390,Seed of the Dead: Sweet Home,"Aug 27, 2021",$29.99,No Discount,TeamKRAMA,Eroge Japan,"3,087","2,561",526,Very Positive,['Action']
2023140,DRAGON BALL XENOVERSE 2 - Legend Patrol Pack,"Jul 7, 2022",$9.99,$4.99,QLOC,Bandai Namco Entertainment America Inc.,74,49,25,Mixed,"['Action', 'Adventure', 'Casual', 'Massively Multiplayer']"
2130460,FATAL FRAME / PROJECT ZERO: Mask of the Lunar Eclipse,"Mar 8, 2023",$49.99,No Discount,"KOEI TECMO GAMES CO., LTD.","KOEI TECMO GAMES CO., LTD.","1,954","1,750",204,Mostly Positive,['Adventure']
1054510,Survivalist: Invisible Strain,"Apr 25, 2025",No Price,No Discount,Bob,Ginormocorp Incorporated,"4,459","3,871",588,Very Positive,"['Action', 'Adventure', 'Indie', 'RPG']"
2291670,Deep Rock Galactic - Supporter II Upgrade,"Mar 2, 2023",$14.99,$4.49,Ghost Ship Games,Coffee Stain Publishing,"1,130","1,110",20,Overwhelmingly Positive,['Action']
4051310,Blood West: Scavengers,"Jun 3, 2026",$4.99,$4.49,Hyperstrange,New Blood Interactive,251,198,53,Mostly Positive,"['Action', 'Indie', 'RPG']"
2292260,STAR WARS™: Dark Forces Remaster,"Feb 28, 2024",$29.99,No Discount,Nightdive Studios,Nightdive Studios,"1,606","1,439",167,Very Positive,['Action']
1799930,Redout 2,"Jun 16, 2022",$19.99,No Discount,34BigThings srl,34BigThings srl,"1,468","1,218",250,Very Positive,"['Action', 'Racing', 'Sports']"
291860,Pit People®,"Mar 2, 2018",$19.99,No Discount,The Behemoth,The Behemoth,"8,162","7,575",587,Very Positive,"['Action', 'Indie', 'RPG', 'Strategy']"
4055790,House Party - Nocturnal Temptations Expansion Pack,"Jan 30, 2026",$9.99,No Discount,"Eek! Games, LLC","Eek! Games, LLC",70,44,26,Mixed,"['Adventure', 'Casual', 'Indie', 'RPG']"
2390230,The Chef's Shift,"Mar 31, 2025",No Price,No Discount,Panitia GameDev,Catoptric Games,"1,965","1,922",43,Very Positive,"['Casual', 'Indie', 'Simulation', 'Strategy']"
4127360,Case Solved: The London Files,"Jul 29, 2026",$9.99,$8.49,Minimol Games,SpecNext Ltd,91,65,26,Mixed,"['Casual', 'Indie', 'Simulation']"
2534810,Call of Duty®: Modern Warfare® II - Pumpkin Patch: Pro Pack,"Oct 20, 2023",$19.99,No Discount,Infinity Ward,Activision,114,93,21,Very Positive,['Action']
1822550,Microcivilization,"Jan 22, 2026",No Price,No Discount,Ondrej Homola,Ondrej Homola,"1,443","1,141",302,Mixed,"['Indie', 'Strategy']"
743890,Mega Man X Legacy Collection,"Jul 24, 2018",$19.99,No Discount,"CAPCOM CO., LTD","CAPCOM CO., LTD","4,913","3,862","1,051",Very Positive,['Action']
978780,STORY OF SEASONS: Friends of Mineral Town,"Jul 14, 2020",$39.99,No Discount,Marvelous Inc.,XSEED Games,"5,727","5,345",382,Very Positive,"['Casual', 'RPG', 'Simulation']"
2445280,Icarus: Interior Decorations Pack,"Jun 2, 2023",$7.99,No Discount,RocketWerkz,RocketWerkz,100,89,11,Very Positive,"['Action', 'Adventure', 'Simulation']"
1028270,theHunter: Call of the Wild™ - Weapon Pack 2,"Feb 28, 2019",$3.99,$1.99,Expansive Worlds,Avalanche Studios,394,303,91,Mostly Positive,"['Adventure', 'Simulation', 'Sports']"
450550,American Truck Simulator - Wheel Tuning Pack,"Apr 13, 2016",No Price,No Discount,SCS Software,SCS Software,431,400,31,Very Positive,"['Indie', 'Simulation']"
973760,Thronebreaker: The Witcher Tales,"Nov 9, 2018",$19.99,$3.99,CD PROJEKT RED,CD PROJEKT RED,"17,722","15,748","1,974",Very Positive,"['Adventure', 'RPG']"
3540,Peggle™ Nights,"Oct 15, 2008",No Price,No Discount,"PopCap Games, Inc.","PopCap Games, Inc.","3,358","3,245",113,Very Positive,['Casual']
40800,Super Meat Boy,"Nov 30, 2010",$14.99,No Discount,Team Meat,Team Meat,"38,933","36,653","2,280",Very Positive,['Indie']
2416100,Goodnight Universe,"Nov 11, 2025",$19.99,No Discount,Nice Dream,Skybound Games,"1,372","1,334",38,Very Positive,"['Adventure', 'Indie']"
589780,The Red Strings Club,"Jan 22, 2018",$14.99,$2.99,Deconstructeam,Devolver Digital,"14,181","13,255",926,Very Positive,"['Adventure', 'Indie']"
250520,UnderRail,"Dec 18, 2015",$14.99,No Discount,Stygian Software,Stygian Software,"7,191","6,192",999,Mixed,"['Indie', 'RPG']"
1975580,Wild Woods,"Dec 9, 2024",$14.99,No Discount,Octofox Games,Daedalic Entertainment,"1,996","1,571",425,Very Positive,"['Action', 'Casual', 'Indie', 'Early Access']"
306020,Bloons TD 5,"Nov 19, 2014",$9.99,No Discount,Ninja Kiwi,Ninja Kiwi,"11,928","11,291",637,Very Positive,"['Action', 'Strategy']"
3858460,PAYDAY 3: Delivery Charge Heist,"Sep 10, 2025",$4.99,No Discount,Starbreeze Studios,Starbreeze Entertainment,206,153,53,Mostly Positive,"['Action', 'Adventure', 'RPG']"
483980,Mad Father,"Sep 22, 2016",$9.99,$4.99,sen,PLAYISM,"6,698","6,513",185,Overwhelmingly Positive,"['Adventure', 'Indie']"
868520,killer7,"Nov 15, 2018",$19.99,No Discount,GRASSHOPPER MANUFACTURE INC.,"NIS America, Inc.","3,970","3,687",283,Very Positive,"['Action', 'Adventure']"
1977170,Jusant,"Oct 31, 2023",No Price,No Discount,DON'T NOD,DON'T NOD,"6,794","6,310",484,Very Positive,"['Action', 'Adventure', 'Indie']"
3936520,Tour de France 2026,"Jun 4, 2026",$39.99,No Discount,Cyanide Studios,Nacon,80,53,27,Mixed,"['Racing', 'Simulation', 'Sports', 'Strategy']"
427100,Fernbus Simulator,"Aug 25, 2016",$29.99,No Discount,TML-Studios,Aerosoft GmbH,"12,106","8,942","3,164",Mostly Positive,"['Casual', 'Simulation']"
2060130,Return to Monkey Island,"Sep 19, 2022",$24.99,No Discount,Terrible Toybox,Devolver Digital,"9,068","8,266",802,Very Positive,"['Adventure', 'Casual']"
593600,PixARK,"May 31, 2019",$19.99,No Discount,Snail Games USA,Snail Games USA,"13,205","9,656","3,549",Very Positive,"['Action', 'Adventure', 'Casual', 'Massively Multiplayer']"
3237920,Mech Havoc,"Oct 27, 2025",No Price,No Discount,Mid Development,Pretty Soon,767,742,25,Very Positive,"['Action', 'Indie', 'Simulation', 'Strategy']"
4478640,Backpack Dungeon,"Jul 14, 2026",$3.99,No Discount,夜喵,Shuffle Play Games,587,524,63,Very Positive,"['Indie', 'RPG', 'Strategy']"
4119650,Animal Shelter 2 - Little Friends DLC,"Jan 12, 2026",$7.99,No Discount,Games Incubator,Games Incubator,23,18,5,Mostly Positive,"['Adventure', 'Casual', 'Indie', 'Simulation']"
3424610,Fantasy Idle Dungeon,"Dec 3, 2025",$9.99,$0.89,Leaves Games,Gamersky Games,673,463,210,Mixed,"['Casual', 'Indie', 'Strategy']"
2427410,S.T.A.L.K.E.R.: Shadow of Chornobyl - Enhanced Edition,"May 20, 2025",$19.99,No Discount,GSC Game World,GSC Game World,"8,447","5,207","3,240",Very Positive,"['Action', 'Adventure', 'RPG']"
2533600,Bloodthief,"Sep 22, 2025",$19.99,No Discount,Blargis,Blargis,"1,021",985,36,Very Positive,"['Action', 'Indie']"
2550040,Subside,"Sep 17, 2024",No Price,No Discount,A2D Software,A2D Software,520,504,16,Very Positive,['Simulation']
1349400,Planet Zoo: Australia Pack,"Aug 25, 2020",$9.99,No Discount,Frontier Developments,Frontier Developments,245,188,57,Mostly Positive,"['Simulation', 'Strategy']"
2184350,Guild Saga: Vanished Worlds,"Oct 10, 2024",No Price,No Discount,Ocelot,Ocelot,336,291,45,Mostly Positive,"['Adventure', 'Indie', 'RPG', 'Strategy']"
3390280,Pay 2 Win: The World is Mine,"Jun 4, 2026",No Price,No Discount,Patriots Division,Zero Percent,60,50,10,Very Positive,"['Casual', 'Indie', 'Simulation', 'Strategy']"
951440,Volcanoids,"Jan 29, 2019",$19.99,No Discount,Volcanoid,Volcanoid,"9,322","7,709","1,613",Mostly Positive,"['Action', 'Adventure', 'Indie', 'Simulation']"
1804010,Labyrinth Of The Demon King,"May 13, 2025",No Price,No Discount,J. R. Hudepohl,"Top Hat Studios, Inc.","2,195","2,023",172,Very Positive,"['Action', 'Adventure', 'Indie', 'RPG']"
1092660,Blair Witch,"Aug 30, 2019",$29.99,No Discount,Bloober Team SA,Bloober Team NA,"8,080","6,391","1,689",Very Positive,"['Adventure', 'Indie']"
722730,Cogmind,"Oct 16, 2017",$24.99,No Discount,Grid Sage Games,Grid Sage Games,"1,994","1,917",77,Very Positive,"['Adventure', 'Indie', 'RPG', 'Strategy']"
4368350,Silly Linguine Cat Simulator Deluxe Online,"Mar 27, 2026",Free,No Discount,Brody Seyranian,Brody Seyranian,"2,148","2,107",41,Overwhelmingly Positive,"['Adventure', 'Casual', 'Indie', 'RPG']"
3907380,The Prince of Tennis Doki Doki Survival ~eternal passion! Tie break ♡ game~,"Jul 29, 2026",$49.99,No Discount,KONAMI,KONAMI,12,12,0,Positive,['Adventure']
2518960,Wizardry: Proving Grounds of the Mad Overlord,"May 23, 2024",$34.99,No Discount,Digital Eclipse,Digital Eclipse,"1,229",949,280,Mixed,"['Action', 'RPG']"
2657060,Teardown: Folkrace,"Jun 19, 2024",$7.99,No Discount,Tuxedo Labs,Tuxedo Labs,388,218,170,Mixed,"['Action', 'Indie', 'Simulation', 'Strategy']"
130,Half-Life: Blue Shift,"Jun 1, 2001",$4.99,No Discount,Gearbox Software,Valve,"21,082","19,526","1,556",Very Positive,['Action']
2233120,A Quiet Place: The Road Ahead,"Oct 17, 2024",$29.99,No Discount,Stormind Games,Saber Interactive,"2,476","1,854",622,Mixed,"['Action', 'Adventure']"
3125750,EDENS ZERO,"Jul 15, 2025",No Price,No Discount,KONAMI,KONAMI,140,119,21,Very Positive,"['Action', 'RPG']"
3355100,A Planet Full of Cats,"Apr 9, 2026",No Price,No Discount,Devcats,Devcats,561,506,55,Very Positive,"['Casual', 'Indie']"
3204810,Hunt: Showdown 1896 - Taker of Trophies,"Nov 21, 2024",$9.99,$6.49,Crytek,Crytek,115,79,36,Mixed,['Action']
2756930,PUMP IT UP RISE,"Mar 29, 2026",$44.99,No Discount,ANDAMIRO,ANDAMIRO,807,654,153,Very Positive,"['Action', 'Casual']"
3871340,"Warhammer 40,000: Space Marine 2 - Imperial Fists Cosmetic Pack","Sep 4, 2025",$4.99,No Discount,Saber Interactive,Focus Entertainment,93,69,24,Mostly Positive,"['Action', 'Adventure', 'RPG']"
1042490,Call of the Sea,"Dec 8, 2020",$19.99,No Discount,Out of the Blue Games,Raw Fury,"6,319","5,550",769,Very Positive,"['Adventure', 'Casual', 'Indie']"
1238440,Planet Zoo: South America Pack ,"Apr 7, 2020",$9.99,No Discount,Frontier Developments,Frontier Developments,395,281,114,Mixed,"['Simulation', 'Strategy']"
3001250,GGST Additional Character 18 - Jam Kuradoberi,"Apr 9, 2026",$6.99,No Discount,Arc System Works,Arc System Works,100,92,8,Very Positive,['Action']
1634360,EMUUROM,"May 25, 2026",No Price,No Discount,borbware,Coyote Time Publishing,285,257,28,Very Positive,"['Adventure', 'Indie']"
3368600,Kingdom Come: Deliverance II Brushes with Death,"May 15, 2025",$5.99,No Discount,Warhorse Studios,Deep Silver,"1,397",834,563,Mixed,"['Action', 'Adventure', 'RPG']"
351510,Quiplash,"Jun 30, 2015",$9.99,No Discount,"Jackbox Games, Inc.","Jackbox Games, Inc.","2,262","2,026",236,Very Positive,"['Casual', 'Indie', 'Strategy']"
2536720,U.V.S. Nirmana,"May 4, 2026",$14.99,No Discount,Coincidence,Klei Publishing,207,184,23,Very Positive,"['Indie', 'Simulation']"
3607430,ZEPHON - The Twisted & The Hollow,"Apr 28, 2025",$12.99,No Discount,Proxy Studios,Proxy Studios,76,72,4,Very Positive,"['RPG', 'Strategy']"
433091,XCOM 2: Shen's Last Gift,"Jun 30, 2016",No Price,No Discount,Firaxis Games,2K,651,517,134,Mostly Positive,['Strategy']
16867,Civilization V - Civ and Scenario Double Pack: Spain and Inca,"Dec 16, 2010",$7.49,No Discount,Firaxis Games,2K,111,90,21,Very Positive,['Strategy']
3167550,Tiny Pasture,"Feb 17, 2025",$8.78,$4.05,CaveLiquid,Gamersky Games,"8,544","7,901",643,Very Positive,"['Casual', 'Indie', 'Simulation']"
1284410,GWENT: The Witcher Card Game,"May 19, 2020",Free To Play,No Discount,CD PROJEKT RED,CD PROJEKT RED,"30,345","24,877","5,468",Very Positive,"['RPG', 'Strategy', 'Free To Play']"
635940,Little Busters! English Edition,"Nov 1, 2017",$34.99,No Discount,VisualArts/Key,VisualArts,"1,187","1,159",28,Very Positive,"['Adventure', 'Casual', 'Simulation']"
738520,Breathedge,"Feb 25, 2021",$24.99,No Discount,RedRuins Softworks,HypeTrain Digital,"16,441","13,473","2,968",Mostly Positive,"['Action', 'Adventure', 'Indie', 'Simulation']"
311310,Naval Action,"Jun 13, 2019",$19.99,No Discount,Bermuda Computer Club,Bermuda Computer Club,"14,723","7,684","7,039",Mostly Negative,"['Indie', 'Massively Multiplayer', 'Racing', 'Simulation']"
239120,Final Fantasy III (3D Remake),"May 27, 2014",$15.99,No Discount,Square Enix,Square Enix,"3,565","2,918",647,Mixed,['RPG']
242920,Banished,"Feb 18, 2014",$19.99,No Discount,Shining Rock Software LLC,Shining Rock Software LLC,"43,258","39,115","4,143",Very Positive,"['Indie', 'Simulation', 'Strategy']"
1313290,Let Them Trade,"Jul 24, 2025",$21.58,$16.99,Spaceflower,ByteRockers' Games,"1,164",996,168,Mostly Positive,"['Indie', 'Simulation', 'Strategy']"
213330,LEGO® Batman™ 2: DC Super Heroes,"Jun 22, 2012",$19.99,$3.99,TT Games,Warner Bros. Interactive Entertainment,"9,474","8,985",489,Very Positive,"['Action', 'Adventure']"
3216800,MÖRK BORG Heresy Supreme,"May 21, 2026",$19.99,$15.99,Morbidware,Morbidware,104,86,18,Mostly Positive,"['Action', 'Adventure', 'Indie', 'Early Access']"
1887400,ANTONBLAST,"Dec 3, 2024",$19.99,No Discount,Summitsphere,Summitsphere,"4,640","4,421",219,Very Positive,"['Action', 'Adventure', 'Indie']"
1938010,WILD HEARTS™,"Feb 16, 2023",No Price,No Discount,"KOEI TECMO GAMES CO., LTD.",Electronic Arts,"13,032","6,104","6,928",Mixed,"['Action', 'Adventure']"
741140,Baldr Sky,"Dec 20, 2019",$49.99,$14.99,Sekai Project,Sekai Project,"1,599","1,503",96,Very Positive,"['Action', 'Adventure', 'RPG']"
1530640,Deep Rock Galactic - Dawn of the Dread Pack,"Feb 4, 2021",$7.99,$2.39,Ghost Ship Games,Coffee Stain Publishing,395,369,26,Very Positive,['Action']
224480,Octodad: Dadliest Catch,"Jan 30, 2014",$14.99,No Discount,Young Horses,Young Horses,"10,677","10,048",629,Very Positive,"['Action', 'Adventure', 'Indie']"
1582650,Caravan SandWitch,"Sep 12, 2024",No Price,No Discount,Studio Plane Toast,Dear Villagers,"3,792","3,267",525,Very Positive,"['Adventure', 'Casual', 'Indie']"
1858650,In Sink: A Co-op Escape Adventure,"Nov 12, 2024",$14.99,No Discount,Clock Out Games,Kwalee,"1,624","1,405",219,Mostly Positive,"['Adventure', 'Casual', 'Indie', 'Simulation']"
3097510,Bounty Brawl: Most Wanted,"May 28, 2026",No Price,No Discount,Nanuq,Infini Fun,168,142,26,Mostly Positive,"['Action', 'Adventure', 'Indie', 'RPG']"
1045620,Atelier Lulua ~The Scion of Arland~,"May 20, 2019",$59.99,$14.99,"KOEI TECMO GAMES CO., LTD.","KOEI TECMO GAMES CO., LTD.",615,551,64,Very Positive,['RPG']
2011780,Yellow Taxi Goes Vroom,"Apr 9, 2024",No Price,No Discount,Panik Arcade,Xelu,"1,893","1,833",60,Very Positive,"['Action', 'Adventure', 'Indie']"
2840190,Great God Grove,"Nov 15, 2024",$19.99,No Discount,LimboLane,LimboLane,"1,543","1,520",23,Very Positive,"['Adventure', 'Casual', 'Indie']"
1599330,Wildmender,"Sep 28, 2023",$24.99,No Discount,Muse Games,Kwalee,"2,209","1,865",344,Very Positive,"['Adventure', 'Indie', 'Simulation', 'Strategy']"
638510,dotAGE,"Oct 4, 2023",No Price,No Discount,Michele Pirovano,Michele Pirovano,"2,670","2,539",131,Very Positive,"['Indie', 'Simulation', 'Strategy']"
785260,Team Sonic Racing™,"May 21, 2019",$39.99,No Discount,Sumo Digital,SEGA,"3,514","2,562",952,Mostly Positive,['Racing']
3099190,Anomaly Company,"Feb 6, 2026",$7.99,No Discount,Kekdot,Kekdot,157,122,35,Mixed,"['Action', 'Adventure', 'Casual', 'Indie']"
2657050,Teardown: Time Campers,"Nov 15, 2023",$7.99,No Discount,Tuxedo Labs,Tuxedo Labs,420,216,204,Mixed,"['Action', 'Indie', 'Simulation', 'Strategy']"
4046850,ZEPHON - The Platinum & The Infinite,"Oct 27, 2025",$12.99,No Discount,Proxy Studios,Proxy Studios,42,37,5,Positive,"['RPG', 'Strategy']"
2068280,Nordic Ashes: Survivors of Ragnarok,"Apr 26, 2024",$9.99,No Discount,Noxfall Studios,Noxfall Studios,"6,317","5,572",745,Very Positive,"['Action', 'Adventure', 'Casual', 'Indie']"
297000,Heroes® of Might & Magic® III - HD Edition,"Jan 29, 2015",$14.99,No Discount,Dotemu,Ubisoft Entertainment,"24,803","19,764","5,039",Very Positive,"['RPG', 'Strategy']"
3859970,Dystopika: B-Sides,"Dec 3, 2025",$2.99,$2.24,Voids Within,Voids Within,52,52,0,Very Positive,"['Casual', 'Indie', 'Simulation']"
223594,The Sims 3: Seasons,"Nov 20, 2012",$19.99,No Discount,The Sims Studio,Electronic Arts,234,209,25,Very Positive,['Simulation']
3188980,PAYDAY 2: Jacket Character Pack,"Feb 20, 2026",$2.99,No Discount,OVERKILL - a Starbreeze Studio.,Starbreeze Entertainment,102,94,8,Very Positive,"['Action', 'RPG']"
200710,Torchlight II,"Sep 20, 2012",$19.99,No Discount,Runic Games,XD,"45,476","42,111","3,365",Mostly Positive,"['Action', 'Adventure', 'Indie', 'RPG']"
2058730,The Darkest Files,"Mar 25, 2025",No Price,No Discount,Paintbucket Games,Paintbucket Games,737,708,29,Very Positive,"['Adventure', 'Indie', 'Simulation']"
1283091,Deep Rock Galactic - MegaCorp Pack,"May 13, 2020",$7.99,$2.39,Ghost Ship Games,Coffee Stain Publishing,485,468,17,Very Positive,['Action']
1740300,Smushi Come Home,"Jun 10, 2023",$19.99,No Discount,SomeHumbleOnion,Mooneye Studios,"2,752","2,725",27,Very Positive,"['Adventure', 'Casual', 'Indie', 'RPG']"
1126050,House Flipper - HGTV DLC,"May 14, 2020",$9.99,$7.49,Empyrean,Frozen District,430,345,85,Very Positive,"['Casual', 'Indie', 'Simulation']"
294530,Freddi Fish 2: The Case of the Haunted Schoolhouse,"Mar 29, 1996",$6.99,No Discount,Humongous Entertainment,Humongous Entertainment,344,337,7,Very Positive,"['Adventure', 'Casual']"
2745870,Warfare Legacy Collection,"Apr 28, 2025",No Price,No Discount,Con Artist Games,Armor Games Studios,"1,046",975,71,Very Positive,"['Action', 'Simulation', 'Strategy']"
335070,VRC PRO,"Mar 24, 2015",$44.99,No Discount,Virtual Racing Industries Ltd.,Virtual Racing Industries Ltd.,971,845,126,Very Positive,"['Action', 'Casual', 'Indie', 'Racing']"
3903700,Call to Arms: Panzer Elite - Deluxe Edition,"Sep 19, 2025",$19.99,No Discount,Digitalmindsoft,Digitalmindsoft,30,25,5,Positive,"['Action', 'Simulation']"
1702330,Rune Factory 5,"Jul 13, 2022",$39.99,No Discount,Marvelous Inc.,XSEED Games,"2,103","1,614",489,Mostly Positive,"['Adventure', 'RPG', 'Simulation']"
3630990,Crush Crush - Kaiju Bundle,"Jul 7, 2025",$14.99,No Discount,Sad Panda Studios,Sad Panda Studios,21,18,3,Positive,"['Casual', 'Indie', 'Simulation', 'Free To Play']"
3372530,Valorborn,"Apr 15, 2026",$24.99,No Discount,Laps Games,Laps Games,522,324,198,Mixed,"['Action', 'Adventure', 'Indie', 'RPG']"
3595530,Dune: Imperium - Immortality,"Jun 10, 2025",$9.99,No Discount,Dire Wolf,Dire Wolf,60,55,5,Very Positive,"['Simulation', 'Strategy']"
2427741,Cities: Skylines II - Creator Pack: Modern Architecture,"Dec 2, 2024",$7.99,No Discount,Richard Shi,Paradox Interactive,344,157,187,Mixed,['Simulation']
1097350,Weird West: Definitive Edition,"Mar 31, 2022",No Price,No Discount,WolfEye Studios,Devolver Digital,"4,459","3,496",963,Very Positive,"['Action', 'Adventure', 'Indie', 'RPG']"
1928690,Bionic Bay,"Apr 16, 2025",$19.99,$4.99,Psychoflow Studio,Kepler Interactive,852,728,124,Very Positive,"['Action', 'Adventure', 'Casual', 'Indie']"
3954990,S.A.N.D.Y. - Beach Cleaner,"Jun 24, 2026",$6.61,$5.83,20 CALLS,20 CALLS,283,264,19,Very Positive,"['Casual', 'Simulation']"
2893820,Of Ash and Steel,"Nov 24, 2025",$29.99,No Discount,Fire & Frost,tinyBuild,"6,826","4,497","2,329",Very Positive,"['Action', 'Adventure', 'Indie', 'RPG']"
777390,Flyout,"Nov 17, 2023",$19.99,No Discount,Stonext Games,Stonext Games,"2,265","1,888",377,Very Positive,"['Indie', 'Simulation', 'Early Access']"
2236070,Peaks of Yore,"Oct 26, 2023",$18.99,No Discount,Anders Grube Jensen,TraipseWare,"3,753","3,654",99,Very Positive,"['Action', 'Adventure', 'Indie']"
983970,Haven,"Dec 3, 2020",No Price,No Discount,The Game Bakers,The Game Bakers,"6,071","5,366",705,Mixed,"['Adventure', 'Indie', 'RPG']"
3920,Sid Meier's Pirates!,"Jul 11, 2005",$9.99,$2.49,Firaxis Games,2K,"7,521","7,102",419,Very Positive,['RPG']
4035810,Train Sim World® 6: West Coast Main Line Trent Valley: Milton Keynes - Crewe Route Add-On ,"Jun 9, 2026",$44.99,No Discount,All Aboard Studios,Dovetail Games - TSW,45,42,3,Positive,['Simulation']
1154840,Shadow Empire,"Dec 3, 2020",$39.99,No Discount,VR Designs,Matrix Games,"1,936","1,625",311,Very Positive,"['RPG', 'Simulation', 'Strategy']"
2393920,Angeline Era,"Dec 8, 2025",$24.99,No Discount,Melos Han-Tani,Analgesic Productions,699,671,28,Very Positive,"['Action', 'Adventure', 'Indie']"
3216500,SHUTEN ORDER,"Sep 5, 2025",$49.99,No Discount,Neilo Inc.,EXNOA LLC,811,661,150,Mostly Positive,['Adventure']
468920,Ultimate Fishing Simulator®,"Aug 30, 2018",$19.99,No Discount,Pancake Games,Ultimate Games S.A.,"8,918","7,962",956,Very Positive,"['Casual', 'Simulation', 'Sports']"
2665680,Tower of Babel: Survivors of Chaos,"May 26, 2026",$12.99,No Discount,NANOO,NANOO,"6,338","4,344","1,994",Mostly Positive,"['Action', 'Adventure', 'Indie', 'RPG']"
1901910,Ultimate General: American Revolution,"Dec 20, 2024",$49.99,No Discount,Game-Labs,Game-Labs,"1,094",587,507,Mostly Negative,"['Simulation', 'Strategy']"
1198460,IL-2 Sturmovik: Battle of Bodenplatte,"Dec 3, 2019",$49.99,$12.49,1C Game Studios,FOR-GAMES CR LTD,120,108,12,Very Positive,"['Action', 'Simulation']"
985830,SUCCUBUS,"Oct 5, 2021",$24.99,No Discount,Madmind Studio,Madmind Studio,"5,210","3,959","1,251",Mixed,"['Action', 'Adventure']"
3366780,Outlaws + Handful of Missions: Remaster,"Nov 20, 2025",$29.99,No Discount,LucasArts,Atari,240,226,14,Very Positive,"['Action', 'Adventure']"
1607390,Trailmakers: High Seas Expansion,"Dec 10, 2021",$9.99,$4.99,Flashbulb,Flashbulb,167,115,52,Mixed,"['Action', 'Adventure', 'Indie', 'Racing']"
3151760,Roboquest VR,"Nov 20, 2025",$29.99,No Discount,Flat2VR Studios,Flat2VR Studios,533,483,50,Very Positive,"['Action', 'Indie']"
1472560,I Am Fish,"Sep 16, 2021",$19.99,$3.99,Bossa Studios,Curve Games,"3,867","2,833","1,034",Mixed,"['Adventure', 'Simulation']"
2464650,PowerWash Simulator – Back to the Future Special Pack,"Nov 16, 2023",$7.99,No Discount,FuturLab,Square Enix,267,137,130,Mixed,"['Casual', 'Indie', 'Simulation']"
2486150,"Warhammer 40,000: Space Marine 2 - Macragge’s Chosen DLC","Oct 3, 2024",$4.99,No Discount,Saber Interactive,Focus Entertainment,644,245,399,Mixed,"['Action', 'Adventure', 'RPG']"
1982340,Blanc,"Feb 14, 2023",$14.99,$4.49,Casus Ludi,Gearbox Publishing,"1,493","1,168",325,Mostly Positive,"['Adventure', 'Indie']"
2914120,Space Engineers - Signal Pack,"May 13, 2024",$4.99,No Discount,Keen Software House,Keen Software House,78,66,12,Very Positive,"['Action', 'Indie', 'Simulation', 'Strategy']"
1796580,Sorry We're Closed,"Nov 14, 2024",No Price,No Discount,à la mode games,Akupara Games,"1,985","1,938",47,Very Positive,"['Action', 'Adventure', 'Indie']"
2202291,Cassette Beasts: Pier of the Unknown,"Oct 4, 2023",$6.99,$2.79,Bytten Studio,Raw Fury,232,168,64,Mostly Positive,"['Indie', 'RPG']"
4007740,Top Heroes,"Nov 24, 2025",Free To Play,No Discount,Rivergame HK Limited,Rivergame HK Limited,113,61,52,Mixed,"['Adventure', 'Strategy', 'Free To Play']"
322500,SUPERHOT,"Feb 25, 2016",$24.99,No Discount,SUPERHOT Team,SUPERHOT Team,"40,570","37,134","3,436",Very Positive,"['Action', 'Indie']"
3132870,DarkSwitch,"Apr 9, 2026",No Price,No Discount,Cyber Temple,Cyber Temple Games LLC,693,535,158,Mixed,['Strategy']
4033080,Deep Corp,"May 26, 2026",No Price,No Discount,KishMish Games,KishMish Games,336,304,32,Very Positive,"['Indie', 'Strategy', 'Early Access']"
1415070,Gears 5 - Hivebusters,"Dec 15, 2020",$19.99,No Discount,The Coalition,Xbox Game Studios,361,305,56,Very Positive,"['Action', 'Adventure']"
1802450,The Ascent - CyberSec Pack,"Dec 2, 2021",$4.99,$2.49,Neon Giant,"KRAFTON, Inc.",49,35,14,Mixed,"['Action', 'Adventure', 'Indie', 'RPG']"
996770,Moving Out,"Apr 28, 2020",$24.99,No Discount,SMG Studio,Team17,"2,510","1,993",517,Very Positive,"['Action', 'Casual', 'Indie', 'Simulation']"
3110070,Fever Meme,"Jul 4, 2025",$4.20,No Discount,Aimbok,Aimbok,"4,650","4,255",395,Very Positive,"['Action', 'Adventure', 'Casual', 'Indie']"
1301021,The Sims™ 4 Star Wars™: Journey to Batuu Game Pack,"Sep 8, 2020",$19.99,$13.99,Maxis,Electronic Arts,130,62,68,Mixed,"['Casual', 'Simulation']"
2512920,Garlic Builder,"Jan 15, 2024",$7.99,No Discount,CaveLiquid,Gamersky Games,374,347,27,Very Positive,"['Casual', 'Indie', 'RPG', 'Simulation']"
4519150,Sudden Strike 5 - France: Road to Liberation,"Jul 30, 2026",$14.99,$13.49,Kite Games,Kalypso Media,12,10,2,Positive,"['Action', 'Strategy']"
3081840,Chrono Gear: Warden of Time,"Sep 11, 2025",$17.99,No Discount,Team Chrono Gear,holo Indie,992,982,10,Very Positive,"['Action', 'Indie']"
4353630,Summer Sisters,"Jun 19, 2026",$9.99,No Discount,Okeyutei,Kagura Games,131,96,35,Mixed,"['Casual', 'RPG']"
4598010,Borderlands®4 - Bounty Pack 3: Vault Card 3,"Jun 25, 2026",$5.99,No Discount,Gearbox Software,2K,13,4,9,Mixed,"['Action', 'Adventure', 'RPG']"
696170,SENRAN KAGURA Peach Beach Splash,"Mar 7, 2018",$29.99,No Discount,Tamsoft,XSEED Games,"4,271","3,463",808,Very Positive,['Action']
2692400,Wartales - Expansion: Pirates of Belerion,"Dec 14, 2023",$19.99,No Discount,Shiro Games,Shiro Games,422,307,115,Mostly Positive,"['Adventure', 'Indie', 'RPG', 'Strategy']"
1331510,Battle Talent,"Jun 1, 2023",No Price,No Discount,Cydream,Cydream,"1,257",977,280,Very Positive,"['Action', 'Adventure', 'Simulation']"
4661990,Tom Clancy’s The Division 2 – Into the Dark Bundle,"Jun 16, 2026",$29.99,No Discount,Ubisoft,Ubisoft,4,2,2,4 user reviews,"['Action', 'Adventure', 'RPG']"
4103460,Guild Wars® Bonus Mission Pack,"Dec 3, 2025",$5.99,No Discount,ArenaNet®,ArenaNet®,34,16,18,Mixed,"['Action', 'Adventure', 'Massively Multiplayer']"
2074431,Gotham Knights: Visionary Pack,"Oct 21, 2022",$24.99,No Discount,Warner Bros. Games Montréal,Warner Bros. Games,125,69,56,Mixed,"['Action', 'Adventure', 'RPG']"
423230,Furi,"Jul 5, 2016",$19.99,No Discount,The Game Bakers,The Game Bakers,"13,981","12,574","1,407",Mostly Positive,"['Action', 'Indie']"
4209010,Lakehopper,"Mar 30, 2026",$9.99,No Discount,Photon Games,Photon Games,470,415,55,Mostly Positive,"['Adventure', 'Indie', 'Simulation', 'Early Access']"
525480,.hack//G.U. Last Recode,N/A,No Price,No Discount,None,None,0,0,0,['None'],
3124590,of the Devil - Episode 2,"Dec 23, 2025",$9.99,$7.99,nth Circle Studios,nth Circle Studios,330,329,1,Very Positive,"['Adventure', 'Indie']"
283640,Salt and Sanctuary,"May 17, 2016",$17.99,No Discount,Ska Studios,Ska Studios,"21,793","19,477","2,316",Very Positive,"['Action', 'Indie', 'RPG']"
2772750,Age of History 3,"Oct 23, 2024",$9.99,No Discount,Łukasz Jakowski,Łukasz Jakowski Games,"18,481","15,719","2,762",Very Positive,"['Simulation', 'Strategy']"
1084820,"Warhammer 40,000: Gladius - Chaos Space Marines","Jul 18, 2019",$14.99,No Discount,Proxy Studios,Slitherine Ltd.,100,84,16,Very Positive,['Strategy']
1611940,Maneater: Truth Quest,"Aug 31, 2021",$14.99,$2.24,Tripwire Interactive,Tripwire Interactive,"1,299",636,663,Mixed,"['Action', 'Adventure', 'Indie', 'RPG']"
4221310,Chrono CCG,"Jun 23, 2026",Free To Play,No Discount,Infinite or Bust Games Inc.,Infinite or Bust Games Inc.,573,412,161,Very Positive,"['Indie', 'Strategy', 'Free To Play', 'Early Access']"
572700,Nancy Drew®: Sea of Darkness,"May 19, 2015",$19.99,No Discount,HeR Interactive,HeR Interactive,231,214,17,Very Positive,['Adventure']
1147550,Not For Broadcast,"Jan 25, 2022",$24.99,No Discount,NotGames,tinyBuild,"12,584","11,814",770,Very Positive,"['Adventure', 'Indie', 'Simulation']"
2504720,Space Engineers - Decorative Pack #3,"Aug 31, 2023",$4.99,No Discount,Keen Software House,Keen Software House,67,55,12,Very Positive,"['Action', 'Indie', 'Simulation', 'Strategy']"
2754090,Aces of Thunder,"Feb 3, 2026",$29.99,No Discount,Gaijin Entertainment,Gaijin Network Ltd,"1,180",684,496,Mixed,"['Action', 'Simulation']"
1740720,Have a Nice Death,"Mar 22, 2023",$24.99,No Discount,Magic Design Studios,Arc Games,"10,730","9,211","1,519",Mostly Positive,"['Action', 'Indie']"
2531290,VTOL VR: EF-24 Mischief - Electronic Warfare,"Dec 21, 2023",$11.99,No Discount,"Boundless Dynamics, LLC","Boundless Dynamics, LLC",517,498,19,Very Positive,"['Action', 'Indie', 'Simulation']"
1314000,Achilles: Legends Untold,"Nov 2, 2023",$24.99,No Discount,Dark Point Games,Dark Point Games,"2,634","2,049",585,Mostly Positive,"['Action', 'Adventure', 'Casual', 'Indie']"
1052690,theHunter: Call of the Wild™ - Trophy Lodge Spring Creek Manor,"Apr 11, 2019",$3.99,$1.99,Expansive Worlds,Avalanche Studios,323,221,102,Mixed,"['Adventure', 'Simulation', 'Sports']"
290470,Onigiri,"Mar 28, 2019",Free To Play,No Discount,"CyberStep, Inc.","CyberStep, Inc.","1,238",881,357,Mostly Positive,"['Action', 'Adventure', 'Massively Multiplayer', 'RPG']"
2009100,Immortals of Aveum™,"Aug 21, 2023",No Price,No Discount,Ascendant Studios,Electronic Arts,"3,220","2,246",974,Mostly Positive,"['Action', 'Adventure']"
1149440,Dragon Marked For Death,"Apr 21, 2020",$39.99,$13.99,"INTI CREATES CO., LTD.","INTI CREATES CO., LTD.","1,097",840,257,Mostly Positive,"['Action', 'RPG']"
742300,Mega Man 11,"Oct 2, 2018",$29.99,No Discount,"CAPCOM CO., LTD.","CAPCOM CO., LTD.","5,340","4,758",582,Mostly Positive,['Action']
728740,Sniper Elite V2 Remastered,"May 13, 2019",$9.99,No Discount,Rebellion,Rebellion,"4,041","3,157",884,Mostly Positive,['Action']
2183670,Hotel Galactic,"Jul 24, 2025",No Price,No Discount,EndGameLoop Games,EndGameLoop Games,708,518,190,Very Positive,"['Casual', 'Indie', 'Simulation', 'Early Access']"
1519490,The Doors of Trithius,"Aug 15, 2021",$14.99,No Discount,Jake Donkersgoed,Jake Donkersgoed,974,917,57,Very Positive,"['Indie', 'RPG', 'Simulation', 'Strategy']"
1623940,Bramble: The Mountain King,"Apr 27, 2023",$42.48,$28.03,Dimfrost Studio,Maximum Entertainment,"7,764","7,355",409,Very Positive,"['Adventure', 'Indie']"
246840,FATE,"May 18, 2005",$7.99,No Discount,WildTangent,WildTangent,"4,445","4,239",206,Very Positive,"['Action', 'Adventure', 'RPG']"
3659280,Off The Grid,"Jul 17, 2025",Free To Play,No Discount,Gunzilla Games,Gunzilla Games,"2,450","1,356","1,094",Mixed,"['Action', 'Massively Multiplayer', 'Free To Play']"
1442530,Outbreak Island,"Oct 28, 2025",$14.99,No Discount,Tiny Magicians,Tiny Magicians,"1,080",844,236,Mixed,"['Action', 'Adventure', 'Indie', 'RPG']"
917720,Gamedec - Definitive Edition,"Sep 16, 2021",$29.99,$7.49,Anshar Studios,Anshar Publishing,"1,719","1,374",345,Mostly Positive,"['Adventure', 'Indie', 'RPG']"
1449260,Assetto Corsa Competizione - 2020 GT World Challenge Pack,"Nov 18, 2020",$8.99,No Discount,KUNOS Simulazioni,505 Games,153,145,8,Very Positive,"['Racing', 'Simulation', 'Sports']"
2229830,Command & Conquer™ and The Covert Operations™,"Mar 7, 2024",No Price,No Discount,Westwood Studios,Electronic Arts,442,325,117,Mostly Positive,"['Action', 'Strategy']"
1764390,BAD END THEATER,"Oct 26, 2021",$9.99,No Discount,NomnomNami,NomnomNami,"9,961","9,717",244,Overwhelmingly Positive,['Simulation']
2400770,Dungeon Tycoon,"Sep 25, 2024",$14.99,$7.49,Lunheim Studios,Goblinz Publishing,"1,906","1,445",461,Very Positive,"['Simulation', 'Strategy']"
1889930,Baldur's Gate: Dark Alliance II,"Jul 20, 2022",$39.99,No Discount,Square One Games Inc.,Interplay Entertainment Corp.,666,521,145,Mostly Positive,"['Action', 'RPG']"
3487780,House Party - Supporter Pack,"Mar 28, 2025",$9.99,No Discount,"Eek! Games, LLC","Eek! Games, LLC",26,21,5,Mostly Positive,"['Adventure', 'Casual', 'Indie', 'RPG']"
1303183,Crusader Kings III: Northern Lords,"Mar 16, 2021",$12.99,No Discount,Paradox Development Studio,Paradox Interactive,"1,539","1,003",536,Mixed,"['RPG', 'Simulation', 'Strategy']"
3919360,Dig Island,"Jan 30, 2026",No Price,No Discount,FiftyEight Studios,FiftyEight Studios,294,254,40,Very Positive,"['Adventure', 'Casual', 'Indie', 'Simulation']"
3596770,SCUM Deluxe Content Pack,"Jun 17, 2025",$9.99,No Discount,Gamepires,Gamepires,167,134,33,Very Positive,"['Action', 'Adventure', 'Indie', 'Massively Multiplayer']"
1159290,The Bloodline,"Oct 5, 2023",$19.99,No Discount,Shieldbearer Studios,505 Pulse,"3,908","3,232",676,Mostly Positive,"['Action', 'Indie', 'RPG', 'Early Access']"
251290,The Legend of Heroes: Trails in the Sky SC,"Oct 29, 2015",$29.99,No Discount,Nihon Falcom,XSEED Games,"4,351","4,247",104,Very Positive,['RPG']
1134100,Frozenheim,"Jun 16, 2022",$19.99,$5.99,Paranoid Interactive,Untold Tales,"3,905","2,711","1,194",Mixed,"['Simulation', 'Strategy']"
2140100,Whisker Squadron: Survivor,"Feb 21, 2025",$19.99,$8.99,Flippfly LLC,Flippfly LLC,550,430,120,Mostly Positive,"['Action', 'Adventure', 'Indie']"
2132890,Possessor(s),"Nov 11, 2025",$9.99,No Discount,Heart Machine,Devolver Digital,735,558,177,Mostly Positive,"['Action', 'Adventure']"
206440,To the Moon,"Nov 1, 2011",$9.99,No Discount,Freebird Games,Freebird Games,"86,213","82,892","3,321",Very Positive,"['Adventure', 'Indie', 'RPG']"
1372150,Fish Game,"Oct 26, 2023",$24.99,No Discount,A Shell in the Pit Games,A Shell in the Pit Games,635,593,42,Very Positive,"['Casual', 'Indie', 'Simulation']"
523660,HYPERCHARGE: Unboxed,"Apr 27, 2020",FREE DEMO - Try before you buy!,No Discount,Digital Cybercherries,Digital Cybercherries,"4,389","3,952",437,Very Positive,"['Action', 'Adventure', 'Casual', 'Indie']"
2183650,MEGA MAN X DiVE Offline,"Aug 31, 2023",$29.99,No Discount,"CAPCOM Co., Ltd.","CAPCOM Co., Ltd.","1,946","1,565",381,Very Positive,"['Action', 'RPG']"
2430390,DYSPLACED,"Mar 5, 2026",$24.99,No Discount,10tons Ltd,10tons Ltd,327,289,38,Very Positive,"['Action', 'Adventure', 'Indie', 'RPG']"
2481020,Vampire Therapist,"Jul 18, 2024",No Price,No Discount,Little Bat Games,Little Bat Games,987,929,58,Very Positive,"['Indie', 'Simulation']"
2100430,Solasta: Crown of the Magister - Inner Strength,"Nov 14, 2022",$7.99,No Discount,Tactical Adventures,Tactical Adventures,76,53,23,Mixed,"['Adventure', 'Indie', 'RPG', 'Strategy']"
1804470,Duel Corp.,"Jan 21, 2026",$24.99,No Discount,Dreameffect Entertainment,Dreameffect Entertainment,"1,246",898,348,Very Positive,"['Action', 'Adventure', 'Indie', 'Massively Multiplayer']"
1901370,Ib,"Apr 11, 2022",$12.99,No Discount,kouri,PLAYISM,"5,248","5,194",54,Very Positive,"['Adventure', 'Indie']"
1280780,War on the Sea,"Feb 2, 2021",$39.99,No Discount,Killerfish Games,Killerfish Games,"3,237","2,443",794,Mixed,"['Simulation', 'Strategy']"
1880650,Expansion - Hearts of Iron IV: By Blood Alone,"Sep 27, 2022",$19.99,No Discount,Paradox Development Studio,Paradox Interactive,"3,636","1,276","2,360",Mostly Negative,"['Simulation', 'Strategy']"
2871440,Squeakross: Home Squeak Home,"Jun 7, 2025",No Price,No Discount,Alblune,Alblune,"2,157","2,123",34,Very Positive,"['Casual', 'Indie']"
2730540,Card-en-Ciel,"Oct 23, 2024",No Price,No Discount,"INTI CREATES CO., LTD.","INTI CREATES CO., LTD.",865,783,82,Very Positive,['RPG']
1483870,Draw & Guess,"Mar 12, 2021",$4.99,$3.99,Acureus,Acureus,"35,130","29,464","5,666",Mostly Positive,"['Casual', 'Indie']"
748490,The Legend of Heroes: Trails of Cold Steel II,"Feb 14, 2018",$39.99,No Discount,Nihon Falcom,XSEED Games,"3,165","2,948",217,Very Positive,['RPG']
1164110,theHunter: Call of the Wild™ - Saseka Safari Trophy Lodge,"Nov 14, 2019",$3.99,$1.99,Expansive Worlds,Avalanche Studios,275,179,96,Mixed,"['Adventure', 'Simulation', 'Sports']"
2206270,Vampire Hunters,"Oct 30, 2024",$14.99,No Discount,Gamecraft Studios,Gamecraft Studios,"2,033","1,834",199,Very Positive,"['Action', 'Indie']"
3316670,TMNT: Splintered Fate - Casey Jones & the Junkyard Jam,"Feb 5, 2025",$6.99,No Discount,Super Evil Megacorp,Super Evil Megacorp,67,58,9,Very Positive,"['Action', 'Adventure', 'Indie', 'RPG']"
4820790,Family Office Simulator,"Jul 28, 2026",$19.99,$17.99,Vitalis Interactive,Vitalis Interactive,18,17,1,Positive,"['Indie', 'Simulation', 'Strategy', 'Early Access']"
2066520,Ritual of Raven,"Aug 7, 2025",$14.99,$5.99,Spellgarden Games,Team17,369,329,40,Very Positive,"['Casual', 'Simulation']"
1631470,Critter Cove,"Sep 10, 2024",$24.99,No Discount,Gentleman Rat Studios,Gentleman Rat Studios,"1,917","1,817",100,Very Positive,"['Adventure', 'Casual', 'Simulation', 'Early Access']"
2496180,Ghost Town,"Jul 15, 2025",No Price,No Discount,Fireproof Games,Fireproof Games,571,545,26,Very Positive,['Adventure']
444930,Zaccaria Pinball,"Oct 16, 2025",Free To Play,No Discount,Magic Pixel Kft.,Magic Pixel Kft.,"2,271","1,803",468,Mixed,"['Action', 'Casual', 'Indie', 'Racing']"
333420,Cossacks 3,"Sep 20, 2016",$19.99,No Discount,GSC Game World,GSC Game World,"16,079","13,235","2,844",Very Positive,"['Action', 'Adventure', 'Strategy']"
1341520,Stellaris: Necroids Species Pack,"Oct 29, 2020",$9.99,No Discount,Paradox Development Studio,Paradox Interactive,633,342,291,Mixed,"['Simulation', 'Strategy']"
2917040,Garten of Banban 8: Anti Devil,"Aug 28, 2025",$9.99,No Discount,Euphoric Brothers,Euphoric Brothers,"1,623","1,428",195,Very Positive,"['Action', 'Adventure', 'Casual', 'Indie']"
1371580,Myth of Empires,"Feb 21, 2024",$29.99,No Discount,Angela Game,Imperium Interactive Entertainment,"17,500","11,818","5,682",Mostly Positive,['None']
4775410,Jeffrey Eggstein,"Jul 17, 2026",$4.99,No Discount,Grabba Guild Games LLC ,Grabba Guild Games LLC ,262,250,12,Very Positive,"['Action', 'Adventure', 'Casual', 'Early Access']"
2350410,Police Simulator: Patrol Officers: Highway Patrol Expansion,"Jun 17, 2024",$19.99,No Discount,Aesir Interactive,astragon Entertainment,277,126,151,Mixed,['Simulation']
2934390,Deep Rock Galactic - Order of the Deep Pack,"Jun 13, 2024",$9.99,$2.99,Ghost Ship Games,Coffee Stain Publishing,663,650,13,Overwhelmingly Positive,['Action']
3187010,Dinocop,"Nov 6, 2025",$14.99,No Discount,Pieces Games,Pieces Games,778,750,28,Very Positive,"['Adventure', 'Casual', 'Indie']"
3918850,Might & Magic Fates - Heroes TCG,"Feb 16, 2026",Free To Play,No Discount,Ubisoft,Ubisoft,"1,708",891,817,Mixed,"['RPG', 'Strategy', 'Free To Play', 'Early Access']"
3884450,The Bazaar - Ancient Alchemist Expansion,"Aug 13, 2025",$19.99,No Discount,Tempo,Tempo,72,50,22,Mixed,['Strategy']
1419850,Saleblazers,"Sep 29, 2023",$29.99,No Discount,AIRSTRAFE INTERACTIVE,AIRSTRAFE INTERACTIVE,"2,216","1,765",451,Mixed,"['Action', 'Adventure', 'Casual', 'Indie']"
252870,PULSAR: Lost Colony,"Jun 22, 2021",$19.99,No Discount,Leafy Games,Leafy Games,"5,727","5,144",583,Very Positive,"['Action', 'Adventure', 'Indie', 'RPG']"
2248760,Car For Sale Simulator 2023,"Nov 1, 2024",$16.99,No Discount,Red Axe Games,Red Axe Games,"20,798","16,362","4,436",Mostly Positive,"['Indie', 'Simulation']"
1244800,Terraformers,"Mar 9, 2023",$19.99,$7.99,Asteroid Lab,Goblinz Publishing,"3,727","3,294",433,Very Positive,['Strategy']
2451100,Little Rocket Lab,"Oct 7, 2025",No Price,No Discount,Teenage Astronauts,No More Robots,"1,304","1,182",122,Very Positive,"['Adventure', 'RPG', 'Simulation']"
995860,"Warhammer 40,000: Gladius - Tyranids","Jan 15, 2019",$14.99,No Discount,Proxy Studios,Slitherine Ltd.,110,89,21,Very Positive,['Strategy']
866800,The Walking Dead: The Final Season,"Aug 14, 2018",No Price,No Discount,Telltale Games,Skybound Games,"21,411","20,356","1,055",Very Positive,['Adventure']
3829620,Execute,"Dec 16, 2025",No Price,No Discount,Payne Robinson,Payne Robinson,657,601,56,Very Positive,"['Indie', 'Simulation', 'Strategy']"
13570,Tom Clancy's Splinter Cell Chaos Theory®,"Mar 29, 2005",$9.99,No Discount,Ubisoft Montreal,Ubisoft,"5,766","5,360",406,Very Positive,['Action']
2809180,Goat Simulator 3 - Multiverse of Nonsense,"Jun 19, 2024",$14.99,No Discount,Coffee Stain North,Coffee Stain Publishing,346,272,74,Mostly Positive,"['Adventure', 'Casual', 'Simulation']"
1996770,Turok 3: Shadow of Oblivion Remastered,"Nov 30, 2023",$29.99,No Discount,Nightdive Studios,Nightdive Studios,674,563,111,Very Positive,"['Action', 'Adventure']"
936190,Atelier Meruru ~The Apprentice of Arland~ DX,"Dec 4, 2018",$39.99,$9.99,"KOEI TECMO GAMES CO., LTD.","KOEI TECMO GAMES CO., LTD.",343,327,16,Very Positive,['RPG']
20,Team Fortress Classic,"Apr 1, 1999",$4.99,No Discount,Valve,Valve,"9,248","8,065","1,183",Very Positive,['Action']
1299591,Total War: THREE KINGDOMS - The Furious Wild,"Sep 3, 2020",$18.99,No Discount,CREATIVE ASSEMBLY,SEGA,"1,234",438,796,Mixed,"['Action', 'Strategy']"
2358430,V Rising - Sinister Evolution Pack,"May 17, 2023",$9.99,No Discount,Stunlock Studios,Stunlock Studios,262,247,15,Very Positive,"['Action', 'Adventure', 'Massively Multiplayer']"
2981410,The Talos Principle 2 - Road to Elysium,"Jun 14, 2024",$19.99,No Discount,Croteam,Devolver Digital,835,786,49,Very Positive,"['Action', 'Adventure']"
3713770,Hunt: Showdown 1896 - Cry of the Caged Bird,"Oct 20, 2025",$9.99,No Discount,Crytek,Crytek,252,244,8,Very Positive,['Action']
3814340,Tankenstein,"Nov 13, 2025",No Price,No Discount,Landship Games LTD,Landship Games LTD,209,187,22,Very Positive,"['Action', 'Indie', 'RPG', 'Early Access']"
1928870,Minecraft Legends,"Apr 18, 2023",$39.99,No Discount,Mojang Studios,Xbox Game Studios,"2,849","1,654","1,195",Mixed,"['Action', 'Strategy']"
2482940,Little Nightmares VR: Altered Echoes,"Apr 23, 2026",$29.99,$23.99,ICONIK,Bandai Namco Entertainment ,179,146,33,Mostly Positive,"['Action', 'Adventure']"
3150480,Agatha Christie - Death on the Nile,"Sep 25, 2025",No Price,No Discount,Microids Studio Lyon,Microids,240,185,55,Mostly Positive,['Adventure']
2830500,Indiana Jones and the Great Circle™: The Order of Giants,"Dec 8, 2024",$19.99,$13.99,MachineGames,Bethesda Softworks,643,376,267,Mixed,"['Action', 'Adventure']"
1140270,Monster Prom 2: Monster Camp,"Oct 23, 2020",No Price,No Discount,Beautiful Glitch,Beautiful Glitch,"6,117","5,894",223,Very Positive,"['Indie', 'Simulation']"
3633760,KAZ,"Jul 13, 2026",$6.99,No Discount,Kalinarm,HAKURO,138,132,6,Very Positive,"['Action', 'Indie']"
2671230,BLADECHIMERA,"Jan 15, 2025",No Price,No Discount,Team Ladybug,PLAYISM,"1,433","1,275",158,Very Positive,"['Action', 'Indie']"
617480,Tower of Time,"Apr 12, 2018",$24.99,$1.74,Event Horizon,Event Horizon,"2,632","2,172",460,Mixed,"['Indie', 'RPG', 'Strategy']"
2694420,KILL KNIGHT,"Oct 2, 2024",No Price,No Discount,PlaySide,PlaySide,"2,006","1,879",127,Very Positive,['Action']
1463090,theHunter: Call of the Wild™ - Te Awaroa National Park,"Dec 10, 2020",$7.99,$3.99,Expansive Worlds,Avalanche Studios,450,286,164,Mixed,"['Adventure', 'Simulation', 'Sports']"
495050,Mega Man Legacy Collection 2,"Aug 8, 2017",$19.99,No Discount,"CAPCOM CO., LTD","CAPCOM CO., LTD","1,816","1,533",283,Very Positive,['Action']
4695140,Witchspire - Founder's Edition,"Jun 10, 2026",$14.99,No Discount,Envar Games,Envar Games,5,4,1,5 user reviews,"['Adventure', 'RPG']"
3290690,Styx: Blades of Greed,"Feb 19, 2026",$39.99,No Discount,Cyanide Studio,Nacon,"1,027",691,336,Mixed,"['Action', 'Adventure']"
572740,Nancy Drew®: The Secret of Shadow Ranch,"Jun 1, 2004",$9.99,No Discount,HeR Interactive,HeR Interactive,222,197,25,Very Positive,['Adventure']
2983250,AIR,"Mar 5, 2025",$29.99,No Discount,VISUAL ARTS/Key,VISUAL ARTS,796,781,15,Very Positive,"['Adventure', 'Casual', 'Simulation']"
491540,The Bus,"Mar 26, 2026",$39.99,No Discount,TML-Studios,Aerosoft GmbH,"8,359","6,088","2,271",Mixed,['Simulation']
283160,House of the Dying Sun,"Nov 1, 2016",$19.99,$5.99,"Marauder Interactive, LLC","Marauder Interactive, LLC","2,039","1,827",212,Very Positive,"['Action', 'Indie', 'Simulation']"
2173460,Echoes of the Living,"Oct 31, 2025",$24.99,No Discount,MoonGlint Studio,MoonGlint Studio,"1,009",846,163,Very Positive,"['Action', 'Adventure', 'Indie', 'Early Access']"
859570,Secret Neighbor: Hello Neighbor Multiplayer,"Oct 24, 2019",$19.99,No Discount,Hologryph,tinyBuild,"19,324","16,557","2,767",Very Positive,"['Action', 'Adventure', 'Indie']"
1136370,Bear and Breakfast,"Jul 28, 2022",$19.99,No Discount,Gummy Cat,Armor Games Studios,"5,322","4,764",558,Very Positive,"['Adventure', 'Casual', 'RPG', 'Simulation']"
94400,Nidhogg,"Jan 13, 2014",$9.99,No Discount,Messhof,Messhof,"7,890","7,106",784,Very Positive,"['Action', 'Indie', 'Sports']"
1206610,Rubber Bandits,"Dec 2, 2021",$9.99,$1.99,Flashbulb,Flashbulb,"7,167","6,009","1,158",Very Positive,"['Action', 'Casual', 'Indie']"
204030,Fable - The Lost Chapters,"Dec 19, 2011",$9.99,No Discount,Lionhead Studios,Xbox Game Studios,"8,270","7,627",643,Very Positive,"['Action', 'Adventure', 'RPG']"
3311900,Disney Dreamlight Valley: The Storybook Vale – Magical Edition,"Nov 20, 2024",No Price,No Discount,Gameloft,Gameloft,39,33,6,Positive,"['Action', 'Adventure', 'Casual', 'RPG']"
1240630,Hex of Steel,"Mar 5, 2020",Demo,No Discount,War Frogs Studio,War Frogs Studio,889,851,38,Very Positive,"['Indie', 'Strategy']"
3396290,Puni the Florist,"Jun 8, 2026",No Price,No Discount,Earthquack Games,Earthquack Games,155,154,1,Very Positive,"['Casual', 'Indie', 'Simulation']"
1770480,VTOL VR: AH-94 Attack Helicopter,"Jan 6, 2022",$11.99,No Discount,"Boundless Dynamics, LLC","Boundless Dynamics, LLC",787,762,25,Overwhelmingly Positive,"['Action', 'Indie', 'Simulation']"
2325920,Forestrike,"Nov 17, 2025",No Price,No Discount,Skeleton Crew Studio,Devolver Digital,987,909,78,Very Positive,"['Action', 'Indie']"
803600,Disgaea 5 Complete,"Oct 22, 2018",$39.99,No Discount,"Nippon Ichi Software, Inc.","NIS America, Inc.","3,583","3,136",447,Mostly Positive,"['RPG', 'Strategy']"
2707940,FPV Kamikaze Drone,"Dec 15, 2023",$5.99,No Discount,HFM Games,HFM Games,"12,679","11,085","1,594",Mostly Positive,"['Action', 'Massively Multiplayer', 'Simulation', 'Early Access']"
2421890,"Warhammer 40,000: Chaos Gate - Daemonhunters - Execution Force","Jul 25, 2023",$14.99,No Discount,Complex Games,Frontier Foundry,155,129,26,Very Positive,"['RPG', 'Strategy']"
2752180,No Sleep For Kaname Date - From AI: THE SOMNIUM FILES,"Jul 25, 2025",$39.99,No Discount,"Spike Chunsoft Co., Ltd.","Spike Chunsoft Co., Ltd.",930,760,170,Mostly Positive,['Adventure']
2184020,LIFTED,"Jul 22, 2026",No Price,No Discount,Adventure Works L.L.C.,Adventure Works L.L.C.,72,68,4,Very Positive,"['Action', 'Adventure', 'Indie']"
2378620,Anomaly Agent,"Jan 24, 2024",$11.99,$3.59,Phew Phew Games,Phew Phew Games,"9,837","9,333",504,Very Positive,"['Action', 'Adventure', 'Indie']"
3994610,Monster Lab Simulator,"Feb 13, 2026",$12.99,No Discount,Round 3 Studios,Round 3 Studios,564,429,135,Mostly Positive,"['Casual', 'Indie', 'Simulation', 'Strategy']"
2313540,Crusader Kings III: Legacy of Persia,"Nov 9, 2023",$12.99,No Discount,Paradox Thalassic,Paradox Interactive,629,361,268,Mixed,"['RPG', 'Simulation', 'Strategy']"
1076850,theHunter: Call of the Wild™ - Treestand & Tripod Pack,"Jun 3, 2019",$3.99,$1.99,Expansive Worlds,Avalanche Studios,287,206,81,Mostly Positive,"['Adventure', 'Simulation', 'Sports']"
2291340,The Baby In Yellow,"May 25, 2023",$8.99,No Discount,Team Terrible,Team Terrible,"2,457","2,375",82,Very Positive,"['Adventure', 'Indie', 'Simulation', 'Early Access']"
790710,World of Warplanes,"Sep 12, 2018",Free To Play,No Discount,Wargaming Group Limited,Wargaming Group Limited,"5,631","3,936","1,695",Mixed,"['Action', 'Massively Multiplayer', 'Simulation', 'Free To Play']"
2620,Call of Duty® (2003),"Oct 29, 2003",$19.99,No Discount,Infinity Ward,Activision,"7,758","7,342",416,Very Positive,['Action']
3030370,The Outlast Trials - Exotica Pack,"Jul 16, 2024",$19.99,No Discount,Red Barrels,Red Barrels,135,131,4,Very Positive,"['Action', 'Adventure', 'Indie']"
1456860,Euro Truck Simulator 2 - Farm Machinery,"Jul 14, 2025",$4.99,No Discount,SCS Software,SCS Software,157,133,24,Very Positive,"['Indie', 'Simulation']"
1998340,Labyrinth of Galleria: The Moon Society,"Feb 14, 2023",$49.99,No Discount,"Nippon Ichi Software, Inc.","NIS America, Inc.",588,480,108,Mostly Positive,"['RPG', 'Strategy']"
4126220,Crusaders Quest : Hero Town,"Mar 30, 2026",$6.99,No Discount,CQ LABS, LoadComplete,"2,520","1,940",580,Very Positive,"['Casual', 'Indie', 'RPG', 'Simulation']"
2503770,House of Legacy,"May 14, 2025",$14.99,No Discount,S3 Studio,Thermite Games,"3,902","3,245",657,Mostly Positive,"['Adventure', 'RPG', 'Simulation', 'Strategy']"
2051120,HOT WHEELS UNLEASHED™ 2 - Turbocharged,"Oct 19, 2023",$49.99,No Discount,Milestone S.r.l.,Milestone S.r.l.,"1,061",810,251,Mostly Positive,"['Action', 'Adventure', 'Racing', 'Simulation']"
4622330,CD Market - Music Label Sim,"Jul 17, 2026",No Price,No Discount,Lost Star Games,Lost Star Games,100,97,3,Very Positive,"['Simulation', 'Strategy']"
383120,Empyrion - Galactic Survival,"Aug 5, 2020",$19.99,No Discount,Eleon Game Studios,Eleon Game Studios,"34,366","26,960","7,406",Mixed,"['Adventure', 'Indie', 'Simulation', 'Strategy']"
4539740,"Ranch Simulator: Highland Cows Pack - Build, Farm, Hunt","May 25, 2026",$2.99,No Discount,Toxic Dog,Excalibur Games,21,18,3,Positive,['Simulation']
2564520,Lost in Random: The Eternal Die,"Jun 17, 2025",No Price,No Discount,Stormteller Games,Thunderful Publishing,973,843,130,Mostly Positive,"['Action', 'Adventure', 'RPG']"
321800,Icewind Dale: Enhanced Edition,"Oct 30, 2014",$19.99,No Discount,Beamdog,Beamdog,"3,653","3,287",366,Very Positive,"['Adventure', 'RPG']"
1221480,Big Hops,"Jan 12, 2026",$35.98,$19.78,Luckshot Games,Luckshot Games,540,499,41,Very Positive,"['Action', 'Adventure', 'Indie']"
2292650,Escape From Mystwood Mansion,"Sep 27, 2023",$16.99,No Discount,Lost Sock Studio,Lost Sock Studio,"1,365","1,268",97,Very Positive,"['Action', 'Adventure', 'Casual', 'Indie']"
383180,Dead Island: Riptide Definitive Edition,"May 31, 2016",$19.99,No Discount,Techland,Deep Silver,"12,947","9,214","3,733",Mostly Positive,['Action']
377870,DARIUSBURST Chronicle Saviours,"Dec 3, 2015",$49.99,$12.49,Pyramid,KOMODO,819,674,145,Very Positive,['Action']
350690,Supporter Pack - V16 Engines,"Sep 1, 2017",$9.99,No Discount,Camshaft Software,Camshaft Software,149,123,26,Very Positive,['Simulation']
262410,World of Guns: Gun Disassembly,"May 21, 2014",Free to Play,No Discount,Noble Empire Corp.,Noble Empire Corp.,"19,776","16,614","3,162",Very Positive,"['Casual', 'Indie', 'Simulation', 'Free To Play']"
3985030,Air Defender,"Nov 28, 2025",$20.19,No Discount,ROTOR3,ROTOR3,355,282,73,Mostly Positive,"['Casual', 'Indie', 'Simulation', 'Strategy']"
47898,The Sims™ 3 Generations,"May 31, 2011",$19.99,No Discount,The Sims Studio,Electronic Arts,127,112,15,Very Positive,['Simulation']
814540,Changed,"Apr 4, 2018",$4.99,No Discount,DragonSnow,DragonSnow,"18,427","15,919","2,508",Very Positive,"['Adventure', 'Indie', 'RPG']"
3061390,Inkwellers,"May 28, 2026",No Price,No Discount,ScrumptiousSprouts sp. z o.o.,ScrumptiousSprouts  sp. z o.o.,137,120,17,Very Positive,"['Adventure', 'Casual', 'Indie']"
3609320,Bombun,"Mar 27, 2026",No Price,No Discount,Kekitopu,Critical Bliss,321,310,11,Very Positive,"['Action', 'Casual', 'Indie']"
4689420,Hachishakusama | 八尺様がいた夏休み,"Jul 29, 2026",$7.44,$5.95,Fukachi World,Fukachi World,143,127,16,Very Positive,"['Adventure', 'Casual', 'Indie']"
301640,Zombie Army Trilogy,"Mar 6, 2015",$44.99,No Discount,Rebellion,Rebellion,"18,588","15,963","2,625",Very Positive,['Action']
2698470,Kemono Teatime,"Sep 3, 2025",No Price,No Discount,Studio Lalala,Studio Lalala,"1,615","1,536",79,Very Positive,"['Adventure', 'Indie', 'Simulation']"
2830150,Super Mining Mechs,"Oct 25, 2024",$4.99,$0.99,Delayed Victory,Delayed Victory,858,754,104,Mostly Positive,"['Adventure', 'Casual', 'Indie']"
2873080,The NOexistenceN of you AND me,"Dec 15, 2024",$1.99,No Discount,0x0Real Studio,Nino Games,"21,657","20,200","1,457",Very Positive,"['Adventure', 'Indie', 'RPG']"
3929740,Tom Clancy's Splinter Cell: Pandora Tomorrow,"Oct 14, 2025",$9.99,No Discount,Ubisoft,Ubisoft,561,420,141,Mixed,['Action']
2290000,TerraScape,"Jul 17, 2024",$14.99,No Discount,Bitfall Studios,Stray Fawn Publishing,"2,222","1,969",253,Mixed,"['Casual', 'Indie', 'Simulation', 'Strategy']"
2008400,Cities: Skylines - Plazas & Promenades,"Sep 14, 2022",$14.99,No Discount,Colossal Order,Paradox Interactive,346,193,153,Mixed,"['Simulation', 'Strategy']"
4009730,Feed the Reactor,"Jan 6, 2026",$6.99,No Discount,Adam Travers,Adam Travers,627,520,107,Very Positive,"['Casual', 'Simulation', 'Strategy']"
2475300,Carmen Sandiego,"Mar 3, 2025",$29.99,No Discount,Gameloft,Gameloft,95,66,29,Mixed,"['Adventure', 'Strategy']"
2782920,Gas Station Simulator - Car Junkyard DLC,"Sep 19, 2024",$16.99,$11.04,DRAGO entertainment,DRAGO entertainment,97,70,27,Mostly Positive,"['Indie', 'Simulation']"
1880832,Hogwarts Legacy: Dark Arts Pack,"Feb 10, 2023",$19.99,No Discount,Avalanche Software,Warner Bros. Games,"1,237",786,451,Mixed,"['Action', 'Adventure', 'RPG']"
1062160,Poly Bridge 2,"May 28, 2020",$14.99,No Discount,Dry Cactus,Dry Cactus,"8,233","7,824",409,Very Positive,"['Indie', 'Simulation']"
2218400,Greedland,"Sep 15, 2025",No Price,No Discount,VaMP He,Gamersky Games,"3,295","2,745",550,Very Positive,"['Action', 'Adventure', 'Casual', 'Indie']"
2725090,HER TREES : THE PUZZLE HOUSE,"Feb 29, 2024",$1.99,No Discount,Stone,Stone,983,932,51,Very Positive,"['Adventure', 'Indie']"
1348660,Country Pack - Hearts of Iron IV: Battle for the Bosporus,"Oct 15, 2020",$9.99,No Discount,Paradox Development Studio,Paradox Interactive,"3,423","1,559","1,864",Mixed,"['Simulation', 'Strategy']"
3832010,SaveSync: Co-op Save Sharing Made Easy,"Sep 19, 2025",$5.99,No Discount,SaveSync,SaveSync,193,178,15,Very Positive,"['Indie', 'Utilities', 'Early Access']"
3194360,Formula Legends,"Sep 18, 2025",No Price,No Discount,3DClouds,3DClouds,932,773,159,Very Positive,"['Action', 'Casual', 'Indie', 'Racing']"
3179730,Deck of Haunts,"May 7, 2025",$19.99,No Discount,Mantis,DANGEN Entertainment,"1,388","1,191",197,Mostly Positive,"['Indie', 'Simulation', 'Strategy']"
2834350,BOOK OF HOURS: HOUSE OF LIGHT,"Sep 26, 2024",$14.99,No Discount,Weather Factory,Weather Factory,198,188,10,Very Positive,"['Indie', 'RPG', 'Simulation']"
4317900,Infinite Ruins,"Jul 27, 2026",No Price,No Discount,Kileka Games,Kileka Games,110,82,28,Mostly Positive,"['Casual', 'Indie', 'Strategy']"
2682380,Extinction Day,"Apr 10, 2026",$26.38,$10.86,DryGin Studios,DryGin Studios,205,161,44,Mixed,"['Indie', 'Simulation', 'Strategy']"
4511560,Dorfromantik - Medieval Biome Pack,"Jun 2, 2026",$4.99,No Discount,Toukana Interactive,Toukana Interactive,27,22,5,Positive,"['Casual', 'Indie', 'Simulation', 'Strategy']"
218230,PlanetSide 2,"Nov 20, 2012",Free to Play,No Discount,Rogue Planet Games,Daybreak Game Company,"74,767","60,146","14,621",Mixed,"['Action', 'Massively Multiplayer', 'Free To Play']"
2395770,Never Grave: The Witch and The Curse,"Mar 4, 2026",$16.99,No Discount,Frontside 180,Pocketpair Publishing,641,467,174,Very Positive,"['Action', 'Adventure', 'Indie']"
2903560,Platform 8,"May 31, 2024",$3.99,No Discount,KOTAKE CREATE,PLAYISM,"2,830","2,458",372,Very Positive,"['Adventure', 'Indie', 'Simulation']"
1449200,AI: THE SOMNIUM FILES - nirvanA Initiative,"Jun 24, 2022",$39.99,No Discount,"Spike Chunsoft Co., Ltd.","Spike Chunsoft Co., Ltd.","3,744","3,232",512,Very Positive,['Adventure']
2928520,Recycling Center Simulator,"Oct 2, 2024",$22.39,$17.76,Balas Games,PlayWay S.A.,"2,919","2,515",404,Mixed,"['Casual', 'Indie', 'Simulation']"
1709880,Loco Motive,"Nov 21, 2024",$17.99,No Discount,Robust Games,Chucklefish,"1,221","1,139",82,Very Positive,"['Adventure', 'Indie']"
460810,Vanquish,"May 25, 2017",$19.99,No Discount,PlatinumGames,SEGA,"7,930","7,102",828,Very Positive,['Action']
715191,Cities: Skylines - Parklife,"May 24, 2018",$14.99,No Discount,Colossal Order,Paradox Interactive,815,719,96,Very Positive,"['Simulation', 'Strategy']"
1920480,River City Girls 2,"Dec 14, 2022",$39.99,No Discount,WayForward,WayForward,"2,008","1,715",293,Mostly Positive,"['Action', 'Adventure', 'RPG']"
2525510,NITRO GEN OMEGA,"May 12, 2026",$29.99,No Discount,DESTINYbit,DESTINYbit,443,378,65,Mostly Positive,"['RPG', 'Strategy']"
1417930,Lorn's Lure,"Sep 20, 2024",No Price,No Discount,Rubeki Games,Rubeki Games,"2,789","2,406",383,Mostly Positive,"['Action', 'Adventure', 'Indie']"
2112231,Car Mechanic Simulator 2021 - Drag Racing DLC,"Nov 9, 2022",$14.99,No Discount,Red Dot Games,PlayWay S.A.,99,72,27,Mostly Positive,"['Racing', 'Simulation']"
2922410,Achilles: Survivor,"Jul 29, 2025",$6.99,No Discount,Dark Point Games,Dark Point Games,"1,619","1,335",284,Very Positive,"['Action', 'Adventure']"
990630,The Last Campfire,"Oct 7, 2021",No Price,No Discount,Hello Games,Hello Games,"20,236","19,735",501,Overwhelmingly Positive,"['Adventure', 'Indie']"
1857740,MOBILE SUIT GUNDAM SEED BATTLE DESTINY REMASTERED,"May 21, 2025",$39.99,No Discount,Bandai Namco Forge Digitals Inc.,Bandai Namco Entertainment Inc.,847,668,179,Mostly Positive,"['Action', 'Casual', 'RPG']"
1626170,People of Note,"Apr 7, 2026",$24.99,No Discount,Iridium Studios,Annapurna Interactive,450,406,44,Very Positive,['RPG']
3572140,Battle for Brooklyn DLC - Tom Clancy's The Division 2,"May 27, 2025",$14.99,No Discount,Ubisoft,Ubisoft,325,147,178,Mixed,"['Action', 'Adventure', 'RPG']"
4028440,Jump Space - Supporter Upgrade,"Oct 27, 2025",$9.99,No Discount,Keepsake Games,Keepsake Games,66,66,0,Very Positive,"['Action', 'Adventure', 'Indie']"
269770,Secrets of Grindea,"Feb 29, 2024",No Price,No Discount,Pixel Ferrets,Pixel Ferrets,"8,570","7,637",933,Mostly Positive,"['Action', 'Adventure', 'Indie', 'RPG']"
2624670,Find Matt's Cats,"Mar 16, 2026",No Price,No Discount,Matt Roszak,Matt Roszak,762,748,14,Very Positive,"['Casual', 'Indie']"
2100,Dark Messiah of Might & Magic,"Oct 25, 2006",$9.99,No Discount,Arkane Studios,Ubisoft,"11,763","10,690","1,073",Very Positive,"['Action', 'RPG']"
702890,BlazBlue: Cross Tag Battle,"Nov 20, 2019",$19.99,No Discount,Arc System Works,Arc System Works,"4,679","3,752",927,Very Positive,['Action']
1349230,5D Chess With Multiverse Time Travel,"Jul 22, 2020",$11.99,No Discount,Conor Petersen,Conor Petersen,"8,933","8,627",306,Very Positive,['Indie']
2213190,DEATH NOTE Killer Within,"Nov 5, 2024",$9.99,No Discount,Grounding Inc.,Bandai Namco Entertainment Inc.,"2,711","2,297",414,Mixed,"['Casual', 'Strategy']"
3657210,Amanda the Adventurer 3,"Nov 6, 2025",No Price,No Discount,MANGLEDmaw Games,DreadXP,736,643,93,Very Positive,"['Adventure', 'Indie']"
920490,Driver Booster for Steam,"Nov 1, 2018",Free,No Discount,IObit,IObit,"10,630","8,873","1,757",Mostly Positive,['Utilities']
2355150,Mudborne: Frog Management Sim,"Mar 20, 2025",No Price,No Discount,ellraiser,Future Friends Games,"1,062","1,027",35,Very Positive,['Casual']
666140,My Time at Portia,"Jan 15, 2019",$29.99,No Discount,Pathea Games,Focus Entertainment,"44,259","40,498","3,761",Mostly Positive,"['Adventure', 'Casual', 'Indie', 'RPG']"
2005870,House of Necrosis,"Oct 6, 2025",No Price,No Discount,Warkus,Warkus,595,563,32,Very Positive,['RPG']
2458830,Towerborne,"Feb 26, 2026",$24.99,$14.99,Stoic,Xbox Game Studios,"1,539","1,015",524,Mixed,"['Action', 'Adventure', 'RPG']"
3708940,Palia - Founders Pack,"May 12, 2025",$29.99,No Discount,Singularity 6 Corporation,Singularity 6 Corporation,35,25,10,Mostly Positive,"['Adventure', 'Casual', 'Indie', 'RPG']"
999020,Mega Man Zero/ZX Legacy Collection,"Feb 25, 2020",$29.99,No Discount,"CAPCOM CO., LTD.","CAPCOM CO., LTD.","2,748","2,100",648,Mixed,"['Action', 'RPG']"
322520,DYNASTY WARRIORS 8 Empires,"Feb 26, 2015",$49.99,$14.99,"KOEI TECMO GAMES CO., LTD.","KOEI TECMO GAMES CO., LTD.","1,663","1,103",560,Mixed,['Action']
577690,Spooky's Jump Scare Mansion: HD Renovation,"Mar 1, 2017",$9.99,No Discount,Albino Moose Games,Albino Moose Games,"3,964","3,809",155,Very Positive,"['Action', 'Adventure', 'Indie']"
2692500,Holdfast OST - The Plight of War,"Jan 17, 2024",$5.99,No Discount,Anvil Game Studios,Anvil Game Studios,25,24,1,Positive,['None']
1696810,Railroads Online,"Dec 5, 2024",$47.98,$28.78,Stefan Kelnberger,astragon Entertainment,"6,000","4,480","1,520",Mixed,"['Indie', 'Simulation']"
2265990,ENDALOR,"Mar 30, 2026",$19.99,No Discount,Diorite Games,Diorite Games,266,187,79,Mixed,"['Action', 'Adventure', 'Indie', 'RPG']"
2270,Wolfenstein 3D,"Aug 3, 1994",$4.99,$1.49,id Software,Bethesda Softworks,"4,320","4,032",288,Very Positive,['Action']
9420,Supreme Commander: Forged Alliance,"Sep 28, 2011",$12.99,No Discount,Gas Powered Games,Square Enix,"14,303","13,834",469,Very Positive,['Strategy']
3818000,Guns and Nuns: Storming Hell,"Apr 3, 2026",No Price,No Discount,RM120,RM120,817,721,96,Very Positive,['Action']
297130,Titan Souls,"Apr 14, 2015",$14.99,No Discount,Acid Nerve,Devolver Digital,"13,768","10,854","2,914",Mixed,"['Action', 'Adventure', 'Indie']"
3376250,Nine-Ball Roulette,"Dec 4, 2025",$3.99,No Discount,WaveBox Labs,WaveBox Labs,"2,351","2,071",280,Very Positive,"['RPG', 'Simulation', 'Sports']"
3158590,Blood West: Dead Man’s Promise,"Dec 18, 2024",$9.99,$7.49,Hyperstrange,New Blood Interactive,388,317,71,Very Positive,"['Action', 'RPG']"
2514960,Refind Self: The Personality Test Game,"Nov 13, 2023",$7.99,$5.59,Lizardry,PLAYISM,"3,753","3,284",469,Very Positive,"['Adventure', 'Casual', 'Indie']"
3750770,"theHunter: Call of the Wild™ – Pump, Flip and Fire Pack","Aug 26, 2025",$4.99,$3.49,Expansive Worlds,Avalanche Studios,43,32,11,Mostly Positive,"['Adventure', 'Simulation', 'Sports']"
3585460,Galactic Vault,"Mar 10, 2026",$19.99,No Discount,MeepMeep Games,MeepMeep Games,158,143,15,Very Positive,"['Action', 'Indie']"
1983900,V Rising - Dracula's Relics Pack,"May 17, 2022",$9.99,No Discount,Stunlock Studios,Stunlock Studios,210,179,31,Very Positive,"['Action', 'Adventure', 'Massively Multiplayer']"
3508910,Abyss Kitchen,"Jul 23, 2026",$11.99,$10.79,Pico Games,Pico Games,146,133,13,Very Positive,"['Action', 'Casual', 'Indie', 'Strategy']"
2151290,Football Coach: College Dynasty,"Jan 16, 2025",$19.99,No Discount,SidelineSim Studios,SidelineSim Studios,"1,493","1,429",64,Very Positive,"['Simulation', 'Sports', 'Strategy']"
1924070,Arcadia Fallen II,"Apr 9, 2026",$29.99,No Discount,Galdra Studios,Galdra Studios,188,187,1,Very Positive,"['Adventure', 'Casual', 'Indie', 'RPG']"
1744330,No More Heroes 3,"Oct 11, 2022",$39.99,No Discount,GRASSHOPPER MANUFACTURE INC.,XSEED Games,"1,065",836,229,Mixed,['Action']
2836100,Gemporium: A Cute Mining Sim,"Aug 7, 2025",No Price,No Discount,Merge Conflict Studio,Merge Conflict Studio,"1,119","1,051",68,Very Positive,"['Action', 'Simulation']"
2945630,Cities: Skylines II - Creator Pack: Leisure Venues,"Mar 18, 2025",$7.99,No Discount,Gruny,Paradox Interactive,141,91,50,Mixed,['Simulation']
2078450,"Warhammer 40,000: Speed Freeks","May 22, 2025",$19.99,No Discount,Caged Element,Wired Productions,"4,863","3,938",925,Mixed,['Racing']
4739950,Value Pack – FOR HONOR,"Jul 23, 2026",$24.99,No Discount,Ubisoft,Ubisoft,1,1,0,1 user reviews,['Action']
4035830,Train Sim World® 6: Northeast Corridor Metro-North: New York - Stamford Route Add-On ,"Mar 19, 2026",$44.99,No Discount,Dovetail Games,Dovetail Games - TSW,52,25,27,Mixed,['Simulation']
991270,The Legend of Heroes: Trails of Cold Steel III,"Mar 23, 2020",No Price,No Discount,Nihon Falcom,"NIS America, Inc.","3,237","2,949",288,Very Positive,['RPG']
1789490,"Love, Ghostie","Aug 14, 2024",$19.99,No Discount,"Janbeh Games, LLC","Janbeh Games, LLC",643,620,23,Very Positive,"['Casual', 'Indie', 'Simulation']"
2008100,Rule the Waves 3,"May 18, 2023",$39.99,No Discount,Naval Warfare Simulations,Matrix Games,"1,067",932,135,Very Positive,"['Simulation', 'Strategy']"
4603110,Dusk City - Beacon of Tranquility,"Jun 19, 2026",$19.99,No Discount,Suteneko Lab.,Dieselmine,29,27,2,Positive,"['Action', 'Adventure']"
3124580,of the Devil - Episode 1,"Feb 6, 2025",$9.99,$7.49,nth Circle Studios,nth Circle Studios,335,330,5,Very Positive,"['Adventure', 'Indie']"
1823950,Laysara: Summit Kingdom,"Feb 27, 2026",$24.99,No Discount,Quite OK Games,Future Friends Games,"1,461","1,198",263,Very Positive,"['Indie', 'Simulation', 'Strategy']"
4661970,Tom Clancy’s The Division 2 – CBRN Mask Pack,"Jun 16, 2026",$19.99,No Discount,Ubisoft,Ubisoft,4,2,2,4 user reviews,"['Action', 'Adventure', 'RPG']"
3681910,BlazBlue Entropy Effect - Bullet Character Pack,"Jun 26, 2025",$4.99,$2.49,91Act,91Act,235,227,8,Very Positive,"['Action', 'Adventure', 'Indie']"
375530,"Football, Tactics & Glory","Jun 1, 2018",Try Demo,No Discount,Creoteam,Creoteam,"4,356","3,796",560,Very Positive,"['Simulation', 'Sports', 'Strategy']"
217200,Worms Armageddon,"May 31, 1999",$14.99,No Discount,Team17 Digital Ltd,Team17 Digital Ltd,"10,860","10,245",615,Very Positive,['Strategy']
2942780,Bloobs Adventure Idle,"Jun 1, 2026",No Price,No Discount,Bloobs_Dev,Bloobs_Dev,661,591,70,Very Positive,"['Adventure', 'Casual', 'Indie', 'RPG']"
1109680,Regiments,"Aug 16, 2022",No Price,No Discount,Bird's Eye Games,MicroProse Software,"2,920","2,564",356,Very Positive,"['Indie', 'Simulation', 'Strategy']"
15120,Tom Clancy's Rainbow Six® Vegas 2,"Apr 16, 2008",$9.99,No Discount,Ubisoft Montreal,Ubisoft,"6,090","5,171",919,Very Positive,['Action']
2106840,PARANORMASIGHT: The Seven Mysteries of Honjo,"Mar 8, 2023",$19.99,No Discount,Square Enix,Square Enix,"7,092","6,774",318,Very Positive,"['Adventure', 'RPG', 'Simulation']"
"49520,207870,208690,213210,213230,213250,213780,218550,224200,230090",Borderlands 2 Game of the Year,"Sep 17, 2012",$19.99,$4.99,Gearbox Software,2K,"319,545","282,983","36,562",Very Positive,"['Action', 'RPG']"
4151830,Nippets: A Hidden Object Game,"Apr 7, 2026",$12.99,$10.39,Blink Industries,Blink Industries,223,207,16,Very Positive,"['Casual', 'Indie']"
4538540,Throne and Liberty Nix Celebration Pack: Silver,"Jun 25, 2026",$49.99,No Discount,NC,Amazon Game Studios,0,0,0,"['Action', 'Adventure', 'Massively Multiplayer', 'RPG']",
1386780,City of Gangsters,"Aug 9, 2021",$29.99,$5.99,SomaSim,Kasedo Games,"1,557","1,137",420,Mostly Positive,"['Simulation', 'Strategy']"
896520,Stay Out of the House,"Oct 13, 2022",$14.99,No Discount,Puppet Combo,Puppet Combo,"1,862","1,757",105,Very Positive,"['Action', 'Adventure', 'Indie', 'Simulation']"
3856280,holoVillage: Our Cozy Days,"Apr 24, 2026",$24.99,No Discount, Roboqlo, holo Indie,520,433,87,Very Positive,"['Adventure', 'Indie', 'RPG', 'Simulation']"
334230,Town of Salem,"Dec 15, 2014",$4.99,No Discount,BlankMediaGames,Digital Bandidos,"36,267","31,873","4,394",Mixed,"['Action', 'Casual', 'RPG', 'Strategy']"
1722280,Solasta: Crown of the Magister - Primal Calling,"Nov 4, 2021",$7.99,No Discount,Tactical Adventures,Tactical Adventures,112,75,37,Mixed,"['Adventure', 'Indie', 'RPG', 'Strategy']"
1369690,King's Orders,"Oct 25, 2024",$14.99,$5.99,AFTERLIFE👻,Games Operators,263,188,75,Mostly Positive,"['Indie', 'Simulation', 'Strategy']"
2960770,The Anomaly Project,"Nov 21, 2024",$7.99,No Discount,Kekdot,Kekdot,632,515,117,Very Positive,"['Action', 'Adventure', 'Casual', 'Indie']"
1018830,Element TD 2 - Tower Defense,"Apr 2, 2021",$14.99,No Discount,Element Studios,Element Studios,"3,252","2,909",343,Very Positive,"['Indie', 'Strategy']"
2888120,Auto Clicker,"Sep 19, 2024",$4.99,No Discount,Playsaurus,Playsaurus,699,610,89,Very Positive,['Utilities']
2944840,Granblue Fantasy: Relink - Character Expansion Set: Sandalphon,"May 30, 2024",$2.99,No Discount,"Cygames, Inc.","Cygames, Inc.",44,40,4,Positive,"['Action', 'Adventure', 'RPG']"
1375750,Regions of Ruin: Runegate,"Apr 14, 2026",No Price,No Discount,Gameclaw Studio,Raw Fury,383,335,48,Very Positive,"['Action', 'Adventure', 'Indie', 'RPG']"
2810210,Codename CURE II,"Jul 24, 2026",Free To Play,No Discount,Raptor Byte,indie.io,894,700,194,Mostly Positive,"['Action', 'Indie', 'Free To Play']"
1997660,GreedFall: The Dying World,"Mar 10, 2026",$49.99,No Discount,Spiders,Nacon,"1,492",863,629,Mixed,"['Action', 'Adventure', 'RPG']"
1269640,Beacon Pines,"Sep 22, 2022",$19.99,No Discount,Hiding Spot,Fellow Traveller,"4,438","4,333",105,Very Positive,"['Adventure', 'Casual', 'Indie']"
3920290,Dispatch Soundtrack,"Oct 22, 2025",$9.99,No Discount,AdHoc Studio,AdHoc Studio,62,57,5,Very Positive,['None']
1404850,Luck be a Landlord,"Jan 6, 2023",No Price,No Discount,TrampolineTales,TrampolineTales,"11,506","10,726",780,Very Positive,"['Indie', 'Simulation', 'Strategy']"
1342330,Mad Games Tycoon 2,"May 31, 2023",$24.99,No Discount,Eggcode,Eggcode,"7,746","7,268",478,Very Positive,"['Casual', 'Indie', 'Simulation', 'Strategy']"
4020490,Smack Talk,"Nov 26, 2025",$5.99,No Discount,Monchii Studio,Monchii Studio,919,882,37,Very Positive,"['Action', 'Casual', 'Indie', 'Early Access']"
253430,CastleMiner Z,"Nov 9, 2011",$5.99,No Discount,DigitalDNA Games,DigitalDNA Games,"11,161","9,070","2,091",Very Positive,"['Action', 'Adventure', 'Indie']"
261030,The Walking Dead: Season Two,"Dec 17, 2013",$14.99,No Discount,Telltale Games,Skybound Games,"33,900","32,742","1,158",Overwhelmingly Positive,['Adventure']
2078350,Bluey: The Videogame,"Nov 17, 2023",$29.99,No Discount,Artax Games.,Outright Games Ltd.,604,450,154,Mostly Positive,"['Action', 'Adventure']"
3166810,Insider Trading,"Feb 18, 2026",$12.89,No Discount,Naiive,Naiive,634,508,126,Mostly Positive,"['Casual', 'Indie', 'Strategy']"
4031130,Cities: Skylines - Race Day,"Mar 10, 2026",$12.99,No Discount,Tantalus Media,Paradox Interactive,104,43,61,Mixed,"['Simulation', 'Strategy']"
1348140,Resident Evil 3 - All In-game Rewards Unlock,"Aug 5, 2020",$4.99,No Discount,"CAPCOM Co., Ltd.","CAPCOM Co., Ltd.",319,283,36,Very Positive,['Action']
2821800,Drill Core,"Jul 17, 2025",$19.99,No Discount,Hungry Couch Games,tinyBuild,"2,425","2,062",363,Very Positive,"['Indie', 'Strategy']"
2648050,Sam & Max: The Devil's Playhouse,"Aug 14, 2024",$19.99,No Discount,Skunkape Games,Skunkape Games,442,436,6,Very Positive,"['Adventure', 'Indie']"
425580,The Room Two,"Jul 5, 2016",$4.99,No Discount,Fireproof Games,Fireproof Games,"21,685","21,150",535,Very Positive,"['Adventure', 'Indie']"
1627350,DEAD LETTER DEPT.,"Jan 30, 2025",No Price,No Discount,Mike Monroe,Belief Engine,"1,835","1,746",89,Very Positive,['Indie']
1355090,RAILGRADE,"Oct 13, 2023",$29.99,No Discount,Minakata Dynamics,Minakata Dynamics,"1,249","1,063",186,Very Positive,"['Simulation', 'Strategy']"
4067130,Drifter Star: Evolution,"Dec 10, 2025",$3.99,No Discount,Kayla Studio,Happy Kayla,"1,127",835,292,Mostly Positive,"['Adventure', 'Casual', 'Indie', 'RPG']"
2736340,Kingdom Two Crowns: Call of Olympus,"Oct 8, 2024",$9.99,No Discount,Fury Studios,Raw Fury,930,602,328,Mixed,"['Adventure', 'Indie', 'Simulation', 'Strategy']"
858820,Tribes of Midgard,"Jul 27, 2021",$19.99,No Discount,Norsfell,Gearbox Publishing,"23,220","17,737","5,483",Mixed,"['Action', 'Adventure', 'Indie', 'RPG']"
1123050,GRIME,"Aug 2, 2021",No Price,No Discount,Clover Bite,Akupara Games,"6,698","5,685","1,013",Mostly Positive,"['Action', 'Indie', 'RPG']"
1449280,Ghostbusters: The Video Game Remastered,"Oct 4, 2019",$24.99,No Discount,Saber Interactive,"Mad Dog Games, LLC","2,543","2,305",238,Very Positive,['Action']
4234590,The Jolly Raider Armor Set,"Dec 18, 2025",$8.99,No Discount,The Fun Pimps,The Fun Pimps,19,16,3,Positive,"['Action', 'Adventure', 'Indie', 'RPG']"
3208910,The Good Dog: Chasing Shadows,"May 5, 2026",No Price,No Discount,Poultry Party Games,Poultry Party Games,84,70,14,Very Positive,"['Action', 'Adventure', 'Early Access']"
591460,Parkasaurus,"Aug 13, 2020",$24.99,No Discount,Washbear Studio,Washbear Studio,"3,119","2,907",212,Very Positive,"['Simulation', 'Strategy']"
2719560,Hunt: Showdown 1896 - The Reckoning Son,"May 23, 2024",$9.99,$7.49,Crytek,Crytek,188,112,76,Mixed,['Action']
2792150,"Warhammer 40,000: Space Marine 2 - Ultramarines Cosmetic Pack","Oct 3, 2024",$4.99,No Discount,Saber Interactive,Focus Entertainment,671,288,383,Mixed,"['Action', 'Adventure', 'RPG']"
1615100,The Last Stand Legacy Collection,"Jul 15, 2021",$9.99,No Discount,Con Artist Games,Armor Games Studios,"2,715","2,438",277,Very Positive,"['Action', 'Adventure']"
297860,Split/Second,"May 18, 2010",$19.99,No Discount,Black Rock Studio,Disney,"2,560","2,075",485,Very Positive,"['Action', 'Racing']"
1340140,DRACU-RIOT!,"Feb 27, 2026",$34.99,No Discount,YUZUSOFT,NekoNyan Ltd.,"1,211","1,192",19,Very Positive,['Adventure']
378540,The Surge,"May 15, 2017",$14.99,No Discount,Deck13,Focus Entertainment,"12,147","9,062","3,085",Mostly Positive,"['Action', 'RPG']"
226820,Nancy Drew®: Ghost of Thornton Hall,"May 14, 2013",$19.99,No Discount,"HeR Interactive, Inc.",HeR Interactive,326,303,23,Very Positive,['Adventure']
551170,Onmyoji,"Apr 18, 2018",Free To Play,No Discount,NetEase Games,NetEase Games,"3,090","2,530",560,Very Positive,"['Adventure', 'RPG', 'Strategy']"
47930,The Sims™ 3 Pets,"Oct 18, 2011",$19.99,No Discount,The Sims Studio,Electronic Arts,357,294,63,Very Positive,['Simulation']
1477590,EZ2ON REBOOT : R,"Apr 14, 2022",$44.99,No Discount,"Neonovice Co., Ltd.","Neonovice Co., Ltd.","6,238","5,675",563,Very Positive,"['Action', 'Casual', 'Sports']"
1887030,Hatsune Miku: Project DIVA Mega Mix+ Extra Song Pack,"May 26, 2022",$34.99,No Discount,SEGA,SEGA,268,233,35,Very Positive,['Action']
715194,Cities: Skylines - Industries,"Oct 23, 2018",$14.99,No Discount,Colossal Order,Paradox Interactive,943,691,252,Mostly Positive,"['Simulation', 'Strategy']"
2792190,"Warhammer 40,000: Space Marine 2 - White Scars Chapter Pack","Jun 26, 2025",$9.99,No Discount,Saber Interactive,Focus Entertainment,172,89,83,Mixed,"['Action', 'Adventure', 'RPG']"
3064810,Strategos,"Jan 20, 2026",$24.99,No Discount,Strategos Games,MicroProse Software,247,213,34,Very Positive,"['Simulation', 'Strategy', 'Early Access']"
363150,Romance of the Three Kingdoms XIII,"Jan 27, 2016",$59.99,$17.99,"KOEI TECMO GAMES CO., LTD.","KOEI TECMO GAMES CO., LTD.","7,599","4,404","3,195",Mostly Positive,['Simulation']
326360,Warspear Online,"Nov 2, 2017",Free To Play,No Discount,Titulum Enterprises Limited,Titulum Enterprises Limited,"3,136","2,257",879,Mixed,"['Massively Multiplayer', 'RPG', 'Free To Play']"
2166060,Amanda the Adventurer,"Apr 25, 2023",$8.99,No Discount,MANGLEDmaw Games,DreadXP,"7,246","6,782",464,Very Positive,['Indie']
2834910,Rocksmith+,"Jun 6, 2024",Free To Play,No Discount,Ubisoft San Francisco,Ubisoft,"2,086",387,"1,699",Mostly Negative,"['Casual', 'Free To Play']"
997380,The Sapling,"Dec 12, 2019",$17.99,No Discount,Wessel Stoop,Wessel Stoop,"1,966","1,754",212,Mostly Positive,"['Simulation', 'Early Access']"
1697700,Who's Lila?,"Feb 23, 2022",No Price,No Discount,Garage Heathen,Garage Heathen,"3,752","3,541",211,Very Positive,"['Adventure', 'Casual', 'Indie', 'RPG']"
57900,Duke Nukem Forever,"Jun 13, 2011",$19.99,No Discount,Gearbox Software,2K,"11,588","8,031","3,557",Mostly Positive,['Action']
357070,UBERMOSH,"Aug 13, 2015",$4.99,$0.49,Walter Machado,Walter Machado,"8,734","8,065",669,Overwhelmingly Positive,"['Action', 'Indie']"
1123450,Chicory: A Colorful Tale,"Jun 10, 2021",$19.99,No Discount,Wishes Ultd.,Finji,"3,988","3,885",103,Very Positive,"['Adventure', 'Indie', 'RPG']"
2200580,Pocky & Rocky Reshrined,"Feb 24, 2023",$29.99,$16.49,Winning Entertainment Group Inc.,Winning Entertainment Group Inc.,260,231,29,Very Positive,['Action']
2088781,Little Nightmares III - The Backstage,"Jun 11, 2026",$7.99,No Discount,Supermassive Games,Bandai Namco Entertainment,269,226,43,Very Positive,['Adventure']
1524910,House Party - Detective Liz Katz in a Gritty Kitty Murder Mystery Expansion Pack,"May 26, 2023",$9.99,No Discount,"Eek! Games, LLC","Eek! Games, LLC",134,110,24,Very Positive,"['Adventure', 'Casual', 'Indie', 'Simulation']"
3438800,Doodle Empires,"May 30, 2025",$6.99,No Discount,Turtle Stack Games,Turtle Stack Games,"1,234","1,138",96,Very Positive,"['Indie', 'Simulation', 'Strategy', 'Early Access']"
3143910,Tattoo Removal Simulator,"Jun 1, 2026",No Price,No Discount,Uraga,Uraga,67,45,22,Mixed,"['Casual', 'Simulation']"
1281640,Medic: Pacific War,"Jun 4, 2026",$9.99,No Discount,Hypnotic Ants,IZilla Games,147,109,38,Mostly Positive,"['Action', 'Simulation', 'Early Access']"
751630,After the Fall®,"Dec 9, 2021",$19.99,$4.99,Vertigo Games,Vertigo Games,"3,108","2,400",708,Very Positive,"['Action', 'Adventure']"
3004100,FREEDOM WARS Remastered,"Jan 9, 2025",No Price,No Discount,Dimps Corporation,Bandai Namco Entertainment Inc.,"1,348",944,404,Mixed,['Action']
405290,Charlie Murder,"May 12, 2017",$9.99,No Discount,Ska Studios,Ska Studios,"2,907","2,787",120,Very Positive,"['Action', 'Adventure', 'Indie', 'RPG']"
1570450,Artificial Extinction 2,"Jun 10, 2026",No Price,No Discount,100Hr Games Inc,100Hr Games Inc,118,94,24,Very Positive,['Action']
1243770,Holdfast: Nations At War - Loyalist Upgrade,"Mar 5, 2020",$4.99,No Discount,Anvil Game Studios,Anvil Game Studios,57,52,5,Very Positive,"['Action', 'Indie', 'Massively Multiplayer', 'Simulation']"
363440,Mega Man Legacy Collection,"Aug 24, 2015",$14.99,No Discount,Capcom,Capcom,"5,347","4,619",728,Very Positive,['Action']
863500,All Quiet in the Trenches,"Jan 17, 2024",$24.99,No Discount,Totally Not Aliens,Totally Not Aliens,925,836,89,Very Positive,"['Indie', 'RPG', 'Simulation', 'Strategy']"
2849680,Utopia Must Fall,"Sep 9, 2024",$8.99,$5.21,Pixeljam,Pixeljam,"1,293","1,228",65,Very Positive,"['Action', 'Casual', 'Early Access']"
1755080,Away From Life,"Apr 22, 2026",$12.99,No Discount,Cursor Games,IZilla Games,218,148,70,Mostly Positive,"['Action', 'Adventure', 'Indie', 'Massively Multiplayer']"
1191120,Growing Up,"Oct 13, 2021",$14.99,No Discount,Vile Monarch,Vile Monarch,"3,682","3,235",447,Very Positive,"['Adventure', 'Casual', 'Indie', 'RPG']"
256320,LEGO® Marvel Super Heroes DLC: Super Pack,"Dec 18, 2013",$4.99,$1.24,Traveller's Tales,Warner Bros. Interactive Entertainment,174,150,24,Very Positive,"['Action', 'Adventure']"
4196080,Supermarket Simulator - Essentials DLC,"Mar 6, 2026",$1.99,No Discount,Nokta Games,Nokta Games,21,14,7,Mixed,"['Casual', 'Indie', 'Simulation']"
2737300,Parking Garage Rally Circuit,"Sep 20, 2024",$9.99,No Discount,Walaber Entertainment LLC,Walaber Entertainment LLC,"1,682","1,625",57,Very Positive,"['Action', 'Indie', 'Racing']"
3022980,Automobilista 2 - IMSA Track Pack,"Nov 29, 2024",$14.99,No Discount,Reiza Studios,Reiza Studios,43,36,7,Positive,"['Action', 'Indie', 'Racing', 'Simulation']"
2543180,POPUCOM,"Jun 1, 2025",$19.99,No Discount,Hypergryph,GRYPHLINE,"4,196","3,643",553,Mixed,"['Action', 'Adventure', 'Casual']"
1351630,Ys IX: Monstrum Nox,"Jul 6, 2021",No Price,No Discount,Nihon Falcom,"NIS America, Inc.","1,919","1,809",110,Very Positive,"['Action', 'RPG']"
4141950,Kugayama Shiori's Death Diary,"Apr 29, 2026",$24.99,No Discount,Laplacian,Laplacian,934,890,44,Overwhelmingly Positive,"['Adventure', 'Casual']"
1889040,Birth,"Feb 17, 2023",$10.99,$5.49,Madison Karrh,Madison Karrh,"4,151","3,980",171,Very Positive,"['Adventure', 'Indie']"
369150,Cities: Skylines - After Dark,"Sep 24, 2015",$14.99,No Discount,Colossal Order,Paradox Interactive,900,769,131,Very Positive,"['Simulation', 'Strategy']"
2897610,Egging On,"Nov 6, 2025",$14.99,$7.49,Egobounds,Alibi Games,842,637,205,Mostly Positive,"['Action', 'Adventure', 'Indie', 'Simulation']"
690640,Trine 4: The Nightmare Prince,"Oct 8, 2019",$29.99,No Discount,Frozenbyte,Frozenbyte,"14,266","12,648","1,618",Very Positive,"['Action', 'Adventure', 'Indie']"
4192650,王于兴师/Order of Kings,"Mar 26, 2026",Free To Play,No Discount,DW Studio,DEQU PTE. LTD.,118,79,39,Mixed,"['Massively Multiplayer', 'RPG', 'Simulation', 'Strategy']"
2657560,Sponge Break,"Jul 30, 2026",$7.99,No Discount,Goose Byte,Balor Games,20,17,3,Mostly Positive,"['Action', 'Adventure', 'Casual', 'Indie']"
1669420,Islets,"Aug 24, 2022",$19.99,No Discount,Kyle Thompson,Armor Games Studios,"2,438","2,328",110,Very Positive,"['Action', 'Adventure']"
1591530,SAMURAI WARRIORS 5,"Jul 26, 2021",No Price,No Discount,"KOEI TECMO GAMES CO., LTD.","KOEI TECMO GAMES CO., LTD.","1,564","1,282",282,Very Positive,['Action']
3051590,Dune: Imperium - Rise of Ix,"Jul 31, 2024",$9.99,No Discount,Dire Wolf,Dire Wolf,122,111,11,Very Positive,"['Simulation', 'Strategy']"
4447640,Warframe: The Shadowgrapher Bundle,"Mar 25, 2026",$19.99,No Discount,Digital Extremes,Digital Extremes,30,28,2,Positive,"['Action', 'RPG', 'Free To Play']"
640590,The LEGO® NINJAGO® Movie Video Game,"Sep 22, 2017",$19.99,$2.99,Traveller's Tales,Warner Bros. Interactive Entertainment,"8,064","6,861","1,203",Very Positive,['Action']
31810,Nancy Drew®: Last Train to Blue Moon Canyon,"Oct 18, 2005",$9.99,No Discount,HeR Interactive,HeR Interactive,408,394,14,Very Positive,"['Action', 'Adventure', 'Casual', 'RPG']"
2506610,The Riftbreaker: Heart of the Swamp,"Jun 21, 2024",$9.99,No Discount,EXOR Studios,EXOR Studios,251,168,83,Mixed,"['Action', 'Adventure', 'Indie', 'RPG']"
3238580,A World of Keflings,"Jul 29, 2025",No Price,No Discount,NinjaBee,NinjaBee,470,466,4,Very Positive,"['Adventure', 'Casual', 'Simulation']"
1924170,TT Isle Of Man: Ride on the Edge 3,"May 11, 2023",$49.99,$7.49,Nacon Studio Milan,Nacon,"1,017",772,245,Very Positive,"['Racing', 'Simulation', 'Sports']"
4321500,Raising a Happy NEET,"May 14, 2026",$7.99,No Discount,るりりソフト,akaeroCore,342,312,30,Very Positive,"['Casual', 'Indie', 'RPG', 'Simulation']"
2867570,Stacklands 2000,"Oct 30, 2024",$3.99,No Discount,Sokpop Collective,Sokpop Collective,178,150,28,Very Positive,"['Casual', 'Indie', 'Simulation']"
91700,E.Y.E: Divine Cybermancy,"Jul 29, 2011",$9.99,$4.99,Streum On Studio,Streum On Studio,"8,019","6,774","1,245",Mixed,"['Action', 'Indie', 'RPG']"
3681230,Observe,"May 15, 2025",$7.99,No Discount,Kisotik Games,Kisotik Games,26,23,3,Positive,"['Indie', 'Simulation', 'Strategy', 'Early Access']"
2296380,I Expect You To Die 3: Cog in the Machine,"Sep 28, 2023",$24.99,$12.49,Schell Games,Schell Games,636,584,52,Very Positive,"['Action', 'Adventure', 'Simulation']"
2299780,theHunter: Call of the Wild™ - Hunter Power Pack,"Mar 14, 2023",$3.99,$1.99,Expansive Worlds,Avalanche Studios,193,138,55,Mostly Positive,"['Adventure', 'Simulation', 'Sports']"
3925760,Unfair Flips,"Sep 25, 2025",$1.99,No Discount,HEATHER FLOWERS,HEATHER FLOWERS,"2,545","2,259",286,Very Positive,"['Casual', 'Indie']"
2486740,Sledders,"Mar 20, 2025",$29.99,No Discount,Hanki Games,Bonus Stage Publishing,"4,800","4,536",264,Very Positive,"['Racing', 'Simulation', 'Sports']"
3577600,"Warhammer 40,000: Battlesector - Deeds of the Fallen","May 22, 2025",$14.99,No Discount,Slitherine Ltd. ,Slitherine Ltd.,130,111,19,Very Positive,['Strategy']
1942120,The Complex: Found Footage,"Aug 18, 2022",$4.99,No Discount,pgWave,pgWave,"9,903","9,205",698,Very Positive,"['Adventure', 'Indie', 'Simulation']"
407130,Tank Mechanic Simulator,"Feb 20, 2020",$19.99,No Discount,DeGenerals S.A.,PlayWay S.A.,"9,296","8,153","1,143",Very Positive,"['Action', 'Adventure', 'Casual', 'Indie']"
1304280,Elementallis,"Apr 28, 2026",No Price,No Discount,AnKae Games,"Top Hat Studios, Inc.",284,258,26,Very Positive,"['Action', 'Adventure', 'Indie', 'RPG']"
848480,Creeper World 4,"Dec 3, 2020",Creeper World 4 Demo,No Discount,Knuckle Cracker,Knuckle Cracker,"4,704","4,466",238,Very Positive,"['Action', 'Casual', 'Indie', 'Simulation']"
3918090,CULTIC: Chapter Two,"Sep 18, 2025",$9.99,No Discount,Jasozz Games,3D Realms,931,776,155,Mixed,"['Action', 'Indie']"
2334730,Death Must Die,"Nov 14, 2023",$6.99,No Discount,Realm Archive,Realm Archive,"21,670","19,535","2,135",Mixed,"['Action', 'Casual', 'Indie', 'RPG']"
490920,Wolfpack,"Mar 15, 2019",$34.99,No Discount,Usurpator AB,SUBSIM,"2,082","1,836",246,Very Positive,"['Simulation', 'Early Access']"
1816300,HARVESTELLA,"Nov 4, 2022",$59.99,No Discount,Square Enix,Square Enix,"2,531","1,955",576,Very Positive,"['Action', 'RPG', 'Simulation']"
2614070,NUKITASHI 2,"Feb 15, 2024",$24.99,$9.99,Qruppo,Shiravune,"2,690","2,639",51,Very Positive,"['Adventure', 'Casual']"
3202030,龙胤立志传,"Mar 12, 2026",$19.99,$17.99,TPP Studio,噪点游戏 SERICA GAMES,"7,349","5,716","1,633",Mostly Positive,"['Indie', 'RPG', 'Simulation', 'Strategy']"
2925190,Teenage Mutant Ninja Turtles: Shredder's Revenge - Radical Reptiles,"Sep 24, 2024",$3.99,No Discount,Tribute Games Inc.,Dotemu,97,92,5,Very Positive,"['Action', 'Adventure', 'Casual', 'Indie']"
449800,Attack on Titan / A.O.T. Wings of Freedom,"Aug 26, 2016",$39.99,No Discount,"KOEI TECMO GAMES CO., LTD.","KOEI TECMO GAMES CO., LTD.","3,854","3,285",569,Very Positive,['Action']
293780,Crawl,"Apr 11, 2017",$14.99,No Discount,Powerhoof,Powerhoof,"7,295","6,903",392,Very Positive,"['Action', 'Indie', 'RPG']"
654880,Dream Daddy: A Dad Dating Simulator,"Jul 20, 2017",$14.99,No Discount,Game Grumps,Game Grumps,"6,265","5,734",531,Very Positive,"['Casual', 'Indie', 'Simulation']"
2353512,PAYDAY 2: Crude Awakening Heist,"Jun 28, 2023",$4.99,No Discount,OVERKILL - a Starbreeze Studio.,Starbreeze Entertainment,187,150,37,Very Positive,"['Action', 'RPG']"
944071,Cities: Skylines - Campus,"May 21, 2019",$12.99,No Discount,Colossal Order,Paradox Interactive,284,211,73,Mostly Positive,"['Simulation', 'Strategy']"
1681170,Arma 3 Creator DLC: Western Sahara,"Nov 18, 2021",$7.99,No Discount,Rotators Collective,Bohemia Interactive,"1,003",865,138,Very Positive,"['Action', 'Simulation', 'Strategy']"
3828610,Beauties and the Stranded,"Jun 14, 2026",No Price,No Discount,storytaco,storytaco,167,136,31,Mixed,"['Adventure', 'RPG', 'Simulation']"
4651220,Conqueror's Blade: Three Kingdoms,"Jul 23, 2026",Free To Play,No Discount,Booming Tech,Booming Tech,"2,173",318,"1,855",Very Negative,"['Action', 'Massively Multiplayer', 'RPG', 'Strategy']"
1069650,Ultimate Admiral: Age of Sail,"Apr 7, 2021",$29.99,No Discount,Game-Labs,Game-Labs,"2,140","1,680",460,Mostly Positive,"['Indie', 'Simulation', 'Strategy']"
1428420,Nucleares,"Mar 13, 2023",$14.99,No Discount,Iván Marcelo Pretti,MicroProse Software,"1,139",961,178,Very Positive,"['Indie', 'Simulation']"
3628960,Miscrits: World of Creatures,"May 25, 2025",Free To Play,No Discount,Lightning Ball Studios,Lightning Ball Studios,"2,780","2,534",246,Very Positive,"['Adventure', 'Casual', 'Indie', 'RPG']"
2689470,CRUEL,"Jan 9, 2025",$9.99,No Discount,James Dornan,James Dornan,"1,834","1,746",88,Very Positive,"['Action', 'Indie']"
473690,Absolver,"Aug 29, 2017",$29.99,No Discount,Sloclap,Devolver Digital,"14,800","10,736","4,064",Very Positive,"['Action', 'Adventure', 'Indie']"
1238020,Mass Effect™ 3 N7 Digital Deluxe Edition (2012),"Mar 6, 2012",No Price,No Discount,BioWare,Electronic Arts,"2,786","2,126",660,Very Positive,"['Action', 'RPG', 'Strategy']"
1699710,The Dream Of A Cockspur,"Jul 22, 2026",$6.99,$6.29,roccay,PLAYISM,252,236,16,Very Positive,"['Adventure', 'Indie']"
40700,Machinarium,"Oct 16, 2009",$19.99,No Discount,Amanita Design,Amanita Design,"20,594","19,594","1,000",Very Positive,"['Adventure', 'Indie']"
2687400,GODBREAKERS,"Oct 23, 2025",No Price,No Discount,To The Sky,Thunderful Publishing,"1,016",734,282,Mixed,"['Action', 'Indie']"
537180,Digimon Masters Online,"Nov 3, 2016",Free To Play,No Discount,"Move Games Co., Ltd.",MOVE ON USA CO.,"8,124","5,427","2,697",Mixed,"['Action', 'Adventure', 'Casual', 'Free To Play']"
2667120,Ballionaire,"Dec 10, 2024",No Price,No Discount,newobject,Raw Fury,"2,581","2,210",371,Mostly Positive,"['Casual', 'Indie', 'Strategy']"
380110,In The Black,"May 5, 2026",No Price,No Discount,Impeller Studios,Impeller Studios,90,66,24,Mostly Positive,"['Action', 'Indie', 'Simulation', 'Early Access']"
443110,Armored Warfare,"Oct 8, 2015",Free To Play,No Discount,Obsidian Entertainment,Wishlist Games,"5,360","3,393","1,967",Mixed,"['Action', 'Massively Multiplayer', 'Simulation', 'Free To Play']"
1867530,Solar Ash,"Dec 8, 2022",$39.99,No Discount,Heart Machine,Annapurna Interactive,"1,488","1,342",146,Very Positive,"['Action', 'Adventure']"
2386530,American Truck Simulator - W900 Tuning Pack,"Aug 3, 2023",$3.99,No Discount,SCS Software,SCS Software,325,295,30,Very Positive,"['Indie', 'Simulation']"
3052730,Here Comes The Swarm,"Mar 5, 2026",$19.99,No Discount,CableHook Games,CableHook Games,312,266,46,Mostly Positive,"['Indie', 'Simulation', 'Strategy', 'Early Access']"
1430990,Graveyard Keeper - Game Of Crone,"Oct 27, 2020",$9.99,No Discount,Lazy Bear Games,tinyBuild,525,363,162,Mixed,"['Adventure', 'Indie', 'RPG', 'Simulation']"
2530490,Lost Eidolons: Veil of the Witch,"Oct 9, 2025",No Price,No Discount,"Ocean Drive Studio, Inc.","Ocean Drive Studio, Inc.","1,380","1,133",247,Very Positive,"['Indie', 'RPG', 'Strategy']"
1850740,Ghost Watchers,"Jul 24, 2025",$14.99,No Discount,Renderise,Renderise,"16,253","13,957","2,296",Mostly Positive,['Adventure']
2947280,Solateria,"Mar 12, 2026",No Price,No Discount,Studio Doodal,SHINSEGAE INFORMATION and COMMUNICATION Inc.,678,568,110,Very Positive,"['Action', 'Adventure', 'Indie']"
1009821,Dead by Daylight - Ash vs Evil Dead,"Apr 2, 2019",$4.99,No Discount,Behaviour Interactive Inc.,Behaviour Interactive Inc.,"1,295","1,003",292,Mostly Positive,['Action']
3859750,Lawn Care Simulator,"Jun 25, 2026",No Price,No Discount,Zac Marvin,Moonlighter Games,73,69,4,Very Positive,"['Casual', 'Indie', 'Simulation']"
2073910,A Webbing Journey,"May 19, 2025",$9.99,$7.99,Fire Totem Games,Future Friends Games,"1,302","1,286",16,Very Positive,"['Adventure', 'Casual', 'Indie', 'Simulation']"
1658280,Eiyuden Chronicle: Hundred Heroes,"Apr 23, 2024",$49.99,No Discount,Rabbit & Bear Studios,505 Games,"4,603","3,478","1,125",Mixed,"['Action', 'Adventure', 'Indie', 'RPG']"
3441280,The Greenening,"May 7, 2026",$4.99,No Discount,Erkberg Games,Erkberg Games,446,435,11,Very Positive,"['Casual', 'Indie', 'Simulation', 'Strategy']"
3330,Zuma Deluxe,"Aug 30, 2006",No Price,No Discount,"PopCap Games, Inc.","PopCap Games, Inc.","6,773","6,479",294,Very Positive,['Casual']
558245,Euro Truck Simulator 2 - Special Transport,"Dec 13, 2017",$4.99,No Discount,SCS Software,SCS Software,"3,994","3,235",759,Mixed,"['Indie', 'Simulation']"
1339000,Aquarium Designer,"Oct 21, 2021",$9.99,$1.99,Sigur Studio,Games Operators,"1,206","1,027",179,Very Positive,"['Casual', 'Indie', 'Simulation']"
3874110,Root: Hirelings & Landmarks,"Oct 20, 2025",$9.99,No Discount,Dire Wolf,Dire Wolf,12,11,1,Positive,"['Indie', 'Simulation', 'Strategy']"
4045820,Solasta II - Supporter Pack,"Mar 12, 2026",$9.99,No Discount,Tactical Adventures,Tactical Adventures,13,13,0,Positive,"['Adventure', 'Indie', 'RPG', 'Strategy']"
659540,Warsim: The Realm of Aslona,"Dec 20, 2022",$9.99,$4.99,Huw Millward,Huw Millward,"2,205","2,116",89,Very Positive,"['Indie', 'RPG', 'Simulation', 'Strategy']"
2055140,Melvor Idle: Throne of the Herald,"Oct 20, 2022",$4.99,No Discount,Games by Malcs,Jagex Ltd,228,195,33,Very Positive,"['Adventure', 'Casual', 'Indie', 'RPG']"
4438540,Limitless Survivor,"Jul 23, 2026",No Price,No Discount,Tam Lab,Tam Lab,101,77,24,Mostly Positive,"['Action', 'Indie']"
1788370,Graveyard Keeper - Better Save Soul,"Oct 27, 2021",$9.99,No Discount,Lazy Bear Games,tinyBuild,438,211,227,Mixed,"['Adventure', 'Indie', 'RPG', 'Simulation']"
3083300,Proverbs,"Nov 7, 2024",No Price,No Discount,Mark Ffrench,Divide The Plunder,"1,835","1,776",59,Overwhelmingly Positive,['Casual']
975400,Warhammer: Vermintide 2 - Back to Ubersreik,"Dec 10, 2018",$9.99,No Discount,Fatshark,Fatshark,700,535,165,Mostly Positive,['Action']
473770,BallisticNG,"Dec 14, 2018",$14.99,No Discount,Neognosis,Neognosis,"3,725","3,507",218,Very Positive,"['Action', 'Indie', 'Racing']"
465490,Stellar Tactics,"Mar 30, 2026",$24.99,No Discount,Don Wilkins,Maverick Games,"1,721","1,339",382,Mixed,"['Adventure', 'Indie', 'RPG', 'Strategy']"
1904790,Agatha Christie - Murder on the Orient Express,"Oct 19, 2023",No Price,No Discount,Microids Studio Lyon,Microids,"1,258","1,057",201,Mostly Positive,"['Action', 'Adventure', 'Simulation']"
1371720,Card Shark,"Jun 2, 2022",$19.99,No Discount,Nerial,Devolver Digital,"3,216","2,901",315,Very Positive,"['Adventure', 'Indie', 'Simulation']"
1729740,Luto,"Jul 21, 2025",$19.99,No Discount,Broken Bird Games,Broken Bird Games,"1,330","1,129",201,Mostly Positive,"['Adventure', 'Indie']"
1218210,Coromon,"Mar 31, 2022",$19.99,No Discount,TRAGsoft,indie.io,"7,984","6,748","1,236",Mostly Positive,"['Adventure', 'Indie', 'RPG', 'Strategy']"
2807150,Worshippers of Cthulhu,"May 22, 2025",$24.99,No Discount,Crazy Goat Games,Crytivo,"1,532","1,241",291,Very Positive,"['Simulation', 'Strategy']"
1637730,Crystal Project,"Mar 31, 2022",$13.99,No Discount,Andrew Willman,Andrew Willman,"2,572","2,369",203,Very Positive,"['Adventure', 'Indie', 'RPG', 'Strategy']"
1265820,Fights in Tight Spaces,"Dec 2, 2021",$24.99,No Discount,Ground Shatter,Balor Games,"3,908","3,517",391,Very Positive,"['Action', 'Strategy']"
1536090,Echoes of the Plum Grove,"Apr 29, 2024",$19.99,No Discount,Unwound Games,indie.io,"3,123","2,742",381,Mostly Positive,"['Casual', 'Indie', 'Simulation']"
962730,Skater XL - The Ultimate Skateboarding Game,"Jul 28, 2020",$39.99,No Discount,Easy Day Studios Pty Ltd,Easy Day Studios Pty Ltd,"19,577","16,807","2,770",Mostly Positive,"['Action', 'Adventure', 'Indie', 'Simulation']"
889510,SENRAN KAGURA Burst Re:Newal,"Jan 22, 2019",$29.99,No Discount,Tamsoft,XSEED Games,"2,611","2,437",174,Very Positive,['Action']
833360,Star Valor,"Aug 3, 2022",$24.99,No Discount,Rafael Burgos,Rafael Burgos,"3,407","3,014",393,Mixed,"['Action', 'Indie', 'RPG']"
2671140,Galactic Civilizations IV - Warlords,"Apr 18, 2024",$19.99,No Discount,Stardock Entertainment,Stardock Entertainment,20,15,5,Mostly Positive,"['Simulation', 'Strategy']"
857320,SRPG Studio,"Aug 20, 2018",$59.99,$8.99,SapphireSoft,SapphireSoft,277,231,46,Very Positive,"['Animation & Modeling', 'Design & Illustration', 'Education', 'Game Development']"
1222300,Into The Flames,"Jan 10, 2023",$19.99,No Discount,Fully Involved Game Studios,PlayWay S.A.,"1,739","1,414",325,Mixed,"['Action', 'Casual', 'Indie', 'Simulation']"
316790,Grim Fandango Remastered,"Jan 26, 2015",$14.99,No Discount,Double Fine Productions,Double Fine Productions,"8,868","8,034",834,Very Positive,['Adventure']
1206340,Hades Original Soundtrack,"Dec 10, 2019",$9.99,No Discount,Supergiant Games,Supergiant Games,255,248,7,Very Positive,"['Action', 'Indie', 'RPG']"
4266400,The Forever Winter - Holiday Hangover,"Dec 23, 2025",$9.99,No Discount,Fun Dog Studios,Fun Dog Studios,133,120,13,Very Positive,['Action']
4584200,DJMAX RESPECT V - CLEAR PASS : S19 PREMIUM TICKET,"May 6, 2026",$14.99,No Discount,NEOWIZ,NEOWIZ,80,76,4,Very Positive,"['Action', 'Casual', 'Sports']"
568090,Tattletail,"Dec 28, 2016",$7.99,No Discount,Waygetter Electronics,"Little Flag Software, LLC","5,023","4,749",274,Very Positive,"['Action', 'Indie']"
252330,Slender: The Arrival,"Oct 28, 2013",$19.99,No Discount,Blue Isle Studios,Blue Isle Publishing,"9,323","8,219","1,104",Very Positive,"['Action', 'Adventure', 'Indie']"
3365170,Firehawk: FPV Drone Shooter,"Aug 22, 2025",$19.99,No Discount,TruePlayers,TruePlayers,491,452,39,Very Positive,"['Action', 'Simulation']"
2544110,Broken Sword - Shadow of the Templars: Reforged,"Sep 19, 2024",$35.98,$26.38,Revolution Software Ltd,Revolution Software Ltd,"1,326","1,255",71,Very Positive,"['Adventure', 'Casual', 'Indie']"
1373510,BloodRayne: Terminal Cut,"Nov 20, 2020",$14.99,$5.99,Terminal Reality,Ziggurat,"1,887","1,679",208,Very Positive,['Action']
757480,Broken Reality,"Nov 29, 2018",$14.99,$3.74,Dynamic Media Triad,Digital Tribe,"2,276","2,106",170,Very Positive,"['Adventure', 'Indie']"
909660,Vagrus - The Riven Realms,"Oct 5, 2021",No Price,No Discount,Lost Pilgrims Studio,Lost Pilgrims Studios,"1,818","1,545",273,Very Positive,"['Indie', 'RPG', 'Strategy']"
3126340,Burden Street Station,"May 21, 2026",$14.99,No Discount,IODINE,CRITICAL REFLEX,303,294,9,Very Positive,['Adventure']
4883590,iRacing® Studios NASCAR 26,"Sep 17, 2026",$59.99,No Discount,"iRacing.com Motorsport Simulations, LLC","iRacing.com Motorsport Simulations, LLC",0,0,0,"['Racing', 'Simulation', 'Sports']",
4179280,Moonshiner Simulator,"May 20, 2026",$17.99,$13.49,Goosix Games,Goosix Games,132,115,17,Very Positive,"['Action', 'Simulation', 'Strategy', 'Early Access']"
543870,NARUTO SHIPPUDEN: Ultimate Ninja STORM 2,"Aug 25, 2017",$19.99,No Discount,CyberConnect2 Co. Ltd.,BANDAI NAMCO Entertainment,"4,232","3,758",474,Very Positive,"['Action', 'Adventure', 'Strategy']"
3244820,theHunter: Call of the Wild™ - Hunters' Choice: Bolt-Action Rifle Pack,"Dec 3, 2024",$4.99,$2.74,Expansive Worlds,Expansive Worlds,89,68,21,Mostly Positive,"['Adventure', 'Simulation', 'Sports']"
583470,The End Is Nigh,"Jul 12, 2017",$14.99,No Discount,Edmund McMillen,Edmund McMillen,"3,482","3,262",220,Very Positive,"['Action', 'Adventure', 'Indie']"
1768280,Ozymandias: Bronze Age Empire Sim,"Oct 11, 2022",$14.99,$4.49,The Secret Games Company,Goblinz Publishing,"1,661","1,460",201,Very Positive,"['Simulation', 'Strategy']"
4746070,Eldara,"Jun 15, 2026",$10.00,No Discount,Eldara Games,Eldara Games,200,173,27,Very Positive,"['Adventure', 'Casual', 'Indie', 'RPG']"
2507610,The Quintessential Quintuplets - Memories of a Quintessential Summer,"May 23, 2024",$34.99,No Discount,MAGES. Inc.,"Spike Chunsoft Co., Ltd.",222,201,21,Very Positive,['Adventure']
34190,Sonic & SEGA All-Stars Racing,"Mar 3, 2010",$9.99,No Discount,Sumo Digital,SEGA,"3,515","3,068",447,Very Positive,['Racing']
1422130,SimRail - The Railway Simulator,"Dec 13, 2024",$34.99,No Discount,SimRail S.A.,PlayWay S.A.,"5,421","4,619",802,Very Positive,"['Casual', 'Simulation']"
2230760,Vampire Survivors: Legacy of the Moonspell,"Dec 15, 2022",$0.99,No Discount,poncle,poncle,"1,955","1,867",88,Overwhelmingly Positive,"['Action', 'Casual', 'Indie', 'RPG']"
2991170,Age of Mythology: Retold - Immortal Pillars,"Mar 4, 2025",$19.99,No Discount,World's Edge,Xbox Game Studios,636,539,97,Very Positive,['Strategy']
1224600,G String,"Oct 16, 2020",$17.99,$15.29,Eyaura,Eyaura,"1,284","1,085",199,Very Positive,"['Action', 'Adventure', 'Indie']"
2241380,Ancient Kingdoms,"Jan 15, 2025",$15.99,No Discount,Ancient Pixels,Ancient Pixels,477,413,64,Very Positive,"['Indie', 'RPG', 'Early Access']"
2124380,Super Lesbian Animal RPG,"Dec 20, 2022",$14.99,No Discount,ponett,ponett,"1,918","1,897",21,Very Positive,"['Indie', 'RPG']"
3202720,"Warhammer 40,000: Battlesector - Astra Militarum","Dec 10, 2024",$14.99,No Discount,Slitherine Ltd.,Slitherine Ltd.,144,67,77,Mixed,['Strategy']
1238851,Battlefield 1 ™ Shortcut Kit: Ultimate Bundle,"Oct 17, 2016",$39.99,No Discount,DICE,Electronic Arts,631,540,91,Mixed,['Action']
2741560,SimCity™ 3000 Unlimited,"Mar 7, 2024",No Price,No Discount,Maxis,Electronic Arts,764,646,118,Mixed,"['Casual', 'Simulation', 'Strategy']"
613880,Zoo Tycoon: Ultimate Animal Collection,"Sep 14, 2018",$19.99,No Discount,Frontier Developments,Xbox Game Studios,"2,040","1,305",735,Mixed,['Simulation']
2727400,The Sims™ 4 Crystal Creations Stuff Pack,"Feb 29, 2024",$9.99,$6.99,Maxis,Electronic Arts,50,40,10,Mostly Positive,"['Adventure', 'Casual', 'Simulation']"
1426450,Age of Darkness: Final Stand,"Jan 15, 2025",$27.99,$13.99,PlaySide,PlaySide,"10,599","7,894","2,705",Mixed,['Strategy']
1581451,Age of Empires III: Definitive Edition - The African Royals,"Aug 2, 2021",$9.99,No Discount,World's Edge,Xbox Game Studios,419,290,129,Mixed,['Strategy']
21090,F.E.A.R.,"Oct 17, 2005",$9.99,No Discount,"Monolith Productions, Inc.",Warner Bros. Games,"19,396","18,165","1,231",Overwhelmingly Positive,['Action']
1239450,"Warhammer 40,000: Gladius - T'au","Feb 25, 2020",$14.99,No Discount,Proxy Studios,Slitherine Ltd.,139,129,10,Very Positive,['Strategy']
2198874,theHunter: Call of the Wild™ - Hirschfelden Veteran Cosmetic Pack,"Mar 14, 2023",$2.99,$1.49,Expansive Worlds,Avalanche Studios,20,17,3,Positive,"['Adventure', 'Simulation', 'Sports']"
2377450,Mayor May Knott,"Apr 30, 2026",No Price,No Discount,Ravenous Images,Ravenous Images,210,209,1,Very Positive,"['Adventure', 'Indie']"
3089910,Ready or Not: Official Soundtrack,"Jul 31, 2024",$7.99,No Discount,VOID Interactive,VOID Interactive,333,187,146,Mixed,['None']
1281880,Need for Speed™ Heat - McLaren F1 Black Market Delivery,"Jun 4, 2020",$4.99,No Discount,Ghost Games,Electronic Arts,529,429,100,Mostly Positive,['Racing']
813630,Supraland,"Apr 5, 2019",No Price,No Discount,Supra Games,Supra Games,"15,201","14,476",725,Overwhelmingly Positive,"['Action', 'Adventure', 'Indie', 'RPG']"
315151,Fable Anniversary - Heroes and Villains Content Pack,"Sep 12, 2014",$14.99,No Discount,Lionhead Studios,Xbox Game Studios,62,37,25,Mixed,['RPG']
811320,Jupiter Hell,"Aug 5, 2021",$44.98,$24.06,ChaosForge,Hyperstrange,"2,104","1,931",173,Very Positive,"['Indie', 'RPG', 'Strategy']"
1955830,Touhou Hero of Ice Fairy,"Apr 3, 2024",$6.99,No Discount,GAMEPULSE 游戏脉冲,GAMEPULSE 游戏脉冲,"9,065","8,834",231,Overwhelmingly Positive,"['Action', 'Adventure', 'Indie', 'RPG']"
3140990,Backrooms Cleanup Crew,"Apr 16, 2025",No Price,No Discount,On The Bridge Games,On The Bridge Games,515,472,43,Very Positive,"['Action', 'Adventure', 'Casual', 'Indie']"
1076150,Conan Exiles Enhanced - The Riddle of Steel,"May 9, 2019",$6.99,No Discount,Funcom,Funcom,74,56,18,Mostly Positive,"['Action', 'Adventure', 'Massively Multiplayer', 'RPG']"
1484280,Demeo,"May 6, 2021",$39.99,No Discount,Resolution Games,Resolution Games,"2,025","1,762",263,Very Positive,"['Adventure', 'Indie', 'RPG', 'Strategy']"
2357000,KILL IT WITH FIRE! 2,"Nov 25, 2025",No Price,No Discount,Casey Donnellan Games LLC,tinyBuild,"1,676","1,574",102,Very Positive,"['Action', 'Adventure', 'Casual', 'Indie']"
3575300,Climb The Backrooms,"Jul 11, 2025",$4.99,No Discount,LovDEV,LovDEV,"1,199",977,222,Mostly Positive,"['Adventure', 'Casual']"
1966880,ACE COMBAT™7: SKIES UNKNOWN - TOP GUN: Maverick Aircraft Set -,"May 25, 2022",$19.99,$9.99,Bandai Namco Studios Inc.,Bandai Namco Entertainment,253,214,39,Very Positive,"['Action', 'Simulation']"
3708030,Goat Simulator 3 – Baadlands: Furry Road,"Nov 19, 2025",$14.99,No Discount,Coffee Stain North,Coffee Stain Publishing,227,139,88,Mixed,"['Adventure', 'Casual', 'Simulation']"
2721890,Öoo,"Aug 7, 2025",No Price,No Discount,NamaTakahashi,NamaTakahashi,"6,485","6,441",44,Overwhelmingly Positive,"['Action', 'Adventure', 'Indie']"
1934300,Armored Brigade II,"Apr 8, 2025",$39.99,No Discount,Veitikka Studios,Matrix Games,248,223,25,Very Positive,"['Simulation', 'Strategy']"
3966890,Dawncaster | The RPG Cardventure,"Feb 6, 2026",$19.99,No Discount,Wanderlost Interactive,Wanderlost Interactive,277,226,51,Very Positive,"['Indie', 'RPG', 'Strategy']"
1970630,WolfQuest Anniversary - Building Character Pack,"May 12, 2022",$5.99,No Discount,eduweb,eduweb,159,159,0,Very Positive,"['Action', 'RPG', 'Simulation']"
1792250,Serious Sam: Siberian Mayhem,"Jan 25, 2022",$19.99,No Discount,Croteam,Devolver Digital,"5,150","4,756",394,Very Positive,"['Action', 'Adventure']"
1147010,Frostpunk: On The Edge,"Aug 20, 2020",$12.99,No Discount,11 bit studios,11 bit studios,"1,426",693,733,Mixed,"['Simulation', 'Strategy']"
3617620,My Card Is Better Than Your Card!,"Oct 6, 2025",No Price,No Discount,Utu Studios,Utu Studios,"1,231","1,160",71,Very Positive,"['Casual', 'Indie', 'Strategy', 'Early Access']"
503580,Duck Season,"Sep 14, 2017",$19.99,No Discount,Stress Level Zero,Stress Level Zero,"1,598","1,360",238,Very Positive,"['Action', 'Adventure', 'Casual', 'Indie']"
1654660,En Garde!,"Aug 16, 2023",$19.99,$4.99,Fireplace Games,Fireplace Games,"4,846","4,386",460,Very Positive,"['Action', 'Adventure', 'Indie']"
4078560,Supermarket Simulator - Electronics DLC,"Mar 6, 2026",$1.99,No Discount,Nokta Games,Nokta Games,42,25,17,Mixed,"['Casual', 'Indie', 'Simulation']"
248860,NEO Scavenger,"Dec 15, 2014",$14.99,No Discount,Blue Bottle Games,Blue Bottle Games,"5,404","4,847",557,Very Positive,"['Indie', 'RPG', 'Strategy']"
3711140,HITMAN WOA - The Banker Pack,"Jun 6, 2025",$4.99,No Discount,IO Interactive A/S,IO Interactive A/S,130,112,18,Very Positive,"['Action', 'Adventure']"
3853680,Abyssus - Brinehunter Pack,"Aug 12, 2025",$2.99,$2.24,DoubleMoose Games,The Arcade Crew,21,21,0,Positive,"['Action', 'Adventure', 'Indie']"
2272400,Station to Station,"Oct 3, 2023",$17.99,No Discount,Galaxy Grove,Prismatika,"1,941","1,731",210,Very Positive,"['Casual', 'Indie', 'Simulation', 'Strategy']"
1367590,Tormented Souls,"Aug 26, 2021",No Price,No Discount,Dual Effect,PQube,"8,067","7,253",814,Very Positive,"['Action', 'Adventure']"
4479970,Scary Game 2: The Mad Shepherd,"May 8, 2026",$2.99,No Discount,KanGames,KanGames,"1,283","1,176",107,Very Positive,"['Action', 'Adventure', 'Casual', 'Indie']"
3208560,Trainatic,"Sep 8, 2025",$5.99,No Discount,Ryan Forrester,Ryan Forrester,"1,086",974,112,Mostly Positive,"['Adventure', 'Casual', 'Indie', 'Strategy']"
1069160,SKALD: Against the Black Priory,"May 30, 2024",$14.99,No Discount,High North Studios AS,Raw Fury,"3,597","3,372",225,Very Positive,"['Indie', 'RPG']"
3160090,Slot & Dungeons,"Jul 27, 2026",No Price,No Discount,MUC GAMES,MUC GAMES,299,255,44,Mostly Positive,"['Casual', 'Indie', 'RPG', 'Strategy']"
1264250,Fishing: North Atlantic - Enhanced Edition,"Oct 16, 2020",$34.99,No Discount,Misc Games,Misc Games,"2,763","2,120",643,Mixed,['Simulation']
1796220,Laika: Aged Through Blood,"Oct 19, 2023",No Price,No Discount,Brainwash Gang,Thunderful Publishing,"6,591","6,033",558,Very Positive,"['Action', 'Adventure']"
1632490,Shashingo: Learn Japanese with Photography,"Feb 27, 2024",$19.99,No Discount,Autumn Pioneer,Autumn Pioneer,819,747,72,Mostly Positive,"['Casual', 'Indie', 'Simulation']"
1234430,Ad Infinitum,"Sep 14, 2023",$39.99,$3.99,Hekate,Nacon,"1,639","1,276",363,Mostly Positive,"['Action', 'Adventure']"
2429050,Fretless - The Wrath of Riffson,"Jul 17, 2025",No Price,No Discount,Ritual Studios,Klei Publishing,"1,444","1,420",24,Very Positive,"['Adventure', 'Indie', 'RPG']"
40100,Supreme Commander 2,"Mar 1, 2010",$12.99,No Discount,Gas Powered Games,Square Enix,"12,934","11,413","1,521",Very Positive,['Strategy']
418240,Shadow Tactics: Blades of the Shogun,"Dec 6, 2016",No Price,No Discount,Mimimi Games,Daedalic Entertainment,"38,383","36,858","1,525",Very Positive,"['Indie', 'Strategy']"
4674610,Automobilista 2 - Historical Track Pack Pt4,"Jun 15, 2026",$7.99,No Discount,Reiza Studios,Reiza Studios,10,9,1,Positive,"['Action', 'Indie', 'Racing', 'Simulation']"
2499360,Workers & Resources: Soviet Republic - Biomes,"Jun 20, 2024",$9.99,No Discount,3Division,Hooded Horse,172,144,28,Very Positive,"['Simulation', 'Strategy']"
2835530,Backrooms: Extractions,"Apr 30, 2025",$6.99,No Discount,Headlight Studio,Headlight Studio,758,554,204,Very Positive,"['Action', 'Adventure', 'Indie', 'Early Access']"
1723780,Finnish Cottage Simulator,"Nov 15, 2024",$14.99,No Discount,RANELA GAMES,RANELA GAMES,"3,620","3,391",229,Very Positive,"['Casual', 'Indie', 'Simulation', 'Early Access']"
2671080,Crusader Kings III: Wandering Nobles,"Nov 4, 2024",$4.99,No Discount,Paradox Development Studio,Paradox Interactive,362,170,192,Mixed,"['RPG', 'Simulation', 'Strategy']"
1835240,Spiritfall,"Feb 28, 2024",$19.99,$6.79,Gentle Giant,Team17,"1,969","1,827",142,Very Positive,"['Action', 'Indie']"
456670,Hand of Fate 2,"Nov 7, 2017",$29.99,No Discount,Defiant Development,Defiant Development,"5,810","4,901",909,Mostly Positive,"['Action', 'Indie', 'RPG']"
4716860,Stoneshard - Supporter Pack - Nomad Caravan Appearance,"Jun 1, 2026",$9.99,$8.99,Ink Stains Games,HypeTrain Digital,92,88,4,Very Positive,"['Adventure', 'Indie', 'RPG', 'Strategy']"
368360,60 Seconds!,"May 25, 2015",$8.99,No Discount,Robot Gentleman,Robot Gentleman,"11,676","9,917","1,759",Very Positive,"['Adventure', 'Casual', 'Indie', 'Simulation']"
234670,NARUTO SHIPPUDEN: Ultimate Ninja STORM 3 Full Burst HD,"Oct 24, 2013",$19.99,No Discount,CyberConnect2 Co. Ltd.,BANDAI NAMCO Entertainment,"14,393","12,915","1,478",Very Positive,"['Action', 'Adventure']"
3195280,Sins of a Solar Empire II - Reinforcements,"Sep 25, 2025",$14.99,No Discount,Ironclad Games Corporation,Stardock Entertainment,130,98,32,Mostly Positive,"['Simulation', 'Strategy']"
2881660,Holy Shoot,"Jul 30, 2025",$12.99,No Discount,Tale Era Interactive,Tale Era Interactive,341,264,77,Very Positive,['None']
825630,STEINS;GATE 0,"May 8, 2018",$34.99,No Discount,MAGES. Inc.,"Spike Chunsoft Co., Ltd.","8,288","7,961",327,Very Positive,['Adventure']
374190,Infernax,"Feb 14, 2022",$19.99,No Discount,Berzerk Studio,The Arcade Crew,"2,230","2,075",155,Very Positive,"['Action', 'Adventure', 'Indie', 'RPG']"
2243710,Rune Factory 3 Special,"Sep 5, 2023",$39.99,No Discount,Marvelous Inc.,XSEED Games,838,795,43,Very Positive,"['Casual', 'RPG', 'Simulation']"
355890,Hotline Miami 2: Wrong Number - Soundtrack,"Mar 10, 2015",$14.99,$4.49,Dennaton Games,Devolver Digital,319,316,3,Very Positive,"['Action', 'Indie']"
2069040,Unboxing the Cryptic Killer,"Apr 27, 2023",$5.99,$2.99,Eleven Puzzles,Eleven Puzzles,"2,705","2,438",267,Very Positive,"['Adventure', 'Casual', 'Indie']"
2971610,HOLE,"Nov 28, 2024",$4.99,No Discount,NEGAFISH,NEGAFISH,"3,797","3,568",229,Very Positive,"['Action', 'Indie']"
2059530,Dawn of Defiance,"Aug 15, 2024",$19.99,No Discount,Traega Entertainment,Fireshine Games,"1,832","1,421",411,Mostly Positive,"['Action', 'Adventure', 'Early Access']"
2726370,Suck Up!,"Oct 1, 2025",$16.99,No Discount,Proxima,Proxima,260,151,109,Very Positive,"['Casual', 'Indie', 'Simulation']"
3854280,Virtuosa - Hero - FOR HONOR,"Jul 24, 2025",$9.99,No Discount,Ubisoft Montreal,Ubisoft,122,87,35,Mostly Positive,['Action']
