Name,Release Date,Price,Discount,Developer,Publisher,Total Reviews,Positive Reviews,Negative Reviews,Review Sentiment,Genre(s)
Minecraft Dungeons II,"Sep 29, 2026",$29.99,No Discount,Mojang Studios,Xbox Game Studios,0,0,0,"['Action', 'Adventure', 'RPG']",
Out of Ore,"Oct 31, 2022",$24.99,No Discount,North Modding Company AB,North Modding Company AB,"4,087","3,504",583,Mostly Positive,"['Adventure', 'Casual', 'Simulation', 'Strategy']"
House Flipper 2 - Scooby-Doo DLC,"Oct 23, 2025",$14.99,No Discount,Frozen District,Frozen District,196,172,24,Very Positive,"['Casual', 'Indie', 'Simulation']"
Foxhole,"Sep 28, 2022",$29.99,No Discount,Siege Camp,Siege Camp,"52,720","41,940","10,780",Mixed,"['Action', 'Indie', 'Massively Multiplayer', 'RPG']"
DRAGON QUEST I & II HD-2D Remake,"Oct 30, 2025",$59.99,No Discount,Square Enix,Square Enix,"2,005","1,712",293,Very Positive,['RPG']
Persona 4 Golden,"Jun 13, 2020",$19.99,No Discount,ATLUS,SEGA,"86,574","84,012","2,562",Overwhelmingly Positive,['RPG']
Dimhaven - The Lost Source,"Jun 23, 2026",No Price,No Discount,Zadbox Entertainment,Blue Brain Games,862,757,105,Very Positive,"['Adventure', 'Indie']"
Granblue Fantasy,"Mar 10, 2026",Free To Play,No Discount,"Cygames, Inc.","Cygames, Inc.",910,366,544,Mixed,['RPG']
Dishonored 2,"Nov 11, 2016",$29.99,$5.99,Arkane Studios,Bethesda Softworks,"66,454","59,589","6,865",Very Positive,['Action']
Dwarf Eats Mountain,"May 18, 2026",$9.99,No Discount,Green Wizard,Green Wizard,"1,014",826,188,Very Positive,"['Casual', 'Indie', 'Simulation', 'Strategy']"
Devil May Cry HD Collection,"Mar 13, 2018",$29.99,No Discount,"CAPCOM Co., Ltd.","CAPCOM Co., Ltd.","25,060","23,378","1,682",Very Positive,['Action']
Age of Empires III: Definitive Edition,"Oct 15, 2020",Free To Play,No Discount,World's Edge,Xbox Game Studios,"54,448","46,738","7,710",Very Positive,"['Strategy', 'Free To Play']"
UNBEATABLE - The Jamie Paige Content Companion,"Jul 27, 2026",$9.99,No Discount,D-CELL GAMES,Playstack,288,285,3,Very Positive,"['Adventure', 'Indie']"
American Truck Simulator - Louisiana,"Dec 4, 2025",$11.99,No Discount,SCS Software,SCS Software,290,221,69,Mostly Positive,"['Indie', 'Simulation']"
Workers & Resources: Soviet Republic,"Jun 20, 2024",$39.99,No Discount,3Division,Hooded Horse,"27,215","24,701","2,514",Very Positive,"['Simulation', 'Strategy']"
Neverwinter,"Dec 5, 2013",Free to Play,No Discount,Cryptic Studios,Arc Games,"39,605","30,675","8,930",Mostly Positive,"['Action', 'Adventure', 'Massively Multiplayer', 'RPG']"
The Elder Scrolls V: Skyrim VR,"Apr 2, 2018",$59.99,$14.99,Bethesda Game Studios,Bethesda Softworks,"12,291","9,206","3,085",Mixed,['RPG']
X-Plane 12,"Dec 17, 2022",$59.99,No Discount,Laminar Research,Laminar Research,"6,372","5,526",846,Very Positive,['Simulation']
Dead by Daylight: Stranger Things Chapter 2,"Jan 27, 2026",$11.99,No Discount,Behaviour Interactive Inc.,Behaviour Interactive Inc.,870,597,273,Mixed,['Action']
MOTORSLICE,"May 5, 2026",No Price,No Discount,Regular Studio,"Top Hat Studios, Inc.","5,344","4,571",773,Very Positive,"['Action', 'Adventure', 'Indie']"
Substance 3D Painter 2026,"Mar 11, 2025",$199.99,No Discount,Adobe,Adobe,116,69,47,Mixed,"['Animation & Modeling', 'Game Development']"
Pixel Gun 3D: PC Edition,"Apr 2, 2024",Free To Play,No Discount,Cubic Games Studio,Cubic Games Studio,"46,315","31,161","15,154",Mostly Positive,"['Action', 'Adventure', 'Massively Multiplayer', 'Free To Play']"
Project Silverfish,"Jun 25, 2025",$29.99,No Discount,Siris Pendrake,Siris Pendrake,"3,258","3,037",221,Very Positive,"['Action', 'Adventure', 'Indie', 'Early Access']"
Road to Empress I,"Sep 8, 2025",No Price,No Discount, New One Studio, New One Studio,"12,735","10,997","1,738",Very Positive,"['Adventure', 'Casual', 'Indie', 'RPG']"
Flock Around,"Apr 24, 2026",$4.99,No Discount,Friend Shaped Games,Friend Shaped Games,"2,006","1,974",32,Overwhelmingly Positive,"['Casual', 'Indie']"
Enter the Gungeon,"Apr 5, 2016",$14.99,No Discount,Dodge Roll,Devolver Digital,"89,611","85,244","4,367",Very Positive,"['Action', 'Adventure', 'Indie']"
Farming Simulator 22,"Nov 21, 2021",$19.99,No Discount,Giants Software,Giants Software,"92,277","85,541","6,736",Very Positive,['Simulation']
Hotline Miami,"Oct 23, 2012",$9.99,$2.49,Dennaton Games,Devolver Digital,"126,960","122,959","4,001",Very Positive,"['Action', 'Indie']"
Sword of Convallaria,"Jul 31, 2024",Free To Play,No Discount,XD,XD,"4,749","3,569","1,180",Mostly Positive,"['RPG', 'Strategy', 'Free To Play']"
Starminer,"May 27, 2026",$29.99,No Discount,CoolAndGoodGames,CoolAndGoodGames,"1,841","1,360",481,Mixed,"['Action', 'Indie', 'RPG', 'Simulation']"
Wolfenstein: The New Order,"May 19, 2014",$19.99,$4.99,MachineGames,Bethesda Softworks,"61,775","56,660","5,115",Very Positive,['Action']
Prison Architect,"Oct 6, 2015",$29.99,No Discount,Introversion Software,Paradox Interactive,"74,087","65,883","8,204",Very Positive,"['Indie', 'Simulation', 'Strategy']"
How to Make an Atomic Bomb in Your Garden,"Jun 9, 2026",No Price,No Discount,karahan,karahan,"1,776","1,596",180,Very Positive,"['Adventure', 'Casual', 'Indie', 'Simulation']"
Darkest Dungeon® II,"May 8, 2023",$39.99,No Discount,Red Hook Studios,Red Hook Studios,"26,557","19,859","6,698",Mostly Positive,"['Indie', 'RPG', 'Strategy']"
Pronoun Palace,"Jun 4, 2026",$19.84,No Discount,Cadence Petersen,Cadence Petersen,"1,210","1,201",9,Overwhelmingly Positive,"['Casual', 'Indie']"
Portal,"Oct 10, 2007",No Price,No Discount,Valve,Valve,"197,919","194,999","2,920",Overwhelmingly Positive,['Action']
INSIDE,"Jul 7, 2016",No Price,No Discount,Playdead,Playdead,"75,258","72,994","2,264",Overwhelmingly Positive,"['Action', 'Adventure', 'Indie']"
NINJA GAIDEN 4,"Oct 20, 2025",$69.99,$41.99,"PlatinumGames Inc. / Team NINJA / KOEI TECMO GAMES CO., LTD.",Xbox Game Studios,"9,523","8,410","1,113",Very Positive,"['Action', 'Adventure']"
Car Service Together,"Feb 4, 2026",$19.99,No Discount,V12 Studio,V12 Studio,"3,867","3,067",800,Mostly Positive,"['Indie', 'Racing', 'Simulation', 'Early Access']"
Motor Town: Behind The Wheel,"Dec 17, 2021",No Price,No Discount,P3 Games,P3 Games,"9,489","8,900",589,Very Positive,"['Adventure', 'Casual', 'Indie', 'Racing']"
Crime Simulator,"Jun 17, 2025",$14.99,No Discount,CookieDev,Ultimate Games S.A.,"6,689","5,548","1,141",Very Positive,"['Action', 'Indie', 'Simulation']"
TUNIC,"Mar 16, 2022",$29.99,No Discount,TUNIC Team,Finji,"18,176","16,591","1,585",Very Positive,"['Action', 'Adventure', 'RPG']"
The Oregon Trail,"Nov 14, 2022",$29.99,No Discount,Gameloft,Gameloft,"1,265","1,000",265,Mixed,"['Adventure', 'Casual', 'Simulation', 'Strategy']"
Voidtrain,"Nov 7, 2025",$29.99,No Discount,HypeTrain Digital,HypeTrain Digital,"9,762","7,197","2,565",Mostly Positive,"['Action', 'Adventure', 'Indie', 'RPG']"
Keep Talking and Nobody Explodes,"Oct 8, 2015",$14.99,No Discount,Steel Crate Games,Steel Crate Games,"17,050","16,586",464,Very Positive,['Indie']
The Life and Suffering of Prince Jerian,"Jul 20, 2026",$24.99,No Discount,Schisma Games,101XP,"1,351","1,034",317,Mostly Positive,"['Indie', 'RPG']"
Duet Night Abyss,"Jan 19, 2026",Free To Play,No Discount,Pan Studio,Hero Games,"2,030","1,161",869,Mixed,"['Action', 'RPG', 'Free To Play']"
Vegas Infinite by PokerStars,"Nov 10, 2023",Free To Play,No Discount,Lucky VR Inc.,The Stars Group Inc.,"8,246","6,508","1,738",Mixed,"['Casual', 'Strategy', 'Free To Play']"
Meowgic,"Jul 20, 2026",$7.99,No Discount,Lazy Turtle Games,Polden Publishing,446,369,77,Very Positive,"['Action', 'Adventure']"
Monster Train 2,"May 21, 2025",$24.99,No Discount,Shiny Shoe,Big Fan Games,"10,024","9,555",469,Very Positive,"['Indie', 'Strategy']"
FUMES,"Jul 28, 2025",No Price,No Discount,FUMES team,FUMES team,"2,779","2,684",95,Very Positive,"['Action', 'Adventure', 'Casual', 'Indie']"
Ravenfield,"May 18, 2017",$17.99,No Discount,SteelRaven7,SteelRaven7,"79,747","77,131","2,616",Very Positive,"['Action', 'Indie', 'Early Access']"
Ace Attorney Investigations Collection,"Sep 5, 2024",No Price,No Discount,"CAPCOM Co., Ltd.","CAPCOM Co., Ltd.","4,701","4,549",152,Very Positive,['Adventure']
s&box,"Apr 28, 2026",$19.99,No Discount,Facepunch Studios,Facepunch Studios,"9,103","5,360","3,743",Mixed,"['Action', 'Adventure', 'Casual', 'Indie']"
Dark and Darker - EAS10 Seasonal Pack,"Jul 16, 2026",$8.99,No Discount,IRONMACE,IRONMACE,11,8,3,Mostly Positive,"['Action', 'RPG', 'Free To Play']"
Stellaris: BioGenesis,"May 5, 2025",$24.99,No Discount,Paradox Development Studio,Paradox Interactive,"1,121",477,644,Mixed,"['Simulation', 'Strategy']"
Atomcraft,"Jul 22, 2026",No Price,No Discount,Triplejump,Triplejump,236,228,8,Very Positive,"['Action', 'Adventure', 'Indie', 'RPG']"
Goat Simulator 3,"Feb 15, 2024",$29.99,No Discount,Coffee Stain North,Coffee Stain Publishing,"15,759","15,410",349,Overwhelmingly Positive,"['Adventure', 'Casual', 'Simulation']"
Blasphemous,"Sep 10, 2019",$34.99,$8.74,The Game Kitchen,Team17,"66,286","59,552","6,734",Very Positive,"['Action', 'Adventure', 'Indie']"
LORT,"Jan 21, 2026",$14.99,No Discount,Big Distraction,Big Distraction,"4,249","3,290",959,Very Positive,"['Action', 'Early Access']"
Alabaster Dawn,"May 7, 2026",No Price,No Discount,Radical Fish Games,Radical Fish Games,"2,168","2,056",112,Very Positive,"['Action', 'RPG', 'Early Access']"
Watch_Dogs™,"May 26, 2014",$19.99,No Discount,Ubisoft,Ubisoft,"51,893","41,222","10,671",Very Positive,"['Action', 'Adventure']"
People Playground,"Jul 23, 2019",$9.99,No Discount,mestiez,Studio Minus,"316,172","311,322","4,850",Overwhelmingly Positive,"['Action', 'Casual', 'Indie', 'Simulation']"
FANTASY LIFE i: The Girl Who Steals Time,"May 21, 2025",$59.99,No Discount,LEVEL5 Inc.,LEVEL5 Inc.,"13,474","12,354","1,120",Very Positive,['RPG']
Overcooked! All You Can Eat,"Mar 23, 2021",$39.99,No Discount,Team17 Digital,Team17 Digital,"8,068","5,879","2,189",Mostly Positive,"['Casual', 'Indie', 'Simulation', 'Strategy']"
Unpacking,"Nov 1, 2021",$19.99,No Discount,Witch Beam,Balor Games,"40,562","37,807","2,755",Very Positive,"['Casual', 'Indie', 'Simulation']"
Gloria Victis: Medieval MMORPG,"Jun 17, 2026",Free To Play,No Discount,gamigo US,gamigo US,"11,814","8,054","3,760",Mixed,"['Action', 'Adventure', 'Indie', 'Massively Multiplayer']"
The Sims™ 4 Life & Death Expansion Pack,"Oct 31, 2024",$39.99,$19.99,Maxis,Electronic Arts,113,86,27,Mostly Positive,"['Adventure', 'Casual', 'Simulation']"
VTOL VR,"Aug 3, 2017",$29.99,No Discount,"Boundless Dynamics, LLC","Boundless Dynamics, LLC","21,713","21,291",422,Overwhelmingly Positive,"['Action', 'Indie', 'Simulation']"
Aethermancer,"Sep 23, 2025",No Price,No Discount,moi rai games,offbrand games,"2,620","2,396",224,Very Positive,"['Adventure', 'Indie', 'RPG', 'Strategy']"
NEEDY STREAMER OVERLOAD,"Jan 21, 2022",$15.99,No Discount,WSS playground,WSS playground,"57,266","54,028","3,238",Very Positive,"['Adventure', 'Indie']"
RealFlight Evolution,"Oct 27, 2022",$69.99,No Discount,"Horizon Hobby, LLC","Horizon Hobby, LLC","1,576","1,407",169,Very Positive,"['Indie', 'Racing', 'Simulation']"
South Park™: The Fractured But Whole™,"Oct 16, 2017",$29.99,No Discount,Ubisoft San Francisco,Ubisoft,"33,384","28,422","4,962",Very Positive,['RPG']
SCP: 5K,"Feb 22, 2022",$19.99,No Discount,Affray Interactive,Balor Games,"15,120","12,016","3,104",Very Positive,"['Action', 'Indie', 'Massively Multiplayer', 'Strategy']"
Riichi City - Japanese Mahjong,"Sep 8, 2022",Free To Play,No Discount,"Formirai Co., Ltd.","Formirai Co., Ltd.","4,765","2,275","2,490",Mixed,['None']
Shop Titans,"May 5, 2020",Free To Play,No Discount,"Kabam Games, Inc.","Kabam Games, Inc.","17,917","13,965","3,952",Mostly Positive,"['Adventure', 'Casual', 'RPG', 'Simulation']"
The Sims™ 4 Horse Ranch Expansion Pack,"Jul 20, 2023",$39.99,$19.99,Maxis,Electronic Arts,300,150,150,Mixed,"['Casual', 'Simulation']"
The Sims™ 4 City Living,"Sep 30, 2016",$39.99,$19.99,Maxis,Electronic Arts,302,184,118,Mixed,['Simulation']
Don't Starve,"Apr 23, 2013",$9.99,No Discount,Klei Entertainment,Klei Entertainment,"113,290","109,381","3,909",Very Positive,"['Adventure', 'Indie', 'Simulation']"
Call of Duty®: Black Ops III - Der Eisendrache Zombies Map,"May 1, 2018",$7.99,No Discount,Treyarch,Activision,475,437,38,Very Positive,"['Action', 'Adventure']"
CONTROL Ultimate Edition,"Aug 27, 2020",$39.99,No Discount,Remedy Entertainment,Remedy Entertainment,"62,581","53,862","8,719",Very Positive,"['Action', 'Adventure']"
A Plague Tale: Innocence,"May 14, 2019",$39.99,No Discount,Asobo Studio,Focus Entertainment,"70,613","65,841","4,772",Very Positive,"['Action', 'Adventure']"
Little Nightmares,"Apr 27, 2017",$19.99,$4.99,Tarsier Studios,BANDAI NAMCO Entertainment,"116,411","110,303","6,108",Very Positive,['Adventure']
Brick Rigs,"Jul 14, 2023",$19.99,No Discount,Fluppisoft GmbH,Fluppisoft GmbH,"58,835","55,842","2,993",Very Positive,['Simulation']
Thank You For Your Application,"Jun 19, 2026",No Price,No Discount,IceLemonTea Studio,IceLemonTea Studio,910,745,165,Mostly Positive,"['Indie', 'RPG', 'Simulation']"
Tropico 6,"Mar 29, 2019",$39.99,No Discount,Limbic Entertainment,Kalypso Media,"29,326","25,716","3,610",Very Positive,"['Simulation', 'Strategy']"
High On Life,"Dec 13, 2022",$39.99,No Discount,"Squanch Games, Inc.","Squanch Games, Inc.","25,430","22,639","2,791",Very Positive,"['Action', 'Adventure']"
Beastro,"Jun 11, 2026",$29.69,$11.53,Timberline Studio,Timberline Studio,560,516,44,Very Positive,"['Casual', 'Indie', 'RPG']"
Loddlenaut,"Nov 16, 2023",No Price,No Discount,Moon Lagoon,Secret Mode,"6,075","5,955",120,Very Positive,"['Adventure', 'Casual', 'Indie']"
Sid Meier's Civilization® VI: Gathering Storm,"Feb 13, 2019",$39.99,$19.99,Firaxis Games,2K,"3,168","2,133","1,035",Mixed,['Strategy']
Aquapark Tycoon,"Jul 22, 2026",No Price,No Discount,Boxelware,Boxelware,198,178,20,Very Positive,"['Indie', 'Simulation', 'Strategy', 'Early Access']"
LEGO® Marvel™ Super Heroes,"Oct 22, 2013",$19.99,$3.99,Traveller's Tales,Warner Bros. Interactive Entertainment,"30,597","29,257","1,340",Overwhelmingly Positive,"['Action', 'Adventure']"
Crossout,"Jul 26, 2017",Free To Play,No Discount,Targem Games,Gaijin Network Ltd,"69,587","52,257","17,330",Mostly Positive,"['Action', 'Adventure', 'Massively Multiplayer', 'Racing']"
Nova Roma,"Mar 26, 2026",$29.99,No Discount,Lion Shield,Hooded Horse,"2,198","2,066",132,Very Positive,"['Simulation', 'Strategy', 'Early Access']"
Castle Crashers - Painter Boss Paradise,"Aug 6, 2025",$3.99,No Discount,The Behemoth,The Behemoth,"1,031",949,82,Very Positive,"['Action', 'Adventure', 'Casual', 'Indie']"
Airport Security Sucks!,"Jun 5, 2026",$7.99,No Discount,JakeHub,Jatater Worldwide,456,388,68,Very Positive,"['Action', 'Casual', 'Indie', 'Simulation']"
Tricky Towers,"Aug 2, 2016",$14.99,$4.49,WeirdBeard,WeirdBeard,"16,422","14,816","1,606",Very Positive,"['Casual', 'Indie']"
Global Rescue,"Apr 27, 2026",No Price,No Discount,PeDePe GbR ,Aerosoft GmbH ,"1,707","1,465",242,Very Positive,"['Simulation', 'Strategy', 'Early Access']"
Pax Dei,"Oct 16, 2025",No Price,No Discount,Mainframe Industries,Mainframe Industries,"11,229","6,348","4,881",Mixed,"['Action', 'Adventure', 'Massively Multiplayer', 'RPG']"
Darkest Dungeon®,"Jan 19, 2016",$24.99,No Discount,Red Hook Studios,Red Hook Studios,"161,023","147,612","13,411",Very Positive,"['Indie', 'RPG', 'Strategy']"
IDLE_DIRECTIVE,"Jul 28, 2026",No Price,No Discount,Kevinfu510,Kevinfu510,216,179,37,Very Positive,"['Casual', 'Indie', 'Simulation']"
Last Epoch,"Feb 21, 2024",$34.99,No Discount,Eleventh Hour Games,Eleventh Hour Games,"118,524","90,658","27,866",Mostly Positive,"['Action', 'Adventure', 'Indie', 'RPG']"
Conan Exiles Enhanced: Isle of Siptah,"May 27, 2021",$19.99,No Discount,Funcom,Funcom,"1,729",903,826,Mixed,"['Action', 'Adventure', 'Massively Multiplayer', 'RPG']"
CODE VEIN,"Sep 26, 2019",No Price,No Discount,Bandai Namco Studios,Bandai Namco Entertainment,"62,262","51,738","10,524",Mostly Positive,"['Action', 'RPG']"
Warframe: Mesa Heirloom Collection,"Jul 11, 2026",$24.99,No Discount,Digital Extremes,Digital Extremes,27,26,1,Positive,"['Action', 'RPG', 'Free To Play']"
Photomaly,"Jul 21, 2026",$6.99,$5.59,Revira Interactive,Alibi Games,"1,007",909,98,Very Positive,"['Indie', 'Simulation']"
The Elder Scrolls III: Morrowind® Game of the Year Edition,"Apr 29, 2002",$14.99,$5.99,Bethesda Game Studios,Bethesda Softworks,"28,429","27,087","1,342",Overwhelmingly Positive,['RPG']
Mouthwashing,"Sep 26, 2024",$12.99,No Discount,Wrong Organ,CRITICAL REFLEX,"38,021","36,220","1,801",Very Positive,"['Adventure', 'Indie']"
Battlefield™ V,"Nov 9, 2018",No Price,No Discount,DICE,Electronic Arts,"268,847","189,915","78,932",Mixed,['Action']
Fallout 76 - Deathclaw Pet Bundle,"Jun 2, 2026",$29.99,$17.99,Bethesda Game Studios,Bethesda Softworks,36,25,11,Mostly Positive,['RPG']
Invincible VS,"Apr 30, 2026",$49.99,No Discount,Quarter Up,Skybound Games,"3,437","2,626",811,Mostly Positive,"['Action', 'Adventure']"
Space Haven,"May 13, 2026",$24.99,No Discount,Bugbyte Ltd.,Bugbyte Ltd.,"11,026","9,459","1,567",Mostly Positive,"['Indie', 'RPG', 'Simulation', 'Strategy']"
Forbidden Solitaire,"Apr 30, 2026",$15.99,$11.99,Grey Alien Games,Night Signal Entertainment,"2,061","1,994",67,Overwhelmingly Positive,"['Indie', 'Strategy']"
Capcom Fighting Collection 2,"May 15, 2025",$39.99,No Discount,"CAPCOM Co., Ltd.","CAPCOM Co., Ltd.",998,861,137,Very Positive,['Action']
Call of Duty®: WWII,"Nov 2, 2017",$59.99,No Discount,Sledgehammer Games,Activision,"46,558","32,725","13,833",Very Positive,['Action']
The Blood of Dawnwalker,"Sep 2, 2026",$69.99,No Discount,Rebel Wolves,Bandai Namco Entertainment,0,0,0,"['Action', 'Adventure', 'RPG']",
ULTIMATE MARVEL VS. CAPCOM 3,"Mar 6, 2017",$24.99,No Discount,"CAPCOM CO., LTD.","CAPCOM U.S.A., INC.","7,786","7,144",642,Very Positive,['Action']
Dead by Daylight - Resident Evil Chapter,"Jun 15, 2021",$11.99,No Discount,Behaviour Interactive Inc.,Behaviour Interactive Inc.,"2,513","1,930",583,Very Positive,['Action']
South Park™: The Stick of Truth™,"Mar 3, 2014",$29.99,No Discount,Obsidian Entertainment,Ubisoft,"73,199","71,414","1,785",Overwhelmingly Positive,"['Action', 'Adventure', 'RPG']"
Angel Legion,"Aug 14, 2020",Free To Play,No Discount,Shanghai SilverMoon Network Technology Co.Ltd,Shanghai SilverMoon Network Technology Co.Ltd,"10,884","8,804","2,080",Mostly Positive,"['Adventure', 'RPG', 'Strategy', 'Free To Play']"
SUPER ROBOT WARS Y,"Aug 27, 2025",$59.99,$35.99,Bandai Namco Forge Digitals Inc.,Bandai Namco Entertainment Inc.,"2,724","2,264",460,Mostly Positive,"['RPG', 'Simulation', 'Strategy']"
Titan Quest II,"Aug 1, 2025",$34.99,No Discount,Grimlore Games,THQ Nordic,"17,591","14,434","3,157",Mixed,"['Action', 'RPG', 'Early Access']"
Kerbal Space Program: Breaking Ground Expansion,"May 30, 2019",$14.99,$4.49,Squad,Private Division,545,419,126,Mostly Positive,"['Indie', 'Simulation']"
Big Ambitions,"Mar 10, 2023",$25.99,No Discount,Hovgaard Games,Hovgaard Games,"13,301","12,317",984,Very Positive,"['Indie', 'Simulation', 'Early Access']"
Injustice™ 2,"Nov 30, 2017",$49.99,No Discount,NetherRealm Studios,WB Games,"24,448","21,088","3,360",Very Positive,['Action']
Hi-Fi RUSH,"Jan 25, 2023",$29.99,No Discount,Tango Gameworks,"KRAFTON, Inc.","35,798","34,715","1,083",Very Positive,['Action']
Space Engineers: Prosperity Pack,"Jul 27, 2026",$4.99,No Discount,Keen Software House,Keen Software House,17,13,4,Mostly Positive,"['Action', 'Indie', 'Simulation', 'Strategy']"
Forza Horizon 6 VIP Membership,"May 18, 2026",$19.99,No Discount,Playground Games,Playground Games,90,70,20,Mostly Positive,"['Racing', 'Simulation', 'Sports']"
Plague Inc: Aliens & Anti-Vaxxers,"Apr 7, 2026",$5.99,No Discount,Ndemic Creations,Ndemic Creations,310,260,50,Very Positive,"['Casual', 'Indie', 'Simulation', 'Strategy']"
CUSTOM ORDER MAID 3D2 It's a Night Magic,"Jul 30, 2019",$40.00,$31.60,KISS,S-court,"1,544","1,278",266,Very Positive,"['Adventure', 'Indie', 'Simulation']"
LEGO® Marvel Super Heroes 2,"Nov 14, 2017",$19.99,$3.99,TT Games,Warner Bros. Interactive,"10,129","8,670","1,459",Very Positive,['Action']
Ready or Not: Dark Waters,"Dec 10, 2024",$9.99,No Discount,VOID Interactive,VOID Interactive,"1,671","1,022",649,Mostly Positive,"['Action', 'Adventure', 'Indie']"
Across the Obelisk,"Apr 8, 2021",$19.99,No Discount,Dreamsite Games,Paradox Interactive,"13,035","10,490","2,545",Mixed,"['Adventure', 'Indie', 'RPG', 'Strategy']"
TBH: Task Bar Hero,"May 27, 2026",Free To Play,No Discount,Nugem Studio,Nugem Studio,"43,464","23,154","20,310",Mixed,"['Casual', 'Indie', 'RPG', 'Free To Play']"
Hydroneer,"May 8, 2020",$14.99,No Discount,Foulball Hangover,Foulball Hangover,"28,329","24,274","4,055",Mostly Positive,"['Adventure', 'Casual', 'Indie', 'Simulation']"
LEGO® MARVEL's Avengers,"Jan 26, 2016",$19.99,$3.99,Traveller's Tales,Warner Bros. Interactive Entertainment,"8,901","7,854","1,047",Very Positive,"['Action', 'Adventure']"
Easy Red 2: Blood on the Danube,"Jul 15, 2026",$7.99,No Discount,Marco Amadei,Corvostudio di Amadei Marco,302,259,43,Very Positive,"['Action', 'Indie', 'Simulation', 'Strategy']"
Cheap Car Repair,"May 28, 2026",No Price,No Discount,Little Dog Games,Simplicity Games,"3,268","3,012",256,Very Positive,"['Adventure', 'Indie', 'Simulation', 'Strategy']"
Total War: ATTILA,"Feb 17, 2015",$44.99,No Discount,CREATIVE ASSEMBLY,SEGA,"37,593","30,983","6,610",Very Positive,['Strategy']
Graveyard Keeper,"Aug 15, 2018",$19.99,No Discount,Lazy Bear Games,tinyBuild,"54,714","46,720","7,994",Very Positive,"['Adventure', 'Indie', 'RPG', 'Simulation']"
EA SPORTS™ Madden NFL 26,"Aug 14, 2025",No Price,No Discount,Tiburon,Electronic Arts,"5,792","3,059","2,733",Mixed,"['Simulation', 'Sports']"
SWORN,"Sep 23, 2025",$30.99,$10.53,Windwalk Games,Team17,"4,905","3,934",971,Very Positive,"['Action', 'Indie', 'RPG']"
Ludus Magnatus: Gladiator Manager Simulator,"Jul 21, 2026",$24.99,$22.49,Contec Games,Contec Games,457,372,85,Very Positive,"['Action', 'Indie', 'Simulation', 'Sports']"
Icarus: Styx Expansion,"May 27, 2022",$19.99,No Discount,RocketWerkz,RocketWerkz,208,157,51,Mostly Positive,"['Action', 'Adventure', 'Simulation']"
Into the Dead: Our Darkest Days,"Apr 9, 2025",$24.99,No Discount,PikPok,Boltray Games (China),"9,372","8,359","1,013",Very Positive,"['Action', 'Simulation', 'Strategy', 'Early Access']"
Dead Space™ 3,"Feb 5, 2013",No Price,No Discount,Visceral Games,Electronic Arts,"14,813","10,744","4,069",Mixed,['Action']
Black Jacket,"May 12, 2026",$14.99,$11.24,Mi'pu'mi Games GmbH,Skystone Games,"1,410","1,282",128,Very Positive,"['Adventure', 'Casual', 'Indie', 'Strategy']"
I Know a Guy: Shady Life Simulator,"Apr 1, 2026",$12.99,No Discount, Bunch'o'Nerds, Bunch'o'Nerds,413,373,40,Very Positive,"['Simulation', 'Early Access']"
Starsand Island,"Feb 11, 2026",No Price,No Discount,Seed Sparkle Lab,Seed Sparkle Lab,"6,124","5,016","1,108",Very Positive,"['Casual', 'Indie', 'RPG', 'Simulation']"
Dragon Traveler,"Feb 10, 2026",Free To Play,No Discount,HongKong GameTree LIMITED,HongKong GameTree LIMITED,509,333,176,Mixed,"['Massively Multiplayer', 'RPG', 'Strategy', 'Free To Play']"
Watch Dogs®: Legion,"Jan 26, 2023",$59.99,$8.99,Ubisoft Toronto,Ubisoft,"12,378","6,979","5,399",Mixed,"['Action', 'Adventure']"
The Ascent,"Jul 29, 2021",$29.99,$7.49,Neon Giant,"KRAFTON, Inc.","24,459","18,056","6,403",Very Positive,"['Action', 'Adventure', 'Indie', 'RPG']"
Surviving Mars: Relaunched,"Nov 10, 2025",$39.99,No Discount,Haemimont Games,Paradox Interactive,"2,108","1,141",967,Mixed,"['Simulation', 'Strategy']"
Storage Hunter Simulator,"Nov 27, 2025",No Price,No Discount,Raccoons Studio,astragon Entertainment,"4,129","3,224",905,Very Positive,"['Casual', 'Indie', 'Simulation']"
Railroader,"Dec 7, 2023",$29.99,No Discount,Giraffe Lab LLC,Giraffe Lab LLC,"3,505","3,391",114,Very Positive,"['Simulation', 'Strategy', 'Early Access']"
Your Only Move Is HUSTLE,"Feb 2, 2023",$4.99,No Discount,Ivy Sly,Ivy Sly,"44,285","42,731","1,554",Overwhelmingly Positive,"['Action', 'Indie', 'Simulation', 'Strategy']"
CONTROL Resonant,"Sep 24, 2026",$59.99,No Discount,Remedy Entertainment,Remedy Entertainment,0,0,0,"['Action', 'Adventure', 'RPG']",
Ready or Not: Home Invasion,"Jul 23, 2024",$9.99,No Discount,VOID Interactive,VOID Interactive,"3,185","1,720","1,465",Mixed,"['Action', 'Adventure', 'Indie']"
John Carpenter's Toxic Commando,"Mar 12, 2026",$39.99,No Discount,Saber Interactive,Focus Entertainment,"7,095","5,258","1,837",Mixed,"['Action', 'Adventure']"
Hotline Miami 2: Wrong Number,"Mar 10, 2015",$14.99,$3.74,Dennaton Games,Devolver Digital,"79,573","74,892","4,681",Very Positive,"['Action', 'Indie']"
The Escapists 2,"Aug 21, 2017",$19.99,$4.99,Team17,Team17,"33,655","30,487","3,168",Overwhelmingly Positive,"['Indie', 'Simulation', 'Strategy']"
"Warhammer 40,000: Space Marine 2 - Iron Hands Chapter Pack","May 21, 2026",$9.99,No Discount,Saber Interactive,Focus Entertainment,123,109,14,Mostly Positive,"['Action', 'Adventure', 'RPG']"
METAL GEAR RISING: REVENGEANCE,"Jan 9, 2014",$29.99,No Discount,PlatinumGames,KONAMI,"88,646","85,125","3,521",Overwhelmingly Positive,['Action']
Yunyun Syndrome!? Rhythm Psychosis,"Apr 23, 2026",$16.99,No Discount,Alliance Arts,Alliance Arts,"4,114","3,753",361,Very Positive,"['Adventure', 'Indie', 'Simulation']"
Expansion - Hearts of Iron IV: Götterdämmerung,"Nov 14, 2024",$24.99,No Discount,Paradox Development Studio,Paradox Interactive,"1,940","1,401",539,Very Positive,"['Simulation', 'Strategy']"
Need for Speed™ Hot Pursuit Remastered,"Nov 6, 2020",No Price,No Discount,Stellar Entertainment Limited,Electronic Arts,"14,345","11,624","2,721",Very Positive,"['Action', 'Racing']"
Car Dealer Simulator - Up 2 You DLC,"Jun 4, 2026",$17.99,No Discount,Garage Monkeys,Garage Monkeys,199,127,72,Mostly Positive,"['Casual', 'Indie', 'Simulation']"
Fast Food Simulator,"Dec 10, 2024",$14.99,No Discount,No Ceiling Games,No Ceiling Games,"9,626","8,476","1,150",Mixed,"['Indie', 'Simulation', 'Early Access']"
Osta,"Jul 29, 2026",$13.99,No Discount,Cup,Cup,226,191,35,Very Positive,"['Casual', 'Indie', 'Simulation']"
FINAL FANTASY VI,"Feb 23, 2022",$17.99,No Discount,Square Enix,Square Enix,"4,906","4,516",390,Very Positive,['RPG']
Magical Princess,"Apr 27, 2026",$14.99,$11.99,Neotro Inc.,MAGI Inc.,"7,751","7,500",251,Overwhelmingly Positive,"['Adventure', 'Indie', 'RPG', 'Simulation']"
Resident Evil Revelations,"May 20, 2013",$19.99,No Discount,Capcom,Capcom,"18,294","14,869","3,425",Very Positive,"['Action', 'Adventure']"
Dead by Daylight - Resident Evil: PROJECT W Chapter,"Aug 30, 2022",$11.99,No Discount,Behaviour Interactive Inc.,Behaviour Interactive Inc.,"1,987","1,528",459,Very Positive,['Action']
Dyson Sphere Program,"Jan 20, 2021",$19.99,No Discount,Youthcat Studio,Gamirror Games,"91,381","89,058","2,323",Very Positive,"['Indie', 'Simulation', 'Strategy', 'Early Access']"
"Warhammer 40,000: Space Marine 2 - Salamanders Champion Pack 2","Jul 28, 2026",$7.99,No Discount,Saber Interactive,Focus Entertainment,66,53,13,Mostly Positive,"['Action', 'Adventure', 'RPG']"
Assetto Corsa EVO,"Jan 16, 2025",$39.99,No Discount,KUNOS Simulazioni,505 Games,"20,901","12,365","8,536",Mixed,"['Racing', 'Simulation', 'Sports', 'Early Access']"
Stellaris: Shadows of the Shroud,"Sep 22, 2025",$19.99,No Discount,Paradox Development Studio,Paradox Interactive,385,166,219,Mixed,"['Simulation', 'Strategy']"
Dark Hours,"Oct 23, 2025",$9.99,No Discount,Piece of Cake studios,Piece of Cake studios,"4,109","3,373",736,Mixed,"['Action', 'Adventure']"
American Truck Simulator - Texas,"Nov 15, 2022",$17.99,No Discount,SCS Software,SCS Software,745,654,91,Very Positive,"['Indie', 'Simulation']"
Crashout Crew,"May 28, 2026",$7.99,No Discount,Aggro Crab,Aggro Crab,"1,115","1,044",71,Very Positive,"['Casual', 'Indie']"
BIGFOOT,"Jan 31, 2017",$19.99,No Discount,CyberLight Game Studio,CyberLight Game Studio,"22,275","18,289","3,986",Very Positive,"['Action', 'Adventure', 'Indie', 'Early Access']"
Crosshair X,"Jun 1, 2020",$9.99,No Discount,CenterPoint Gaming,CenterPoint Gaming,"44,556","41,599","2,957",Very Positive,"['Action', 'Adventure', 'Indie', 'Software Training']"
Solar Expanse - Space Exploration Manager,"Apr 9, 2026",No Price,No Discount,SpaceOps,Games Operators,"1,249","1,098",151,Very Positive,"['Indie', 'Simulation', 'Strategy', 'Early Access']"
Halo Wars: Definitive Edition,"Apr 20, 2017",$19.99,No Discount,Ensemble Studios,Xbox Game Studios,"9,460","8,649",811,Very Positive,['Strategy']
South of Midnight,"Apr 8, 2025",$39.99,No Discount,Compulsion Games,Xbox Game Studios,"4,675","4,405",270,Very Positive,"['Action', 'Adventure']"
BlazBlue Entropy Effect,"Feb 14, 2024",$19.99,$11.99,91Act,91Act,"35,740","33,688","2,052",Very Positive,"['Action', 'Adventure', 'Indie']"
Call of the Wild: The Angler™,"Aug 31, 2022",$29.99,$8.99,Expansive Worlds,Avalanche Studios,"7,573","4,833","2,740",Very Positive,"['Adventure', 'Casual', 'Simulation', 'Sports']"
BRAVELY DEFAULT FLYING FAIRY HD Remaster,"Mar 12, 2026",$39.99,No Discount,Square Enix,Square Enix,846,779,67,Very Positive,['RPG']
DRAGON QUEST VII Reimagined,"Feb 5, 2026",No Price,No Discount,Square Enix,Square Enix,"2,827","2,523",304,Very Positive,"['Adventure', 'RPG']"
9 Kings,"May 23, 2025",$19.99,No Discount,Sad Socket,Hooded Horse,"22,787","21,086","1,701",Very Positive,"['RPG', 'Strategy', 'Early Access']"
FINAL FANTASY XII THE ZODIAC AGE,"Feb 1, 2018",$49.99,No Discount,Square Enix,Square Enix,"10,121","9,000","1,121",Very Positive,['RPG']
Dreamcore,"Jan 23, 2025",No Price,No Discount,Montraluz,Tlön Industries,"1,895","1,691",204,Very Positive,"['Adventure', 'Indie']"
Tales of the Shire: A The Lord of The Rings™ Game,"Jul 29, 2025",$34.99,$20.99,Wētā Workshop,Fictions,"3,749","3,067",682,Mostly Positive,"['Casual', 'Indie', 'RPG', 'Simulation']"
Village in the Shade,"Jul 29, 2026",$49.99,No Discount,"Nippon Ichi Software, Inc.","NIS America, Inc.",179,154,25,Very Positive,"['Adventure', 'Simulation']"
SiNiSistar 2,"May 15, 2026",$14.99,No Discount,Uu,Eroge Japan,"3,176","2,888",288,Very Positive,"['Action', 'Adventure', 'Indie', 'RPG']"
Contraband Police,"Mar 8, 2023",No Price,No Discount,Crazy Rocks,PlayWay S.A.,"25,389","24,126","1,263",Overwhelmingly Positive,"['Action', 'Adventure', 'Simulation']"
Theater Pack - Hearts of Iron IV: Thunder at our Gates,"Jun 11, 2026",$19.99,No Discount,Paradox Development Studio,Paradox Interactive,703,220,483,Very Negative,"['Simulation', 'Strategy']"
MechWarrior 5: Mercenaries - Shadow of Kerensky,"Sep 3, 2025",$19.99,$11.99,Piranha Games Inc.,Piranha Games Inc.,420,343,77,Very Positive,"['Action', 'Simulation']"
Borderlands®4 - Story Pack 1: Mad Ellie and the Vault of the Damned,"Mar 26, 2026",$29.99,No Discount,Gearbox,2K,817,232,585,Mostly Negative,"['Action', 'Adventure', 'RPG']"
Trail & Error,"Jun 16, 2026",$7.99,No Discount,Oberha5li Studios,Oberha5li Studios,122,83,39,Mixed,"['Action', 'Adventure', 'Indie', 'Early Access']"
Rain World: Downpour,"Jan 19, 2023",$14.99,No Discount,Videocult,Akupara Games,"2,668","2,512",156,Very Positive,"['Action', 'Adventure', 'Indie', 'Simulation']"
Russian Fishing 4,"Nov 10, 2021",Free To Play,No Discount,FishSoft LLC,FishSoft LLC,"88,959","53,498","35,461",Very Positive,"['Adventure', 'Casual', 'Massively Multiplayer', 'RPG']"
Cities: Skylines II - Bridges & Ports,"Oct 29, 2025",$19.99,No Discount,Colossal Order,Paradox Interactive,579,312,267,Mixed,['Simulation']
MechWarrior 5: Clans,"Oct 16, 2024",$29.99,No Discount,Piranha Games Inc.,Piranha Games Inc.,"5,829","4,329","1,500",Mixed,"['Action', 'Simulation']"
The Henry Stickmin Collection,"Aug 7, 2020",$14.99,No Discount,PuffballsUnited,Innersloth,"58,997","58,226",771,Overwhelmingly Positive,"['Adventure', 'Casual', 'Indie']"
Resident Evil 4 (2005),"Feb 27, 2014",$19.99,No Discount,Capcom,Capcom,"97,429","91,722","5,707",Overwhelmingly Positive,"['Action', 'Adventure']"
Project: Gorgon,"Jan 28, 2026",No Price,No Discount,"Elder Game, LLC","Elder Game, LLC","5,031","4,135",896,Mixed,"['Indie', 'Massively Multiplayer', 'RPG']"
Creature Kitchen,"Feb 6, 2026",No Price,No Discount,The Rat Zone,The Rat Zone,"9,009","8,975",34,Overwhelmingly Positive,"['Casual', 'Indie', 'Simulation']"
STARSEEKER: Astroneer Expeditions,"Jun 11, 2026",$29.99,No Discount,System Era Softworks,Devolver Digital,853,500,353,Mixed,"['Action', 'Adventure', 'Early Access']"
Stellaris: The Machine Age,"May 7, 2024",$24.99,No Discount,Paradox Development Studio,Paradox Interactive,954,723,231,Mostly Positive,"['Simulation', 'Strategy']"
Resident Evil Revelations 2,"Feb 24, 2015",$5.99,No Discount,"CAPCOM Co., Ltd.","CAPCOM Co., Ltd.","31,950","25,009","6,941",Mostly Positive,"['Action', 'Adventure']"
Total War: SHOGUN 2,N/A,No Price,No Discount,The Creative Assembly,SEGA,"68,100","62,424","5,676",Very Positive,['None']
Marvel's Midnight Suns,"Dec 1, 2022",$59.99,No Discount,Firaxis Games,2K,"24,134","19,695","4,439",Mostly Positive,"['RPG', 'Strategy']"
Kerbal Space Program: Making History Expansion,"Mar 13, 2018",$14.99,$4.49,Squad,Private Division,765,521,244,Mixed,"['Indie', 'Simulation']"
The Sims™ 4 High School Years Expansion Pack,"Jul 28, 2022",$39.99,$19.99,Maxis,Electronic Arts,341,153,188,Mixed,"['Casual', 'Simulation']"
Lucid Blocks,"Mar 12, 2026",$9.99,No Discount,Lucy B. Locks,Lucy B. Locks,"4,605","4,312",293,Very Positive,"['Action', 'Adventure', 'Indie', 'RPG']"
Forts,"Apr 19, 2017",$14.99,$8.99,EarthWork Games,EarthWork Games,"25,176","23,140","2,036",Very Positive,"['Action', 'Indie', 'Strategy']"
Chef Knight,"Jun 1, 2026",$5.99,No Discount,Clover Bite,Clover Bite,"2,031","1,928",103,Very Positive,"['Action', 'Casual', 'Indie', 'Simulation']"
Teenage Mutant Ninja Turtles: Shredder's Revenge,"Jun 16, 2022",$24.99,No Discount,Tribute Games Inc.,Dotemu,"14,759","13,931",828,Very Positive,"['Action', 'Adventure', 'Casual', 'Indie']"
Travellers Rest,"Jul 28, 2020",$17.99,No Discount,Isolated Games,Isolated Games,"17,860","15,715","2,145",Very Positive,"['Adventure', 'Casual', 'Indie', 'RPG']"
Dead Cells: Return to Castlevania,"Mar 6, 2023",$9.99,$6.99,Motion Twin,Motion Twin,965,839,126,Very Positive,"['Action', 'Indie']"
Infinity Kingdom,"Jul 1, 2021",Free To Play,No Discount,YOUZU (SINGAPORE) PTE. LTD.,YOUZU (SINGAPORE) PTE. LTD.,"1,248",644,604,Mostly Negative,"['Adventure', 'Free To Play', 'Massively Multiplayer', 'Strategy']"
The Crew Motorfest,"Apr 18, 2024",No Price,No Discount,Ubisoft Ivory Tower,Ubisoft,"24,917","19,625","5,292",Very Positive,['Racing']
Orb of Creation,"Jun 23, 2026",$11.99,No Discount,MarpleGames,MarpleGames,"2,157","1,834",323,Mixed,"['Casual', 'Indie', 'Strategy']"
Cell to Singularity - Evolution Never Ends,"Nov 3, 2021",Free To Play,No Discount,Computer Lunch,Computer Lunch,"27,687","24,765","2,922",Very Positive,"['Casual', 'Simulation', 'Free To Play']"
Like a Dragon: Infinite Wealth,"Jan 25, 2024",$69.99,No Discount,RGG Studio,SEGA,"23,688","21,468","2,220",Very Positive,"['Action', 'Adventure', 'RPG']"
DOOM + DOOM II,"Apr 30, 1995",$9.99,$3.99,id Software,Bethesda,"28,708","27,740",968,Overwhelmingly Positive,['Action']
"Ranch Simulator: Build, Hunt, Farm","Nov 3, 2023",$24.99,No Discount,Toxic Dog,Excalibur Games,"47,595","37,613","9,982",Very Positive,['Simulation']
Strange Antiquities,"Sep 17, 2025",No Price,No Discount,Bad Viking,Iceberg Interactive,"3,428","3,271",157,Overwhelmingly Positive,"['Adventure', 'Casual', 'Indie', 'Simulation']"
Suikoden I&II HD Remaster Gate Rune and Dunan Unification Wars,"Mar 6, 2025",$49.99,No Discount,KONAMI,KONAMI,"2,547","2,416",131,Very Positive,['RPG']
Dragon's Dogma 2: Dark Arisen Expansion,"Oct 8, 2026",$29.99,No Discount,"CAPCOM Co., Ltd.","CAPCOM Co., Ltd.",0,0,0,"['Action', 'RPG']",
3on3 FreeStyle: Rebound,"Jul 14, 2020",Free To Play,No Discount,Joycity,Joycity,"4,402","2,727","1,675",Mixed,"['Action', 'Casual', 'Indie', 'RPG']"
American Truck Simulator - Iowa,"Jul 10, 2025",$11.99,No Discount,SCS Software,SCS Software,258,225,33,Very Positive,"['Indie', 'Simulation']"
Call of Duty®: Ghosts,"Mar 25, 2014",$39.99,No Discount,Infinity Ward,Activision,"31,983","20,949","11,034",Very Positive,['Action']
DCS: F-14B(U) by Heatblur Simulations,"Jul 22, 2026",$56.99,No Discount,Heatblur Simulations,Eagle Dynamics SA,38,38,0,Positive,"['Simulation', 'Free To Play']"
Jurassic World Evolution 3: Deluxe Upgrade Pack,"Oct 21, 2025",$16.99,No Discount,Frontier Developments,Frontier Developments,72,60,12,Very Positive,"['Simulation', 'Strategy']"
Apollo Justice: Ace Attorney Trilogy,"Jan 24, 2024",$49.99,No Discount,"CAPCOM Co., Ltd.","CAPCOM Co., Ltd.","4,371","3,853",518,Mostly Positive,['Adventure']
UNO,"Dec 8, 2016",$9.99,No Discount,Ubisoft Entertainment,Ubisoft Entertainment,"54,160","38,055","16,105",Mixed,['Casual']
Moldwasher,"Jun 23, 2026",$8.99,No Discount,Rubel Games,Anshar Publishing,781,716,65,Very Positive,"['Casual', 'Indie', 'Simulation']"
Cinderia,"Mar 30, 2026",$17.99,No Discount,MyACG Studio,MyACG Studio,"4,514","3,959",555,Very Positive,"['Action', 'Adventure', 'Indie', 'RPG']"
Cursemark,"Jun 8, 2026",No Price,No Discount,CLYDE games,Mad Mushroom,571,494,77,Very Positive,"['Action', 'Adventure', 'Indie', 'RPG']"
ROUNDS,"Apr 1, 2021",$5.99,No Discount,Landfall,Landfall,"44,057","41,963","2,094",Overwhelmingly Positive,"['Action', 'Indie']"
Wo Long: Fallen Dynasty,"Mar 3, 2023",No Price,No Discount,"KOEI TECMO GAMES CO., LTD.","KOEI TECMO GAMES CO., LTD.","29,190","14,553","14,637",Mixed,"['Action', 'Adventure', 'RPG']"
Chants of Sennaar,"Sep 5, 2023",No Price,No Discount,Rundisc,Focus Entertainment,"33,468","32,879",589,Overwhelmingly Positive,"['Adventure', 'Indie']"
Hotel Architect,"May 14, 2026",No Price,No Discount,Pathos Interactive,Wired Productions,"2,159","2,022",137,Very Positive,"['Casual', 'Indie', 'Simulation', 'Strategy']"
Vampires: Bloodlord Rising,"Jan 30, 2026",$19.99,$13.99,Mehuman Games,Toplitz Productions,"1,779","1,274",505,Mixed,"['Action', 'Adventure', 'RPG', 'Simulation']"
Diplomacy is Not an Option,"Oct 4, 2024",$29.99,No Discount,Door 407,Door 407,"12,441","10,656","1,785",Very Positive,"['Action', 'Adventure', 'Casual', 'Indie']"
ZEPHON,"Nov 8, 2024",$39.99,No Discount,Proxy Studios,Proxy Studios,"1,874","1,562",312,Mostly Positive,"['RPG', 'Strategy']"
Resident Evil 3 Nemesis (1999),"Apr 1, 2026",$9.99,No Discount,"CAPCOM Co., Ltd.","CAPCOM Co., Ltd.","2,356","2,101",255,Very Positive,"['Action', 'Adventure']"
Backrooms Lost Runners,"Jun 17, 2026",$13.99,No Discount,ShimStudioGames,ShimStudioGames,638,500,138,Very Positive,"['Action', 'Adventure', 'Indie', 'Early Access']"
Rock Bottom,"Jul 14, 2026",$7.99,No Discount,Logan Games,Logan Games,"1,235","1,161",74,Very Positive,"['Action', 'Adventure', 'Casual', 'Simulation']"
Hatsune Miku: Project DIVA Mega Mix+,"May 26, 2022",$39.39,No Discount,SEGA,SEGA,"23,397","22,168","1,229",Overwhelmingly Positive,['Action']
Until Then,"Jun 25, 2024",No Price,No Discount,Polychroma Games,Maximum Entertainment,"18,531","17,925",606,Overwhelmingly Positive,"['Adventure', 'Casual', 'Indie']"
Six Days in Fallujah,"Jun 22, 2023",$39.99,No Discount,Highwire Games,Victura,"16,326","12,999","3,327",Mixed,"['Action', 'Early Access']"
Assassin's Creed Black Flag Resynced - Sea Serpent Character Pack,"Jul 9, 2026",$9.99,No Discount,Ubisoft,Ubisoft,20,16,4,Positive,"['Action', 'Adventure']"
Prince of Persia The Lost Crown,"Aug 8, 2024",$29.99,$14.99,Ubisoft Montpellier,Ubisoft,"6,879","5,800","1,079",Very Positive,"['Action', 'Adventure']"
Firewatch,"Feb 9, 2016",$19.99,No Discount,Campo Santo,Panic,"99,020","89,677","9,343",Very Positive,"['Adventure', 'Indie']"
Untitled Goose Game,"Sep 23, 2020",$19.99,No Discount,House House,Panic,"24,797","23,771","1,026",Overwhelmingly Positive,"['Action', 'Indie']"
The Sims™ Legacy Collection,"Jan 31, 2025",No Price,No Discount,MAXIS,Electronic Arts,"2,408","1,740",668,Very Positive,"['Casual', 'Simulation']"
Ale & Tale Tavern,"Sep 5, 2024",No Price,No Discount,Scienart Games,GrabTheGames,"10,256","9,150","1,106",Very Positive,"['Action', 'Adventure', 'Casual', 'Indie']"
Ugoku Sushi Bar,"Jul 29, 2026",$17.98,$9.52,Rogue Duck Interactive,Rogue Duck Interactive,172,151,21,Very Positive,"['Casual', 'Indie', 'Simulation', 'Strategy']"
Outlast,"Sep 4, 2013",$14.99,No Discount,Red Barrels,Red Barrels,"137,977","133,065","4,912",Overwhelmingly Positive,"['Action', 'Adventure', 'Indie']"
WITCH ON THE HOLY NIGHT,"Dec 14, 2023",$39.99,$19.99,TYPE-MOON,Aniplex Inc.,"8,218","8,077",141,Overwhelmingly Positive,['Adventure']
Total War: WARHAMMER III - Bhashiva – Character Pack,"May 21, 2026",$4.99,No Discount,CREATIVE ASSEMBLY,SEGA,"1,183",636,547,Mixed,"['Action', 'Strategy']"
Rabbit and Steel,"May 9, 2024",$14.99,No Discount,mino_dev,mino_dev,"11,449","11,112",337,Overwhelmingly Positive,"['Action', 'Adventure', 'Indie', 'RPG']"
SimplePlanes 2,"Apr 23, 2026",$19.99,No Discount,"Jundroo, LLC","Jundroo, LLC","1,232","1,131",101,Very Positive,"['Indie', 'Racing', 'Simulation', 'Early Access']"
MELTY BLOOD: TYPE LUMINA,"Sep 29, 2021",$49.99,$14.99,FRENCH-BREAD,Lasengle Inc.,"10,522","9,325","1,197",Very Positive,['Action']
Maneater,"May 25, 2021",$39.99,$5.99,Tripwire Interactive,Tripwire Interactive,"26,082","22,775","3,307",Very Positive,"['Action', 'Adventure', 'Indie', 'RPG']"
SWAPMEAT,"Jun 17, 2026",$16.49,$9.89,One More Game,One More Game,351,308,43,Very Positive,"['Action', 'Adventure', 'Indie']"
LEGO® DC Super-Villains,"Oct 16, 2018",$99.99,$12.99,TT Games,Warner Bros. Interactive Entertainment,"8,148","7,432",716,Very Positive,"['Action', 'Adventure']"
Rune Dice,"May 19, 2026",No Price,No Discount,Smart Raven Studio,Kwalee,"1,220",966,254,Very Positive,"['Indie', 'RPG', 'Strategy']"
Dragon Age™ Inquisition,"Nov 18, 2014",No Price,No Discount,BioWare,Electronic Arts,"21,283","16,123","5,160",Mostly Positive,"['Action', 'Adventure', 'RPG', 'Strategy']"
Door Kickers 2: Task Force North,"Feb 10, 2025",$24.99,No Discount,KillHouse Games,KillHouse Games,"13,465","12,933",532,Overwhelmingly Positive,"['Action', 'Indie', 'Simulation', 'Strategy']"
Teamfight Manager 2,"May 25, 2026",$19.99,No Discount,Team Samoyed,Team Samoyed,"2,223","1,335",888,Mixed,"['Casual', 'Indie', 'Simulation', 'Sports']"
Heroes of Hammerwatch II - Celestial Ruins,"Jul 28, 2026",$6.99,$5.59,Crackshell,Team17,73,34,39,Mixed,"['Action', 'Indie', 'RPG']"
NO BACKUP,"May 9, 2026",$9.99,No Discount,Serundeox,Serundeox,960,652,308,Mixed,"['Action', 'Indie', 'Early Access']"
Echo Point Nova,"Sep 24, 2024",$24.99,$14.99,Greylock Studio,Greylock Studio,"7,895","7,625",270,Overwhelmingly Positive,"['Action', 'Adventure', 'Indie']"
KINGDOM HEARTS III + Re Mind (DLC),"Jun 13, 2024",$59.99,No Discount,Square Enix,Square Enix,"2,737","2,480",257,Very Positive,"['Action', 'Adventure', 'RPG']"
Poppy Playtime - Chapter 5,"Feb 18, 2026",$19.99,No Discount,Mob Entertainment,Mob Entertainment,"8,429","6,706","1,723",Very Positive,"['Action', 'Adventure', 'Indie']"
The Sims™ 4 Growing Together Expansion Pack,"Mar 16, 2023",$39.99,$19.99,Maxis,Electronic Arts,146,99,47,Mixed,"['Casual', 'Simulation']"
Five Nights at Freddy's: Secret of the Mimic,"Jun 13, 2025",$39.99,No Discount,Steel Wool Studios,ScottGames,"11,311","9,761","1,550",Very Positive,['Indie']
Plants vs. Zombies GOTY Edition,"May 5, 2009",No Price,No Discount,"PopCap Games, Inc.","PopCap Games, Inc.","154,688","151,122","3,566",Overwhelmingly Positive,['Strategy']
Dead Space™ 2,"Jan 21, 2011",No Price,No Discount,Visceral Games,Electronic Arts,"29,523","27,742","1,781",Very Positive,"['Action', 'Adventure']"
Guild Wars 2® End of Dragons® Expansion,"Aug 23, 2022",$29.99,No Discount,ArenaNet®,NCSOFT,135,93,42,Mixed,"['Adventure', 'Massively Multiplayer', 'RPG', 'Free To Play']"
Thronefall,"Oct 11, 2024",$12.99,No Discount,GrizzlyGames,Mythwright,"23,423","22,528",895,Very Positive,"['Action', 'Indie', 'Strategy']"
Tokyo Xtreme Racer,"Sep 24, 2025",$49.99,No Discount,"Genki Co., Ltd.","Genki Co., Ltd.","15,591","14,605",986,Very Positive,"['Racing', 'RPG']"
American Truck Simulator - Missouri,"Apr 3, 2025",$11.99,No Discount,SCS Software,SCS Software,270,219,51,Very Positive,"['Indie', 'Simulation']"
DEVOUR,"Jan 28, 2021",$9.99,No Discount,Straight Back Games,Straight Back Games,"87,967","79,608","8,359",Very Positive,['Indie']
CarX Drift Racing Online,"Nov 17, 2017",$16.99,No Discount,"CarX Technologies, LLC","CarX Technologies, LLC","89,131","84,770","4,361",Very Positive,"['Action', 'Casual', 'Massively Multiplayer', 'Racing']"
The Scroll of Taiwu : Beyond The Dome,"Sep 21, 2018",$29.99,No Discount,ConchShip Games,ConchShip Games,"69,979","45,806","24,173",Mixed,"['Adventure', 'Casual', 'Indie', 'RPG']"
Street Fighter™ 6 - Year 2 Character Pass,"Jun 7, 2024",$29.99,No Discount,"CAPCOM Co., Ltd.","CAPCOM Co., Ltd.",239,122,117,Mixed,"['Action', 'Adventure']"
Forza Motorsport,"Oct 9, 2023",$69.99,No Discount,Turn 10,Xbox Game Studios,"12,670","6,474","6,196",Mixed,['Racing']
Opus Magnum,"Dec 7, 2017",$19.99,No Discount,Zachtronics,Zachtronics,"7,141","6,947",194,Overwhelmingly Positive,"['Indie', 'Simulation']"
Shards of Order,"Jul 28, 2026",$9.99,No Discount,Fardust,Awaken Realms,325,296,29,Very Positive,"['Adventure', 'Indie', 'RPG', 'Strategy']"
Bomb Rush Cyberfunk,"Aug 18, 2023",$39.99,$15.99,Team Reptile,Team Reptile,"15,482","15,155",327,Overwhelmingly Positive,"['Action', 'Adventure', 'Indie']"
SOULCALIBUR VI,"Oct 18, 2018",$89.99,$14.39,BANDAI NAMCO Studios Inc.,BANDAI NAMCO Entertainment,"14,326","11,842","2,484",Very Positive,['Action']
Fishing Planet: Valkyrie Saga Pack,"Dec 18, 2025",$59.99,No Discount,Fishing Planet LLC,Fishing Planet LLC,47,19,28,Mixed,"['Massively Multiplayer', 'Simulation', 'Sports', 'Free To Play']"
Return of the Obra Dinn,"Oct 18, 2018",$19.99,No Discount,Lucas Pope,3909,"34,868","33,715","1,153",Overwhelmingly Positive,"['Adventure', 'Indie']"
ヘブンバーンズレッド,"Aug 10, 2022",Free,No Discount,WRIGHT FLYER STUDIOS,WRIGHT FLYER STUDIOS,"6,112","3,697","2,415",Mixed,"['Adventure', 'RPG', 'Free To Play']"
Cozy Cleaner,"Jun 22, 2026",$6.99,No Discount,Payoff Games,Rogue Duck Interactive,908,828,80,Very Positive,"['Adventure', 'Casual', 'Simulation']"
Pizza Tower,"Jan 26, 2023",$19.99,No Discount,Tour De Pizza,Tour De Pizza,"72,313","71,080","1,233",Overwhelmingly Positive,"['Action', 'Indie']"
We Were Here Forever,"May 10, 2022",$17.99,$7.19,Total Mayhem Games,Total Mayhem Games,"18,648","16,899","1,749",Very Positive,"['Adventure', 'Casual', 'Indie']"
Total War: WARHAMMER III - Forge of the Chaos Dwarfs,"Apr 13, 2023",$24.99,No Discount,CREATIVE ASSEMBLY,SEGA,"4,463","2,663","1,800",Mostly Positive,"['Action', 'Strategy']"
Dinkum,"Apr 22, 2025",No Price,No Discount,James Bendon,"KRAFTON, Inc.","29,029","26,663","2,366",Very Positive,"['Adventure', 'Casual', 'Indie', 'RPG']"
The Sims™ 4 Island Living,"Jun 20, 2019",$39.99,$19.99,Maxis,Electronic Arts,175,116,59,Mixed,"['Casual', 'Simulation']"
DragonSword : Awakening - Costume : White Flower of the Blue Waves,"Jul 31, 2026",$7.99,$7.19,Hound13 Inc.,Hound13 Inc.,63,58,5,Very Positive,"['Action', 'Adventure', 'RPG']"
The Sims™ 4 Adventure Awaits Expansion Pack,"Oct 2, 2025",$39.99,$29.99,Maxis,Electronic Arts,19,9,10,Mixed,"['Simulation', 'Strategy']"
CarX Drift Racing Online 2,"May 7, 2026",$24.99,No Discount,"CarX Technologies, LLC","CarX Technologies, LLC","1,092",759,333,Very Positive,"['Massively Multiplayer', 'Racing', 'Simulation', 'Sports']"
GUNDAM BREAKER 4,"Aug 28, 2024",$99.99,$39.99,"CRAFTS & MEISTER Co., Ltd.",Bandai Namco Entertainment Inc.,"4,191","3,072","1,119",Very Positive,"['Action', 'RPG']"
The Witcher 2: Assassins of Kings Enhanced Edition,"May 17, 2011",$19.99,$2.99,CD PROJEKT RED,CD PROJEKT RED,"91,042","81,425","9,617",Very Positive,['RPG']
Trackmania,"Feb 2, 2023",Free To Play,No Discount,Nadeo,Ubisoft,"21,258","16,558","4,700",Mostly Positive,['Racing']
The Jackbox Party Pack 6,"Oct 16, 2019",$29.99,No Discount,"Jackbox Games, Inc.","Jackbox Games, Inc.","3,095","2,937",158,Very Positive,"['Casual', 'Indie', 'Strategy']"
Dominions 6 - Rise of the Pantokrator,"Jan 17, 2024",$44.99,No Discount,Illwinter Game Design,Illwinter Game Design,"1,727","1,570",157,Very Positive,['Strategy']
RoboCop: Rogue City - Unfinished Business,"Jul 17, 2025",$29.99,$11.99,Teyon,Nacon,"4,562","3,883",679,Very Positive,"['Action', 'Adventure']"
Spirit City: Lofi Sessions,"Apr 8, 2024",$11.99,No Discount,Mooncube Games,Mooncube Games,"16,450","16,060",390,Very Positive,"['Casual', 'Indie', 'Simulation']"
Going Medieval,"Mar 17, 2026",No Price,No Discount,Foxy Voxel,Mythwright,"21,266","18,956","2,310",Very Positive,"['Indie', 'RPG', 'Simulation', 'Strategy']"
Devil Spire Falls,"Jul 6, 2025",No Price,No Discount,Ithiro Sumi,Ithiro Sumi,979,933,46,Overwhelmingly Positive,"['Action', 'Adventure', 'Indie', 'RPG']"
Yu-Gi-Oh! Duel Links,"Nov 16, 2017",Free To Play,No Discount,KONAMI,KONAMI,"44,891","37,211","7,680",Mostly Positive,"['Strategy', 'Free To Play']"
Ori and the Will of the Wisps,"Mar 10, 2020",$29.99,No Discount,Moon Studios GmbH,Xbox Game Studios,"145,793","140,699","5,094",Very Positive,['Action']
Rain World: The Watcher,"Mar 28, 2025",$14.99,No Discount,Videocult,Akupara Games,"3,906","2,811","1,095",Mostly Positive,"['Action', 'Adventure', 'Indie']"
Empires of the Undergrowth,"Jun 7, 2024",$29.99,No Discount,Slug Disco,Hooded Horse,"18,610","17,561","1,049",Very Positive,"['Simulation', 'Strategy']"
Is This Seat Taken?,"Aug 7, 2025",No Price,No Discount,Poti Poti Studio,Wholesome Games Presents,"9,192","8,946",246,Overwhelmingly Positive,"['Casual', 'Indie']"
Megastore Simulator,"Feb 2, 2026",$13.99,No Discount,Yolo Games Studio,Yolo Games Studio,"1,799","1,673",126,Very Positive,"['Casual', 'Indie', 'Simulation', 'Early Access']"
STRANGER OF PARADISE FINAL FANTASY ORIGIN,"Apr 6, 2023",$39.99,No Discount,Square Enix,Square Enix,"4,597","3,830",767,Mostly Positive,"['Action', 'Adventure', 'RPG']"
Gloomwood,"Sep 5, 2022",$19.99,$14.99,Dillon Rogers,New Blood Interactive,"8,307","7,896",411,Very Positive,"['Action', 'Indie', 'Early Access']"
Farming Simulator 25: Highlands Fishing Expansion,"Nov 4, 2025",$29.99,No Discount,GIANTS Software,GIANTS Software,438,235,203,Mixed,['Simulation']
Aliens: Fireteam Elite,"Aug 23, 2021",$29.99,No Discount,Cold Iron Studios,Cold Iron Studios,"26,935","21,469","5,466",Mostly Positive,"['Action', 'RPG']"
A Difficult Game About Climbing,"Mar 6, 2024",$9.99,$4.99,Pontypants,Pontypants,"5,631","4,916",715,Mostly Positive,"['Action', 'Adventure']"
Company of Heroes 3: Dare & Destroy,"May 14, 2026",$24.99,No Discount,Relic Entertainment,Relic Entertainment,271,143,128,Mostly Negative,"['Action', 'Strategy']"
Easy Delivery Co.,"Sep 18, 2025",$12.99,No Discount,Sam C,Oro Interactive,"10,102","9,608",494,Very Positive,"['Casual', 'Indie', 'Racing', 'Simulation']"
INAZUMA ELEVEN: Victory Road,"Nov 13, 2025",$69.99,No Discount,LEVEL5 Inc.,LEVEL5 Inc.,"11,962","10,681","1,281",Very Positive,"['RPG', 'Sports']"
"MAZEBOUND: Hunt, Gather, Run!","May 13, 2026",$9.99,No Discount, Absam Studios, Absam Studios,604,499,105,Very Positive,"['Action', 'Adventure', 'Indie']"
Forensics: Crime Scene Detective,"Jul 13, 2026",No Price,No Discount,Binary Impact,Aerosoft GmbH,296,183,113,Mixed,['Simulation']
Assassin's Creed Mirage,"Oct 17, 2024",$49.99,No Discount,Ubisoft Bordeaux,Ubisoft,"12,061","9,191","2,870",Mostly Positive,"['Action', 'Adventure']"
Rise of the Ronin,"Mar 10, 2025",$49.99,$24.99,"KOEI TECMO GAMES CO., LTD.","KOEI TECMO GAMES CO., LTD.","10,830","6,820","4,010",Mostly Positive,"['Action', 'Adventure', 'RPG']"
Outer Wilds - Echoes of the Eye,"Sep 28, 2021",$14.99,No Discount,Mobius Digital,Annapurna Interactive,"6,445","5,824",621,Mostly Positive,"['Action', 'Adventure']"
Hell Clock,"Jul 22, 2025",$19.99,No Discount,Rogue Snail,Mad Mushroom,"4,129","3,453",676,Very Positive,"['Action', 'Indie', 'RPG']"
Valve Index® Base Station,N/A,$149.00,No Discount,None,None,0,0,0,['None'],
Animal Company,"May 21, 2026",$19.99,No Discount,Wooster Games,Wooster Games,647,552,95,Very Positive,"['Action', 'Adventure', 'Early Access']"
Viewfinder,"Jul 18, 2023",$24.99,No Discount,Sad Owl Studios,Thunderful Publishing,"12,875","12,160",715,Overwhelmingly Positive,"['Adventure', 'Indie']"
Bendy and the Dark Revival,"Nov 15, 2022",$19.99,No Discount,Joey Drew Studios,Joey Drew Studios,"16,015","14,761","1,254",Very Positive,"['Action', 'Adventure']"
Age of Wonders 4: Secrets of the Archmages,"Jun 16, 2026",$19.99,No Discount,Triumph Studios,Paradox Interactive,76,52,24,Very Positive,['Strategy']
Bootstrap Island,"Mar 12, 2026",No Price,No Discount,Maru VR,Maru VR,"1,378","1,137",241,Very Positive,"['Action', 'Adventure', 'Indie', 'Simulation']"
LEGO® Star Wars™ - The Complete Saga,"Nov 12, 2009",$19.99,No Discount,Traveller's Tales,LucasArts,"25,409","24,572",837,Overwhelmingly Positive,['Adventure']
Like a Dragon: Pirate Yakuza in Hawaii,"Feb 20, 2025",No Price,No Discount,RGG Studio,SEGA,"9,788","8,591","1,197",Very Positive,"['Action', 'Adventure', 'RPG']"
Destiny 2: Lightfall,"Feb 28, 2023",$19.99,$1.99,Bungie,Bungie,"12,182","3,502","8,680",Mostly Negative,"['Action', 'Adventure', 'Free To Play']"
Parcel Simulator,"Jun 20, 2025",$17.99,No Discount,Dansan Digital,Dansan Digital,"2,743","2,562",181,Very Positive,"['Casual', 'Indie', 'Simulation']"
Devil May Cry 4 Special Edition,"Jun 23, 2015",$24.99,No Discount,"CAPCOM Co., Ltd.","CAPCOM Co., Ltd. ","22,139","19,243","2,896",Mostly Positive,['Action']
Resident Evil 2 (1998),"Apr 1, 2026",$9.99,No Discount,"CAPCOM Co., Ltd.","CAPCOM Co., Ltd.","2,102","1,905",197,Very Positive,"['Action', 'Adventure']"
Sudden Strike 5,"Apr 23, 2026",No Price,No Discount,Kite Games,Kalypso Media,726,540,186,Very Positive,"['Action', 'Strategy']"
Sonic Frontiers,"Nov 7, 2022",$39.99,No Discount,Sonic Team,SEGA,"28,196","25,161","3,035",Very Positive,"['Action', 'Adventure']"
Rhythia,"Feb 20, 2026",$3.99,No Discount,Capo Games,Capo Games,"1,744","1,456",288,Very Positive,"['Casual', 'Indie', 'Early Access']"
Sineus Arena Survivors,"Jun 22, 2026",$10.99,No Discount,Sineus Games,Sineus Games,957,718,239,Mostly Positive,"['Action', 'Indie']"
Magicraft,"Nov 1, 2024",No Price,No Discount,Wave Games,bilibili,"16,714","15,502","1,212",Very Positive,"['Action', 'Adventure', 'Indie', 'RPG']"
Undisputed,"Oct 8, 2024",$49.99,No Discount,Steel City Interactive,Deep Silver,"22,637","13,408","9,229",Mixed,"['Action', 'Simulation', 'Sports']"
Mega Man Star Force Legacy Collection,"Mar 26, 2026",$39.99,No Discount,"CAPCOM Co., Ltd.","CAPCOM Co., Ltd.",754,725,29,Very Positive,"['Action', 'RPG', 'Strategy']"
Company of Heroes 2,"Jun 25, 2013",$19.99,$4.99,Relic Entertainment,Relic Entertainment,"112,995","89,322","23,673",Mostly Positive,['Strategy']
Cash Cleaner Simulator,"May 8, 2025",$19.99,No Discount,Mind Control Games,Forklift Interactive,"7,811","7,215",596,Very Positive,"['Casual', 'Indie', 'Simulation']"
Resident Evil 4 - Separate Ways,"Sep 20, 2023",$9.99,No Discount,"CAPCOM Co., Ltd.","CAPCOM Co., Ltd.","8,409","8,018",391,Very Positive,"['Action', 'Adventure']"
Blood Trail,"Mar 27, 2019",$24.99,No Discount,Electrovore,Electrovore,"7,532","6,040","1,492",Mixed,"['Action', 'Early Access']"
Frog Sqwad 🐸,"Jun 11, 2026",$7.99,No Discount,Panic Stations,Panic Stations,402,312,90,Mostly Positive,"['Action', 'Adventure', 'Indie']"
The Sims™ 4 Discover University,"Nov 14, 2019",$39.99,$19.99,Maxis,Electronic Arts,203,85,118,Mixed,"['Casual', 'Simulation']"
Substance 3D Modeler 2025,"Dec 15, 2022",$149.99,No Discount,Adobe,Adobe,92,62,30,Mixed,"['Animation & Modeling', 'Design & Illustration']"
NARUTO X BORUTO Ultimate Ninja STORM CONNECTIONS,"Nov 16, 2023",$84.99,$33.99,"CyberConnect2 Co., Ltd.",Bandai Namco Entertainment,"5,065","3,075","1,990",Mostly Positive,"['Action', 'Adventure']"
G-Rebels,"Jul 20, 2026",No Price,No Discount,Reakktor Studios,Senatis,186,148,38,Mostly Positive,"['Action', 'Simulation', 'Early Access']"
Metro 2033 Redux,"Aug 25, 2014",$19.99,No Discount,4A Games,Deep Silver,"139,653","128,855","10,798",Very Positive,['Action']
UBOAT,"Aug 2, 2024",$40.78,$29.31,Deep Water Studio,PlayWay S.A.,"27,001","22,740","4,261",Very Positive,"['Action', 'Indie', 'RPG', 'Simulation']"
FINAL FANTASY IX,"Apr 14, 2016",$20.99,No Discount,Square Enix,Square Enix,"14,152","13,462",690,Overwhelmingly Positive,['RPG']
DragonSword : Awakening - Costume : Coral Summer Mischief,"Jul 31, 2026",$7.99,$7.19,Hound13 Inc.,Hound13 Inc.,73,69,4,Very Positive,"['Action', 'Adventure', 'RPG']"
Kingdom Two Crowns,"Dec 11, 2018",$19.99,No Discount,Stumpy🐙Squid,Raw Fury,"39,249","35,406","3,843",Very Positive,"['Adventure', 'Indie', 'Simulation', 'Strategy']"
Beachwear Armor Set,"Jun 29, 2026",$9.99,No Discount,The Fun Pimps,The Fun Pimps,80,73,7,Very Positive,"['Action', 'Adventure', 'Indie', 'RPG']"
Half-Life 2,"Nov 16, 2004",No Price,No Discount,Valve,Valve,"277,399","270,745","6,654",Overwhelmingly Positive,['Action']
FINAL FANTASY RESONANCE,"Oct 22, 2026",$49.99,No Discount,Square Enix,Square Enix,0,0,0,['RPG'],
Prehistoric Kingdom,"Apr 27, 2022",$29.99,No Discount,Blue Meridian,Crytivo,"6,580","5,913",667,Very Positive,"['Indie', 'Simulation', 'Strategy', 'Early Access']"
Farm to Table,"May 9, 2026",$14.99,No Discount,indieGiant,indieGiant,605,556,49,Very Positive,"['Casual', 'Indie', 'RPG', 'Simulation']"
Scarlet Deer Inn,"Jul 21, 2026",No Price,No Discount,Attu Games,Attu Games,274,245,29,Very Positive,"['Action', 'Adventure', 'Indie']"
Hyper Light Drifter,"Mar 31, 2016",$19.99,$4.99,Heart Machine,Heart Machine,"19,034","17,699","1,335",Very Positive,"['Action', 'Adventure', 'Indie', 'RPG']"
Dungeon Defenders II,"Jun 20, 2017",Free To Play,No Discount,Chromatic Games,Chromatic Games,"22,151","17,106","5,045",Mostly Positive,"['Action', 'Indie', 'RPG', 'Strategy']"
Void Crew,"Nov 25, 2024",$24.99,No Discount,Hutlihut Games,Focus Entertainment,"8,399","7,261","1,138",Very Positive,"['Action', 'Adventure']"
Cepheus Protocol,"May 15, 2020",$19.99,No Discount,Halcyon Winds,Halcyon Winds,"3,718","2,804",914,Mixed,"['Action', 'Adventure', 'Indie', 'Massively Multiplayer']"
WARRIORS: Abyss,"Feb 12, 2025",$24.99,$9.99,"KOEI TECMO GAMES CO., LTD.","KOEI TECMO GAMES CO., LTD.","2,281","1,963",318,Very Positive,"['Action', 'RPG']"
PowerWash Simulator 2 - Adventure Time Pack,"Apr 9, 2026",$7.99,No Discount,FuturLab,FuturLab,352,185,167,Mixed,"['Casual', 'Indie', 'Simulation']"
3DMark,N/A,No Price,No Discount,UL Solutions,UL Solutions,"20,746","19,393","1,353",Very Positive,['Utilities']
Sengoku Dynasty,"Nov 7, 2024",No Price,No Discount,Superkami,Toplitz Productions,"7,743","5,785","1,958",Mostly Positive,"['Adventure', 'RPG', 'Simulation']"
Voyagers of Nera,"Sep 16, 2025",$29.99,No Discount,Treehouse Games,Treehouse Games,"2,592","2,201",391,Very Positive,"['Action', 'Adventure', 'Indie', 'RPG']"
LumenTale: Memories of Trey,"May 26, 2026",$29.99,$23.99,Beehive Studios,Team17,"1,317",959,358,Mixed,"['Action', 'Adventure', 'RPG']"
Tempest Rising,"Apr 24, 2025",No Price,No Discount,Slipgate Ironworks™,3D Realms,"11,780","10,296","1,484",Mostly Positive,"['Action', 'Strategy']"
Coal LLC,"Sep 11, 2025",$14.99,No Discount,Bye Bye Ocean,Bye Bye Ocean,"1,303","1,209",94,Very Positive,"['Indie', 'Simulation', 'Strategy']"
R.U.S.E.™,"Sep 9, 2010",$29.99,No Discount,Eugen Systems,Eugen Systems,"4,513","4,315",198,Very Positive,['Strategy']
Destiny 2: Beyond Light Pack,"Nov 10, 2020",$9.99,$0.99,Bungie,Bungie,"5,867","2,825","3,042",Mixed,"['Action', 'Adventure', 'Free To Play']"
Carpet Cleaning Simulator,"Jul 12, 2026",No Price,No Discount,daimaGAME,daimaGAME,375,326,49,Very Positive,"['Indie', 'Simulation']"
Demon Slayer -Kimetsu no Yaiba- The Hinokami Chronicles 2,"Aug 5, 2025",$59.99,No Discount,CyberConnect2,SEGA,"3,574","2,957",617,Very Positive,"['Action', 'Adventure']"
Dragon Age: Origins - Ultimate Edition,"Oct 26, 2010",No Price,No Discount,BioWare,Electronic Arts,"31,157","26,687","4,470",Mostly Positive,['RPG']
Over The Top: WWI,"Mar 6, 2026",$19.14,No Discount,Flying Squirrel Entertainment,GG Publishing,"6,645","5,601","1,044",Mostly Positive,"['Action', 'Indie', 'Massively Multiplayer', 'Simulation']"
TerraTech Legion,"Apr 30, 2026",No Price,No Discount,Payload Studios,Mythwright,"1,999","1,630",369,Very Positive,['Action']
Last Train Home,"Nov 28, 2023",$39.99,No Discount,Ashborne Games,THQ Nordic,"5,440","4,736",704,Very Positive,['Strategy']
Starship Troopers: Terran Command,"Jun 16, 2022",$29.99,No Discount,The Artistocrats,Slitherine Ltd.,"11,965","10,445","1,520",Very Positive,['Strategy']
Class of '09,"Jun 10, 2021",$9.99,No Discount,SBN3,SBN3,"8,971","8,481",490,Very Positive,"['Casual', 'Indie', 'RPG', 'Simulation']"
The Séance of Blake Manor,"Oct 27, 2025",No Price,No Discount,Spooky Doorway,Raw Fury,"3,734","3,557",177,Very Positive,['Adventure']
Unravel Two,"Jun 9, 2018",No Price,No Discount,Coldwood Interactive,Electronic Arts,"9,063","7,086","1,977",Mostly Positive,"['Action', 'Adventure']"
"Rust - Warhammer 40,000 Pack","Oct 23, 2025",$12.99,$10.39,Facepunch Studios,Facepunch Studios,"1,017",807,210,Very Positive,"['Action', 'Adventure', 'Indie', 'Massively Multiplayer']"
Dorfromantik,"Apr 28, 2022",$13.99,No Discount,Toukana Interactive,Toukana Interactive,"29,506","28,427","1,079",Very Positive,"['Casual', 'Indie', 'Simulation', 'Strategy']"
Rust - Voice Props Pack,"Jul 1, 2021",$12.99,$6.49,Facepunch Studios,Facepunch Studios,"2,058","1,777",281,Very Positive,"['Action', 'Adventure', 'Indie', 'Massively Multiplayer']"
Papa's Mocharia Deluxe,"Jun 2, 2026",$5.99,No Discount,Flipline Studios,Flipline Studios,777,744,33,Overwhelmingly Positive,"['Action', 'Casual', 'Indie', 'Simulation']"
Mecha BREAK,"Jul 1, 2025",Free To Play,No Discount,Amazing Seasun Games,Amazing Seasun Games,"28,965","17,521","11,444",Mostly Positive,"['Action', 'Massively Multiplayer', 'Free To Play']"
Resident Evil 7 Gold Edition & Village Gold Edition,"May 6, 2021",No Price,No Discount,"CAPCOM Co., Ltd.","CAPCOM Co., Ltd.","152,235","145,578","6,657",Overwhelmingly Positive,['Action']
Who's Your Daddy?!,"Dec 23, 2015",$9.99,No Discount,Evil Tortilla Games,Evil Tortilla Games,"31,900","25,507","6,393",Very Positive,"['Action', 'Casual', 'Indie']"
The Wandering Village,"Jul 17, 2025",$29.99,No Discount,Stray Fawn Studio,Stray Fawn Publishing,"8,384","7,709",675,Very Positive,"['Simulation', 'Strategy']"
Granblue Fantasy: Relink - Endless Ragnarok (Standard Edition),"Jan 31, 2024",No Price,No Discount,"Cygames, Inc.","Cygames, Inc.","54,973","49,529","5,444",Very Positive,"['Action', 'Adventure', 'RPG']"
Shadow of the Tomb Raider: Definitive Edition,"Sep 14, 2018",Shadow of the Tomb Raider Free Trial,No Discount,Eidos-Montréal,Crystal Dynamics,"89,079","74,682","14,397",Very Positive,"['Action', 'Adventure']"
"Warhammer 40,000: Space Marine - Anniversary Edition","Sep 5, 2011",No Price,No Discount,Relic Entertainment,Relic Entertainment,"33,291","30,519","2,772",Very Positive,['Action']
Two Point Hospital,"Aug 29, 2018",$29.99,No Discount,Two Point Studios,SEGA,"34,850","32,048","2,802",Very Positive,"['Indie', 'Simulation']"
DRAGON QUEST® XI S: Echoes of an Elusive Age™ - Definitive Edition,"Dec 4, 2020",No Price,No Discount,Square Enix,Square Enix,"11,998","11,133",865,Very Positive,"['Adventure', 'RPG']"
Worms W.M.D,"Aug 23, 2016",$29.99,$5.99,Team17,Team17,"14,826","12,622","2,204",Very Positive,"['Action', 'Strategy']"
Cyber Knights: Flashpoint,"Jun 2, 2025",$29.99,$19.79,Trese Brothers,Trese Brothers,"3,032","2,851",181,Very Positive,"['Action', 'Indie', 'RPG', 'Strategy']"
Ascend to ZERO,"Jul 13, 2026",No Price,No Discount,"Flyway Games, Inc.","Flyway Games, Inc.",871,727,144,Very Positive,"['Action', 'RPG', 'Strategy']"
Mall Together,"Jul 24, 2026",$19.78,$10.51,Business Tycoon,Business Tycoon,303,286,17,Very Positive,"['Casual', 'Simulation']"
Shovel Knight: Treasure Trove,"Jun 26, 2014",$42.73,$33.72,Yacht Club Games,Yacht Club Games,"16,863","16,105",758,Very Positive,"['Action', 'Adventure', 'Indie']"
The Last Gas Station,"Apr 28, 2026",$13.99,$9.79,Alawar,Alawar,"1,162","1,011",151,Very Positive,"['Adventure', 'Casual', 'Indie', 'Simulation']"
The 7th Guest Remake,"Jun 3, 2026",$19.99,$13.99,Vertigo Games,Vertigo Games,242,210,32,Mostly Positive,['Adventure']
Cookie Clicker,"Sep 1, 2021",$4.99,No Discount,Orteil,Playsaurus,"92,396","89,087","3,309",Very Positive,"['Casual', 'Indie', 'Simulation', 'Strategy']"
The Mortuary Assistant,"Aug 2, 2022",Mortuary Assistant Demo,No Discount,DarkStone Digital,DreadXP,"8,675","7,972",703,Very Positive,"['Adventure', 'Indie', 'Simulation']"
"Warhammer 40,000: Boltgun","May 23, 2023",$21.99,No Discount,Auroch Digital,Focus Entertainment,"18,033","16,144","1,889",Very Positive,"['Action', 'Indie']"
Cat Chess,"Jul 14, 2026",$6.99,No Discount,Capricia Labs,Capricia Productions,430,372,58,Very Positive,"['Casual', 'Indie', 'Sports', 'Strategy']"
Battlefield 4™,"Oct 29, 2013",No Price,No Discount,DICE,Electronic Arts,"81,251","68,934","12,317",Very Positive,['Action']
NARUTO SHIPPUDEN: Ultimate Ninja STORM 4,"Feb 4, 2016",$19.99,No Discount,CyberConnect2 Co. Ltd.,BANDAI NAMCO Entertainment,"90,620","82,587","8,033",Very Positive,"['Action', 'Adventure']"
STAR WARS™ Empire at War - Gold Pack,"Feb 16, 2006",$19.99,No Discount,Petroglyph,LucasArts,"42,969","41,996",973,Overwhelmingly Positive,['Strategy']
Borderlands: The Pre-Sequel,"Oct 14, 2014",$39.99,$3.99,2K Australia,2K,"44,633","34,620","10,013",Mostly Positive,"['Action', 'RPG']"
Jurassic World Evolution 2,"Nov 9, 2021",$59.99,No Discount,Frontier Developments,Frontier Developments,"46,838","42,317","4,521",Very Positive,"['Simulation', 'Strategy']"
Destiny 2: Forsaken Pack,"Sep 4, 2018",$9.99,$0.99,Bungie,Bungie,"6,253","3,169","3,084",Mixed,"['Action', 'Adventure']"
Hellblade II: Senua’s Saga,"May 21, 2024",$49.99,No Discount,Ninja Theory,Xbox Game Studios,"9,843","8,531","1,312",Very Positive,"['Action', 'Adventure']"
The Sims™ 4 Lovestruck Expansion Pack,"Jul 25, 2024",$39.99,$19.99,Maxis,Electronic Arts,121,53,68,Mixed,"['Adventure', 'Casual', 'Simulation']"
Gunfire Reborn - Echoes From Primal Grove,"Oct 22, 2025",$6.99,$6.29,Gunfire Reborn Studio,Duoyi Games,254,195,59,Mostly Positive,"['Action', 'Adventure', 'Indie', 'RPG']"
Assassin’s Creed® IV Black Flag™,N/A,$39.99,No Discount,Ubisoft Montreal,Ubisoft,"78,382","69,242","9,140",Mostly Positive,"['Action', 'Adventure']"
Project Wingman,"Dec 1, 2020",$24.99,No Discount,Sector D2,Sector D2,"22,032","20,656","1,376",Very Positive,"['Action', 'Indie', 'Simulation']"
Tower Dominion,"May 7, 2025",$17.49,$10.49,Parallel 45 Games,Parallel 45 Games,"5,350","4,581",769,Very Positive,['Strategy']
Shadowverse: Worlds Beyond,"Jun 14, 2025",Free To Play,No Discount,"Cygames, Inc.","Cygames, Inc.","24,252","7,129","17,123",Mostly Negative,"['Casual', 'RPG', 'Strategy', 'Free To Play']"
Assassin's Creed® III Remastered,"Mar 29, 2019",$39.99,No Discount,Ubisoft Entertainment,Ubisoft Entertainment				,"15,623","9,779","5,844",Mixed,"['Action', 'Adventure']"
Stranded Deep,"Aug 10, 2022",$19.99,No Discount,Beam Team Games,Beam Team Publishing,"47,733","35,412","12,321",Mostly Positive,"['Adventure', 'Indie']"
The Planet Crafter - Planet Humble,"Oct 9, 2024",$7.99,No Discount,Miju Games,Miju Games,921,687,234,Mostly Positive,['Adventure']
Total War: WARHAMMER III - Sayl – Tides of Torment,"Dec 4, 2025",$8.99,No Discount,CREATIVE ASSEMBLY,SEGA,418,303,115,Mostly Positive,"['Action', 'Strategy']"
inKONBINI: One Store. Many Stories,"Apr 30, 2026",$19.99,No Discount,Nagai Industries,Nagai Industries,"1,016",877,139,Very Positive,"['Adventure', 'Casual', 'Indie', 'Simulation']"
Game of Thrones Winter is Coming,"Nov 14, 2019",Free To Play,No Discount,YOUZU (SINGAPORE) PTE. LTD.,YOUZU (SINGAPORE) PTE. LTD.,"2,749","1,680","1,069",Mixed,"['Massively Multiplayer', 'RPG', 'Simulation', 'Strategy']"
Goblin Company,"Jun 12, 2026",$9.99,$7.99,BitBorne Studio,BitBorne Studio,313,249,64,Mostly Positive,"['Action', 'Adventure', 'Indie']"
Ancestors: The Humankind Odyssey,"Aug 27, 2020",$39.99,$7.99,Panache Digital Games,Private Division,"11,847","9,362","2,485",Very Positive,"['Action', 'Adventure', 'Indie', 'RPG']"
My Winter Car,"Dec 29, 2025",$14.99,No Discount,Amistech Games,Amistech Games,"18,713","17,640","1,073",Very Positive,"['Indie', 'Racing', 'Simulation', 'Early Access']"
Hello Neighbor,"Dec 8, 2017",$29.99,No Discount,Dynamic Pixels,tinyBuild,"32,012","27,529","4,483",Very Positive,"['Adventure', 'Indie', 'Strategy']"
Roboquest,"Nov 7, 2023",Roboquest Demo,No Discount,RyseUp Studios,RyseUp Studios,"24,280","23,127","1,153",Overwhelmingly Positive,"['Action', 'Indie']"
Poker Night at the Inventory,"Mar 5, 2026",$9.99,No Discount,Skunkape Games,Skunkape Games,"8,369","7,940",429,Very Positive,['Casual']
Mass Effect™: Andromeda Deluxe Edition,"Mar 20, 2017",No Price,No Discount,BioWare,Electronic Arts,"18,632","13,749","4,883",Mostly Positive,"['Action', 'RPG']"
Alchemy Factory,"Dec 11, 2025",$17.99,No Discount,D5 Copperhead, Gamirror Games,"2,487","2,228",259,Mostly Positive,"['Casual', 'Indie', 'Simulation', 'Strategy']"
The Texas Chain Saw Massacre,"Aug 18, 2023",$14.99,No Discount,Sumo Digital,Gun Interactive,"23,140","15,297","7,843",Mostly Positive,"['Action', 'Indie']"
Fears to Fathom - Ironbark Lookout,"Oct 20, 2023",$9.99,No Discount,Rayll Studios,Rayll Studios,"6,280","5,807",473,Very Positive,"['Adventure', 'Casual', 'Indie']"
Nuclear Epoch,"Jun 25, 2026",No Price,No Discount,Cat Play Studio,Cat Play Studio,475,382,93,Very Positive,"['Adventure', 'Casual', 'Indie']"
Total War: WARHAMMER III - Aislinn – Tides of Torment,"Dec 4, 2025",$8.99,No Discount,CREATIVE ASSEMBLY,SEGA,708,393,315,Mixed,"['Action', 'Strategy']"
Restore Your Island,"Apr 9, 2026",$12.99,$9.74, Paiband Game Studio, Paiband Game Studio,"1,674","1,324",350,Very Positive,"['Adventure', 'Casual', 'Indie', 'Simulation']"
BattleBlock Theater®,"May 15, 2014",$14.99,No Discount,The Behemoth,The Behemoth,"72,817","70,759","2,058",Overwhelmingly Positive,"['Action', 'Adventure', 'Casual', 'Indie']"
Anomalous Coffee Machine 2,"Dec 12, 2025",$6.99,No Discount,HoruBrain Interactive,Hexapede Games,681,549,132,Very Positive,['Indie']
Five Nights at Freddy's,"Aug 18, 2014",$4.99,No Discount,Scott Cawthon,Scott Cawthon,"58,894","55,249","3,645",Overwhelmingly Positive,"['Indie', 'Simulation']"
The Sims™ 4 Get Together,"Dec 7, 2015",$39.99,$19.99,Maxis,Electronic Arts,143,113,30,Mostly Positive,['Simulation']
EARTH DEFENSE FORCE 6,"Jul 25, 2024",$59.99,No Discount,SANDLOT,D3PUBLISHER,"7,167","4,997","2,170",Very Positive,['Action']
Assassin's Creed Black Flag Resynced - Hellfire Character Pack,"Jul 9, 2026",$9.99,No Discount,Ubisoft Singapore,Ubisoft,14,9,5,Mixed,"['Action', 'Adventure']"
ASKA,"Jun 20, 2024",$24.99,$19.99,Sand Sailor Studio,Thunderful Publishing,"12,015","9,590","2,425",Mostly Positive,"['Adventure', 'Simulation', 'Strategy', 'Early Access']"
Sonic Mania,"Aug 29, 2017",$19.99,No Discount,Christian Whitehead,SEGA,"28,636","26,879","1,757",Very Positive,"['Action', 'Adventure', 'Casual']"
Uncrashed : FPV Drone Simulator,"Sep 1, 2021",$14.99,No Discount,Luminite,Luminite,"7,615","7,250",365,Overwhelmingly Positive,"['Action', 'Indie', 'Racing', 'Simulation']"
Spelunky 2,"Sep 29, 2020",$19.99,No Discount,Mossmouth,Mossmouth,"21,872","20,298","1,574",Very Positive,"['Action', 'Indie']"
JDM: Japanese Drift Master,"May 21, 2025",$34.99,$13.99,Gaming Factory,Gaming Factory,"5,962","4,518","1,444",Mostly Positive,"['Casual', 'Racing', 'Simulation', 'Sports']"
Rivals of Aether,"Mar 28, 2017",$29.99,No Discount,Aether Studios,Aether Studios,"37,993","36,451","1,542",Overwhelmingly Positive,['Indie']
Superliminal,"Nov 5, 2020",$19.99,No Discount,Pillow Castle,Pillow Castle,"33,819","31,994","1,825",Very Positive,"['Action', 'Adventure']"
Assassin's Creed® Syndicate,"Nov 18, 2015",$29.99,No Discount,"Ubisoft Quebec, in collaboration with Ubisoft Annecy, Bucharest, Kiev, Montreal, Montpellier, Shanghai, Singapore, Sofia, Toronto studios",Ubisoft,"32,901","26,346","6,555",Very Positive,"['Action', 'Adventure']"
"Gunner, HEAT, PC!","Sep 6, 2022",$29.99,No Discount,Radian Simulations LLC,Radian Simulations LLC,"7,983","7,314",669,Very Positive,"['Action', 'Indie', 'Simulation', 'Early Access']"
RUNNING TRAIN | 走ル列車！,"May 24, 2026",$19.99,No Discount,Novatetsu Games,Novatetsu Games,"1,476","1,443",33,Overwhelmingly Positive,"['Casual', 'Indie', 'Simulation', 'Early Access']"
Euro Truck Simulator 2 - Nordic Horizons,"Nov 27, 2025",$17.99,No Discount,SCS Software,SCS Software,"1,275","1,174",101,Very Positive,"['Indie', 'Simulation']"
Still Wakes the Deep,"Jun 18, 2024",No Price,No Discount,The Chinese Room,Secret Mode,"12,726","11,162","1,564",Mostly Positive,"['Action', 'Adventure', 'Indie']"
Prelude Dark Pain,"Jul 27, 2026",$19.99,$17.99,QUICKFIREGAMES,Firesquid,328,271,57,Mostly Positive,"['Adventure', 'Indie', 'RPG', 'Strategy']"
Blood West,"Dec 5, 2023",$24.99,$18.74,Hyperstrange,New Blood Interactive,"6,625","5,961",664,Very Positive,"['Action', 'Indie', 'RPG']"
Disney Dreamlight Valley: Wishblossom Ranch,"Nov 19, 2025",$29.99,No Discount,Gameloft,Gameloft,171,99,72,Mixed,"['Action', 'Adventure', 'Casual', 'RPG']"
"Hot Dogs, Horseshoes & Hand Grenades","Jul 4, 2026",$19.99,No Discount,RUST LTD.,RUST LTD.,"23,827","23,113",714,Very Positive,"['Action', 'Simulation']"
Rhythm Doctor,"Dec 6, 2025",$19.99,No Discount,7th Beat Games,7th Beat Games,"26,823","26,328",495,Overwhelmingly Positive,"['Action', 'Casual', 'Indie', 'Strategy']"
Punishing: Gray Raven,"Feb 2, 2026",Free To Play,No Discount,KURO GAMES,KURO GAMES,"1,419","1,054",365,Mostly Positive,"['Action', 'Adventure', 'RPG', 'Free To Play']"
Ultimate Epic Battle Simulator 2,"Jul 21, 2023",$19.99,No Discount,Brilliant Game Studios,Brilliant Game Studios,"7,432","6,277","1,155",Very Positive,"['Action', 'Adventure', 'Casual', 'Indie']"
Age of Empires IV: Dynasties of the East,"Nov 4, 2025",$19.99,No Discount,Relic Entertainment,Xbox Game Studios,"1,109",677,432,Mixed,['Strategy']
Anomaly President,"Aug 3, 2026",$14.99,$11.99,Phew Phew Games,Phew Phew Games,323,315,8,Very Positive,"['Action', 'Adventure', 'Indie', 'RPG']"
Paint the Town Red,"Jul 29, 2021",$19.99,No Discount,South East Games,South East Games,"32,407","31,108","1,299",Overwhelmingly Positive,"['Action', 'Indie']"
Max Payne 3,"May 31, 2012",$19.99,No Discount,Rockstar Studios,Rockstar Games,"63,710","55,412","8,298",Very Positive,['Action']
Assassin's Creed 2,"Mar 9, 2010",$19.99,No Discount,Ubisoft Montreal,Ubisoft,"61,064","54,632","6,432",Very Positive,"['Action', 'Adventure']"
DEATHLOOP,"Sep 13, 2021",$59.99,$11.99,Arkane Studios,Bethesda Softworks,"30,364","23,102","7,262",Mixed,['Action']
Crab Champions,"Apr 1, 2023",$9.99,No Discount,Noisestorm,Noisestorm,"30,937","30,283",654,Overwhelmingly Positive,"['Action', 'Adventure', 'Casual', 'Indie']"
Hardspace: Shipbreaker,"May 24, 2022",$34.99,No Discount,Blackbird Interactive,Blackbird Interactive,"22,276","19,898","2,378",Very Positive,['Simulation']
ERROR143,"Jul 26, 2022",Free To Play,No Discount,Jenny Vi Pham,Jenny Vi Pham,"5,219","4,824",395,Very Positive,"['Casual', 'Indie', 'Simulation', 'Free To Play']"
"Dwarves: Glory, Death and Loot","Jan 22, 2026",$22.48,$9.57,Hamma Studios,Sidekick Publishing,"2,647","2,182",465,Mostly Positive,"['Adventure', 'Casual', 'Indie', 'RPG']"
Brawlhalla - All Legends (Current and Future),"Nov 3, 2015",$39.99,No Discount,Blue Mammoth Games,Ubisoft,420,348,72,Very Positive,"['Action', 'Indie', 'Free To Play']"
Slip & Skid,"Jun 3, 2026",$12.99,No Discount,NHOGS Interactive,NHOGS Interactive,88,86,2,Very Positive,"['Action', 'Casual', 'Indie', 'Racing']"
Astral Party ,"Feb 28, 2024",Free To Play,No Discount,STAR ENGINE PROJECT,Neverland Entertainment,"21,022","11,475","9,547",Mostly Negative,"['Casual', 'Indie', 'RPG', 'Strategy']"
Guild Wars 2® Visions of Eternity™ Expansion,"Oct 28, 2025",$24.99,No Discount,ArenaNet®,ArenaNet®,83,38,45,Mixed,"['Adventure', 'Massively Multiplayer', 'RPG', 'Free To Play']"
VTube Studio,"Mar 12, 2021",Free,No Discount,DenchiSoft,DenchiSoft,"7,193","6,671",522,Very Positive,"['Indie', 'Animation & Modeling', 'Video Production']"
Battlefield™ 2042,"Nov 19, 2021",No Price,No Discount,DICE,Electronic Arts,"325,403","153,399","172,004",Mixed,"['Action', 'Adventure', 'Casual']"
BLUE REFLECTION Quartet,"Jul 29, 2026",$49.99,No Discount,"KOEI TECMO GAMES CO., LTD.","KOEI TECMO GAMES CO., LTD.",119,63,56,Mixed,"['Adventure', 'Casual', 'RPG']"
Tales of Berseria Remastered,"Feb 26, 2026",$39.99,$29.99,D.A.G Inc.,Bandai Namco Entertainment Inc.,206,152,54,Mixed,"['Action', 'RPG']"
KuloNiku: Bowl Up!,"Apr 7, 2026",No Price,No Discount,Gambir Studio,Raw Fury,"2,291","2,208",83,Overwhelmingly Positive,"['Casual', 'Indie', 'Simulation']"
Danganronpa: Trigger Happy Havoc,"Feb 18, 2016",$19.99,No Discount,"Spike Chunsoft Co., Ltd.","Spike Chunsoft Co., Ltd.","38,045","36,525","1,520",Overwhelmingly Positive,['Adventure']
Warframe: Constellations Complete Collection,"Jun 17, 2026",$34.99,No Discount,Digital Extremes,Digital Extremes,11,9,2,Positive,"['Action', 'RPG', 'Free To Play']"
STORY OF SEASONS: Grand Bazaar,"Aug 27, 2025",$49.99,No Discount,Marvelous Inc.,XSEED Games,"3,997","3,746",251,Very Positive,"['Casual', 'Simulation']"
Jurassic World Evolution 3: Wetlands ,"Dec 9, 2025",$9.99,No Discount,Frontier Developments,Frontier Developments,97,76,21,Mostly Positive,"['Simulation', 'Strategy']"
The Dark Pictures Anthology: House of Ashes,"Oct 21, 2021",No Price,No Discount,Supermassive Games,BANDAI NAMCO Entertainment Europe,"10,882","9,675","1,207",Very Positive,['Adventure']
Master of Command - The Lion & Eagle,"Jun 1, 2026",$14.99,$12.74, Armchair Interactive, Armchair Interactive,72,71,1,Very Positive,['Strategy']
Another Crab's Treasure,"Apr 25, 2024",$29.99,No Discount,Aggro Crab,Aggro Crab,"21,519","19,930","1,589",Very Positive,"['Action', 'Adventure', 'Indie']"
Cargo Hunters,"Mar 9, 2026",$19.99,$14.99,Order Of Meta,HypeTrain Digital,608,510,98,Mostly Positive,"['Action', 'Adventure', 'Early Access']"
BRUTALISTICK VR,"Mar 31, 2024",No Price,No Discount,Kubunautilus,Kubunautilus,"1,629","1,556",73,Very Positive,"['Action', 'Indie', 'Early Access']"
Grim Dawn - Crucible Mode DLC,"Aug 3, 2016",$7.99,No Discount,Crate Entertainment,Crate Entertainment,621,515,106,Very Positive,"['Action', 'Adventure', 'Indie', 'RPG']"
Xenonauts 2,"Apr 2, 2026",$39.99,No Discount,Goldhawk Interactive,Hooded Horse,"5,675","4,625","1,050",Mostly Positive,"['RPG', 'Simulation', 'Strategy']"
Lost and Found Co.,"Mar 5, 2026",No Price,No Discount,Bit Egg Inc.,Bit Egg Inc.,"2,669","2,582",87,Very Positive,"['Casual', 'Indie']"
Stationeers,"Dec 12, 2017",$34.99,No Discount,RocketWerkz,RocketWerkz,"9,190","8,064","1,126",Very Positive,"['Action', 'Indie', 'Simulation', 'Early Access']"
Rust - Sunburn Pack,"Jul 9, 2020",$9.99,$4.99,Facepunch Studios,Facepunch Studios,"2,232","2,055",177,Very Positive,"['Action', 'Adventure', 'Indie', 'Massively Multiplayer']"
Taiko no Tatsujin: Rhythm Festival,"Nov 6, 2024",No Price,No Discount,Bandai Namco Amusement Lab Inc.,Bandai Namco Entertainment Inc.,"1,580","1,335",245,Mostly Positive,['Casual']
Cooking Simulator,"Jun 6, 2019",$19.99,No Discount,Big Cheese Studio,Big Cheese Studio,"19,653","16,648","3,005",Very Positive,"['Casual', 'Simulation']"
Little Witch in the Woods,"Sep 14, 2025",$19.99,No Discount,SUNNY SIDE UP,SUNNY SIDE UP,"12,958","11,535","1,423",Very Positive,"['Adventure', 'Casual', 'Indie', 'RPG']"
Northgard: Definitive Edition,"Mar 7, 2018",$34.99,No Discount,Shiro Games,Shiro Games,"68,619","58,526","10,093",Very Positive,"['Adventure', 'Indie', 'Simulation', 'Strategy']"
Viscera Cleanup Detail,"Oct 23, 2015",$12.99,No Discount,RuneStorm,RuneStorm,"23,695","21,851","1,844",Very Positive,"['Indie', 'Simulation']"
"Little Kitty, Big City","May 9, 2024",No Price,No Discount,Double Dagger Studio,Double Dagger Studio,"13,757","13,327",430,Overwhelmingly Positive,"['Adventure', 'Casual', 'Indie', 'Simulation']"
Sonic Adventure 2,"Nov 19, 2012",$9.99,No Discount,SEGA,SEGA,"28,308","25,268","3,040",Very Positive,['Action']
MIO: Memories in Orbit,"Jan 20, 2026",$19.99,No Discount,Douze Dixièmes,Focus Entertainment,"4,587","3,814",773,Very Positive,"['Action', 'Adventure', 'Indie']"
Divinity: Original Sin - Enhanced Edition,"Oct 27, 2015",$39.99,$3.99,Larian Studios,Larian Studios,"32,699","29,197","3,502",Very Positive,"['Adventure', 'Indie', 'RPG', 'Strategy']"
American Truck Simulator - Arkansas,"Sep 16, 2024",$11.99,No Discount,SCS Software,SCS Software,306,249,57,Very Positive,"['Indie', 'Simulation']"
Broken Reality 2000,"Jul 27, 2026",$14.99,$13.49,Dynamic Media Triad,Digital Tribe,216,171,45,Mostly Positive,"['Adventure', 'Casual', 'Indie']"
CarX Street,"Aug 29, 2024",$19.99,No Discount,"CarX Technologies, LLC","CarX Technologies, LLC","19,259","13,662","5,597",Mostly Positive,"['Massively Multiplayer', 'Racing', 'Simulation', 'Sports']"
Star Birds,"Sep 10, 2025",$19.99,No Discount,Toukana Interactive,Toukana Interactive,"3,045","2,805",240,Very Positive,"['Casual', 'Indie', 'Simulation', 'Strategy']"
The Jackbox Party Pack 8,"Oct 13, 2021",$29.99,No Discount,"Jackbox Games, Inc.","Jackbox Games, Inc.","1,432","1,290",142,Very Positive,"['Casual', 'Indie', 'Strategy']"
Sleeping Dogs: Definitive Edition,"Oct 8, 2014",$19.99,No Discount,United Front Games,Square Enix,"78,719","74,068","4,651",Overwhelmingly Positive,"['Action', 'Adventure', 'Racing']"
Getting Over It with Bennett Foddy,"Dec 6, 2017",$7.99,No Discount,Bennett Foddy,Bennett Foddy,"82,233","67,658","14,575",Mostly Positive,['Action']
Life is Strange Remastered,"Feb 1, 2022",$39.99,No Discount,Deck Nine,Square Enix,"10,720","9,850",870,Overwhelmingly Positive,"['Action', 'Adventure']"
Lightyear Frontier,"Mar 19, 2024",$24.99,No Discount,FRAME BREAK,FRAME BREAK,"4,658","3,909",749,Mostly Positive,['Early Access']
Far Cry® Primal,"Feb 29, 2016",$29.99,No Discount,Ubisoft,Ubisoft,"40,898","35,316","5,582",Very Positive,"['Action', 'Adventure']"
Sid Meier’s Civilization® VI: Rise and Fall,"Feb 7, 2018",$29.99,$14.99,Firaxis Games,2K,"2,873","1,687","1,186",Mixed,['Strategy']
Old World,"May 18, 2022",$39.99,No Discount,Mohawk Games,Hooded Horse,"6,769","5,576","1,193",Very Positive,"['RPG', 'Simulation', 'Strategy']"
VOIN,"Dec 10, 2024",$19.99,No Discount,Nikita Sozidar,tinyBuild,"3,548","3,334",214,Very Positive,"['Action', 'Adventure', 'Indie', 'RPG']"
Atelier Yumia: The Alchemist of Memories & the Envisioned Land,"Mar 20, 2025",$69.99,$39.89,"KOEI TECMO GAMES CO., LTD.","KOEI TECMO GAMES CO., LTD.","3,265","2,096","1,169",Mixed,"['Action', 'Adventure', 'RPG']"
Teenage Mutant Ninja Turtles: Splintered Fate,"Nov 6, 2024",$29.99,No Discount,Super Evil Megacorp,Super Evil Megacorp,"4,366","3,636",730,Very Positive,"['Action', 'Adventure', 'Indie', 'RPG']"
Letter Lost,"Jun 10, 2026",$19.99,No Discount,FlatNine Games,FlatNine Games,172,147,25,Very Positive,"['Adventure', 'Indie']"
FINAL FANTASY V,"Nov 10, 2021",$17.99,No Discount,Square Enix,Square Enix,"2,465","2,208",257,Very Positive,['RPG']
The Sims™ 4 Get Famous,"Nov 15, 2018",$39.99,$19.99,Maxis,Electronic Arts,184,114,70,Mixed,['Simulation']
Crusader Kings III: Royal Court,"Feb 8, 2022",$29.99,No Discount,Paradox Development Studio,Paradox Interactive,"4,649","1,935","2,714",Mixed,"['RPG', 'Simulation', 'Strategy']"
Fallout Tactics: Brotherhood of Steel,"Mar 1, 2001",$9.99,$2.49,14° East,Bethesda Softworks,"2,923","2,303",620,Very Positive,['Strategy']
KLETKA,"Feb 19, 2026",$9.99,No Discount,Callback,Callback,"7,725","6,988",737,Very Positive,"['Action', 'Adventure', 'Indie']"
theHunter: Call of the Wild™ - Emerald Coast Australia,"Jun 20, 2023",$7.99,$3.99,Expansive Worlds,Avalanche Studios,543,478,65,Very Positive,"['Adventure', 'Simulation', 'Sports']"
Erenshor,"Apr 14, 2025",No Price,No Discount,Burgee Media,Burgee Media,"2,153","2,030",123,Very Positive,"['Action', 'Adventure', 'RPG', 'Early Access']"
SOMA,"Sep 21, 2015",$29.99,No Discount,Frictional Games,Frictional Games,"52,235","50,075","2,160",Very Positive,"['Action', 'Adventure', 'Indie']"
ARK: Genesis Season Pass,"Aug 8, 2019",$14.99,No Discount,Studio Wildcard,Snail Games USA,"6,806","3,658","3,148",Mostly Negative,"['Action', 'Adventure', 'Indie', 'Massively Multiplayer']"
Thomas & Friends™: Wonders of Sodor,"Mar 17, 2026",$39.99,No Discount,Dovetail Games,Dovetail Games,847,749,98,Very Positive,['Simulation']
Dungeons & Degenerate Gamblers,"Aug 8, 2024",No Price,No Discount,Purple Moss Collectors,Yogscast Games,"3,469","2,832",637,Mostly Positive,"['Casual', 'Indie', 'RPG', 'Strategy']"
Feed and Grow: Fish,"Jan 8, 2016",$14.99,No Discount,Old B1ood,Greens s.r.o.,"21,521","16,820","4,701",Mostly Positive,"['Action', 'Indie', 'Simulation', 'Early Access']"
Mortal Online 2,"Jan 25, 2022",$39.99,No Discount,Star Vault AB,Star Vault AB,"13,875","8,333","5,542",Mixed,"['Action', 'Indie', 'Massively Multiplayer', 'RPG']"
The Evil Within,"Oct 13, 2014",$19.99,$4.99,Tango Gameworks,Bethesda Softworks,"33,313","28,386","4,927",Very Positive,['Action']
Potion Craft: Alchemist Simulator,"Dec 13, 2022",$19.99,No Discount,niceplay games,tinyBuild,"44,276","41,145","3,131",Overwhelmingly Positive,"['Indie', 'Simulation']"
ZERO Sievert,"Oct 23, 2024",$19.99,No Discount,CABO Studio,Modern Wolf,"15,110","12,792","2,318",Very Positive,"['Action', 'Adventure', 'Indie']"
BATTLETECH,"Apr 24, 2018",$39.99,No Discount,Harebrained Schemes,Paradox Interactive,"33,060","27,762","5,298",Very Positive,"['Action', 'Adventure', 'Strategy']"
Crusader Kings III: Tours & Tournaments,"May 11, 2023",$29.99,No Discount,Paradox Development Studio,Paradox Interactive,"1,601","1,177",424,Mostly Positive,"['RPG', 'Simulation', 'Strategy']"
Need for Speed™ Payback,"Nov 6, 2017",No Price,No Discount,Ghost Games,Electronic Arts,"31,769","27,143","4,626",Very Positive,"['Action', 'Adventure', 'Racing', 'Sports']"
"Expansion - Hearts of Iron IV: No Compromise, No Surrender","Nov 20, 2025",$29.99,No Discount,Paradox Development Studio,Paradox Interactive,"1,847",597,"1,250",Very Negative,"['Simulation', 'Strategy']"
A Hat in Time,"Oct 5, 2017",$29.99,No Discount,Gears for Breakfast,Gears for Breakfast,"53,349","52,180","1,169",Overwhelmingly Positive,"['Adventure', 'Indie']"
Rune Factory: Guardians of Azuma,"Jun 4, 2025",$59.99,No Discount,Marvelous Inc.,XSEED Games,"3,619","3,202",417,Very Positive,"['Action', 'Adventure', 'RPG']"
Aliens: Dark Descent,"Jun 19, 2023",$39.99,No Discount,Tindalos Interactive,Focus Entertainment,"18,565","16,264","2,301",Very Positive,"['Action', 'Strategy']"
Grimshire,"Jul 22, 2025",No Price,No Discount,Acute Owl Studio,Acute Owl Studio,"3,265","3,192",73,Overwhelmingly Positive,"['Indie', 'RPG', 'Simulation', 'Early Access']"
ROMEO IS A DEAD MAN,"Feb 10, 2026",$49.99,No Discount,GRASSHOPPER MANUFACTURE INC.,GRASSHOPPER MANUFACTURE INC.,"2,147","1,897",250,Mostly Positive,"['Action', 'Adventure']"
Little Nightmares II,"Feb 10, 2021",Little Nightmares II Demo,No Discount,Tarsier Studios,BANDAI NAMCO Entertainment,"58,220","54,152","4,068",Very Positive,['Adventure']
Sonic Origins,"Jun 22, 2022",$29.99,No Discount,Sonic Team,SEGA,"6,313","4,814","1,499",Very Positive,"['Action', 'Adventure', 'Casual']"
Cursed Companions,"Jul 9, 2026",$8.99,No Discount,Crimson Forge Studios,Crimson Forge Studios,432,349,83,Mixed,"['Action', 'Adventure', 'Indie']"
theHunter: Call of the Wild™ - Silver Ridge Peaks,"Jun 23, 2020",$7.99,$3.99,Expansive Worlds,Avalanche Studios,868,637,231,Mostly Positive,"['Adventure', 'Simulation', 'Sports']"
Tiny Tina's Wonderlands,"Jun 23, 2022",$29.99,No Discount,Gearbox Software,2K,"24,600","17,355","7,245",Mixed,"['Action', 'Adventure', 'RPG']"
Peripeteia,"Feb 21, 2025",No Price,No Discount,Ninth Exodus,Ninth Exodus,"3,281","2,822",459,Very Positive,"['Action', 'Indie', 'RPG', 'Simulation']"
Alice: Madness Returns,"Jun 17, 2011",No Price,No Discount,Spicy Horse Games,Electronic Arts,"30,391","27,573","2,818",Very Positive,"['Action', 'Adventure']"
LEGO® The Lord of the Rings™,"Nov 27, 2012",$19.99,$3.99,Traveller's Tales,Warner Bros. Interactive Entertainment,"16,001","14,422","1,579",Very Positive,"['Action', 'Adventure']"
Mahou Arms,"Jul 27, 2026",$39.99,No Discount,Dischan Media,Sekai Project,629,473,156,Mixed,"['Action', 'Adventure']"
Mafia: Definitive Edition,"Sep 24, 2020",$39.99,No Discount,Hangar 13,2K,"109,469","95,096","14,373",Very Positive,"['Action', 'Adventure']"
Idle Champions of the Forgotten Realms,"Mar 25, 2020",Free To Play,No Discount,Codename Entertainment Inc.,Codename Entertainment Inc.,"15,014","11,562","3,452",Mixed,"['Action', 'Adventure', 'Indie', 'Strategy']"
ENDLESS Legend™ 2,"Sep 22, 2025",$49.99,No Discount,AMPLITUDE Studios,Hooded Horse,"2,744","2,289",455,Mostly Positive,"['RPG', 'Simulation', 'Strategy', 'Early Access']"
ANIMAL WELL,"May 9, 2024",$24.99,No Discount,Billy Basso,Bigmode,"24,365","23,334","1,031",Overwhelmingly Positive,"['Action', 'Adventure', 'Indie']"
Gambonanza,"May 1, 2026",$14.99,No Discount,Blukulélé,Sidekick Publishing,"1,593","1,206",387,Mostly Positive,"['Casual', 'Simulation', 'Strategy']"
UNBEATABLE - Breakout Edition Upgrade,"Dec 9, 2025",$9.99,No Discount,D-CELL GAMES,Playstack,113,112,1,Very Positive,['Adventure']
Two Point Museum: Zooseum,"Dec 2, 2025",$10.99,No Discount,Two Point Studios,SEGA,194,166,28,Very Positive,"['Casual', 'Indie', 'Simulation', 'Strategy']"
The Precinct,"May 13, 2025",$29.99,$20.09,Fallen Tree Games Ltd,Kwalee,"9,107","7,971","1,136",Very Positive,"['Action', 'Indie', 'Simulation']"
Bendy and the Ink Machine,"Feb 10, 2017",$19.99,No Discount,Joey Drew Studios,Joey Drew Studios,"36,636","32,618","4,018",Very Positive,"['Action', 'Adventure', 'Indie', 'Strategy']"
The Sims™ 4 Vampires,"Jan 24, 2017",$19.99,$13.99,Maxis,Electronic Arts,316,216,100,Mixed,"['Casual', 'Simulation']"
Age of Wonders 4: Giant Kings,"Apr 1, 2025",$24.99,No Discount,Triumph Studios,Paradox Interactive,272,233,39,Very Positive,['Strategy']
Legacy of Kain: Defiance Remastered,"Mar 3, 2026",$24.99,$12.49,Crystal Dynamics,Crystal Dynamics,695,674,21,Very Positive,"['Action', 'Adventure']"
NieR Replicant™ ver.1.22474487139...,"Apr 23, 2021",$59.99,No Discount,Square Enix,Square Enix,"28,192","24,882","3,310",Very Positive,"['Action', 'Adventure', 'RPG']"
Cruelty Squad,"Jun 15, 2021",$19.99,$1.99,Consumer Softproducts,Consumer Softproducts,"24,603","23,641",962,Very Positive,"['Action', 'Indie', 'Simulation']"
"Below, Rusted Gods","Jul 29, 2026",$11.68,$7.14,FromSouthGames,FromSouthGames,177,159,18,Very Positive,"['Adventure', 'Indie', 'Simulation']"
City Car Driving 2.0,"Jun 16, 2026",$29.99,No Discount,"Forward Development, Ltd."," Forward Global Group, Ltd.","1,094",682,412,Mixed,"['Indie', 'Racing', 'Simulation', 'Early Access']"
For The King II: Into The Wild Character Pack,"May 5, 2026",$7.99,$6.39,IronOak Games,Curve Games,17,16,1,Positive,"['Adventure', 'Indie', 'RPG', 'Strategy']"
The Long Drive,"Sep 25, 2019",$15.99,No Discount,Genesz,Genesz,"56,022","49,546","6,476",Very Positive,"['Action', 'Adventure', 'Casual', 'Indie']"
Call to Arms - Gates of Hell: Talvisota,"Jun 8, 2022",$19.99,No Discount,Barbedwire Studios,Digitalmindsoft,667,513,154,Very Positive,"['Action', 'Simulation', 'Strategy']"
Attack on Titan 2 - A.O.T.2,"Apr 26, 2023",$39.99,No Discount,"KOEI TECMO GAMES CO., LTD.","KOEI TECMO GAMES CO., LTD.","7,804","7,278",526,Very Positive,['Action']
"Warhammer 40,000: Space Marine 2 - Black Templars Champion Pack","Sep 4, 2025",$7.99,No Discount,Saber Interactive,Focus Entertainment,246,222,24,Mostly Positive,"['Action', 'Adventure', 'RPG']"
Directive 8020,"May 12, 2026",$49.99,No Discount,Supermassive Games,Supermassive Games,"2,182","1,365",817,Mixed,"['Action', 'Adventure']"
Dead by Daylight: Five Nights at Freddy’s,"Jun 17, 2025",$4.99,No Discount,Behaviour Interactive Inc.,Behaviour Interactive Inc.,"2,727","2,370",357,Very Positive,['Action']
Dungeon Alchemist,"Mar 31, 2022",No Price,No Discount,Briganti,Briganti,"3,889","3,686",203,Very Positive,"['RPG', 'Early Access']"
High Times,"Jul 23, 2026",No Price,No Discount,Yangyang Mobile,Yangyang Mobile,126,117,9,Very Positive,"['Casual', 'Indie', 'Simulation']"
Hellish Quart,"Feb 16, 2021",$17.99,No Discount,Kubold,Kubold,"8,459","7,478",981,Very Positive,"['Action', 'Early Access']"
Throne and Liberty Nix Celebration Pack: Platinum,"Jun 25, 2026",$149.99,No Discount,NC,Amazon Game Studios,0,0,0,"['Action', 'Adventure', 'Massively Multiplayer', 'RPG']",
Rocksmith® 2014 Edition REMASTERED LEARN & PLAY,"Dec 19, 2024",$9.99,No Discount,Ubisoft - San Francisco,Ubisoft,"25,270","22,225","3,045",Mostly Positive,"['Casual', 'Simulation']"
Ghost Janitors,"Nov 8, 2025",No Price,No Discount,Interactive Wave Studio,Interactive Wave Studio,"1,083",934,149,Very Positive,"['Action', 'Adventure', 'Indie']"
Nothing To Declare,"Jul 25, 2026",$9.99,$6.99,Rogue Duck Interactive,Rogue Duck Interactive,165,127,38,Mostly Positive,"['Casual', 'Indie', 'Simulation']"
Besiege: The Broken Beyond,"Jun 22, 2026",$8.99,$7.19,Spiderling Studios,Spiderling Studios,160,140,20,Mostly Positive,"['Indie', 'Simulation']"
The Headliners,"Jan 30, 2025",$7.99,No Discount,KAFI,KAFI,"10,346","8,923","1,423",Very Positive,"['Action', 'Indie']"
Storebound,"Jul 16, 2026",$7.99,No Discount,Embers,Embers,"1,273",996,277,Mostly Positive,"['Action', 'Adventure', 'Indie']"
Street Fighter™ 6 - Year 2 Ultimate Pass,"Jun 7, 2024",$49.99,No Discount,"CAPCOM Co., Ltd.","CAPCOM Co., Ltd.",153,100,53,Mixed,"['Action', 'Adventure']"
PICO PARK 2,"Sep 12, 2024",$8.99,No Discount,TECOPARK,TECOPARK,"4,681","4,149",532,Very Positive,"['Action', 'Casual']"
Destiny 2: Triumphant Silver Bundle,"Dec 7, 2021",$9.99,No Discount,Bungie,Bungie,203,128,75,Mixed,"['Action', 'Adventure', 'Free To Play']"
Dune: Imperium - Uprising,"Jun 9, 2026",$14.99,No Discount,Dire Wolf,Dire Wolf,55,48,7,Very Positive,"['Simulation', 'Strategy']"
Yakuza: Like a Dragon,"Nov 10, 2020",$19.99,No Discount,RGG Studio,SEGA,"37,261","35,034","2,227",Very Positive,"['Action', 'Adventure', 'RPG']"
Bully: Scholarship Edition,"Oct 21, 2008",$7.99 / month,No Discount,Rockstar New England,Rockstar Games,"41,695","35,215","6,480",Very Positive,"['Action', 'Adventure']"
Two Point Museum: Arty-Facts,"May 7, 2026",$10.99,No Discount,Two Point Studios,SEGA,98,90,8,Very Positive,"['Casual', 'Indie', 'Simulation', 'Strategy']"
Bopl Battle,"Nov 16, 2023",No Price,No Discount,Johan Grönvall,Zapray Games,"25,427","24,716",711,Overwhelmingly Positive,['Action']
Melvor Idle,"Nov 18, 2021",$9.99,No Discount,Games by Malcs,Jagex Ltd,"16,039","14,457","1,582",Very Positive,"['Adventure', 'Casual', 'Indie', 'RPG']"
Friends vs Friends,"May 30, 2023",$9.99,$2.49,Brainwash Gang,Raw Fury,"14,654","12,120","2,534",Mostly Positive,"['Action', 'Indie']"
FIVE NIGHTS AT FREDDY'S: HELP WANTED,"May 28, 2019",$29.99,No Discount,Steel Wool Studios,ScottGames,"13,096","12,538",558,Very Positive,"['Action', 'Casual']"
Pinball FX,"Apr 13, 2023",Free,No Discount,Zen Studios,Zen Studios,"2,723","1,984",739,Very Positive,"['Simulation', 'Free To Play']"
Age of Empires II: DE – The Last Chieftains,"Feb 17, 2026",$19.99,No Discount,Forgotten Empires,Xbox Game Studios,529,263,266,Mixed,['Strategy']
Scriptorium: Master of Manuscripts,"Apr 16, 2026",No Price,No Discount,Yaza Games,Mythwright,"1,074","1,053",21,Very Positive,"['Casual', 'Indie', 'Simulation']"
Valve Index® Headset,N/A,$499.00,No Discount,None,None,0,0,0,['None'],
Bladesong,"Jan 22, 2026",No Price,No Discount,SUN AND SERPENT creations,Mythwright,"1,484","1,412",72,Very Positive,"['Indie', 'RPG', 'Simulation', 'Early Access']"
Mechabellum,"Sep 26, 2024",$14.99,$10.49,Game River,Dreamhaven,"19,200","16,079","3,121",Very Positive,"['Action', 'Indie', 'Massively Multiplayer', 'Simulation']"
Sackboy™: A Big Adventure,"Oct 27, 2022",$59.99,No Discount,Sumo Digital,PlayStation Publishing LLC,"4,419","3,698",721,Very Positive,['Adventure']
Aviassembly,"Apr 11, 2025",$9.99,No Discount,Jelle Booij,Jelle Booij,"9,251","8,938",313,Overwhelmingly Positive,"['Simulation', 'Early Access']"
Monsters are Coming!,"Nov 20, 2025",$8.99,$6.29,Ludogram,Raw Fury,"2,759","2,223",536,Mostly Positive,"['Action', 'Indie', 'Strategy']"
Ghostrunner,"Oct 27, 2020",No Price,No Discount,One More Level,505 Games,"66,515","60,676","5,839",Very Positive,['Action']
Just Cause™ 3,"Nov 30, 2015",$19.99,No Discount,Avalanche Studios,Square Enix,"127,600","107,674","19,926",Very Positive,"['Action', 'Adventure']"
Baby Steps,"Sep 23, 2025",$29.73,$19.53,Gabe Cuzzillo,Devolver Digital,"2,605","2,351",254,Very Positive,"['Action', 'Adventure', 'Casual', 'Indie']"
Five Nights at Freddy's 2,"Nov 10, 2014",$7.99,No Discount,Scott Cawthon,Scott Cawthon,"25,991","24,352","1,639",Very Positive,['Indie']
Screamer,"Mar 26, 2026",No Price,No Discount,Milestone S.r.l.,Milestone S.r.l.,"1,164",952,212,Mostly Positive,['Racing']
American Truck Simulator - Oregon,"Oct 4, 2018",$11.99,No Discount,SCS Software,SCS Software,"1,028",970,58,Very Positive,"['Indie', 'Simulation']"
Killing Floor 2,"Nov 18, 2016",$29.99,No Discount,Tripwire Interactive,Tripwire Interactive,"130,546","114,686","15,860",Very Positive,['Action']
Gamblers Table,"Jan 11, 2026",$6.99,No Discount,greenpixels,greenpixels,"2,722","1,996",726,Very Positive,"['Casual', 'Indie', 'Simulation', 'Strategy']"
Total War: WARHAMMER III - Dechala – Tides of Torment,"Dec 4, 2025",$8.99,No Discount,CREATIVE ASSEMBLY,SEGA,442,263,179,Mixed,"['Action', 'Strategy']"
Guild Wars 2® Secrets of the Obscure™ Expansion,"Aug 22, 2023",$24.99,No Discount,ArenaNet®,NCSOFT,165,76,89,Mixed,"['Adventure', 'Massively Multiplayer', 'RPG', 'Free To Play']"
MOLDRISE,"Jul 20, 2026",$11.99,No Discount,Raffaele Picca,Raffaele Picca,307,299,8,Very Positive,"['Adventure', 'Indie']"
Moonlighter 2: The Endless Vault,"Nov 19, 2025",$29.99,No Discount,Digital Sun,11 bit studios,"3,028","2,577",451,Mixed,"['Action', 'Adventure', 'RPG', 'Early Access']"
BERSERK and the Band of the Hawk,"Feb 21, 2017",$59.99,$23.99,"KOEI TECMO GAMES CO., LTD.","KOEI TECMO GAMES CO., LTD.","4,170","3,430",740,Very Positive,['Action']
RollerCoaster Tycoon® 3: Complete Edition,"Sep 24, 2020",$19.99,No Discount,Frontier Developments,Atari,"2,968","2,590",378,Very Positive,"['Simulation', 'Strategy']"
News Tower,"Nov 18, 2025",No Price,No Discount,Sparrow Night,Twin Sails Interactive,"4,509","4,239",270,Very Positive,"['Simulation', 'Strategy']"
BOXROOM,"Jun 11, 2026",$7.99,No Discount,Nested Loop Studios,Pantaloon,271,192,79,Mostly Positive,"['Indie', 'Simulation', 'Strategy', 'Early Access']"
Half-Life,"Nov 19, 1998",$9.99,No Discount,Valve,Valve,"163,271","157,555","5,716",Overwhelmingly Positive,['Action']
Yakuza Kiwami 3 & Dark Ties,"Feb 11, 2026",No Price,No Discount,RGG Studio,SEGA,"3,287","2,046","1,241",Mostly Positive,"['Action', 'Adventure', 'RPG']"
Age of Wonders 4: Thrones of Blood,"Nov 11, 2025",$19.99,No Discount,Triumph Studios,Paradox Interactive,191,137,54,Mostly Positive,['Strategy']
Sitting Ducks,"Jun 4, 2026",$7.99,No Discount,The Gang Studio,The Gang Studio ,87,72,15,Very Positive,"['Action', 'Adventure', 'Casual', 'Indie']"
The Quinfall,"Feb 6, 2026",$9.99,No Discount,Vawraek Technology Inc.,Vawraek Technology Inc.,"12,882","6,613","6,269",Mixed,['Massively Multiplayer']
Terminator: Dark Fate - Defiance,"Feb 21, 2024",$39.99,No Discount,Slitherine Ltd.,Slitherine Ltd.,"4,411","3,664",747,Very Positive,['Strategy']
The Wolf Among Us,"Oct 11, 2013",$14.99,No Discount,Telltale,Telltale,"39,965","39,120",845,Overwhelmingly Positive,"['Action', 'Adventure', 'Casual']"
Cities: Skylines II - Creator Pack: City Stations,"Mar 18, 2026",$7.99,No Discount,BadPeanut,Paradox Interactive,195,175,20,Very Positive,['Simulation']
Ukrainian Fight Drone Simulator (UFDS) - FPV drone simulator,"Dec 10, 2025",$29.99,No Discount,SIMTECH SOLUTIONS,SIMTECH SOLUTIONS,690,556,134,Very Positive,"['Action', 'Massively Multiplayer', 'Simulation']"
A Date with Death,"Dec 7, 2023",Free To Play,No Discount,Two and a Half Studios,Two and a Half Studios,"14,502","14,212",290,Overwhelmingly Positive,"['Indie', 'Simulation', 'Free To Play']"
FINAL FANTASY IV,"Sep 8, 2021",$17.99,No Discount,Square Enix,Square Enix,"2,993","2,738",255,Very Positive,['RPG']
Valve Index® Controllers,N/A,$279.00,No Discount,None,None,0,0,0,['None'],
Homura Hime,"Mar 4, 2026",$24.99,$19.99,Crimson Dusk,PLAYISM,"2,606","2,342",264,Very Positive,"['Action', 'Indie']"
Hello Kitty Island Adventure - City Town,"Apr 16, 2026",$24.99,No Discount,Sunblink,Sunblink,63,52,11,Very Positive,"['Action', 'Adventure', 'Casual', 'Indie']"
The Coffin of Andy and Leyley,"Oct 13, 2023",$11.99,No Discount,Kit9 Studio,Kit9 Studio,"38,823","37,246","1,577",Overwhelmingly Positive,"['Adventure', 'RPG', 'Early Access']"
Lost Judgment,"Sep 14, 2022",$39.99,No Discount,RGG Studio,SEGA,"9,542","8,947",595,Very Positive,"['Action', 'Adventure', 'RPG']"
The Great Ace Attorney Chronicles,"Jul 26, 2021",$39.99,No Discount,"CAPCOM Co., Ltd.","CAPCOM Co., Ltd.","9,389","8,854",535,Very Positive,['Adventure']
Dome Keeper: The Lost Keepers,"Apr 13, 2026",$7.99,No Discount,Bippinbits,Raw Fury,190,151,39,Very Positive,"['Action', 'Adventure', 'Indie', 'Simulation']"
DayZ Frostline,"Oct 15, 2024",$26.99,No Discount,Bohemia Interactive,Bohemia Interactive,"3,238","1,762","1,476",Mixed,"['Action', 'Adventure', 'Massively Multiplayer']"
Lunarium,"Jul 28, 2026",No Price,No Discount,月相仪Lunarium,月相仪Lunarium,282,240,42,Very Positive,"['Action', 'Adventure', 'Indie', 'RPG']"
Rise of the Tomb Raider™,"Feb 9, 2016",$29.99,No Discount,Crystal Dynamics,Crystal Dynamics,"154,671","145,654","9,017",Very Positive,"['Action', 'Adventure']"
Kathana,"Aug 8, 2025",Free To Play,No Discount,Gameolic Development Studio,Gameolic Development Studio,567,421,146,Very Positive,"['Massively Multiplayer', 'RPG', 'Early Access']"
Subway Builder,"Jul 17, 2026",$39.99,No Discount,Colin Miller,Borough Studio,311,165,146,Mixed,"['Indie', 'Simulation', 'Strategy']"
Resident Evil (1996),"Apr 1, 2026",$9.99,No Discount,"CAPCOM Co., Ltd.","CAPCOM Co., Ltd.","1,632","1,464",168,Overwhelmingly Positive,"['Action', 'Adventure']"
Kusan: City of Wolves,"Jul 30, 2026",No Price,No Discount,CIRCLEfromDOT,PQube,142,133,9,Very Positive,"['Action', 'Indie']"
The Jackbox Party Pack 4,"Oct 18, 2017",$24.99,No Discount,"Jackbox Games, Inc.","Jackbox Games, Inc.","3,396","3,227",169,Overwhelmingly Positive,"['Casual', 'Indie', 'Strategy']"
ALL WILL FALL,"Apr 3, 2026",$29.99,No Discount,All Parts Connected,tinyBuild,"1,300","1,005",295,Mostly Positive,"['Indie', 'Simulation', 'Strategy']"
My Friend Pedro,"Jun 20, 2019",$19.99,$3.99,DeadToast Entertainment,Devolver Digital,"28,395","27,125","1,270",Very Positive,"['Action', 'Indie']"
SUPREMACY: WORLD WAR 3,"Mar 15, 2018",Free To Play,No Discount,Dorado Games,Dorado Games,"5,954","4,446","1,508",Mostly Positive,"['Indie', 'Massively Multiplayer', 'Strategy', 'Free To Play']"
Dead by Daylight - All Things Wicked Chapter,"Mar 12, 2024",$7.99,No Discount,Behaviour Interactive Inc.,Behaviour Interactive Inc.,850,729,121,Very Positive,['Action']
Assassin's Creed™: Director's Cut Edition,"Apr 9, 2008",$19.99,No Discount,Ubisoft Montreal,Ubisoft,"25,217","20,322","4,895",Mostly Positive,"['Action', 'Adventure']"
A Game About Digging A Hole™,"Feb 7, 2025",$4.99,No Discount,DoubleBee,rokaplay select,"19,926","17,809","2,117",Very Positive,"['Adventure', 'Indie']"
The Complex: Expedition,"Jul 18, 2025",$14.99,No Discount,pgWave,pgWave,"2,686","2,417",269,Very Positive,"['Action', 'Adventure', 'Simulation']"
Viking Rise,"May 21, 2024",Free,No Discount,IGG SINGAPORE PTE. LTD.,IGG SINGAPORE PTE. LTD.,959,667,292,Mixed,"['Massively Multiplayer', 'RPG', 'Strategy', 'Free To Play']"
American Truck Simulator - Washington,"Jun 11, 2019",$11.99,No Discount,SCS Software,SCS Software,757,708,49,Very Positive,"['Indie', 'Simulation']"
Overcooked,"Aug 3, 2016",$20.49,$4.09,Ghost Town Games Ltd.,Team17 Digital Ltd,"16,595","14,877","1,718",Very Positive,"['Action', 'Casual', 'Indie', 'Simulation']"
Castlevania Dominus Collection,"Aug 27, 2024",$24.99,No Discount,KONAMI,KONAMI,"2,707","2,552",155,Very Positive,"['Action', 'RPG']"
Gloomhaven,"Oct 20, 2021",$34.99,No Discount,Flaming Fowl Studios,Twin Sails Interactive,"16,049","13,164","2,885",Mixed,"['Adventure', 'RPG', 'Strategy']"
No More Room in Hell 2,"Oct 22, 2024",$29.99,No Discount,Torn Banner Studios,Torn Banner Studios,"21,290","10,447","10,843",Mixed,"['Action', 'Indie', 'Early Access']"
What Remains of Edith Finch,"Apr 24, 2017",$19.99,No Discount,Giant Sparrow,Annapurna Interactive,"52,150","49,849","2,301",Overwhelmingly Positive,"['Adventure', 'Indie']"
"1,200 Welcome Pack - Rainbow Six Siege","Jun 2, 2026",$9.99,No Discount,Ubisoft Montreal,Ubisoft,238,80,158,Mixed,"['Action', 'Free To Play']"
Unnamed Space Idle,"Jul 27, 2023",Free To Play,No Discount,Sylv,Jdog Corp,"4,329","4,009",320,Very Positive,"['Casual', 'Simulation', 'Free To Play', 'Early Access']"
Forage Wizard,"May 5, 2026",$6.99,$5.59,Lost Maxim,Lost Maxim,"1,399","1,220",179,Very Positive,"['Casual', 'Indie', 'Simulation', 'Strategy']"
PARKSIDE: DECAYED SOUL MANIPULATION,"Jul 30, 2026",No Price,No Discount,Banana Hardsoft,Banana Hardsoft,79,69,10,Very Positive,"['Action', 'Indie', 'RPG']"
Operation: New Earth,"Dec 14, 2016",No Price,No Discount,Hunted Cow Games,Hunted Cow Games,838,506,332,Mixed,"['Massively Multiplayer', 'Simulation', 'Strategy', 'Free To Play']"
Dungeon Defenders,"Oct 18, 2011",$14.99,No Discount,Chromatic Games,Chromatic Games,"18,960","17,650","1,310",Mostly Positive,"['Action', 'Indie', 'RPG', 'Strategy']"
Skate Story,"Dec 8, 2025",No Price,No Discount,by Sam Eng,Devolver Digital,"2,992","2,886",106,Very Positive,"['Action', 'Adventure', 'Indie', 'RPG']"
Stellaris: Infernals Species Pack,"Nov 25, 2025",$12.99,No Discount,Paradox Development Studio,Paradox Interactive,261,111,150,Mixed,"['Simulation', 'Strategy']"
Backyard Baseball '01,"Jul 8, 2025",$9.99,No Discount,Mega Cat Studios,Playground Productions,637,592,45,Very Positive,"['Casual', 'Sports']"
EVERSPACE™ 2,"Apr 6, 2023",No Price,No Discount,ROCKFISH Games,ROCKFISH Games,"12,940","11,123","1,817",Mostly Positive,"['Action', 'Adventure', 'RPG', 'Simulation']"
Peglin,"Aug 27, 2024",$19.99,No Discount,Red Nexus Games Inc.,Red Nexus Games Inc.,"17,584","14,725","2,859",Mostly Positive,"['Casual', 'Indie', 'RPG', 'Strategy']"
Kingdom Rush 5: Alliance TD,"Jul 25, 2024",$19.99,No Discount,Ironhide Game Studio,Ironhide Game Studio,"11,581","10,220","1,361",Very Positive,"['Indie', 'Strategy']"
OneShot,"Dec 8, 2016",$9.99,$5.99,Future Cat LLC,KOMODO,"64,228","63,109","1,119",Overwhelmingly Positive,"['Adventure', 'Casual', 'Indie']"
Archon Soul,"Jul 29, 2026",$13.99,$9.79,PolyGryph,Goblinz Publishing,113,103,10,Very Positive,['Strategy']
Rail Route,"Feb 22, 2024",$24.99,No Discount,Bitrich.info,Bitrich.info,"2,588","2,288",300,Mostly Positive,"['Casual', 'Indie', 'Simulation', 'Strategy']"
L.A. Noire,"Nov 8, 2011",$7.99 / month,No Discount,Team Bondi,Rockstar Games,"36,720","31,530","5,190",Very Positive,"['Adventure', 'Strategy']"
NINJA GAIDEN 2 Black,"Jan 23, 2025",$49.99,$24.99,"KOEI TECMO GAMES CO., LTD.","KOEI TECMO GAMES CO., LTD.","4,085","3,199",886,Mostly Positive,"['Action', 'Adventure']"
METAL GEAR SOLID 2: Sons of Liberty - Master Collection Version,"Oct 24, 2023",$19.99,No Discount,KONAMI,KONAMI,"4,308","3,852",456,Very Positive,['Action']
Dead by Daylight - Stranger Things Chapter,"Sep 17, 2019",$11.99,No Discount,Behaviour Interactive Inc.,Behaviour Interactive Inc.,"4,125","3,726",399,Very Positive,['Action']
Fallout 4: Game of the Year Edition,"Nov 9, 2015",$19.99,$7.99,Bethesda Game Studios,Bethesda Softworks,"427,453","347,057","80,396",Very Positive,['RPG']
KARDS - The WW2 Card Game,"Apr 15, 2020",Free To Play,No Discount,1939 Games,1939 Games,"50,311","34,536","15,775",Mixed,"['Casual', 'Indie', 'Strategy', 'Free To Play']"
ONE PIECE: PIRATE WARRIORS 4,"Sep 14, 2023",$39.99,No Discount,Koei Tecmo,BANDAI NAMCO Entertainment,"21,860","20,049","1,811",Very Positive,['Action']
Krita,"Jun 10, 2014",$9.99,No Discount,Krita Team,Krita Team,"7,779","7,465",314,Very Positive,"['Indie', 'Animation & Modeling', 'Design & Illustration', 'Photo Editing']"
LOLLIPOP CHAINSAW RePOP,"Sep 11, 2024",$44.99,No Discount,"DRAGAMI GAMES, LTD.","DRAGAMI GAMES, LTD.","2,800","2,489",311,Very Positive,['Action']
March of Empires,"Dec 11, 2017",Free To Play,No Discount,Gameloft,Gameloft,"1,846","1,152",694,Mixed,"['Massively Multiplayer', 'RPG', 'Strategy', 'Free To Play']"
Project: Gorgon VIP Membership,"May 30, 2021",$11.99 / month,No Discount,"Elder Game, LLC","Elder Game, LLC",31,24,7,Mostly Positive,"['Indie', 'Massively Multiplayer', 'RPG']"
The Elder Scrolls IV: Oblivion® Game of the Year Edition (2009),"Sep 11, 2007",$14.99,$3.74,Bethesda Game Studios,Bethesda Softworks,"52,842","50,211","2,631",Very Positive,['RPG']
Kingdom Come: Deliverance II Legacy of the Forge,"Sep 9, 2025",$13.99,No Discount,Warhorse Studios,Deep Silver,"2,189","1,554",635,Very Positive,"['Action', 'Adventure', 'RPG']"
FINAL FANTASY III,"Jul 28, 2021",$17.99,No Discount,Square Enix,Square Enix,"2,816","2,624",192,Very Positive,['RPG']
Crow Country,"May 9, 2024",No Price,No Discount,SFB Games,SFB Games,"8,026","7,869",157,Overwhelmingly Positive,"['Action', 'Indie']"
An Eggstremely Hard Game,"Jul 24, 2026",No Price,No Discount,BBear Studio,Devotion Interactive,115,103,12,Very Positive,['Casual']
Suncraft,"Jul 28, 2026",No Price,No Discount,Spicy Tuna Games,Spicy Tuna Games,294,277,17,Very Positive,"['Adventure', 'Casual', 'Simulation']"
Better Than Dead,"May 12, 2026",$14.99,No Discount,MONTE GALLO,MicroProse Software,"1,395","1,008",387,Mostly Positive,"['Action', 'Indie', 'Early Access']"
ATLYSS,"Nov 22, 2024",$9.99,No Discount,Kiseff,KisSoft,"22,835","22,112",723,Very Positive,"['Action', 'Adventure', 'Casual', 'Indie']"
Doloc Town,"May 7, 2025",$19.99,No Discount,RedSaw Games Studio,Logoi Games,"2,516","2,412",104,Very Positive,"['Adventure', 'Casual', 'Indie', 'RPG']"
The Evil Within 2,"Oct 12, 2017",$39.99,$7.99,Tango Gameworks,Bethesda Softworks,"30,812","28,375","2,437",Very Positive,"['Action', 'Adventure']"
Soulstone Survivors,"Jun 17, 2025",$14.99,$10.49,Game Smithing Limited,Game Smithing Limited,"26,691","24,387","2,304",Very Positive,"['Action', 'Indie', 'RPG']"
Valve Index® Replacement Tether,N/A,$129.00,No Discount,None,None,0,0,0,['None'],
GigaBash,"Aug 4, 2022",No Price,No Discount,Passion Republic Games,Passion Republic Games,"2,118","1,997",121,Very Positive,"['Action', 'Casual', 'Indie']"
American Truck Simulator - Idaho,"Jul 16, 2020",$11.99,No Discount,SCS Software,SCS Software,621,557,64,Very Positive,"['Indie', 'Simulation']"
Dungeon Clawler,"Apr 30, 2026",$14.99,$9.74,Stray Fawn Studio,Stray Fawn Publishing,"3,926","3,495",431,Very Positive,"['Action', 'Casual', 'RPG', 'Simulation']"
Outward Definitive Edition,"May 17, 2022",$39.99,$4.79,Nine Dots Studio,Prime Matter,"31,261","22,721","8,540",Mixed,['RPG']
PIGFACE,"Sep 18, 2025",No Price,No Discount,titolovesyou,DreadXP,"2,533","2,451",82,Very Positive,"['Action', 'Indie', 'Early Access']"
LEGO® Jurassic World,"Jun 11, 2015",$19.99,$3.99,TT Games Ltd,Warner Bros. Interactive Entertainment,"11,267","10,432",835,Very Positive,"['Action', 'Adventure']"
UFO 50,"Sep 18, 2024",$24.99,No Discount,Mossmouth,Mossmouth,"7,422","7,061",361,Very Positive,"['Action', 'Adventure', 'Indie', 'RPG']"
FINAL FANTASY VIII - REMASTERED,"Sep 3, 2019",$19.99,No Discount,Square Enix,Square Enix,"5,550","4,194","1,356",Very Positive,"['Adventure', 'RPG']"
 Assassin's Creed Black Flag Resynced - Hellfire Naval Pack,"Jul 9, 2026",$9.99,No Discount,Ubisoft,Ubisoft,11,6,5,Mixed,"['Action', 'Adventure']"
Need for Speed™,"Mar 15, 2016",No Price,No Discount,Ghost Games,Electronic Arts,"28,720","19,913","8,807",Mixed,"['Action', 'Adventure', 'Racing', 'Simulation']"
Class of '09: The Re-Up,"Jun 1, 2023",$14.99,No Discount,SBN3,SBN3,"4,714","4,579",135,Very Positive,"['Casual', 'Indie', 'RPG', 'Simulation']"
Suicide Squad: Kill the Justice League,"Feb 2, 2024",$69.99,No Discount,Rocksteady Studios,Warner Bros. Games,"17,969","11,014","6,955",Mixed,['Action']
THE KING OF FIGHTERS XV,"Dec 12, 2024",$39.99,$9.99,SNK CORPORATION,SNK CORPORATION,"9,098","7,624","1,474",Mostly Positive,['Action']
"Flashing Lights - Police, Firefighting, Emergency Services (EMS) Simulator","May 15, 2023",$24.99,No Discount,Nils Jakrins,Excalibur Games,"18,569","14,775","3,794",Mostly Positive,"['Action', 'Indie', 'Massively Multiplayer', 'RPG']"
Whisper of the House,"Aug 27, 2025",$14.99,No Discount,元气弹工作室(GD Studio),元气弹工作室(GD Studio),"5,446","5,278",168,Overwhelmingly Positive,"['Casual', 'Indie', 'Simulation']"
Don't Panic! It is Just Turbulence,"May 11, 2026",$7.99,No Discount,Harmonia Games,Aiolos Studios,427,307,120,Mostly Positive,['Indie']
Sally Face - Episode One,"Dec 14, 2016",$2.99,No Discount,Portable Moose,Portable Moose,"27,288","26,555",733,Overwhelmingly Positive,"['Adventure', 'Indie']"
Call of Duty®: Black Ops III - Gorod Krovi Zombies Map,"May 1, 2018",$7.99,No Discount,Treyarch,Activision,168,141,27,Very Positive,"['Action', 'Adventure']"
A Dance of Fire and Ice,"Jan 24, 2019",$5.99,No Discount,7th Beat Games,7th Beat Games,"82,739","77,838","4,901",Very Positive,['Indie']
Total War: WARHAMMER III - Champions of Chaos,"Aug 23, 2022",$15.99,No Discount,CREATIVE ASSEMBLY,SEGA,"1,532",903,629,Mostly Positive,"['Action', 'Strategy']"
Tales of ARISE,"Nov 8, 2023",No Price,No Discount,Bandai Namco Studios Inc.,Bandai Namco Entertainment,"36,641","31,736","4,905",Mostly Positive,"['Action', 'RPG']"
Small Spaces,"May 27, 2025",$12.99,$9.09,Niklas Tomkowitz,Pretty Soon,"1,522","1,358",164,Very Positive,"['Casual', 'Simulation', 'Early Access']"
Outlast 2,"Apr 25, 2017",$19.99,No Discount,Red Barrels,Red Barrels,"64,071","58,215","5,856",Very Positive,"['Action', 'Adventure', 'Indie']"
CHRONO TRIGGER®,"Feb 27, 2018",$14.99,No Discount,Square Enix,Square Enix,"13,376","11,802","1,574",Very Positive,['RPG']
The Jackbox Party Pack 5,"Oct 17, 2018",$29.99,No Discount,"Jackbox Games, Inc.","Jackbox Games, Inc.","2,907","2,718",189,Very Positive,"['Casual', 'Indie', 'Strategy']"
Dead Frontier 2,"Jul 15, 2019",Free To Play,No Discount,Creaky Corpse Ltd,Creaky Corpse Ltd,"28,308","19,783","8,525",Mixed,"['Action', 'Indie', 'Massively Multiplayer', 'RPG']"
Scam Line,"Jan 10, 2026",$4.99,No Discount,RavenJm,RavenJm,"1,218","1,039",179,Mostly Positive,"['Indie', 'Early Access']"
American Truck Simulator - Nebraska,"May 16, 2024",$11.99,No Discount,SCS Software,SCS Software,299,255,44,Very Positive,"['Indie', 'Simulation']"
Total War: MEDIEVAL II – Definitive Edition,"Nov 15, 2006",$24.99,No Discount,CREATIVE ASSEMBLY,SEGA,"36,245","34,669","1,576",Overwhelmingly Positive,['Strategy']
Batman: Arkham City - Game of the Year Edition,"Sep 7, 2012",$19.99,No Discount,Rocksteady Studios,WB Games,"77,488","74,529","2,959",Overwhelmingly Positive,"['Action', 'Adventure']"
Once Upon A KATAMARI,"Oct 23, 2025",$39.99,No Discount,RENGAME,Bandai Namco Entertainment Inc.,"1,651","1,515",136,Very Positive,"['Action', 'Casual']"
FINAL FANTASY® XIII,"Oct 9, 2014",$15.99,No Discount,Square Enix,Square Enix,"19,780","14,845","4,935",Mixed,['RPG']
Asphalt Legends ,"Aug 2, 2022",Free To Play,No Discount,Gameloft,Gameloft,"18,741","15,446","3,295",Very Positive,"['Action', 'Adventure', 'Racing', 'Sports']"
Constance,"Nov 24, 2025",$19.99,$13.39,Blue Backpack,Blue Backpack,"2,811","2,332",479,Very Positive,"['Action', 'Adventure', 'Indie']"
Age of Wonders 4: Rise from Ruin,"Mar 9, 2026",$19.99,No Discount,Triumph Studios,Paradox Interactive,117,76,41,Mixed,['Strategy']
Sunkenland,"Aug 25, 2023",$19.99,No Discount,Vector3 Studio,Vector3 Studio,"23,690","19,058","4,632",Mixed,"['Action', 'Indie', 'Early Access']"
Lay of the Land,"Apr 8, 2026",$19.99,No Discount,Southern Cross Interactive,Southern Cross Interactive,"1,128",896,232,Very Positive,"['Action', 'Adventure', 'Indie', 'RPG']"
"Warhammer 40,000: Space Marine 2 - Raptors Cosmetic Pack ","Jul 28, 2026",$4.99,No Discount,Saber Interactive,Focus Entertainment,76,38,38,Mixed,"['Action', 'Adventure', 'RPG']"
Remnant: From the Ashes,"Aug 19, 2019",$39.99,No Discount,Gunfire Games,Arc Games,"57,143","48,163","8,980",Very Positive,"['Action', 'Adventure', 'RPG']"
Call to Arms: Panzer Elite,"Sep 19, 2025",$29.99,No Discount,Digitalmindsoft,Digitalmindsoft Publishing,"1,859","1,289",570,Mixed,"['Action', 'Simulation', 'Early Access']"
Plague Inc: The Cure,"Jan 28, 2021",$5.99,No Discount,Ndemic Creations,Ndemic Creations,"1,088",847,241,Mostly Positive,"['Casual', 'Indie', 'Simulation', 'Strategy']"
Strange Horticulture,"Jan 21, 2022",No Price,No Discount,Bad Viking,Iceberg Interactive,"15,910","15,032",878,Very Positive,"['Adventure', 'Indie', 'Simulation']"
Titanium Court,"Apr 23, 2026",No Price,No Discount,AP Thomson,Fellow Traveller,"1,018",963,55,Very Positive,['Strategy']
Age of Empires IV: Yue Fei's Legacy,"May 7, 2026",$14.99,No Discount,World's Edge,World's Edge,570,248,322,Mixed,['Strategy']
Steep™,"Dec 2, 2016",$29.99,$4.49,Ubisoft Annecy,Ubisoft,"33,070","27,415","5,655",Very Positive,"['Action', 'Sports']"
Kingdoms of Amalur: Re-Reckoning,"Sep 8, 2020",$39.99,No Discount,KAIKO,THQ Nordic,"8,087","6,246","1,841",Very Positive,"['Action', 'RPG']"
Age of Empires II: DE - The Three Kingdoms ,"May 6, 2025",$19.99,No Discount,World's Edge,Xbox Game Studios,"1,077",512,565,Mixed,['Strategy']
Clone Drone in the Danger Zone,"Jul 27, 2021",No Price,No Discount,Doborog Games,Doborog Games,"39,149","37,635","1,514",Very Positive,"['Action', 'Indie']"
Fears to Fathom - Woodbury Getaway,"Sep 12, 2024",$9.99,No Discount,Rayll Studios,Rayll Studios,"3,558","3,083",475,Mostly Positive,"['Adventure', 'Casual', 'Indie']"
Stick Fight: The Game,"Sep 28, 2017",$4.99,No Discount,Landfall West,Landfall,"125,266","117,103","8,163",Very Positive,"['Action', 'Casual', 'Indie']"
BOOK OF HOURS,"Aug 17, 2023",$24.99,No Discount,Weather Factory,Weather Factory,"5,140","4,353",787,Very Positive,"['Indie', 'RPG', 'Simulation']"
Ghostrunner 2,"Oct 26, 2023",$39.99,$7.99,One More Level,505 Games,"11,407","9,124","2,283",Mostly Positive,"['Action', 'Adventure', 'Strategy']"
Crypt of the NecroDancer,"Apr 23, 2015",$14.99,$2.99,Brace Yourself Games,Brace Yourself Games,"26,449","25,262","1,187",Very Positive,"['Action', 'Indie', 'RPG']"
DragonSword : Awakening - Costume : Black-Dyed Vestment,"Jul 24, 2026",$3.99,No Discount,Hound13 Inc.,Hound13 Inc.,51,49,2,Very Positive,"['Action', 'Adventure', 'RPG']"
Dead by Daylight - Castlevania Chapter,"Aug 27, 2024",$7.99,No Discount,Behaviour Interactive Inc.,Behaviour Interactive Inc.,736,612,124,Very Positive,['Action']
Cuphead - The Delicious Last Course,"Jun 30, 2022",$7.99,No Discount,Studio MDHR Entertainment Inc.,Studio MDHR Entertainment Inc.,"4,993","4,733",260,Very Positive,"['Action', 'Indie']"
Bayonetta,"Apr 11, 2017",$19.99,No Discount,PlatinumGames,SEGA,"32,288","29,853","2,435",Very Positive,"['Action', 'Adventure']"
Brotato: Abyssal Terrors,"Oct 25, 2024",$3.99,$3.19,Blobfish,Blobfish,"2,530","1,614",916,Mixed,"['Action', 'Casual', 'Indie', 'RPG']"
Age of Empires III: Definitive Edition (Base Game),"Aug 2, 2023",$19.99,No Discount,World's Edge,Xbox Game Studios,412,340,72,Very Positive,['Strategy']
Wolfenstein: The Old Blood,"May 4, 2015",$19.99,$4.99,MachineGames,Bethesda Softworks,"23,355","21,083","2,272",Very Positive,['Action']
Wasteland 3,"Aug 27, 2020",$39.99,No Discount,inXile Entertainment,inXile Entertainment,"22,294","18,870","3,424",Very Positive,"['RPG', 'Strategy']"
AFK Journey,"Apr 27, 2026",Free To Play,No Discount,Farlight Games,Farlight Games,721,559,162,Mostly Positive,"['Adventure', 'Casual', 'RPG', 'Simulation']"
Gunfire Reborn - Realm of Frost and Inkwash,"Sep 11, 2024",$6.99,$5.59,Gunfire Reborn Studio,Duoyi Games,455,407,48,Very Positive,"['Action', 'Adventure', 'Indie', 'RPG']"
theHunter: Call of the Wild™ - Sundarpatan Nepal Hunting Reserve,"Jun 18, 2024",$11.99,$5.99,Expansive Worlds,Avalanche Studios,504,361,143,Mostly Positive,"['Adventure', 'Simulation', 'Sports']"
Icarus: Homestead Content Pack,"Feb 19, 2026",$15.99,No Discount,RocketWerkz,RocketWerkz,47,33,14,Mostly Positive,"['Action', 'Adventure', 'Simulation']"
Life is Strange - Episode 1,"Jan 29, 2015",Free,No Discount,DONTNOD Entertainment,Square Enix,"175,145","168,569","6,576",Overwhelmingly Positive,"['Action', 'Adventure']"
Expansion - Hearts of Iron IV: No Step Back,"Nov 23, 2021",$19.99,No Discount,Paradox Development Studio,Paradox Interactive,"4,249","2,862","1,387",Very Positive,"['Simulation', 'Strategy']"
Railway Empire 2,"May 25, 2023",$49.99,No Discount,Gaming Minds Studios,Kalypso Media,"2,632","1,909",723,Mixed,"['Simulation', 'Strategy']"
Caribbean Legend,"Feb 15, 2024",$29.99,$7.49,BlackMark Studio,BlackMark Studio,"3,220","2,468",752,Mixed,['RPG']
Black Mesa,"Mar 6, 2020",$19.99,No Discount,Crowbar Collective,Crowbar Collective,"144,175","136,911","7,264",Very Positive,"['Action', 'Adventure', 'Indie']"
Zombie Army 4: Dead War,"Feb 18, 2021",No Price,No Discount,Rebellion,Rebellion,"11,094","9,578","1,516",Very Positive,['Action']
Standable: Full Body Estimation,"May 8, 2023",$19.99,No Discount,Standable,Standable,"1,721","1,369",352,Very Positive,"['Indie', 'Utilities']"
Keep Driving,"Feb 6, 2025",$17.99,No Discount,YCJY Games,YCJY Games,"6,343","5,963",380,Very Positive,"['Adventure', 'Casual', 'Indie', 'RPG']"
Call of Duty®: Modern Warfare® Remastered (2017),"Jul 27, 2017",$39.99,No Discount,Raven Software,Activision,"15,707","8,532","7,175",Very Positive,['Action']
Songs of Conquest,"May 20, 2024",$29.99,No Discount,Lavapotion,Coffee Stain Publishing,"13,507","11,566","1,941",Very Positive,"['Adventure', 'RPG', 'Strategy']"
Stacklands,"Apr 8, 2022",$7.99,No Discount,Sokpop Collective,Sokpop Collective,"30,083","28,895","1,188",Very Positive,"['Casual', 'Indie', 'Simulation']"
Elin,"Nov 1, 2024",No Price,No Discount,Lafrontier,Lafrontier,"9,063","8,467",596,Very Positive,"['Indie', 'RPG', 'Simulation', 'Strategy']"
"Warhammer 40,000: Rogue Trader - Deluxe Pack","Dec 7, 2023",$14.99,No Discount,Owlcat Games,Owlcat Games,111,81,30,Mostly Positive,"['Adventure', 'Indie', 'RPG', 'Strategy']"
Age of Wonders 4: Archon Prophecy,"Aug 12, 2025",$24.99,No Discount,Triumph Studios,Paradox Interactive,163,122,41,Mostly Positive,['Strategy']
Guilty as Sock!,"May 29, 2025",$5.50,No Discount,Demon Max,Demon Max,"5,653","5,066",587,Mostly Positive,"['Casual', 'Simulation']"
Blush Blush,"Apr 4, 2019",Free To Play,No Discount,Sad Panda Studios,Sad Panda Studios,"7,552","6,512","1,040",Mostly Positive,"['Casual', 'Indie', 'Simulation', 'Free To Play']"
Just Shapes & Beats,"May 31, 2018",$19.99,No Discount,Berzerk Studio,Berzerk Studio,"25,890","25,275",615,Overwhelmingly Positive,"['Action', 'Indie']"
Harem in Another World,"Jan 29, 2026",$14.99,No Discount,Jong Games,Jong Games,420,398,22,Very Positive,"['Action', 'Adventure', 'RPG', 'Free To Play']"
Planet Coaster,"Nov 17, 2016",$44.99,No Discount,Frontier Developments,Frontier Developments,"72,507","66,118","6,389",Very Positive,"['Action', 'Adventure', 'Casual', 'Simulation']"
The Spotter: Dig or Die,"Apr 7, 2026",$17.08,$9.57,Puppyroar Games,Forklift Interactive,"1,807","1,542",265,Very Positive,"['Action', 'Adventure', 'Indie', 'Simulation']"
Demeo x Dungeons & Dragons: Battlemarked,"Nov 20, 2025",$29.99,No Discount,Resolution Games,Resolution Games,"1,356","1,129",227,Very Positive,"['Adventure', 'RPG', 'Strategy']"
Crushed In Time,"Jun 10, 2026",$24.99,No Discount,Draw Me A Pixel,Draw Me A Pixel,"1,179","1,062",117,Very Positive,"['Adventure', 'Indie']"
In Stars And Time,"Nov 20, 2023",$19.99,No Discount,insertdisc5,Armor Games Studios,"8,665","8,413",252,Overwhelmingly Positive,['RPG']
Baldur's Gate: Enhanced Edition,"Jan 16, 2013",$19.99,No Discount,Beamdog,Beamdog,"17,893","16,536","1,357",Very Positive,"['Adventure', 'RPG']"
Call of Duty®: Advanced Warfare - Gold Edition,"Nov 3, 2014",$39.99,No Discount,Sledgehammer Games,Activision,"25,509","16,643","8,866",Mostly Positive,['Action']
My Infamous Dungeon,"Jul 28, 2026",No Price,No Discount,BoxFox Studios,BoxFox Studios,43,35,8,Positive,"['Indie', 'RPG', 'Strategy']"
Mama's Sleeping Angels,"Mar 11, 2026",$9.99,No Discount,itamu,Oro Interactive,"1,145","1,075",70,Very Positive,"['Action', 'Adventure', 'Indie']"
Rita,"Jul 30, 2026",No Price,No Discount,SporkTank,SporkTank,73,71,2,Very Positive,"['Adventure', 'Casual', 'Indie']"
American Truck Simulator - New Mexico,"Nov 9, 2017",$11.99,No Discount,SCS Software,SCS Software,"1,105","1,036",69,Very Positive,"['Indie', 'Simulation']"
DAVE THE DIVER - Ichiban's Holiday Content Pack,"Apr 10, 2025",$6.99,No Discount,MINTROCKET,MINTROCKET,591,265,326,Mixed,"['Adventure', 'Casual', 'RPG', 'Simulation']"
Baba Is You,"Mar 13, 2019",$14.99,No Discount,Hempuli Oy,Hempuli Oy,"24,430","23,879",551,Overwhelmingly Positive,['Indie']
Hand of Fate: Hordes,"Jul 22, 2026",$11.99,$9.59,Spitfire Interactive,Spicy Koala,258,207,51,Mostly Positive,"['Action', 'Adventure', 'Indie', 'Early Access']"
Dead by Daylight - Tokyo Ghoul,"Apr 2, 2025",$4.99,No Discount,Behaviour Interactive Inc.,Behaviour Interactive Inc.,"2,091","1,395",696,Very Positive,['Action']
Heavenly Bodies,"Dec 7, 2021",$19.99,$4.99,2pt Interactive,2pt Interactive,"4,470","4,258",212,Very Positive,"['Action', 'Adventure', 'Indie', 'Simulation']"
Mon Bazou,"Dec 18, 2025",$15.99,No Discount,Santa Goat,Santa Goat,"20,521","19,934",587,Very Positive,"['Adventure', 'Casual', 'Indie', 'Racing']"
Disney Dreamlight Valley: A Rift in Time,"Dec 5, 2023",$29.99,No Discount,Gameloft,Gameloft,296,205,91,Mixed,"['Action', 'Adventure', 'Casual', 'RPG']"
Rift Wizard 3,"Jun 23, 2026",$19.99,No Discount,Dylan White,Dylan White,235,213,22,Very Positive,"['Indie', 'RPG', 'Strategy', 'Early Access']"
Ground of Aces,"Jul 10, 2025",$41.38,$29.14,Blindflug Studios AG,Blindflug Studios AG,"1,509","1,289",220,Very Positive,"['Simulation', 'Strategy', 'Early Access']"
Sol Cesto,"Apr 10, 2026",$13.99,No Discount,Tambouille,Goblinz Publishing,"4,912","4,476",436,Very Positive,"['Indie', 'Strategy']"
Mycopunk,"Jul 10, 2025",$14.99,No Discount,Pigeons at Play,Devolver Digital,"4,623","4,093",530,Very Positive,"['Action', 'Indie', 'Early Access']"
Bye Sweet Carole,"Oct 9, 2025",$24.99,$12.49,Little Sewing Machine,Maximum Entertainment,"1,180",851,329,Mostly Positive,"['Adventure', 'Indie']"
Dewdrop Dynasty,"Jul 23, 2026",$11.99,No Discount,Goodgis,Firith Studio,192,161,31,Very Positive,"['Action', 'Adventure', 'Indie']"
Yakuza Kiwami,"Dec 11, 2025",$1.99,No Discount,RGG Studio,SEGA,"1,274","1,046",228,Very Positive,"['Action', 'Adventure', 'RPG']"
Terrinoth®: Heroes of Descent,"Jun 7, 2026",No Price,No Discount,Artefacts Studio,New Tales,421,309,112,Mixed,"['Adventure', 'RPG', 'Strategy']"
This Bed We Made,"Nov 1, 2023",No Price,No Discount,Lowbirth Games,Lowbirth Games,"3,176","2,881",295,Very Positive,"['Adventure', 'Indie']"
Kin and Conquest,"Aug 3, 2026",$9.99,$8.99,The Fox Knocks,The Fox Knocks,29,25,4,Positive,['Indie']
Danganronpa 2: Goodbye Despair,"Apr 18, 2016",$19.99,No Discount,"Spike Chunsoft Co., Ltd.","Spike Chunsoft Co., Ltd.","32,347","30,986","1,361",Very Positive,['Adventure']
UNDER NIGHT IN-BIRTH II Sys:Celes,"Jan 24, 2024",$49.99,No Discount,FRENCH-BREAD,Arc System Works,"2,622","2,286",336,Very Positive,['Action']
Crusader Kings II,"Feb 14, 2012",Free To Play,No Discount,Paradox Development Studio,Paradox Interactive,"75,138","67,565","7,573",Very Positive,"['RPG', 'Simulation', 'Strategy', 'Free To Play']"
Fate/stay night REMASTERED,"Aug 7, 2024",$29.99,No Discount,TYPE-MOON,Aniplex Inc.,"4,770","4,565",205,Very Positive,['Adventure']
DYNASTY WARRIORS: ORIGINS Visions of Four Heroes,"Jan 21, 2026",$34.99,$26.24,"KOEI TECMO GAMES CO., LTD.","KOEI TECMO GAMES CO., LTD.","1,351",830,521,Mixed,"['Action', 'RPG', 'Strategy']"
DOOM 3,"Oct 15, 2012",$9.99,$3.99,id Software,Bethesda Softworks,"12,390","10,679","1,711",Very Positive,['Action']
Call of Duty®: Black Ops - Rezurrection Content Pack,"Sep 22, 2011",$9.99,No Discount,Treyarch,Activision,499,451,48,Very Positive,['Action']
Dragonheir: Silent Gods,"Oct 26, 2023",Free,No Discount,SGRA Studio,Proxima Beta Pte. Limited,"3,439","2,062","1,377",Mixed,"['Adventure', 'Massively Multiplayer', 'RPG', 'Strategy']"
Burgie's Cozy Kitchen,"Feb 10, 2025",No Price,No Discount,HeyNau,HeyNau,"1,169","1,133",36,Overwhelmingly Positive,"['Casual', 'Simulation', 'Early Access']"
VOID/BREAKER,"Aug 19, 2025",No Price,No Discount,Stubby Games,Playstack,"2,699","2,473",226,Very Positive,"['Action', 'Adventure', 'Indie', 'RPG']"
DmC: Devil May Cry,"Jan 24, 2013",$29.99,No Discount,Ninja Theory,Capcom,"32,794","30,568","2,226",Very Positive,"['Action', 'Adventure']"
Company of Heroes 3: Endure & Defy,"Nov 27, 2025",$24.99,$19.99,Relic Entertainment,Relic Entertainment,257,177,80,Mixed,"['Action', 'Strategy']"
Two Point Campus,"Aug 9, 2022",$29.99,No Discount,Two Point Studios,SEGA,"8,097","7,103",994,Very Positive,"['Casual', 'Indie', 'Simulation', 'Strategy']"
Frosthaven,"Jul 31, 2025",$39.99,No Discount,Snapshot Games Inc.,Arc Games,923,663,260,Mixed,"['RPG', 'Strategy', 'Early Access']"
RaceRoom Racing Experience,"Feb 12, 2013",No Price,No Discount,KW Studios,KW Studios,"27,863","21,204","6,659",Very Positive,"['Racing', 'Simulation', 'Sports', 'Free To Play']"
Panzer Corps 2,"Mar 19, 2020",$39.99,No Discount,Flashback Games,Slitherine Ltd.,"4,177","3,539",638,Mostly Positive,['Strategy']
TEKKEN 7,"Jun 1, 2017",$39.99,No Discount,BANDAI NAMCO Studios Inc.,BANDAI NAMCO Entertainment,"95,284","79,635","15,649",Very Positive,"['Action', 'Sports']"
American Truck Simulator - Oklahoma,"Aug 1, 2023",$11.99,No Discount,SCS Software,SCS Software,442,345,97,Mostly Positive,"['Indie', 'Simulation']"
THE FINALS - The Apothecarion Set,"Oct 23, 2025",$19.99,No Discount,Embark Studios,Embark Studios,22,22,0,Positive,"['Action', 'Free To Play']"
Five Nights at Freddy's 4,"Jul 23, 2015",$7.99,No Discount,Scott Cawthon,Scott Cawthon,"16,804","15,619","1,185",Overwhelmingly Positive,"['Action', 'Indie', 'Strategy']"
Monster Hunter Rise + Sunbreak,"Jun 29, 2022",No Price,No Discount,"CAPCOM Co., Ltd.","CAPCOM Co., Ltd.","6,806","4,303","2,503",Mostly Positive,['Action']
Battlestar Galactica: Scattered Hopes,"May 11, 2026",No Price,No Discount,Alt Shift,Dotemu,"1,024",789,235,Mostly Positive,"['Action', 'Indie', 'Strategy']"
Soulbound: Online,"Jul 21, 2026",$14.99,No Discount,SpiderWare,SpiderWare,455,265,190,Mixed,"['Action', 'Casual', 'Indie', 'Massively Multiplayer']"
YOU ARE THE MONSTER,"Jun 18, 2026",$9.99,No Discount,Joshua Hughes,Joshua Hughes,448,310,138,Mixed,"['Action', 'Casual', 'Early Access']"
Granvir,"Sep 23, 2025",$14.99,No Discount,Airborne Games,GIGATANK 3000,844,770,74,Very Positive,"['Action', 'Indie', 'Simulation']"
Gems of War - Puzzle RPG,"Nov 20, 2014",Free to Play,No Discount,Infinity Plus 2,505 Games,"10,796","8,481","2,315",Mixed,"['Action', 'Adventure', 'Casual', 'RPG']"
Dead by Daylight - Alien Chapter Pack,"Aug 29, 2023",$11.99,No Discount,Behaviour Interactive Inc.,Behaviour Interactive Inc.,"1,196",784,412,Mixed,['Action']
Arizona Sunshine® VR 2,"Dec 7, 2023",$39.99,$17.99,Vertigo Games,Vertigo Games,"2,688","2,277",411,Very Positive,"['Action', 'Adventure']"
FINAL FANTASY,"Jul 28, 2021",$11.99,No Discount,Square Enix,Square Enix,"8,588","8,165",423,Overwhelmingly Positive,['RPG']
Mixtape,"May 7, 2026",$19.99,No Discount,Beethoven and Dinosaur,Annapurna Interactive,"8,289","7,297",992,Very Positive,"['Adventure', 'Indie']"
The Killing Antidote,"Oct 5, 2024",No Price,No Discount,MetalStar Studio,MetalStar Studio,"7,689","6,806",883,Very Positive,"['Action', 'Adventure', 'Indie', 'RPG']"
Company of Heroes 3: Fire & Steel,"Feb 25, 2025",$24.99,$19.99,Relic Entertainment,Relic Entertainment,656,505,151,Mostly Positive,"['Action', 'Strategy']"
THE GAME OF LIFE 2,"Dec 11, 2020",$12.49,No Discount,Marmalade Game Studio Ltd,Marmalade Game Studio Ltd,"4,571","3,568","1,003",Mixed,"['Casual', 'Simulation', 'Strategy']"
Norland,"Jul 18, 2024",$29.99,No Discount,Long Jaunt,Hooded Horse,"10,286","8,395","1,891",Mostly Positive,"['RPG', 'Simulation', 'Strategy', 'Early Access']"
Dragon Age II: Ultimate Edition,"Mar 8, 2011",No Price,No Discount,BioWare,Electronic Arts,"7,562","6,135","1,427",Very Positive,"['Action', 'Adventure', 'RPG']"
Tactical Breach Wizards,"Aug 22, 2024",$19.99,No Discount,Suspicious Developments,Suspicious Developments,"12,037","11,791",246,Very Positive,"['Adventure', 'Indie', 'RPG', 'Strategy']"
Onimusha: Way of the Sword,"Sep 3, 2026",No Price,No Discount,"CAPCOM Co., Ltd.","CAPCOM Co., Ltd.",0,0,0,"['Action', 'Adventure', 'RPG']",
Days Gone - Broken Road DLC,"Apr 24, 2025",$10.00,No Discount,Bend Studio,PlayStation Publishing LLC,811,687,124,Very Positive,"['Action', 'Adventure']"
超凡功夫之王传奇,"May 27, 2026",Free To Play,No Discount,功夫之王,功夫之王,134,105,29,Mostly Positive,"['Action', 'Adventure', 'Indie', 'Massively Multiplayer']"
Back 4 Blood,"Oct 12, 2021",$59.99,No Discount,Turtle Rock Studios,Warner Bros. Games,"73,082","50,298","22,784",Mostly Positive,['Action']
Dragon's Dogma: Dark Arisen,"Jan 15, 2016",$29.99,No Discount,Capcom,Capcom,"48,888","43,235","5,653",Very Positive,"['Action', 'Adventure', 'RPG']"
Oxygen Not Included - Spaced Out!,"Dec 16, 2021",$12.99,No Discount,Klei Entertainment,Klei Entertainment,"1,242","1,003",239,Very Positive,"['Indie', 'Simulation']"
Super Fantasy Kingdom,"Oct 24, 2025",$19.99,No Discount,Super Fantasy Games,Hooded Horse,"5,916","5,138",778,Mostly Positive,"['RPG', 'Simulation', 'Strategy', 'Early Access']"
BMX Streets,"Apr 4, 2024",$24.99,No Discount,Mash Games,Mash Games,"4,381","3,522",859,Mostly Positive,"['Casual', 'Indie', 'Simulation', 'Sports']"
Dead by Daylight: The Walking Dead,"Jul 29, 2025",$7.99,No Discount,Behaviour Interactive Inc.,Behaviour Interactive Inc.,891,563,328,Mixed,['Action']
Metro: Last Light Redux,"Aug 25, 2014",$19.99,No Discount,4A Games,Deep Silver,"80,821","73,754","7,067",Very Positive,['Action']
LEGO® Batman™: Legacy of the Dark Knight Deluxe Edition Upgrade,"May 22, 2026",$24.99,$19.99,TT Games,Warner Bros. Games,53,51,2,Positive,"['Action', 'Adventure']"
American Truck Simulator - Kansas,"Nov 30, 2023",$11.99,No Discount,SCS Software,SCS Software,311,274,37,Very Positive,"['Indie', 'Simulation']"
Oaken Tower,"Apr 28, 2026",$9.99,$7.49,Bocary Studios,Alibi Games,"2,612","2,394",218,Very Positive,"['Strategy', 'Early Access']"
Vampire Survivors: Ode to Castlevania,"Oct 31, 2024",$3.99,No Discount,poncle,poncle,"1,926","1,882",44,Very Positive,"['Action', 'Casual', 'Indie', 'RPG']"
Amnesia: The Bunker,"Jun 6, 2023",$24.99,No Discount,Frictional Games,Frictional Games,"12,278","11,460",818,Very Positive,"['Action', 'Adventure', 'Indie']"
American Truck Simulator - Utah,"Nov 7, 2019",$11.99,No Discount,SCS Software,SCS Software,552,489,63,Very Positive,"['Indie', 'Simulation']"
Skull and Bones,"Aug 22, 2024",No Price,No Discount,Ubisoft Singapore,Ubisoft,"4,713","3,133","1,580",Mixed,"['Action', 'RPG']"
DELTARUNE Soundtrack,"Jun 4, 2025",$14.99,No Discount,tobyfox,tobyfox,488,485,3,Very Positive,['None']
Call of Duty® 4: Modern Warfare® (2007),"Nov 12, 2007",$19.99,No Discount,Infinity Ward,Activision,"27,001","25,292","1,709",Very Positive,['Action']
R.I.P. - Reincarnation Insurance Program,"Jan 25, 2026",$18.88,$14.29,WarmCore Studio,2P Games,"2,702","2,062",640,Very Positive,"['Action', 'Adventure', 'Casual', 'Early Access']"
Guild Wars 2® Janthir Wilds™ Expansion,"Aug 20, 2024",$24.99,No Discount,ArenaNet®,ArenaNet®,116,59,57,Mixed,"['Adventure', 'Massively Multiplayer', 'RPG', 'Free To Play']"
He is Coming,"Jul 17, 2025",$19.99,No Discount,Chronocle,Hooded Horse,"4,067","3,450",617,Very Positive,"['RPG', 'Strategy', 'Early Access']"
Total War: ROME REMASTERED,"Apr 29, 2021",$29.99,No Discount,Creative Assembly,SEGA,"13,617","10,488","3,129",Very Positive,['Strategy']
PC Building Simulator,"Jan 29, 2019",$19.99,No Discount,Claudiu Kiss,The Irregular Corporation,"52,723","49,304","3,419",Very Positive,"['Indie', 'Simulation']"
Farm Together 2,"May 30, 2025",$25.99,No Discount,Milkstone Studios,Milkstone Studios,"5,368","5,029",339,Very Positive,"['Casual', 'Indie', 'Simulation']"
Tom Clancy’s The Division 2 – Into the Dark Supply Drop,"Jun 16, 2026",$49.99,No Discount,Ubisoft,Ubisoft,15,5,10,Mostly Negative,"['Action', 'Adventure', 'RPG']"
Crusader Kings III: Khans of the Steppe,"Apr 28, 2025",$19.99,No Discount,Paradox Development Studio,Paradox Interactive,789,482,307,Mixed,"['RPG', 'Simulation', 'Strategy']"
Subliminal,"Mar 31, 2026",No Price,No Discount,Accidental Studios,Gone Shootin,"3,672","2,722",950,Very Positive,"['Adventure', 'Indie', 'RPG', 'Simulation']"
EA SPORTS FC™ 25,"Sep 26, 2024",No Price,No Discount,EA Canada,Electronic Arts,"106,961","56,804","50,157",Mixed,"['Simulation', 'Sports']"
Dead by Daylight - Ghost Face®,"Jun 18, 2019",$4.99,No Discount,Behaviour Interactive Inc.,Behaviour Interactive Inc.,"2,747","2,293",454,Very Positive,['Action']
Sinner Maker,"Jun 5, 2026",$9.66,No Discount,Pantokrator,Metro Team,423,383,40,Overwhelmingly Positive,"['Indie', 'Simulation', 'Early Access']"
Total War: PHARAOH,"Oct 11, 2023",$39.99,No Discount,CREATIVE ASSEMBLY,SEGA,"5,401","3,407","1,994",Mixed,"['Action', 'Strategy']"
Myst,"Aug 26, 2021",$34.99,No Discount,"Cyan Worlds, Inc.","Cyan Worlds, Inc.","2,183","1,934",249,Mostly Positive,"['Adventure', 'Casual', 'Indie']"
The Sims™ 4 Parenthood,"May 30, 2017",$19.99,$13.99,Maxis,Electronic Arts,119,78,41,Mixed,['Simulation']
Ori and the Blind Forest,"Mar 11, 2015",No Price,No Discount,Moon Studios GmbH,Xbox Game Studios,"60,015","56,316","3,699",Very Positive,['Action']
Sticky Business,"Jul 17, 2023",$9.99,No Discount,Spellgarden Games,Assemble Entertainment,"7,629","7,152",477,Very Positive,"['Casual', 'Simulation']"
Incrempire,"Jul 21, 2026",$7.99,No Discount,FMGames,FMGames,146,101,45,Mixed,"['Action', 'Casual', 'Indie', 'RPG']"
Stonemachia,"May 26, 2026",No Price,No Discount,Crossfall Games,Crossfall Games,"1,171","1,125",46,Very Positive,"['Action', 'Adventure', 'Indie']"
Exo Rally Championship,"Jun 7, 2026",$24.99,$18.74,Exbleative,Future Friends Games,354,324,30,Very Positive,"['Action', 'Racing', 'Simulation']"
Vending Machine Co.,"Apr 25, 2026",$17.98,$8.98,Rogue Duck Interactive,Rogue Duck Interactive,464,404,60,Mostly Positive,"['Casual', 'Indie', 'Simulation']"
Soundpad,"Nov 9, 2016",Soundpad Demo,No Discount,Leppsoft,Leppsoft,"103,293","99,135","4,158",Overwhelmingly Positive,"['Audio Production', 'Utilities']"
Call of Duty®: Black Ops III - Revelations Zombies Map,"May 1, 2018",$7.99,No Discount,Treyarch,Activision,200,153,47,Mostly Positive,"['Action', 'Adventure']"
Motion Soccer PRO,"Jul 3, 2025",$19.99,No Discount,Ivanovich Games,Ivanovich Games,134,110,24,Mostly Positive,"['Action', 'Casual', 'Simulation', 'Sports']"
Dead Rising Deluxe Remaster,"Sep 18, 2024",No Price,No Discount,"CAPCOM Co., Ltd.","CAPCOM Co., Ltd.","4,076","3,276",800,Mixed,"['Action', 'Adventure']"
theHunter: Call of the Wild™ - Modern Rifle Pack,"Feb 22, 2022",$3.99,$1.99,Expansive Worlds,Avalanche Studios,639,528,111,Very Positive,"['Adventure', 'Simulation', 'Sports']"
Mortal Sin,"Aug 29, 2025",$24.99,No Discount,Nikola Todorovic,Nikola Todorovic,"5,874","5,540",334,Mostly Positive,"['Action', 'Indie', 'RPG']"
DON'T SCREAM TOGETHER,"Dec 3, 2025",$7.99,No Discount,Digital Cybercherries,Digital Cybercherries,"2,682","1,338","1,344",Mixed,"['Casual', 'Simulation']"
Mecharashi,"Jul 30, 2025",Free To Play,No Discount,BlackJack Studio,HK TEN TREE LIMITED,"1,483","1,019",464,Mostly Positive,"['RPG', 'Strategy', 'Free To Play']"
Nuclear Nightmare,"Oct 20, 2024",$6.99,No Discount,BG Productions,BG Productions,"18,900","15,329","3,571",Mostly Positive,"['Action', 'Adventure', 'Indie', 'Early Access']"
STAR WARS™ Knights of the Old Republic™,"Nov 19, 2003",$9.99,No Discount,BioWare,LucasArts,"33,852","30,837","3,015",Very Positive,"['Adventure', 'RPG']"
Vindictus,"Jun 22, 2012",Free to Play,No Discount,NEXON,NEXON America Inc.,"8,063","5,360","2,703",Mixed,"['Action', 'Adventure', 'Massively Multiplayer', 'RPG']"
Walk of Life,"Apr 30, 2026",$19.99,No Discount,Porcelain Fortress,Porcelain Fortress,839,790,49,Very Positive,"['Casual', 'Indie', 'Simulation', 'Strategy']"
Kinny and the Cosmic Cauldron,"Jul 27, 2026",$17.98,$9.71,Kinnymoms,Rogue Duck Interactive,384,318,66,Very Positive,"['Casual', 'Indie', 'Strategy']"
Halls of Torment,"Sep 24, 2024",$6.66,$4.99,Chasing Carrots,Chasing Carrots,"31,716","30,258","1,458",Very Positive,"['Action', 'Indie', 'RPG']"
Total War: NAPOLEON – Definitive Edition,"Feb 25, 2010",$24.99,No Discount,CREATIVE ASSEMBLY,SEGA,"27,427","25,135","2,292",Very Positive,['Strategy']
Voor De Kroon,"Dec 9, 2022",$29.99,$22.49,Future Minimalism,Future Minimalism,668,584,84,Very Positive,"['Action', 'Indie', 'RPG', 'Simulation']"
Planet Coaster 2: Sorcery Pack,"Sep 16, 2025",$12.99,No Discount,Frontier Developments,Frontier Developments,130,121,9,Very Positive,"['Simulation', 'Strategy']"
Castlevania: Belmont's Curse,"Oct 14, 2026",$29.99,No Discount,KONAMI,KONAMI,0,0,0,"['Action', 'RPG']",
Resident Evil Village - Winters’ Expansion,"Oct 27, 2022",No Price,No Discount,"CAPCOM Co., Ltd.","CAPCOM Co., Ltd.","3,622","2,321","1,301",Mixed,['Action']
Total War: WARHAMMER III - Elspeth – Thrones of Decay,"Apr 30, 2024",$8.99,No Discount,CREATIVE ASSEMBLY,SEGA,"1,330","1,140",190,Very Positive,"['Action', 'Strategy']"
Gacha Capsule Shop Simulator - Akihabara,"Jun 8, 2026",No Price,No Discount,UGC90,UGC90,375,303,72,Very Positive,"['Casual', 'Indie', 'Simulation', 'Early Access']"
American Truck Simulator - Montana,"Aug 4, 2022",$11.99,No Discount,SCS Software,SCS Software,495,442,53,Very Positive,"['Indie', 'Simulation']"
Le Mans Ultimate - 2024 Pack 3,"Dec 10, 2024",$17.99,No Discount,Studio 397,Studio 397,47,39,8,Positive,"['Racing', 'Simulation', 'Sports']"
Equinox: Homecoming,"Mar 5, 2026",$14.99,No Discount,Blue Scarab Entertainment,Blue Scarab Entertainment,"1,322","1,069",253,Mostly Positive,"['Massively Multiplayer', 'RPG']"
Crash Bandicoot™ N. Sane Trilogy,"Jun 29, 2018",$39.99,No Discount,Vicarious Visions,Activision,"22,018","20,254","1,764",Very Positive,['Action']
Rising Front,"Jan 9, 2026",$14.99,No Discount,Sandstorm Studios Inc.,Sandstorm Studios Inc.,"4,170","3,670",500,Very Positive,"['Action', 'Casual', 'Simulation', 'Strategy']"
Rooftops & Alleys: The Parkour Game,"Jun 16, 2025",$24.99,No Discount,MLMEDIA,MLMEDIA,"6,937","6,572",365,Very Positive,"['Indie', 'Simulation', 'Sports']"
Scrap Mechanic - Fan Pack,"Jul 24, 2026",$14.99,No Discount,Axolot Games,Axolot Games,51,49,2,Positive,"['Action', 'Adventure', 'Indie', 'Simulation']"
Kena: Bridge of Spirits,"Sep 26, 2022",$39.99,No Discount,Ember Lab,Ember Lab,"17,490","16,099","1,391",Very Positive,"['Action', 'Adventure', 'Indie']"
Inside the Backrooms,"Jun 20, 2022",$6.99,No Discount,MrFatcat,MrFatcat,"46,678","37,293","9,385",Mixed,"['Adventure', 'Indie', 'Early Access']"
Katana ZERO,"Apr 18, 2019",$14.99,$8.99,Askiisoft,Devolver Digital,"75,740","74,168","1,572",Overwhelmingly Positive,"['Action', 'Indie']"
Meltopia,"May 1, 2026",$6.99,$4.19,Garden of Dreams,Garden of Dreams,"1,525","1,330",195,Very Positive,"['Adventure', 'Casual', 'Indie', 'Simulation']"
BlazBlue Centralfiction,"Apr 26, 2017",$39.99,No Discount,Arc System Works,Arc System Works,"12,217","11,477",740,Overwhelmingly Positive,['Action']
Counter-Strike: Source,"Nov 1, 2004",$9.99,No Discount,Valve,Valve,"192,701","185,558","7,143",Overwhelmingly Positive,['Action']
Cleared Hot,"Nov 20, 2025",$14.99,No Discount,Not Knowing Corporation,MicroProse Software,"3,832","3,696",136,Very Positive,"['Action', 'Indie', 'Early Access']"
Atomic Heart - Blood On Crystal,"Apr 16, 2026",$9.99,No Discount,Mundfish,Focus Entertainment,"1,004",901,103,Very Positive,"['Action', 'Adventure', 'RPG']"
Wrench,"Dec 19, 2018",$29.99,No Discount,Missing Digit,Missing Digit,"2,033","1,724",309,Mostly Positive,"['Indie', 'Racing', 'Simulation', 'Early Access']"
LISA: The Painful,"Dec 15, 2014",$19.99,$11.99,Dingaling Productions,Serenity Forge,"15,123","14,440",683,Very Positive,"['Adventure', 'Indie', 'RPG']"
Atelier Ryza: Ever Darkness & the Secret Hideout DX,"Nov 12, 2025",$39.99,$25.99,"KOEI TECMO GAMES CO., LTD.","KOEI TECMO GAMES CO., LTD.",320,254,66,Very Positive,"['Action', 'Adventure', 'Casual', 'RPG']"
Granny,"Nov 20, 2018",$7.99,No Discount,DVloper,DVloper,"11,066","10,423",643,Overwhelmingly Positive,"['Adventure', 'Indie']"
Jotunnslayer: Hordes of Hel,"Sep 3, 2025",$18.88,$14.29,Games Farm,Grindstone,"7,668","6,327","1,341",Mostly Positive,"['Action', 'Indie', 'RPG']"
Sunderfolk,"Apr 23, 2025",No Price,No Discount,Secret Door,Dreamhaven,"2,225","1,997",228,Very Positive,"['RPG', 'Strategy']"
Forest Escape: Last Train,"Jul 10, 2026",$13.48,$9.88,"Frag Lab, LLC",Two Cakes Studio,443,361,82,Very Positive,"['Action', 'Adventure', 'Indie', 'Early Access']"
Echoes of the End: Enhanced Edition,"Aug 12, 2025",$39.99,$11.99,Myrkur Games,Deep Silver,"1,814","1,403",411,Mostly Positive,"['Action', 'Adventure']"
Cult of the Lamb: Pilgrim Pack,"Aug 12, 2024",$6.99,No Discount,Massive Monster,Devolver Digital,223,211,12,Very Positive,"['Action', 'Adventure', 'Indie', 'Strategy']"
Kynseed,"Dec 6, 2022",$24.99,No Discount,PixelCount Studios,PixelCount Studios,"3,836","3,180",656,Mostly Positive,"['Adventure', 'Indie', 'RPG', 'Simulation']"
Desktop Mate,"Jan 7, 2025",Free,No Discount,infiniteloop,infiniteloop,"9,179","6,137","3,042",Very Positive,"['Free To Play', 'Animation & Modeling', 'Utilities']"
Fallen Aces,"Jun 14, 2024",$14.99,$11.24,Trey Powell,New Blood Interactive,"6,787","6,581",206,Very Positive,"['Action', 'Indie', 'Early Access']"
theHunter: Call of the Wild™ - Scotland Hunting Reserve,"Dec 9, 2025",$11.99,$8.99,Expansive Worlds,Avalanche Studios,148,105,43,Mixed,"['Adventure', 'Simulation', 'Sports']"
Icarus: Pet Companions Pack,"Apr 25, 2024",$15.99,No Discount,RocketWerkz,RocketWerkz,76,54,22,Mostly Positive,"['Action', 'Adventure', 'Simulation']"
Oxygen Not Included: Neutronium Cosmetics Pack,"Nov 20, 2025",$4.99,No Discount,Klei Entertainment,Klei Entertainment,145,133,12,Very Positive,"['Indie', 'Simulation']"
Shelldiver,"Nov 16, 2025",$4.99,No Discount,Gagonfe,Gagonfe,"16,739","16,532",207,Overwhelmingly Positive,"['Action', 'Adventure']"
For The King II: Tinkerers Of Fate Character Pack,"Sep 11, 2025",$7.99,$6.39,IronOak Games,Curve Games,65,60,5,Very Positive,"['Adventure', 'Indie', 'RPG', 'Strategy']"
We Were Here Together,"Oct 10, 2019",$12.99,No Discount,Total Mayhem Games,Total Mayhem Games,"17,620","14,435","3,185",Mostly Positive,"['Adventure', 'Casual', 'Indie']"
NEBULOUS: Fleet Command,"Feb 11, 2022",$29.99,No Discount,Eridanus Industries,Hooded Horse,"4,384","3,556",828,Mixed,"['Simulation', 'Strategy', 'Early Access']"
Tales of Xillia Remastered,"Oct 30, 2025",$39.99,$29.99,"DOKIDOKI GROOVEWORKS, Inc.",Bandai Namco Entertainment,506,394,112,Mixed,"['Action', 'RPG']"
They Are Billions,"Jun 18, 2019",$29.99,No Discount,Numantian Games,Numantian Games,"51,273","43,658","7,615",Mostly Positive,['Strategy']
Make Way,"Dec 4, 2023",$11.49,$9.88,Ice BEAM,Secret Mode,"2,211","2,011",200,Very Positive,"['Action', 'Casual', 'Indie', 'Racing']"
American Truck Simulator - Colorado,"Nov 12, 2020",$11.99,No Discount,SCS Software,SCS Software,748,694,54,Very Positive,"['Indie', 'Simulation']"
Tomb Raider Game of the Year,"Mar 4, 2013",$19.99,No Discount,Crystal Dynamics,Crystal Dynamics,"268,649","257,982","10,667",Overwhelmingly Positive,"['Action', 'Adventure']"
Fishing Inc,"Apr 14, 2026",$4.99,No Discount,BigBonk Studio,BigBonk Studio,"1,700","1,554",146,Very Positive,"['Casual', 'Indie', 'Simulation']"
"Warhammer 40,000: Chaos Gate - Daemonhunters","May 5, 2022",$44.99,No Discount,Complex Games,Frontier Foundry,"14,659","11,233","3,426",Mostly Positive,"['RPG', 'Strategy']"
ENDLESS Space™ 2,"May 18, 2017",$39.99,No Discount,AMPLITUDE Studios,AMPLITUDE Studios,"23,001","19,170","3,831",Mostly Positive,['Strategy']
Tyranny,"Nov 10, 2016",$29.99,No Discount,Obsidian Entertainment,Paradox Interactive,"13,288","11,544","1,744",Very Positive,"['Adventure', 'RPG']"
Space Imperia 4X,"Jul 28, 2026",$22.99,$19.54,Breich Games,Breich Games,38,34,4,Positive,['Strategy']
The Rise of the Golden Idol,"Nov 12, 2024",No Price,No Discount,Color Gray Games,Playstack,"4,094","3,790",304,Very Positive,"['Adventure', 'Indie']"
Cities: Skylines II - Creator Pack: Supply Chains,"Dec 3, 2025",$7.99,No Discount,Badi_Dea,Paradox Interactive,92,77,15,Very Positive,['Simulation']
ARC Raiders - The Wasp Hunter Set,"Mar 31, 2026",$20.00,No Discount,Embark Studios,Embark Studios,67,59,8,Very Positive,['Action']
Gunfire Reborn - Artisan and Magician,"May 31, 2023",$6.99,$5.59,Gunfire Reborn Studio,Duoyi Games,607,545,62,Very Positive,"['Action', 'Adventure', 'Indie', 'RPG']"
Vampire: The Masquerade - Bloodlines,"Nov 16, 2004",$19.99,No Discount,Troika Games,Activision,"15,304","14,451",853,Very Positive,['Action']
The Jackbox Party Pack 9,"Oct 19, 2022",No Price,No Discount,"Jackbox Games, Inc.","Jackbox Games, Inc.",808,676,132,Very Positive,"['Casual', 'Indie', 'Strategy']"
Cooking Simulator 2: Better Together,"Mar 31, 2026",$24.99,No Discount,Big Cheese Studio,Big Cheese Studio,864,419,445,Mostly Positive,"['Casual', 'Indie', 'RPG', 'Simulation']"
RISK: Global Domination,"Feb 19, 2020",Free To Play,No Discount,SMG Studio,SMG Studio,"41,497","32,906","8,591",Mixed,"['Casual', 'Strategy', 'Free To Play']"
PICO PARK,"May 7, 2021",$4.99,No Discount,TECOPARK,TECOPARK,"29,880","27,125","2,755",Very Positive,"['Action', 'Casual', 'Indie']"
Scorn,"Oct 14, 2022",$39.99,No Discount,Ebb Software,Kepler Interactive,"19,488","14,938","4,550",Mostly Positive,"['Action', 'Adventure', 'Indie']"
Sniper Elite 4,"Feb 13, 2017",$59.99,No Discount,Rebellion,Rebellion,"62,824","57,344","5,480",Very Positive,"['Action', 'Adventure']"
Gladio Mori,"Nov 26, 2024",No Price,No Discount,Plebeian Studio,Bonus Stage Publishing,"1,160",948,212,Very Positive,"['Action', 'Simulation', 'Early Access']"
Luma Island,"Nov 20, 2024",$19.99,No Discount,Feel Free Games,Feel Free Games,"12,578","10,585","1,993",Very Positive,"['Adventure', 'Casual', 'Indie', 'RPG']"
TrackDayR,"Mar 17, 2021",$24.99,No Discount,MadCow S.r.l.,MadCow S.r.l.,"2,226","1,929",297,Very Positive,"['Indie', 'Massively Multiplayer', 'Racing', 'Simulation']"
"Warhammer 40,000: Mechanicus II","May 21, 2026",$39.99,No Discount,Bulwark Studios,Kasedo Games,"2,243","1,211","1,032",Mixed,"['Action', 'RPG', 'Strategy']"
BLACK SOULS,"Aug 15, 2025",$13.99,No Discount,"Eeny, meeny, miny, moe?",OTAKU Plan,"7,312","6,971",341,Very Positive,"['Adventure', 'Indie', 'RPG']"
Builder Simulator,"Jun 9, 2022",$19.99,$2.99,Live Motion Games,Live Motion Games,"2,214","1,585",629,Mixed,"['Adventure', 'Casual', 'Indie', 'Simulation']"
X4: Kingdom End,"Apr 12, 2023",$14.99,$4.49,Egosoft,Egosoft,488,398,90,Very Positive,"['Action', 'Simulation']"
Labyrinthine,"Aug 18, 2023",$9.99,No Discount,Valko Game Studios,Valko Game Studios,"17,426","14,698","2,728",Mostly Positive,"['Action', 'Adventure', 'Indie']"
Yarimono,"Aug 30, 2024",$24.99,No Discount,にゅう工房,072 Project,"4,165","3,626",539,Very Positive,"['Adventure', 'Indie', 'RPG']"
Warframe: The Old Peace Complete Collection,"Dec 10, 2025",$44.99,$35.99,Digital Extremes,Digital Extremes,14,12,2,Positive,"['Action', 'RPG', 'Free To Play']"
The Dark Pictures Anthology: The Devil in Me,"Nov 17, 2022",No Price,No Discount,Supermassive Games,Bandai Namco Entertainment Europe,"6,180","3,403","2,777",Mixed,['Adventure']
Rina's Undercover Train Operation,"Jun 12, 2026",No Price,No Discount,Metamorphose,Saikey Studios,289,211,78,Mixed,['Simulation']
Moonstone Island,"Sep 20, 2023",No Price,No Discount,Studio Supersoft,Raw Fury,"4,993","4,185",808,Very Positive,"['Adventure', 'Indie', 'RPG']"
CURE - A Hospital Simulator,"Nov 20, 2025",$9.99,$6.89,Sentinel Games,Sentinel Games,905,790,115,Very Positive,"['Simulation', 'Early Access']"
BONEWORKS,"Dec 10, 2019",$29.99,No Discount,Stress Level Zero,Stress Level Zero,"36,415","33,610","2,805",Very Positive,"['Action', 'Adventure', 'Indie', 'Simulation']"
Poppy Playtime - Chapter 3,"Jan 30, 2024",$14.99,No Discount,Mob Entertainment,Mob Entertainment,"10,871","9,427","1,444",Very Positive,"['Action', 'Adventure', 'Indie']"
